20240913,朝阳,甘露园,101126467891,康家园 明厨明卫 上下水已换 精装修 2居室必看好房,330万,44337元/平,高楼层 (共6层) | 1996年 | 2室1厅 | 74.43平米 | 东 西,https://ke-image.ljcdn.com/110000-inspection/1f62e3e1-e844-4f1e-84c4-196142e4e61f_1000.jpg!m_fill,w_280,h_210,f_jpg?from=ke.com
20240913,朝阳,甘露园,101126247745,满五年唯一、板楼东西通透、中间单元四惠东地铁站必看好房,530万,50433元/平,低楼层 (共16层) 2室1厅 | 105.09平米 | 东 西,https://ke-image.ljcdn.com/110000-inspection/922d2449-9338-4a2e-8eff-893fefd57790_1000.jpg!m_fill,w_280,h_210,f_jpg?from=ke.com
20240913,朝阳,甘露园,101126239908,康家园 满五唯一精装西南向大明厅近地铁独立排水必看好房,312万,46651元/平,底层 (共16层) | 1995年 | 2室1厅 | 66.88平米 | 西南,https://ke-image.ljcdn.com/110000-inspection/1b22ae11-9679-4ed5-97bd-3c2902c164ba_1000.jpg!m_fill,w_280,h_210,f_jpg?from=ke.com
20240913,朝阳,甘露园,101126196478,两居室东西通透采光好不遮挡中间层必看好房,235万,37947元/平,中楼层 (共6层) | 1992年 | 2室1厅 | 61.93平米 | 东 西,https://ke-image.ljcdn.com/110000-inspection/761fcf9d-a00a-4455-8fb4-37a3186143e0_1000.jpg!m_fill,w_280,h_210,f_jpg?from=ke.com
20240913,朝阳,甘露园,101126193301,都市经典经典两居好户型好朝向高层视野采光俱佳必看好房,599万,58252元/平,高楼层 (共26层) 2室1厅 | 102.83平米 | 西南,https://ke-image.ljcdn.com/110000-inspection/dce56581-eb36-4522-835a-737a09171606_1000.jpg!m_fill,w_280,h_210,f_jpg?from=ke.com
20240913,朝阳,甘露园,101126244734,2004年的商品房中间层户型方正,192万,45082元/平,中楼层 (共6层) 1室0厅 | 42.59平米 | 东,https://ke-image.ljcdn.com/110000-inspection/393ad5e8-fae9-49c0-b9b3-efed2e54d774_1000.jpg!m_fill,w_280,h_210,f_jpg?from=ke.com
20240913,朝阳,甘露园,101126130325,南北通透两居室无遮挡采光好随时签约必看好房,365万,57891元/平,高楼层 (共16层) 2室1厅 | 63.05平米 | 南 北,https://ke-image.ljcdn.com/110000-inspection/1ff180e5-4930-45a3-914c-ff07f60dd6b7_1000.jpg!m_fill,w_280,h_210,f_jpg?from=ke.com
20240913,朝阳,甘露园,101125993639,都市经典家园高楼层西向正规一居室,349万,50772元/平,高楼层 (共26层) 1室1厅 | 68.74平米 | 西,https://ke-image.ljcdn.com/110000-inspection/f0b73fd4-f19c-4b31-9c0c-72fb2f56ca05_1000.jpg!m_fill,w_280,h_210,f_jpg?from=ke.com
20240913,朝阳,甘露园,101125900996,朝阳无限芳菁苑 2室2厅 南必看好房,560万,50730元/平,中楼层 (共21层) | 2004年 | 2室2厅 | 110.39平米 | 南,https://ke-image.ljcdn.com/110000-inspection/07dc1e1c-78f8-4067-8292-68b737e6dc13_1000.jpg!m_fill,w_280,h_210,f_jpg?from=ke.com
20240913,朝阳,甘露园,101125815443,康家园小区 电梯大两居室 满五年唯一 看房随时必看好房,419万,43893元/平,高楼层 (共18层) | 2008年 | 2室1厅 | 95.46平米 | 东,https://ke-image.ljcdn.com/110000-inspection/pc1_I5aqJgf2K_1.jpg!m_fill,w_280,h_210,f_jpg?from=ke.com
20240913,朝阳,甘露园,101125682090,丽景馨居 西向两居室 保持好 方便看 满五年一套房必看好房,368万,44715元/平,中楼层 (共16层) 2室2厅 | 82.3平米 | 西,https://ke-image.ljcdn.com/110000-inspection/15a32dea-b359-4350-9fdb-ef2feeb0466c_1000.jpg!m_fill,w_280,h_210,f_jpg?from=ke.com
20240913,朝阳,甘露园,101125639255,康家园  满五唯一 高层 视野采光好 近地铁 诚售必看好房,412万,47813元/平,高楼层 (共16层) | 1995年 | 3室1厅 | 86.17平米 | 西 西北 北,https://ke-image.ljcdn.com/110000-inspection/c584f03b-c347-4d22-ba73-fcdb4ae13a9f_1000.jpg!m_fill,w_280,h_210,f_jpg?from=ke.com
20240913,朝阳,甘露园,101125626509,康家园 双地铁 精装修 全南一居室,195万,44725元/平,高楼层 (共6层) 1室1厅 | 43.6平米 | 南,https://ke-image.ljcdn.com/110000-inspection/a6399e95-bdbd-4123-9f30-da945d991323_1000.jpg!m_fill,w_280,h_210,f_jpg?from=ke.com
20240913,朝阳,甘露园,101125167884,甘露园南里 2室1厅 南 北,257万,42008元/平,中楼层 (共6层) 2室1厅 | 61.18平米 | 南 北,https://ke-image.ljcdn.com/110000-inspection/pc1_NO2IxAW0s.jpg!m_fill,w_280,h_210,f_jpg?from=ke.com
20240913,朝阳,甘露园,101125069054,甘露园南里  中层东西通透 南北双地铁 满五唯一必看好房,268万,42533元/平,中楼层 (共6层) 2室1厅 | 63.01平米 | 东 西,https://ke-image.ljcdn.com/110000-inspection/f565ccc4-88e7-4ca3-9262-d3d7e3758562_1000.jpg!m_fill,w_280,h_210,f_jpg?from=ke.com
20240913,朝阳,甘露园,101125031045,朝阳大悦城南中间层带客厅一居室阳光好必看好房,238万,45876元/平,中楼层 (共6层) 1室1厅 | 51.88平米 | 南,https://ke-image.ljcdn.com/110000-inspection/318acbd9-1ae7-4225-b70d-90a0d2860df4_1000.jpg!m_fill,w_280,h_210,f_jpg?from=ke.com
20240913,朝阳,甘露园,101124969942,高碑店 四惠东 板楼社区 东西通透 价格可谈必看好房,575万,54757元/平,高楼层 (共16层) 2室2厅 | 105.01平米 | 东 西,https://ke-image.ljcdn.com/110000-inspection/fcc9eee1-d3ab-4d6a-967e-6730b59e5230_1000.jpg!m_fill,w_280,h_210,f_jpg?from=ke.com
20240913,朝阳,甘露园,101124614776,南北通透两居 户型方正 满五唯一 采光视野通风俱佳必看好房,498万,47321元/平,中楼层 (共21层) | 2003年 | 2室1厅 | 105.24平米 | 南 北,https://ke-image.ljcdn.com/110000-inspection/e5830b6c-a4c5-4bdf-b228-567e7b69c1fd_1000.jpg!m_fill,w_280,h_210,f_jpg?from=ke.com
20240913,朝阳,甘露园,101124419785,三轨交汇（1+22+6）东南三居高楼层视野开阔必看好房,568万,54874元/平,高楼层 (共22层) | 2001年 | 3室1厅 | 103.51平米 | 东南 南,https://ke-image.ljcdn.com/110000-inspection/9fbf6b2b-82b3-47aa-9277-5597a81ae34e_1000.jpg!m_fill,w_280,h_210,f_jpg?from=ke.com
20240913,朝阳,甘露园,101124146774,甘露园南里 东南两居室 满五唯一必看好房,290万,48732元/平,低楼层 (共16层) 2室1厅 | 59.51平米 | 东南,https://ke-image.ljcdn.com/110000-inspection/pc1_buo0pSL28_2.jpg!m_fill,w_280,h_210,f_jpg?from=ke.com
20240913,朝阳,甘露园,101124083913,甘露家园全南两居中间楼层三层前后花园必看好房,213万,40441元/平,中楼层 (共6层) | 1981年 | 2室1厅 | 52.67平米 | 南,https://ke-image.ljcdn.com/110000-inspection/pc1_zwXeccogD.jpg!m_fill,w_280,h_210,f_jpg?from=ke.com
20240913,朝阳,甘露园,101123880754,甘露园南里二区 南北通透采光好 安静不临街 1+6双地铁必看好房,256万,42946元/平,高楼层 (共6层) | 1993年 | 2室1厅 | 59.61平米 | 南 北,https://ke-image.ljcdn.com/110000-inspection/680e8777-0939-4400-b673-c1772226c4bc_1000.jpg!m_fill,w_280,h_210,f_jpg?from=ke.com
20240913,朝阳,甘露园,101123483728,甘露晴苑正对小区花园一居室三条地铁（1+22+6）加持,345万,56875元/平,中楼层 (共20层) 1室1厅 | 60.66平米 | 东,https://ke-image.ljcdn.com/110000-inspection/pc1_jYUWeU1fj.jpg!m_fill,w_280,h_210,f_jpg?from=ke.com
20240913,朝阳,甘露园,101123310219,甘露园南里二区满五年成本价 正南北 采光无遮挡有钥匙,328万,52539元/平,低楼层 (共16层) 2室1厅 | 62.43平米 | 南 北,https://ke-image.ljcdn.com/110000-inspection/pc1_LZCfADkYs_1.jpg!m_fill,w_280,h_210,f_jpg?from=ke.com
20240913,朝阳,甘露园,101123289894,甘露园南里二区 南北通透 采光好 业主诚意出售,268万,45141元/平,高楼层 (共6层) 2室1厅 | 59.37平米 | 南 北,https://ke-image.ljcdn.com/110000-inspection/22d46baa-813d-45af-bedd-95cd81caa3b3_1000.jpg!m_fill,w_280,h_210,f_jpg?from=ke.com
20240913,朝阳,甘露园,101123242718,甘露晴苑 精装修 正规两居 诚意出售必看好房,368万,43284元/平,低楼层 (共22层) 2室1厅 | 85.02平米 | 西,https://ke-image.ljcdn.com/110000-inspection/273442c7-bfd7-46dd-8834-440bb1de4634_1000.jpg!m_fill,w_280,h_210,f_jpg?from=ke.com
20240913,朝阳,甘露园,101126504199,甘露家园南北三居低楼层满五年唯一可公积金贷款必看好房,308万,44990元/平,低楼层 (共6层) | 1981年 | 3室1厅 | 68.46平米 | 南 北,https://ke-image.ljcdn.com/110000-inspection/0805015f-0f21-43f0-bc43-a01cf6c69457_1000.jpg!m_fill,w_280,h_210,f_jpg?from=ke.com
20240913,朝阳,甘露园,101126173128,都市经典家园正规三居室双卫后排必看好房,545万,45558元/平,低楼层 (共13层) | 2003年 | 3室1厅 | 119.63平米 | 东 南 西,https://ke-image.ljcdn.com/110000-inspection/7613472b-3907-4a2e-bae4-276e5feb7387_1000.jpg!m_fill,w_280,h_210,f_jpg?from=ke.com
20240913,朝阳,甘露园,101125815183,双地铁南向两居室采光充足满五年唯一中间层必看好房,269万,46832元/平,中楼层 (共6层) 2室1厅 | 57.44平米 | 西南,https://ke-image.ljcdn.com/110000-inspection/pc1_ZqSfntrIc_1.jpg!m_fill,w_280,h_210,f_jpg?from=ke.com
20240913,朝阳,甘露园,101125672875,双卧朝南三居顶好位置顶好户型南北楼间距大看房有钥匙,409万,51675元/平,底层 (共6层) 3室1厅 | 79.15平米 | 南 北,https://ke-image.ljcdn.com/110000-inspection/3e3f39d9-7ecf-4e02-94c1-c7c1f1ef14d9_1000.jpg!m_fill,w_280,h_210,f_jpg?from=ke.com
20240913,朝阳,甘露园,101125473898,甘露园南里二区 满五唯一 低层双南采光好 近地铁,279万,47257元/平,底层 (共6层) 2室1厅 | 59.04平米 | 南 北,https://ke-image.ljcdn.com/110000-inspection/pc1_fIGdwmdtM.jpg!m_fill,w_280,h_210,f_jpg?from=ke.com
20240913,朝阳,甘露园,101125304639,康家园 东南精装一居室 视野无遮挡 费用少 看房方必看好房,213万,43135元/平,顶层 (共6层) | 1995年 | 1室1厅 | 49.38平米 | 东南,https://ke-image.ljcdn.com/110000-inspection/e92468af-71c0-4655-9a7b-bd368976702d_1000.jpg!m_fill,w_280,h_210,f_jpg?from=ke.com
20240913,朝阳,甘露园,101125284789,甘露家园 满五唯一 中间楼层 南北通透,307万,44365元/平,中楼层 (共6层) | 1981年 | 3室1厅 | 69.2平米 | 南 北,https://ke-image.ljcdn.com/110000-inspection/pc1_VPsqnjThB.jpg!m_fill,w_280,h_210,f_jpg?from=ke.com
20240913,朝阳,甘露园,101124989327,甘露园南里二区 西南一居室 满二年 看房方便必看好房,180万,41667元/平,高楼层 (共6层) 1室1厅 | 43.2平米 | 西南,https://ke-image.ljcdn.com/110000-inspection/pc1_Q7fLhpAPb.jpg!m_fill,w_280,h_210,f_jpg?from=ke.com
20240913,朝阳,甘露园,101124454745,甘露园2号院满五年唯一南北通透双卫双阳台一梯房主自荐,570万,49211元/平,低楼层 (共6层) 3室1厅 | 115.83平米 | 南 北,https://ke-image.ljcdn.com/110000-inspection/pc1_uknlTQN5n.jpg!m_fill,w_280,h_210,f_jpg?from=ke.com
20240913,朝阳,甘露园,101124106123,都市经典家园大一居室出售层高2.95米敞亮舒适,300万,43643元/平,底层 (共26层) | 2003年 | 1室1厅 | 68.74平米 | 东,https://ke-image.ljcdn.com/110000-inspection/ee1e2af6-476d-45f1-a59a-ef267fb7c2d7_1000.jpg!m_fill,w_280,h_210,f_jpg?from=ke.com
20240913,朝阳,甘露园,101123984431,95年2层  全明两居 看房方便,299万,43041元/平,低楼层 (共6层) 2室1厅 | 69.47平米 | 南 北,https://ke-image.ljcdn.com/110000-inspection/6bb62046-c3e5-41d6-96c2-de1d1894d733_1000.jpg!m_fill,w_280,h_210,f_jpg?from=ke.com
20240913,朝阳,甘露园,101123399647,房子已经满五年了高楼层南向一居室,408万,50778元/平,高楼层 (共24层) | 2003年 | 1室1厅 | 80.35平米 | 南,https://ke-image.ljcdn.com/110000-inspection/25fc4ee4-3557-4753-97f3-1538c34e0844_1000.jpg!m_fill,w_280,h_210,f_jpg?from=ke.com
20240913,朝阳,甘露园,101123397979,都市经典家园经典三居东西通透双卫诚意出售房主自荐,589万,49236元/平,低楼层 (共13层) | 2003年 | 3室1厅 | 119.63平米 | 东 西南 西,https://ke-image.ljcdn.com/110000-inspection/db454142-b6c3-4f2a-8012-5b4aeac970d7_1000.jpg!m_fill,w_280,h_210,f_jpg?from=ke.com
20240913,朝阳,甘露园,101123136734,甘露园南里一区 正规的一室一厅  无遮挡必看好房,180万,41744元/平,底层 (共6层) 1室1厅 | 43.12平米 | 东,https://ke-image.ljcdn.com/110000-inspection/d42e2f1e-e321-407c-8302-deb2aaa1c3b7_1000.jpg!m_fill,w_280,h_210,f_jpg?from=ke.com
20240913,朝阳,甘露园,101122694530,高楼层采光视野棒满五唯一好房出售,229万,54356元/平,中楼层 (共16层) | 2004年 | 1室0厅 | 42.13平米 | 西,https://ke-image.ljcdn.com/110000-inspection/a6200ab5-29b9-4e4b-95bd-a26bd1e16809_1000.jpg!m_fill,w_280,h_210,f_jpg?from=ke.com
20240913,朝阳,甘露园,101126454930,高碑店 都市经典 22号线在建 全南一居 看房随时新上,535万,66584元/平,低楼层 (共24层) | 2003年 | 1室1厅 | 80.35平米 | 南,https://ke-image.ljcdn.com/110000-inspection/b2a5515f-16f0-46ad-896b-f6179524329f_1000.jpg!m_fill,w_280,h_210,f_jpg?from=ke.com
20240913,朝阳,甘露园,101126448310,甘露园南里明厨明卫一居室靠谱出售新上,195万,44349元/平,低楼层 (共6层) 1室1厅 | 43.97平米 | 东 西,https://ke-image.ljcdn.com/110000-inspection/051fd064-04ad-4bf6-8a3a-539ca55592fb_1000.jpg!m_fill,w_280,h_210,f_jpg?from=ke.com
20240913,朝阳,甘露园,101126430843,朝阳无限芳菁苑 正规两居室 精装修 采光好新上,490万,49079元/平,底层 (共21层) | 2003年 | 2室1厅 | 99.84平米 | 西南 北,https://ke-image.ljcdn.com/110000-inspection/512a664f-9ed4-4900-9629-9adacbd543fa_1000.jpg!m_fill,w_280,h_210,f_jpg?from=ke.com
20240913,朝阳,甘露园,101126419345,丽景馨居新上高楼层2居室 诚意出售新上,450万,53880元/平,高楼层 (共22层) | 2002年 | 2室1厅 | 83.52平米 | 东北,https://ke-image.ljcdn.com/110000-inspection/93e5fa9d-a9fe-4d98-a805-54fbaaf21baa_1000.jpg!m_fill,w_280,h_210,f_jpg?from=ke.com
20240913,朝阳,甘露园,101126413989,天天朝阳 3室2厅 南 北新上,817万,50028元/平,底层 (共9层) 3室2厅 | 163.31平米 | 南 北,https://ke-image.ljcdn.com/110000-inspection/6dbb4292-aa10-4737-baeb-023f1ef2a920_1000.jpg!m_fill,w_280,h_210,f_jpg?from=ke.com
20240913,朝阳,甘露园,101126373294,天天朝阳西向开间2005年楼龄新无遮挡视野好房主自荐,180万,47220元/平,高楼层 (共16层) | 2005年 | 1室0厅 | 38.12平米 | 西,https://ke-image.ljcdn.com/110000-inspection/5540d8e6-98aa-4342-bb03-041c81f44bc1_1000.jpg!m_fill,w_280,h_210,f_jpg?from=ke.com
20240913,朝阳,甘露园,101126372073,满五商品房 精装修 东向无遮挡只有契税新上,170万,44225元/平,底层 (共16层) | 2005年 | 1室0厅 | 38.44平米 | 东,https://ke-image.ljcdn.com/110000-inspection/e2e907bc-8558-4ad5-949c-5ed8298c3993_1000.jpg!m_fill,w_280,h_210,f_jpg?from=ke.com
20240913,朝阳,甘露园,101126345912,康家园  97年精装修采光好 安静不临街 近地铁,396万,61367元/平,中楼层 (共6层) 2室1厅 | 64.53平米 | 南 北,https://ke-image.ljcdn.com/110000-inspection/fbc5e574-0598-4ad2-92e5-d457910f2963_1000.jpg!m_fill,w_280,h_210,f_jpg?from=ke.com
20240913,朝阳,甘露园,101126321812,电梯房 全南两居 无遮挡 采光充足,359万,56858元/平,低楼层 (共16层) 2室1厅 | 63.14平米 | 南 北,https://ke-image.ljcdn.com/110000-inspection/0f52df46-e0df-47f0-afdd-e92393841914_1000.jpg!m_fill,w_280,h_210,f_jpg?from=ke.com
20240913,朝阳,甘露园,101126273733,房子是满五唯一的户型方正格局好无浪费面积。,438万,51091元/平,底层 (共13层) | 2003年 | 2室1厅 | 85.73平米 | 西北,https://ke-image.ljcdn.com/110000-inspection/0b6bde8d-d774-47f1-b42a-201fff74e35f_1000.jpg!m_fill,w_280,h_210,f_jpg?from=ke.com
20240913,朝阳,甘露园,101126258172,康家园中间楼层东南一居 正对小区 看房方便,239万,37591元/平,中楼层 (共7层) 1室1厅 | 63.58平米 | 东南,https://ke-image.ljcdn.com/110000-inspection/ba744b19-9758-426c-8e77-c9d4e9133dc7_1000.jpg!m_fill,w_280,h_210,f_jpg?from=ke.com
20240913,朝阳,甘露园,101126241449,白领家园 2室1厅 东 西,588万,56038元/平,中楼层 (共16层) 2室1厅 | 104.93平米 | 东 西,https://ke-image.ljcdn.com/110000-inspection/c9d2a5c8-cbbd-41c9-bb0d-3958123b8931_1000.jpg!m_fill,w_280,h_210,f_jpg?from=ke.com
20240913,朝阳,甘露园,101126219511,甘露园南里 2室1厅 东,239万,42115元/平,顶层 (共6层) 2室1厅 | 56.75平米 | 东,https://ke-image.ljcdn.com/110000-inspection/48de78ed-89fb-4224-b2a3-9fec711e1364_1000.jpg!m_fill,w_280,h_210,f_jpg?from=ke.com
20240913,朝阳,甘露园,101126192554,朝阳无限芳菁苑 1室0厅 北,290万,55620元/平,高楼层 (共21层) | 2003年 | 1室0厅 | 52.14平米 | 北,https://ke-image.ljcdn.com/110000-inspection/8395f06d-941d-48a5-9748-8f9097023430_1000.jpg!m_fill,w_280,h_210,f_jpg?from=ke.com
20240913,朝阳,甘露园,101126174635,开间户型楼层高视野好带电梯天天朝阳,180万,47047元/平,中楼层 (共16层) | 2005年 | 1室0厅 | 38.26平米 | 东,https://ke-image.ljcdn.com/110000-inspection/a3509aa5-7975-484a-89d1-c89086b310ff_1000.jpg!m_fill,w_280,h_210,f_jpg?from=ke.com
20240913,朝阳,甘露园,101126133461,甘露家园 新上南北通透两居室 满五年唯一价格可谈,248万,43380元/平,顶层 (共5层) | 1979年 | 2室1厅 | 57.17平米 | 南 北,https://ke-image.ljcdn.com/110000-inspection/9f9877a0-a26f-4809-89f1-accd939813d8_1000.jpg!m_fill,w_280,h_210,f_jpg?from=ke.com
20240913,朝阳,甘露园,101126116334,康家园  首付30万 满五唯一 上车房 近地铁房主自荐,139万,30896元/平,地下室 (共6层) 1室1厅 | 44.99平米 | 东南,https://ke-image.ljcdn.com/110000-inspection/5f9de339-e7fa-452a-91f4-9194c1ae8286_1000.jpg!m_fill,w_280,h_210,f_jpg?from=ke.com
20240913,朝阳,甘露园,101126103810,白领家园 满五唯一 双轨交汇 视野采光好 对花园,270万,64088元/平,中楼层 (共16层) 1室0厅 | 42.13平米 | 西,https://ke-image.ljcdn.com/110000-inspection/pc1_cP1BPvnJM.jpg!m_fill,w_280,h_210,f_jpg?from=ke.com
20240913,朝阳,甘露园,101126055792,满五年唯一  地铁6号线青年路站 业主诚意出售房主自荐,650万,44720元/平,低楼层 (共22层) 2室2厅 | 145.35平米 | 东 南 西,https://ke-image.ljcdn.com/110000-inspection/84c90f3e-7309-4dca-924f-dc1fe630c5bb_1000.jpg!m_fill,w_280,h_210,f_jpg?from=ke.com
20240913,朝阳,甘露园,101126029735,甘露园南里 满五唯一商品房 中间层视野好房主自荐,522万,52627元/平,中楼层 (共20层) 2室1厅 | 99.19平米 | 东南,https://ke-image.ljcdn.com/110000-inspection/101fada6-3b86-4503-80de-970a0cb3dd83_1000.jpg!m_fill,w_280,h_210,f_jpg?from=ke.com
20240913,朝阳,甘露园,101125989076,四惠东地铁口满五唯一社区新改造明厨明卫看房随时,336万,51408元/平,底层 (共6层) | 2002年 | 2室1厅 | 65.36平米 | 南 北,https://ke-image.ljcdn.com/110000-inspection/936d2a7b-a6eb-4657-bad7-abe0f1e5de61_1000.jpg!m_fill,w_280,h_210,f_jpg?from=ke.com
20240913,朝阳,甘露园,101125910563,甘露园南里 精装 电梯两居 满五唯一 采光视野好,379万,60708元/平,高楼层 (共16层) 2室1厅 | 62.43平米 | 南 北,https://ke-image.ljcdn.com/110000-inspection/64265eff-dcb2-47a9-bf52-e78302941fa7_1000.jpg!m_fill,w_280,h_210,f_jpg?from=ke.com
20240913,朝阳,甘露园,101125886404,白领家园板楼社区两居室临近地铁,580万,53605元/平,中楼层 (共16层) 2室1厅 | 108.2平米 | 东 西,https://ke-image.ljcdn.com/110000-inspection/9abfdff0-43a5-48fc-af66-d9c80e9e4078_1000.jpg!m_fill,w_280,h_210,f_jpg?from=ke.com
20240913,朝阳,甘露园,101125870072,甘露家园 2室1厅 南 西 北,298万,43999元/平,顶层 (共5层) 2室1厅 | 67.73平米 | 南 西 北,https://ke-image.ljcdn.com/110000-inspection/2c59df89-3741-46c5-b03e-ff5d95dd24f5_1000.jpg!m_fill,w_280,h_210,f_jpg?from=ke.com
20240913,朝阳,甘露园,101125860676,满五唯一 05年商品房社区 业主着急出售,170万,44433元/平,底层 (共16层) 1室0厅 | 38.26平米 | 东,https://ke-image.ljcdn.com/110000-inspection/f55890f9-d8c8-486d-9884-a54fac2ace46_1000.jpg!m_fill,w_280,h_210,f_jpg?from=ke.com
20240913,朝阳,甘露园,101125849884,南北通透双卫  满5唯一  视野好,598万,50924元/平,中楼层 (共21层) | 2004年 | 2室1厅 | 117.43平米 | 南 北,https://ke-image.ljcdn.com/110000-inspection/pc1_DGdOotQHM_1.jpg!m_fill,w_280,h_210,f_jpg?from=ke.com
20240913,朝阳,甘露园,101125845950,康家园 客厅带窗户 南北通透 中间层,295万,45994元/平,中楼层 (共6层) | 1996年 | 2室1厅 | 64.14平米 | 南 北,https://ke-image.ljcdn.com/110000-inspection/pc1_lMIgJ0OOA.jpg!m_fill,w_280,h_210,f_jpg?from=ke.com
20240913,朝阳,甘露园,101125808771,康家园精装修两居室户型方正采光好,420万,60241元/平,中楼层 (共16层) | 1995年 | 2室1厅 | 69.72平米 | 东南,https://ke-image.ljcdn.com/110000-inspection/b9e601c3-baf8-4926-9514-b1e556fd03bd_1000.jpg!m_fill,w_280,h_210,f_jpg?from=ke.com
20240913,朝阳,甘露园,101125779460,康家园南向一居    精装修  低楼层,320万,48485元/平,低楼层 (共18层) | 2008年 | 1室1厅 | 66平米 | 南,https://ke-image.ljcdn.com/110000-inspection/c6a8d5b2-62d2-40f5-96d0-b84e633f8316_1000.jpg!m_fill,w_280,h_210,f_jpg?from=ke.com
20240913,朝阳,甘露园,101125737359,白领家园 电梯板楼 南北通透 精装两居 满五唯一,636万,62122元/平,中楼层 (共16层) 2室1厅 | 102.38平米 | 南 北,https://ke-image.ljcdn.com/110000-inspection/189d9dd0-36a9-431b-a427-0d4175902881_1000.jpg!m_fill,w_280,h_210,f_jpg?from=ke.com
20240913,朝阳,甘露园,101125691063,甘露园南里 1室1厅 南,330万,47799元/平,低楼层 (共22层) | 2001年 | 1室1厅 | 69.04平米 | 南,https://ke-image.ljcdn.com/110000-inspection/pc1_jbOpqERLh_1.jpg!m_fill,w_280,h_210,f_jpg?from=ke.com
20240913,朝阳,甘露园,101125685453,甘露家园 2室1厅 南 北,179万,34180元/平,地下室 (共5层) 2室1厅 | 52.37平米 | 南 北,https://ke-image.ljcdn.com/110000-inspection/9eee8032-7012-40be-a00c-241618f5e459_1000.jpg!m_fill,w_280,h_210,f_jpg?from=ke.com
20240913,朝阳,甘露园,101125621492,康家园 中间楼层 精装修 南北三居 户型方正,407万,51670元/平,中楼层 (共6层) | 1998年 | 3室1厅 | 78.77平米 | 南 北,https://ke-image.ljcdn.com/110000-inspection/20731ac5-f317-4eaa-903e-3c00677d5689_1000.jpg!m_fill,w_280,h_210,f_jpg?from=ke.com
20240913,朝阳,甘露园,101125603293,二期东南向一居 采光视野俱佳 拎包入住 安静舒适,395万,65692元/平,中楼层 (共14层) 1室1厅 | 60.13平米 | 东南,https://ke-image.ljcdn.com/110000-inspection/9b1f179f-d97b-42e2-bd3f-858f4b6caaf0_1000.jpg!m_fill,w_280,h_210,f_jpg?from=ke.com
20240913,朝阳,甘露园,101125583661,正规电梯一居 中间层 采光充足无遮挡 对小区里安静,335万,55226元/平,中楼层 (共20层) 1室1厅 | 60.66平米 | 东,https://ke-image.ljcdn.com/110000-inspection/8fc3c2c6-638f-49de-9661-8c43a7948d89_1000.jpg!m_fill,w_280,h_210,f_jpg?from=ke.com
20240913,朝阳,甘露园,101125488326,康家园方正三居高层满五年唯一诚意出售,490万,56865元/平,高楼层 (共16层) | 1995年 | 3室1厅 | 86.17平米 | 东 西 东北,https://ke-image.ljcdn.com/110000-inspection/13bdf48d-1084-442e-ada3-38c6a9fcee0c_1000.jpg!m_fill,w_280,h_210,f_jpg?from=ke.com
20240913,朝阳,甘露园,101125465657,朝阳无限芳菁苑 1室0厅 东,231万,54048元/平,中楼层 (共14层) | 2004年 | 1室0厅 | 42.74平米 | 东,https://ke-image.ljcdn.com/110000-inspection/4156e77f-a06b-436a-8a8f-ade59d9be73c_1000.jpg!m_fill,w_280,h_210,f_jpg?from=ke.com
20240913,朝阳,甘露园,101125459873,甘露晴苑  南北三地铁 满五唯一 高层采光视野好,345万,57577元/平,高楼层 (共18层) 1室1厅 | 59.92平米 | 东,https://ke-image.ljcdn.com/110000-inspection/4657d8d5-92d9-4bee-87c7-39e864261e4a_1000.jpg!m_fill,w_280,h_210,f_jpg?from=ke.com
20240913,朝阳,甘露园,101125411681,四惠甘露园 精装三居室 满五年唯一 中间层,348万,52120元/平,中楼层 (共6层) | 1993年 | 3室1厅 | 66.77平米 | 东南,https://ke-image.ljcdn.com/110000-inspection/72fd11ff-0779-400a-a2ca-a59c2a2f20b0_1000.jpg!m_fill,w_280,h_210,f_jpg?from=ke.com
20240913,朝阳,甘露园,101125410018,甘露园南里  婚房装修 满五唯一 南北三地铁 诚售房主自荐,499万,56699元/平,中楼层 (共6层) 3室1厅 | 88.01平米 | 南 北,https://ke-image.ljcdn.com/110000-inspection/6d89e191-bbb0-406d-8475-0e8290fd9960_1000.jpg!m_fill,w_280,h_210,f_jpg?from=ke.com
20240913,朝阳,甘露园,101125410104,白领家园南北两居 户型方正 视野好 满五年唯一房主自荐,675万,61181元/平,中楼层 (共16层) 2室1厅 | 110.33平米 | 北 南,https://ke-image.ljcdn.com/110000-inspection/813f1e45-59d3-44a0-a854-029048bdec1c_1000.jpg!m_fill,w_280,h_210,f_jpg?from=ke.com
20240913,朝阳,甘露园,101125373913,康家园  明厅中间层  安静不临街 无遮挡采光好,435万,53375元/平,中楼层 (共6层) | 1994年 | 3室1厅 | 81.5平米 | 东 南 北,https://ke-image.ljcdn.com/110000-inspection/23439c08-6529-49f2-b1bd-9c093761436c_1000.jpg!m_fill,w_280,h_210,f_jpg?from=ke.com
20240913,朝阳,甘露园,101125319412,白领家园经典独居精装修高楼层满五唯一诚意出售,318万,51674元/平,顶层 (共16层) 1室1厅 | 61.54平米 | 北,https://ke-image.ljcdn.com/110000-inspection/baa4f0a7-58a5-457b-bbea-b737388ff1d9_1000.jpg!m_fill,w_280,h_210,f_jpg?from=ke.com
20240913,朝阳,甘露园,101125249967,甘露园南里一区 电梯房 南北三居室,599万,49772元/平,低楼层 (共22层) | 2001年 | 3室1厅 | 120.35平米 | 南 北,https://ke-image.ljcdn.com/110000-inspection/2f98e6f6-2776-4846-8f67-262bb45d5c38_1000.jpg!m_fill,w_280,h_210,f_jpg?from=ke.com
20240913,朝阳,甘露园,101125234842,甘露园西里 2室1厅 南,280万,46015元/平,低楼层 (共6层) 2室1厅 | 60.85平米 | 南,https://ke-image.ljcdn.com/110000-inspection/ffbf865c-f21d-45c2-a667-685f9c04fc51_1000.jpg!m_fill,w_280,h_210,f_jpg?from=ke.com
20240913,朝阳,甘露园,101125231840,康家园 南北通透1居室 满五唯一商品房 精装修,240万,53393元/平,高楼层 (共6层) 1室1厅 | 44.95平米 | 南 北,https://ke-image.ljcdn.com/110000-inspection/pc1_BgMoIFGlD.jpg!m_fill,w_280,h_210,f_jpg?from=ke.com
20240913,朝阳,甘露园,101125221167,公积金可贷30年甘露园大院两居室满五唯一精装修,269万,45718元/平,顶层 (共6层) | 1995年 | 2室1厅 | 58.84平米 | 南 北,https://ke-image.ljcdn.com/110000-inspection/90338555-6db1-44f2-83fa-a40bd491f994_1000.jpg!m_fill,w_280,h_210,f_jpg?from=ke.com
20240913,朝阳,甘露园,101125187546,甘露家园南北三居室满五年唯一楼龄新带车位房主自荐,289万,41933元/平,顶层 (共6层) 3室1厅 | 68.92平米 | 南 北,https://ke-image.ljcdn.com/110000-inspection/029ba431-a6c0-4477-b2ae-36ccf8533cac_1000.jpg!m_fill,w_280,h_210,f_jpg?from=ke.com
20240913,朝阳,甘露园,101125186251,甘露园南里新婚房装修二居室业主诚意出售,263万,47793元/平,顶层 (共5层) 2室1厅 | 55.03平米 | 南,https://ke-image.ljcdn.com/110000-inspection/a68982e3-4fe2-4389-b975-944390e1bcff_1000.jpg!m_fill,w_280,h_210,f_jpg?from=ke.com
20240913,朝阳,甘露园,101125182427,朝阳无限芳菁苑满五年唯一西向双卫两居室小区人车分流,550万,46969元/平,底层 (共21层) | 2003年 | 2室1厅 | 117.1平米 | 东,https://ke-image.ljcdn.com/110000-inspection/f7231811-8e54-4d15-bd8a-8de24d6672ce_1000.jpg!m_fill,w_280,h_210,f_jpg?from=ke.com
20240913,朝阳,甘露园,101125133495,朝阳无限芳菁苑满五唯一两居室中间楼层无遮挡,445万,67292元/平,高楼层 (共21层) | 2004年 | 2室1厅 | 66.13平米 | 西北,https://ke-image.ljcdn.com/110000-inspection/pc1_vUiqK5prl.jpg!m_fill,w_280,h_210,f_jpg?from=ke.com
20240913,朝阳,甘露园,101125129077,甘露园南里新东南二居室满五年出售,290万,50165元/平,中楼层 (共16层) 2室1厅 | 57.81平米 | 东南,https://ke-image.ljcdn.com/110000-inspection/e32cedb4-0365-4d2e-89fa-2390004fd798_1000.jpg!m_fill,w_280,h_210,f_jpg?from=ke.com
20240913,朝阳,甘露园,101125123300,四惠板楼正规两居业主诚售看房随时精装修房主自荐,355万,49204元/平,底层 (共6层) | 1996年 | 2室1厅 | 72.15平米 | 东 西,https://ke-image.ljcdn.com/110000-inspection/pc1_ImifXDFv4_2.jpg!m_fill,w_280,h_210,f_jpg?from=ke.com
20240913,朝阳,甘露园,101125088775,甘露家园 正规两居室 采光好无遮挡房主自荐,276万,53447元/平,顶层 (共5层) 2室1厅 | 51.64平米 | 西北,https://ke-image.ljcdn.com/110000-inspection/pc1_bWJraLvTA.jpg!m_fill,w_280,h_210,f_jpg?from=ke.com
20240913,朝阳,甘露园,101125052287,甘露园南里 2室1厅 东 南 北,345万,54563元/平,低楼层 (共6层) | 1992年 | 2室1厅 | 63.23平米 | 东 南 北,https://ke-image.ljcdn.com/110000-inspection/2bf17fd7-c3b4-467d-8158-9f4fd27c138c_1000.jpg!m_fill,w_280,h_210,f_jpg?from=ke.com
20240913,朝阳,甘露园,101124962197,都市经典家园正规一居 户型方正 正对小区,340万,50536元/平,低楼层 (共24层) | 2003年 | 1室1厅 | 67.28平米 | 西,https://ke-image.ljcdn.com/110000-inspection/pc1_BGWYY4Q5F_2.jpg!m_fill,w_280,h_210,f_jpg?from=ke.com
20240913,朝阳,甘露园,101124902633,白领家园观湖观景 南北通透大两居 满五年唯一,679万,61543元/平,中楼层 (共16层) 2室2厅 | 110.33平米 | 南 北,https://ke-image.ljcdn.com/110000-inspection/pc1_fFpBNqwaQ.jpg!m_fill,w_280,h_210,f_jpg?from=ke.com
20240913,朝阳,甘露园,101124801419,朝阳无限芳菁苑满五唯一朝南楼的位置好,520万,46991元/平,底层 (共23层) | 2004年 | 2室1厅 | 110.66平米 | 南,https://ke-image.ljcdn.com/110000-inspection/pc1_mxm2q8nDv.jpg!m_fill,w_280,h_210,f_jpg?from=ke.com
20240913,朝阳,甘露园,101124797110,甘露园南里 2室1厅 南 北,300万,50986元/平,中楼层 (共6层) | 1995年 | 2室1厅 | 58.84平米 | 南 北,https://ke-image.ljcdn.com/110000-inspection/pc1_FP7pShoUk.jpg!m_fill,w_280,h_210,f_jpg?from=ke.com
20240913,朝阳,甘露园,101124770368,2000年 板楼大三居 低楼层 全明格局,680万,44442元/平,低楼层 (共6层) 3室1厅 | 153.01平米 | 东北,https://ke-image.ljcdn.com/110000-inspection/pc1_Dm42bVFV3.jpg!m_fill,w_280,h_210,f_jpg?from=ke.com
20240913,朝阳,甘露园,101124705176,甘露园南里二区 精装修一居室  业主诚意出售,210万,49728元/平,底层 (共6层) 1室1厅 | 42.23平米 | 西南,https://ke-image.ljcdn.com/110000-inspection/pc1_A9uM54hZ6.jpg!m_fill,w_280,h_210,f_jpg?from=ke.com
20240913,朝阳,甘露园,101124664031,天天朝阳 1室0厅 西,286万,53679元/平,高楼层 (共16层) 1室0厅 | 53.28平米 | 西,https://ke-image.ljcdn.com/110000-inspection/6d08b7ac-912e-41de-9414-a90766b14421_1000.jpg!m_fill,w_280,h_210,f_jpg?from=ke.com
20240913,朝阳,甘露园,101124662129,甘露晴苑  高层朝东一居 采光好 只有契税 双地铁,320万,53405元/平,高楼层 (共18层) 1室1厅 | 59.92平米 | 东,https://ke-image.ljcdn.com/110000-inspection/cf9337cf-9c39-48f2-bda4-db5e1beccd2f_1000.jpg!m_fill,w_280,h_210,f_jpg?from=ke.com
20240913,朝阳,甘露园,101124646439,朝阳无限芳菁苑 西向精装修2居好房诚意出售,499万,51684元/平,底层 (共21层) 2室1厅 | 96.55平米 | 西,https://ke-image.ljcdn.com/110000-inspection/7025277c-1e7a-4b2c-b8ca-237d3607f2f0_1000.jpg!m_fill,w_280,h_210,f_jpg?from=ke.com
20240913,朝阳,甘露园,101124645189,甘露园南里 3条地铁线 电梯房 2居室 高层采光好,339万,56832元/平,高楼层 (共16层) | 1995年 | 2室1厅 | 59.65平米 | 东南,https://ke-image.ljcdn.com/110000-inspection/15261c7a-8397-4e6c-9feb-388664b808de_1000.jpg!m_fill,w_280,h_210,f_jpg?from=ke.com
20240913,朝阳,甘露园,101124604454,四惠东康家园装修好三居室可贷30年房主自荐,500万,59602元/平,顶层 (共6层) | 1998年 | 3室1厅 | 83.89平米 | 南 北,https://ke-image.ljcdn.com/110000-inspection/pc1_CWxHweO66_2.jpg!m_fill,w_280,h_210,f_jpg?from=ke.com
20240913,朝阳,甘露园,101124524110,甘露园南里二区 小区中间位置 精装修 看房方便,435万,50104元/平,顶层 (共6层) 3室1厅 | 86.82平米 | 南 北,https://ke-image.ljcdn.com/110000-inspection/f210d051-9847-4b08-837f-99f69967a1a7_1000.jpg!m_fill,w_280,h_210,f_jpg?from=ke.com
20240913,朝阳,甘露园,101124506701,康家园 3室1厅 南 北,435万,54959元/平,顶层 (共6层) 3室1厅 | 79.15平米 | 南 北,https://ke-image.ljcdn.com/110000-inspection/60b4eb75-91d5-4354-8358-1d0a0991bfa7_1000.jpg!m_fill,w_280,h_210,f_jpg?from=ke.com
20240913,朝阳,甘露园,101124494075,康家园 1室1厅 东,190万,36504元/平,地下室 (共6层) 1室1厅 | 52.05平米 | 东,https://ke-image.ljcdn.com/110000-inspection/8642d5cc-0f14-45c2-83b2-dc009531ffeb_1000.jpg!m_fill,w_280,h_210,f_jpg?from=ke.com
20240913,朝阳,甘露园,101124488249,满五唯一 双卫高层南向两居 采光视野俱佳 诚意出售房主自荐,686万,62144元/平,高楼层 (共21层) | 2004年 | 2室1厅 | 110.39平米 | 南,https://ke-image.ljcdn.com/110000-inspection/e0758b7e-de0b-4fe6-a518-fc191408c3d7_1000.jpg!m_fill,w_280,h_210,f_jpg?from=ke.com
20240913,朝阳,甘露园,101124476253,白领家园 板楼社区 安静管理好 业主诚意出售,670万,61037元/平,中楼层 (共16层) 2室1厅 | 109.77平米 | 南 北,https://ke-image.ljcdn.com/110000-inspection/pc1_eQDFEEhlU.jpg!m_fill,w_280,h_210,f_jpg?from=ke.com
20240913,朝阳,甘露园,101124405041,满五年唯一 商品房距离地铁甘露园站290米东南两居,660万,63830元/平,高楼层 (共24层) | 2003年 | 2室1厅 | 103.4平米 | 东南,https://ke-image.ljcdn.com/110000-inspection/e7ee4242-8e9f-4835-aa80-2fa958eb3ab2_1000.jpg!m_fill,w_280,h_210,f_jpg?from=ke.com
20240913,朝阳,甘露园,101124333268,甘露园 正规一居室 中间层 诚售,188万,43823元/平,中楼层 (共6层) | 1990年 | 1室1厅 | 42.9平米 | 东,https://ke-image.ljcdn.com/110000-inspection/06f83b4a-94c9-4ba8-85af-6fc1ea401c95_1000.jpg!m_fill,w_280,h_210,f_jpg?from=ke.com
20240913,朝阳,甘露园,101124325561,丽景馨居 东向一居 中间楼层 看房方便,306万,47634元/平,中楼层 (共16层) | 2006年 | 1室1厅 | 64.24平米 | 东,https://ke-image.ljcdn.com/110000-inspection/pc1_r2H7hwrMg_1.jpg!m_fill,w_280,h_210,f_jpg?from=ke.com
20240913,朝阳,甘露园,101124324962,甘露园南里一区中间层东西通透三居室,379万,51272元/平,中楼层 (共6层) 3室1厅 | 73.92平米 | 东 西,https://ke-image.ljcdn.com/110000-inspection/904e3bcc-955f-4ace-99a7-dd977e332dfa_1000.jpg!m_fill,w_280,h_210,f_jpg?from=ke.com
20240913,朝阳,甘露园,101124321839,甘露家园 新上南北通透两居室大客厅 明厨明卫满五年,375万,57516元/平,底层 (共6层) 2室1厅 | 65.2平米 | 南 北,https://ke-image.ljcdn.com/110000-inspection/73d973fa-e3a4-4cfd-b24c-b96deb2485ff_1000.jpg!m_fill,w_280,h_210,f_jpg?from=ke.com
20240913,朝阳,甘露园,101124301891,满五年唯一商品房 距离地铁近 高楼层 采光视野棒,219万,51982元/平,顶层 (共16层) 1室0厅 | 42.13平米 | 西,https://ke-image.ljcdn.com/110000-inspection/3e70233c-5fdb-47ed-9f3c-63cb756efa73_1000.jpg!m_fill,w_280,h_210,f_jpg?from=ke.com
20240913,朝阳,甘露园,101124280582,高楼层东南向正规三居、小区中间位置满五年唯一,660万,57432元/平,中楼层 (共22层) 3室1厅 | 114.92平米 | 东南,https://ke-image.ljcdn.com/110000-inspection/pc1_HKvTEHOIV.jpg!m_fill,w_280,h_210,f_jpg?from=ke.com
20240913,朝阳,甘露园,101124155656,朝阳无限芳菁苑 正规一居室 正对花园房主自荐,293万,49153元/平,顶层 (共21层) | 2003年 | 1室1厅 | 59.61平米 | 北,https://ke-image.ljcdn.com/110000-inspection/pc1_2IbBVekDM_1.jpg!m_fill,w_280,h_210,f_jpg?from=ke.com
20240913,朝阳,甘露园,101124125952,天天朝阳朝东开间2005年商品房纯住宅高楼层无遮挡,188万,49138元/平,高楼层 (共16层) | 2005年 | 1室0厅 | 38.26平米 | 东,https://ke-image.ljcdn.com/110000-inspection/17df45c5-01ed-4b66-bdcf-63677af2000b_1000.jpg!m_fill,w_280,h_210,f_jpg?from=ke.com
20240913,朝阳,甘露园,101124122424,甘露园南里 2室1厅 东南房主自荐,310万,53662元/平,中楼层 (共6层) 2室1厅 | 57.77平米 | 东南,https://ke-image.ljcdn.com/110000-inspection/pc1_UAoH07pO5.jpg!m_fill,w_280,h_210,f_jpg?from=ke.com
20240913,朝阳,甘露园,101124091729,朝阳无限芳菁苑 2室1厅 南 北,635万,55537元/平,中楼层 (共14层) 2室1厅 | 114.34平米 | 南 北,https://ke-image.ljcdn.com/110000-inspection/d8e15b17-8212-447a-bc83-f753c90f2fea_1000.jpg!m_fill,w_280,h_210,f_jpg?from=ke.com
20240913,朝阳,甘露园,101124089845,甘露家园 南向两居室采光好 层高2.85米 满五年唯一房主自荐,280万,50937元/平,中楼层 (共5层) 2室1厅 | 54.97平米 | 南,https://ke-image.ljcdn.com/110000-inspection/b46166c5-beb8-4822-9f2f-eed2bfde9299_1000.jpg!m_fill,w_280,h_210,f_jpg?from=ke.com
20240913,朝阳,甘露园,101124084249,丽景馨居2居出售近地铁商超公园,480万,49741元/平,底层 (共16层) | 2006年 | 2室1厅 | 96.5平米 | 东北,https://ke-image.ljcdn.com/110000-inspection/pc1_p4iTfo9F5_2.jpg!m_fill,w_280,h_210,f_jpg?from=ke.com
20240913,朝阳,甘露园,101124053066,三轨交汇（1+22+6）满五年唯一 业主诚售看房随时,430万,51063元/平,中楼层 (共16层) 2室1厅 | 84.21平米 | 西北,https://ke-image.ljcdn.com/110000-inspection/pc1_taH9jadl5.jpg!m_fill,w_280,h_210,f_jpg?from=ke.com
20240913,朝阳,甘露园,101124046165,甘露家园南北三居室中间楼层满五年唯一房主自荐,280万,47258元/平,中楼层 (共6层) | 1981年 | 3室1厅 | 59.25平米 | 南 北,https://ke-image.ljcdn.com/110000-inspection/pc1_VL0hDFblA_1.jpg!m_fill,w_280,h_210,f_jpg?from=ke.com
20240913,朝阳,甘露园,101123976696,满五年唯一商品房视野开阔户型方正客厅带阳台,410万,45526元/平,低楼层 (共22层) | 2002年 | 2室1厅 | 90.06平米 | 西北,https://ke-image.ljcdn.com/110000-inspection/8b07b956-9ada-4e28-ad21-dd75ba604391_1000.jpg!m_fill,w_280,h_210,f_jpg?from=ke.com
20240913,朝阳,甘露园,101123963895,甘露园南里 南北通透3居 3条地铁 离朝阳大悦城700米,430万,49290元/平,高楼层 (共6层) 3室1厅 | 87.24平米 | 南 北,https://ke-image.ljcdn.com/110000-inspection/pc1_mSwR7OwS7_1.jpg!m_fill,w_280,h_210,f_jpg?from=ke.com
20240913,朝阳,甘露园,101123886942,甘露园南里二区 视野好 无遮挡 精装修 南向一居室,219万,42475元/平,顶层 (共6层) 1室1厅 | 51.56平米 | 南,https://ke-image.ljcdn.com/110000-inspection/609000cb-8b31-4859-b1cd-0bebf07413cc_1000.jpg!m_fill,w_280,h_210,f_jpg?from=ke.com
20240913,朝阳,甘露园,101123881558,三轨交汇（1+22+6）正规两居新装修拎包入住,450万,52638元/平,低楼层 (共18层) 2室1厅 | 85.49平米 | 西南,https://ke-image.ljcdn.com/110000-inspection/pc1_yYbdZWXv0_2.jpg!m_fill,w_280,h_210,f_jpg?from=ke.com
20240913,朝阳,甘露园,101123855910,高层无遮挡户型好采光棒满五唯一两居看房钥匙,520万,50747元/平,中楼层 (共21层) 2室1厅 | 102.47平米 | 东 东南,https://ke-image.ljcdn.com/110000-inspection/pc1_8YKYW7Orv.jpg!m_fill,w_280,h_210,f_jpg?from=ke.com
20240913,朝阳,甘露园,101123832737,四惠东地铁口 康家园小区精装修2居室,375万,54586元/平,底层 (共7层) 2室1厅 | 68.7平米 | 南 北,https://ke-image.ljcdn.com/110000-inspection/c3e7f4af-79d1-4cab-b727-e1fa798066da_1000.jpg!m_fill,w_280,h_210,f_jpg?from=ke.com
20240913,朝阳,甘露园,101123793860,都市经典三居室 满五唯一 精装修 诚意出售,650万,56660元/平,中楼层 (共24层) | 2003年 | 3室1厅 | 114.72平米 | 西北,https://ke-image.ljcdn.com/110000-inspection/a0d50da7-bccc-457d-b619-80cb63a220ae_1000.jpg!m_fill,w_280,h_210,f_jpg?from=ke.com
20240913,朝阳,甘露园,101123792145,白领家园位置佳 楼层好 东西通透大两居 单价低诚售,630万,60041元/平,高楼层 (共16层) 2室1厅 | 104.93平米 | 东 西,https://ke-image.ljcdn.com/110000-inspection/pc1_P5qKPfBb0.jpg!m_fill,w_280,h_210,f_jpg?from=ke.com
20240913,朝阳,甘露园,101123786875,甘露园 东南一居 低楼层满五年诚售,205万,48441元/平,底层 (共6层) 1室1厅 | 42.32平米 | 东南,https://ke-image.ljcdn.com/110000-inspection/722c156e-ce44-42e2-af71-197a4d36e31e_1000.jpg!m_fill,w_280,h_210,f_jpg?from=ke.com
20240913,朝阳,甘露园,101123745554,甘露园南里 1室1厅 东 西,249万,58369元/平,顶层 (共6层) 1室1厅 | 42.66平米 | 东 西,https://ke-image.ljcdn.com/110000-inspection/0e281491-51c0-4d05-8ae4-94462f8d7ec4_1000.jpg!m_fill,w_280,h_210,f_jpg?from=ke.com
20240913,朝阳,甘露园,101123720983,康家园 精装两居东西通 透明厨明卫 不临街,380万,53620元/平,低楼层 (共6层) 2室1厅 | 70.87平米 | 东 西,https://ke-image.ljcdn.com/110000-inspection/pc1_026YpA1VG_2.jpg!m_fill,w_280,h_210,f_jpg?from=ke.com
20240913,朝阳,甘露园,101123688406,都市经典家园  封闭管理 南向视野开阔采光好 满五唯一,659万,64087元/平,高楼层 (共26层) 2室1厅 | 102.83平米 | 西南,https://ke-image.ljcdn.com/110000-inspection/pc1_EVKXhELBV.jpg!m_fill,w_280,h_210,f_jpg?from=ke.com
20240913,朝阳,甘露园,101123659284,天天朝阳 1室1厅 北,255万,47005元/平,低楼层 (共9层) | 2005年 | 1室1厅 | 54.25平米 | 北,https://ke-image.ljcdn.com/110000-inspection/67c817dc-2e66-43d9-81cd-4a09727efcdf_1000.jpg!m_fill,w_280,h_210,f_jpg?from=ke.com
20240913,朝阳,甘露园,101123571108,天天朝阳 1室1厅 北,248万,55382元/平,高楼层 (共15层) | 2005年 | 1室1厅 | 44.78平米 | 北,https://ke-image.ljcdn.com/110000-inspection/pc1_TiIBLu7Aq.jpg!m_fill,w_280,h_210,f_jpg?from=ke.com
20240913,朝阳,甘露园,101123544912,康家园  不临街精装修 97年楼龄新 近地铁满五唯一,320万,58448元/平,中楼层 (共6层) | 1999年 | 2室1厅 | 54.75平米 | 南 北,https://ke-image.ljcdn.com/110000-inspection/d6dbed40-7882-4b9f-8ed8-9e5c4f925729_1000.jpg!m_fill,w_280,h_210,f_jpg?from=ke.com
20240913,朝阳,甘露园,101123499373,甘露园 南北精装两居室 满五年唯一房主自荐,299万,53700元/平,低楼层 (共6层) | 1993年 | 2室1厅 | 55.68平米 | 南 北,https://ke-image.ljcdn.com/110000-inspection/003f991a-20eb-48f2-b8bc-517a7074f34b_1000.jpg!m_fill,w_280,h_210,f_jpg?from=ke.com
20240913,朝阳,甘露园,101123477688,满五唯一 没抵押 产权清晰 随时可签约 带固定车位,629万,54015元/平,高楼层 (共22层) | 2001年 | 3室2厅 | 116.45平米 | 南 北,https://ke-image.ljcdn.com/110000-inspection/792f5699-ce5c-4cb9-a7cf-e8c0ac6404e7_1000.jpg!m_fill,w_280,h_210,f_jpg?from=ke.com
20240913,朝阳,甘露园,101123473831,甘露家园婚房装修两居室双阳台出售,265万,44893元/平,顶层 (共5层) | 1986年 | 2室1厅 | 59.03平米 | 南,https://ke-image.ljcdn.com/110000-inspection/15dd1d38-f428-464a-87f2-cba4ad7d8e83_1000.jpg!m_fill,w_280,h_210,f_jpg?from=ke.com
20240913,朝阳,甘露园,101123468952,此房满五唯一小区中间位置前后不临街户型方正,378万,49412元/平,低楼层 (共20层) 2室1厅 | 76.5平米 | 东,https://ke-image.ljcdn.com/110000-inspection/pc1_9fqw5JRx6_2.jpg!m_fill,w_280,h_210,f_jpg?from=ke.com
20240913,朝阳,甘露园,101123453699,甘露园南里 1室1厅 西南,188万,43844元/平,顶层 (共6层) 1室1厅 | 42.88平米 | 西南,https://ke-image.ljcdn.com/110000-inspection/7f21597a-c5e8-461a-8fdb-d251112c4534_1000.jpg!m_fill,w_280,h_210,f_jpg?from=ke.com
20240913,朝阳,甘露园,101123434171,甘露家园精装两居全新装修拎包入住满五年唯一,228万,42067元/平,顶层 (共6层) | 1981年 | 2室1厅 | 54.2平米 | 南 北,https://ke-image.ljcdn.com/110000-inspection/5e9c35bc-8006-4f5e-a461-4e2f7c4a6413_1000.jpg!m_fill,w_280,h_210,f_jpg?from=ke.com
20240913,朝阳,甘露园,101123431194,康家园 3室1厅 西北,530万,61736元/平,中楼层 (共16层) | 1997年 | 3室1厅 | 85.85平米 | 西北,https://ke-image.ljcdn.com/110000-inspection/pc1_rc4VJ56IS.jpg!m_fill,w_280,h_210,f_jpg?from=ke.com
20240913,朝阳,甘露园,101123410809,甘露园南里二区 精装拎包入住 明厅全南采光足满五唯一,335万,59630元/平,中楼层 (共6层) 2室1厅 | 56.18平米 | 东南,https://ke-image.ljcdn.com/110000-inspection/pc1_M7LvkpwEL.jpg!m_fill,w_280,h_210,f_jpg?from=ke.com
20240913,朝阳,甘露园,101123396724,天天朝阳 高楼层 无遮挡 采光充足,220万,49130元/平,高楼层 (共15层) | 2005年 | 1室1厅 | 44.78平米 | 东北,https://ke-image.ljcdn.com/110000-inspection/aa1f49db-a550-4fda-959f-dc8fad297c71_1000.jpg!m_fill,w_280,h_210,f_jpg?from=ke.com
20240913,朝阳,甘露园,101123344444,南北通透 全明格局一居室 采光视野俱佳 看房方便,249万,42946元/平,高楼层 (共6层) 2室1厅 | 57.98平米 | 南 西 北,https://ke-image.ljcdn.com/110000-inspection/6fe3e2f7-5af1-43b6-bd36-f919e1220c5a_1000.jpg!m_fill,w_280,h_210,f_jpg?from=ke.com
20240913,朝阳,甘露园,101123332657,朝阳无限芳菁苑满五年二居室出售,450万,68048元/平,低楼层 (共21层) | 2004年 | 2室1厅 | 66.13平米 | 东 北,https://ke-image.ljcdn.com/110000-inspection/47604ec2-4598-481d-b39b-15ca57bc09fc_1000.jpg!m_fill,w_280,h_210,f_jpg?from=ke.com
20240913,朝阳,甘露园,101123320053,在喧闹都市首付100万买近四惠东地铁 位置好的一居,248万,44342元/平,中楼层 (共6层) 1室1厅 | 55.93平米 | 东北,https://ke-image.ljcdn.com/110000-inspection/pc1_DgVvp0PiJ.jpg!m_fill,w_280,h_210,f_jpg?from=ke.com
20240913,朝阳,甘露园,101123219375,康家园小区 正南向一居 满五年诚售,189万,46980元/平,顶层 (共6层) | 1994年 | 1室1厅 | 40.23平米 | 南,https://ke-image.ljcdn.com/110000-inspection/pc1_VzgbhIKhe_2.jpg!m_fill,w_280,h_210,f_jpg?from=ke.com
20240913,朝阳,甘露园,101123200855,甘露园一居室诚意出售采光好,195万,42245元/平,高楼层 (共6层) 1室1厅 | 46.16平米 | 东南,https://ke-image.ljcdn.com/110000-inspection/pc1_ScUlrsqPk.jpg!m_fill,w_280,h_210,f_jpg?from=ke.com
20240913,朝阳,甘露园,101123181568,朝阳大悦城南小区广场旁南北两居室,315万,51446元/平,中楼层 (共6层) 2室1厅 | 61.23平米 | 南 北,https://ke-image.ljcdn.com/110000-inspection/f5e31995-fc83-4e8d-9b18-50aadf11ca5d_1000.jpg!m_fill,w_280,h_210,f_jpg?from=ke.com
20240913,朝阳,甘露园,101123134727,仅契税两梯三户南向无遮挡二次装修过,730万,52114元/平,中楼层 (共22层) | 2001年 | 3室1厅 | 140.08平米 | 南,https://ke-image.ljcdn.com/110000-inspection/pc1_USpgcBPrR.jpg!m_fill,w_280,h_210,f_jpg?from=ke.com
20240913,朝阳,甘露园,101123117198,满五唯一、精装修、小区环境好有人工湖人车分流房主自荐,568万,55752元/平,低楼层 (共14层) | 2004年 | 2室1厅 | 101.88平米 | 西南,https://ke-image.ljcdn.com/110000-inspection/pc1_fF2AtmmfK.jpg!m_fill,w_280,h_210,f_jpg?from=ke.com
20240913,朝阳,甘露园,101123088519,甘露园南里一区通透三居室客厅带窗,375万,48721元/平,高楼层 (共6层) 3室1厅 | 76.97平米 | 东 西,https://ke-image.ljcdn.com/110000-inspection/57965b2f-fa34-412c-8c27-ea09551cc3b3_1000.jpg!m_fill,w_280,h_210,f_jpg?from=ke.com
20240913,朝阳,甘露园,101123078117,甘露家园满五年唯一精装修拎包入住房主自荐,239万,46282元/平,中楼层 (共5层) | 1984年 | 2室1厅 | 51.64平米 | 东 北,https://ke-image.ljcdn.com/110000-inspection/e1da406a-45db-4da0-8f2f-7416c1eb6ccf_1000.jpg!m_fill,w_280,h_210,f_jpg?from=ke.com
20240913,朝阳,甘露园,101123055027,天天朝阳 东向无遮挡 采光充足房主自荐,182万,47570元/平,中楼层 (共16层) | 2005年 | 1室0厅 | 38.26平米 | 东,https://ke-image.ljcdn.com/110000-inspection/5818abb8-fef6-4c68-9cd2-6e70588391af_1000.jpg!m_fill,w_280,h_210,f_jpg?from=ke.com
20240913,朝阳,甘露园,101123032668,甘露家园 新上电梯一居室 业主诚意卖近青年路地铁,220万,54201元/平,中楼层 (共16层) 1室1厅 | 40.59平米 | 东,https://ke-image.ljcdn.com/110000-inspection/pc1_Na0eb1gSx.jpg!m_fill,w_280,h_210,f_jpg?from=ke.com
20240913,朝阳,甘露园,101122976926,甘露园南里二区 双卧朝南 采光好 业主诚意出售房主自荐,310万,52392元/平,高楼层 (共6层) 2室1厅 | 59.17平米 | 南 北,https://ke-image.ljcdn.com/110000-inspection/2f890b5b-9ce0-4d4e-a6a6-b1213de92702_1000.jpg!m_fill,w_280,h_210,f_jpg?from=ke.com
20240913,朝阳,甘露园,101122819301,甘露园南里3室2厅带电梯南北通透精装修房主自荐,628万,54552元/平,低楼层 (共22层) | 2001年 | 3室2厅 | 115.12平米 | 南 北,https://ke-image.ljcdn.com/110000-inspection/bc06d7d5-ee5f-4d64-968c-9d987e77c83f_1000.jpg!m_fill,w_280,h_210,f_jpg?from=ke.com
20240913,朝阳,甘露园,101122773461,四惠东康家园带电梯正规三居室户型方正,485万,56285元/平,高楼层 (共16层) | 1995年 | 3室1厅 | 86.17平米 | 东 西 西北,https://ke-image.ljcdn.com/110000-inspection/pc1_XAOqqFvIB_1.jpg!m_fill,w_280,h_210,f_jpg?from=ke.com
20240913,朝阳,甘露园,101122756757,天天朝阳大一居全南朝阳中间层采光无遮挡精装修,469万,55183元/平,高楼层 (共15层) 1室1厅 | 84.99平米 | 南,https://ke-image.ljcdn.com/110000-inspection/29ee833c-3f7c-496a-8bae-af107f93d9d1_1000.jpg!m_fill,w_280,h_210,f_jpg?from=ke.com
20240913,朝阳,甘露园,101122702295,朝阳无限芳菁苑东向大2居不临街出售,615万,53155元/平,高楼层 (共21层) 2室1厅 | 115.7平米 | 西,https://ke-image.ljcdn.com/110000-inspection/f3efc042-14f8-4b67-8b48-39f0312d925b_1000.jpg!m_fill,w_280,h_210,f_jpg?from=ke.com
20240913,朝阳,甘露园,101122693698,康家园 南向一居 户型方正 诚意出售,213万,52580元/平,底层 (共6层) 1室1厅 | 40.51平米 | 南,https://ke-image.ljcdn.com/110000-inspection/b4764d47-22f0-459f-be76-087d908dc726_1000.jpg!m_fill,w_280,h_210,f_jpg?from=ke.com
20240913,朝阳,甘露园,101122610884,甘露家园 南北通透三居室 中间楼层房主自荐,338万,57037元/平,中楼层 (共5层) 3室1厅 | 59.26平米 | 南 北,https://ke-image.ljcdn.com/110000-inspection/663f181d-7a7a-4527-8ccf-55f60bc45a67_1000.jpg!m_fill,w_280,h_210,f_jpg?from=ke.com
20240913,朝阳,甘露园,101122579440,康家园  西向钢混眼镜户型  无遮挡采光足  满五唯一,349万,54379元/平,中楼层 (共16层) | 1997年 | 2室1厅 | 64.18平米 | 西,https://ke-image.ljcdn.com/110000-inspection/ced843c2-c937-488a-a10d-04f2173dd43d_1000.jpg!m_fill,w_280,h_210,f_jpg?from=ke.com
20240913,朝阳,甘露园,101122551754,东西通透格局好户型方正产权清晰,199万,38167元/平,高楼层 (共6层) | 1992年 | 1室1厅 | 52.14平米 | 东 西,https://ke-image.ljcdn.com/110000-inspection/743ecc00-28f0-4fef-b9ec-685cf1a33787_1000.jpg!m_fill,w_280,h_210,f_jpg?from=ke.com
20240913,朝阳,甘露园,101122549321,甘露园南里 1室1厅 南,199万,41702元/平,顶层 (共6层) | 1993年 | 1室1厅 | 47.72平米 | 南,https://ke-image.ljcdn.com/110000-inspection/dbdbcc8f-102a-4cac-a60f-69d8d9b4fa39_1000.jpg!m_fill,w_280,h_210,f_jpg?from=ke.com
20240913,朝阳,甘露园,101122534510,朝阳无限芳菁苑 西南向三居室 正对花园,700万,49890元/平,高楼层 (共21层) | 2003年 | 3室2厅 | 140.31平米 | 西南,https://ke-image.ljcdn.com/110000-inspection/16cb21dc-8f36-44a4-ae57-501504d5eeaa_1000.jpg!m_fill,w_280,h_210,f_jpg?from=ke.com
20240913,朝阳,甘露园,101122517714,甘露家园  两居室 满五唯一 东南朝向,256万,47682元/平,底层 (共6层) | 1981年 | 2室1厅 | 53.69平米 | 东 南,https://ke-image.ljcdn.com/110000-inspection/d49e9ad4-b2ce-4f51-be32-075c2ebdf9c1_1000.jpg!m_fill,w_280,h_210,f_jpg?from=ke.com
20240913,朝阳,甘露园,101122515214,青年路四惠东双地铁 甘露家园精装修两居 南北通透,340万,60103元/平,高楼层 (共6层) | 1981年 | 2室1厅 | 56.57平米 | 南 北,https://ke-image.ljcdn.com/110000-inspection/55aa6f64-b124-49e5-942d-7bf29ac3ad22_1000.jpg!m_fill,w_280,h_210,f_jpg?from=ke.com
20240913,朝阳,甘露园,101122440505,甘露园南里 2室1厅 南 北,368万,61839元/平,高楼层 (共6层) 2室1厅 | 59.51平米 | 南 北,https://ke-image.ljcdn.com/110000-inspection/pc1_8HM4OhiLn.jpg!m_fill,w_280,h_210,f_jpg?from=ke.com
20240913,朝阳,甘露园,101122419956,满五唯一不临街位置安静精装修拎包入住,388万,57670元/平,低楼层 (共24层) | 2003年 | 1室1厅 | 67.28平米 | 西,https://ke-image.ljcdn.com/110000-inspection/pc1_vbIelBiHt.jpg!m_fill,w_280,h_210,f_jpg?from=ke.com
20240913,朝阳,甘露园,101122404029,东南朝向 无遮挡 视野采光好 双阳台房主自荐,530万,60057元/平,低楼层 (共22层) | 2001年 | 2室1厅 | 88.25平米 | 东南,https://ke-image.ljcdn.com/110000-inspection/8cd22ea1-4f2a-47e4-9477-b0fee27cdef3_1000.jpg!m_fill,w_280,h_210,f_jpg?from=ke.com
20240913,朝阳,甘露园,101122330572,朝阳无限芳菁苑 正规一居室 无遮挡,375万,62983元/平,高楼层 (共21层) | 2003年 | 1室1厅 | 59.54平米 | 北,https://ke-image.ljcdn.com/110000-inspection/5df56b78-ab9d-4791-afb8-c6e37e906fdc_1000.jpg!m_fill,w_280,h_210,f_jpg?from=ke.com
20240913,朝阳,甘露园,101122155341,不临街南北通透高层 采光好改造院 干净整洁,298万,47011元/平,顶层 (共6层) 2室1厅 | 63.39平米 | 南 北,https://ke-image.ljcdn.com/110000-inspection/73c86259-3064-414f-96a7-2c0b16e27c35_1000.jpg!m_fill,w_280,h_210,f_jpg?from=ke.com
20240913,朝阳,甘露园,101121977011,白领家园 板楼社区  小区安静  诚意出售,370万,60124元/平,中楼层 (共16层) 1室0厅 | 61.54平米 | 北,https://ke-image.ljcdn.com/110000-inspection/6b0d4ee4-d0ba-46e5-8093-649146aec053_1000.jpg!m_fill,w_280,h_210,f_jpg?from=ke.com
20240913,朝阳,甘露园,101121908656,甘露园南里二区  1+6双地铁 满五唯一 高楼层采光充足,399万,63912元/平,中楼层 (共16层) 2室1厅 | 62.43平米 | 南 北,https://ke-image.ljcdn.com/110000-inspection/8d8e8ba2-cd9f-4aff-a412-d66d8d1a77bb_1000.jpg!m_fill,w_280,h_210,f_jpg?from=ke.com
20240913,朝阳,甘露园,101121877150,甘露园南里一区2001年高楼层非顶楼三居室,618万,54088元/平,高楼层 (共22层) | 2001年 | 3室2厅 | 114.26平米 | 南 北,https://ke-image.ljcdn.com/110000-inspection/prod-2968d5d9-0c1c-4adf-accc-5f39ef900f34.jpg!m_fill,w_280,h_210,f_jpg?from=ke.com
20240913,朝阳,甘露园,101121700011,满五唯一 产权清晰 西向视野好  诚意卖 随时签约,220万,57502元/平,高楼层 (共16层) | 2005年 | 1室0厅 | 38.26平米 | 西,https://ke-image.ljcdn.com/110000-inspection/3d1d0948-071d-4e70-8b4f-2e8ee53b7e6c_1000.jpg!m_fill,w_280,h_210,f_jpg?from=ke.com
20240913,朝阳,甘露园,101121458443,满五年唯一商品房带电梯高层无遮挡。四惠东地铁,418万,55292元/平,高楼层 (共18层) 2室1厅 | 75.6平米 | 东 南,https://ke-image.ljcdn.com/110000-inspection/b1169cea-4285-4c65-9d3a-04fa0b0781b9_1000.jpg!m_fill,w_280,h_210,f_jpg?from=ke.com
20240913,朝阳,甘露园,101121426516,甘露园南里二区 6+22+1三地铁  无遮挡采光好 不临街,369万,63764元/平,底层 (共6层) 2室1厅 | 57.87平米 | 南 北,https://ke-image.ljcdn.com/110000-inspection/pc1_iGd6JDJXA.jpg!m_fill,w_280,h_210,f_jpg?from=ke.com
20240913,朝阳,甘露园,101121369302,甘露园南北通透 无遮挡采光好 明厨明卫 诚意出售,400万,59533元/平,中楼层 (共6层) 2室1厅 | 67.19平米 | 南 北,https://ke-image.ljcdn.com/110000-inspection/aa625d23-9b91-40b0-bf0f-f4f944abb72c_1000.jpg!m_fill,w_280,h_210,f_jpg?from=ke.com
20240913,朝阳,甘露园,101121337338,2002年电梯楼 甘露园南里 物业单独管理 楼道干净,365万,66268元/平,中楼层 (共18层) | 2002年 | 2室1厅 | 55.08平米 | 西南 西,https://ke-image.ljcdn.com/110000-inspection/pc1_ppDweqO0o.jpg!m_fill,w_280,h_210,f_jpg?from=ke.com
20240913,朝阳,甘露园,101121221899,甘露园南里  模范小区 首付96万,265万,45230元/平,高楼层 (共6层) 2室1厅 | 58.59平米 | 东南 西,https://ke-image.ljcdn.com/110000-inspection/b58636db-3cc2-440c-bbb8-b013d55c259d_1000.jpg!m_fill,w_280,h_210,f_jpg?from=ke.com
20240913,朝阳,甘露园,101121160963,康家园 1室1厅 南,252万,55876元/平,顶层 (共6层) | 1998年 | 1室1厅 | 45.1平米 | 南,https://ke-image.ljcdn.com/110000-inspection/7db63229-260d-40a5-a881-fecd2216cd52_1000.jpg!m_fill,w_280,h_210,f_jpg?from=ke.com
20240913,朝阳,甘露园,101120996397,康家园  高层带电梯钢混  采光好视野充足 满五唯一,325万,61988元/平,中楼层 (共16层) | 1995年 | 1室1厅 | 52.43平米 | 西南,https://ke-image.ljcdn.com/110000-inspection/4c69e1d4-c221-462f-98d0-ec9b794410f6_1000.jpg!m_fill,w_280,h_210,f_jpg?from=ke.com
20240913,朝阳,甘露园,101120958910,康家园  南北通透明厅  精装修拎包入住  近地铁,500万,60636元/平,高楼层 (共6层) | 1998年 | 3室1厅 | 82.46平米 | 东 南 北,https://ke-image.ljcdn.com/110000-inspection/3314896b-95c3-48d3-be8a-e3fc187cd19e_1000.jpg!m_fill,w_280,h_210,f_jpg?from=ke.com
20240913,朝阳,甘露园,101120942265,甘露园南里二区  东南采光视野好 1+6双地铁 只有契税,335万,57989元/平,高楼层 (共6层) 2室1厅 | 57.77平米 | 东南,https://ke-image.ljcdn.com/110000-inspection/40d173d8-2e3d-4aea-8e03-b514816c9a2f_1000.jpg!m_fill,w_280,h_210,f_jpg?from=ke.com
20240913,朝阳,甘露园,101120865464,朝阳无限芳菁苑 高层 满五唯一 精装 看房方便,335万,64251元/平,顶层 (共21层) | 2003年 | 1室1厅 | 52.14平米 | 北,https://ke-image.ljcdn.com/110000-inspection/pc1_Sfb41X53x.jpg!m_fill,w_280,h_210,f_jpg?from=ke.com
20240913,朝阳,甘露园,101120214800,全南钢混大一居安静不临街地铁距离近满五年,285万,54359元/平,低楼层 (共16层) | 1995年 | 1室1厅 | 52.43平米 | 南,https://ke-image.ljcdn.com/110000-inspection/5f1e2608-4fe5-4197-b2dd-67462cc78df2_1000.jpg!m_fill,w_280,h_210,f_jpg?from=ke.com
20240913,朝阳,甘露园,101119681364,甘露家园  94年 南北通透 两居,260万,46966元/平,地下室 (共5层) 2室1厅 | 55.36平米 | 南 北,https://ke-image.ljcdn.com/110000-inspection/pc1_0Lk0tBj1C.jpg!m_fill,w_280,h_210,f_jpg?from=ke.com
20240913,朝阳,甘露园,101118162222,南向采光好无遮挡业主诚意出售,199万,45737元/平,顶层 (共6层) 1室1厅 | 43.51平米 | 南,https://ke-image.ljcdn.com/110000-inspection/pc1_Ld93DSAZL.jpg!m_fill,w_280,h_210,f_jpg?from=ke.com
20240913,朝阳,甘露园,101114115491,朝阳无*中间楼层满五年大2居好房,666万,66640元/平,中楼层 (共21层) | 2003年 | 2室1厅 | 99.94平米 | 东 南 北,https://ke-image.ljcdn.com/110000-inspection/pc1_o0dHbDWDy_1.jpg!m_fill,w_280,h_210,f_jpg?from=ke.com
20240913,朝阳,甘露园,101126552938,康家园  高层带电梯 视野好采光充足 满五唯一,415万,43474元/平,高楼层 (共18层) | 2008年 | 2室1厅 | 95.46平米 | 东南,https://ke-image.ljcdn.com/110000-inspection/d54bc3ac-5acc-4127-bb2a-69fcff27a82e_1000.jpg!m_fill,w_280,h_210,f_jpg?from=ke.com
20240913,朝阳,甘露园,101126549736,甘露家园 全南向两居 采光充足自住装修好,360万,52942元/平,中楼层 (共16层) | 1989年 | 2室1厅 | 68平米 | 南,https://ke-image.ljcdn.com/110000-inspection/da180188-b6bb-4556-8296-131eb808241a_1000.jpg!m_fill,w_280,h_210,f_jpg?from=ke.com
20240913,朝阳,甘露园,101126532388,甘露园南里二区 楼龄新精装修 只有契税 视野采光好新上,598万,49967元/平,中楼层 (共18层) 3室1厅 | 119.68平米 | 西南,https://ke-image.ljcdn.com/110000-inspection/94a693b6-a8d6-4825-994e-f37d318b3344_1000.jpg!m_fill,w_280,h_210,f_jpg?from=ke.com
20240913,朝阳,甘露园,101126500127,甘露家园 满五唯一 中间楼层 南北通透 明厨明卫新上,265万,52217元/平,中楼层 (共5层) 1室1厅 | 50.75平米 | 南 北,https://ke-image.ljcdn.com/110000-inspection/d498fc16-bdfe-4a26-b672-e640d80660c6_1000.jpg!m_fill,w_280,h_210,f_jpg?from=ke.com
20240913,朝阳,甘露园,101126465480,甘露家园 南北通透两居室 看房方便新上,230万,42436元/平,中楼层 (共6层) | 1981年 | 2室1厅 | 54.2平米 | 南 北,https://ke-image.ljcdn.com/110000-inspection/baf53c98-a674-4bdf-bc93-fdb8840b81b9_1000.jpg!m_fill,w_280,h_210,f_jpg?from=ke.com
20240913,朝阳,甘露园,101126462704,都市经典家园经典两居小区后排直观中国尊新上,550万,55461元/平,高楼层 (共13层) | 2003年 | 2室2厅 | 99.17平米 | 西,https://ke-image.ljcdn.com/110000-inspection/5c5a55f6-a0ef-424a-a5c8-cb2de3a69610_1000.jpg!m_fill,w_280,h_210,f_jpg?from=ke.com
20240913,朝阳,甘露园,101126453080,甘露园南里 20万精装修 采光好 业主诚意卖新上,320万,49884元/平,中楼层 (共6层) | 1994年 | 2室1厅 | 64.15平米 | 南 北,https://ke-image.ljcdn.com/110000-inspection/328dd897-306e-40fc-b6b3-4c99820e5d87_1000.jpg!m_fill,w_280,h_210,f_jpg?from=ke.com
20240913,朝阳,甘露园,101126419424,甘露家园精装全南两居中高楼层安静不临街视野好新上,348万,51267元/平,中楼层 (共16层) 2室1厅 | 67.88平米 | 南,https://ke-image.ljcdn.com/110000-inspection/pc1_4UXn3p11n_1.jpg!m_fill,w_280,h_210,f_jpg?from=ke.com
20240913,朝阳,甘露园,101126419254,朝阳无限芳菁苑 3室2厅 南 北新上,625万,54662元/平,中楼层 (共14层) 3室2厅 | 114.34平米 | 南 北,https://ke-image.ljcdn.com/110000-inspection/cffa21c9-356f-4931-8f16-780ccc47066c_1000.jpg!m_fill,w_280,h_210,f_jpg?from=ke.com
20240913,朝阳,甘露园,101126414784,白领家园南北通透两居 对小区 户型方正 满五年唯一新上,579万,56555元/平,中楼层 (共16层) 2室1厅 | 102.38平米 | 南 北,https://ke-image.ljcdn.com/110000-inspection/dfd1e3f5-e4dd-42b5-9087-a1ee1a8c9022_1000.jpg!m_fill,w_280,h_210,f_jpg?from=ke.com
20240913,朝阳,甘露园,101126408521,朝阳无限芳菁苑 西南向两居室 采光无遮挡新上,568万,51450元/平,中楼层 (共21层) | 2004年 | 2室1厅 | 110.4平米 | 西南,https://ke-image.ljcdn.com/110000-inspection/e9d456d3-463d-4a5a-a4a6-d93840d86da4_1000.jpg!m_fill,w_280,h_210,f_jpg?from=ke.com
20240913,朝阳,甘露园,101126399767,天天朝阳 开间诚意出售 看房方便,180万,47220元/平,低楼层 (共16层) 1室0厅 | 38.12平米 | 西,https://ke-image.ljcdn.com/110000-inspection/pc1_1HccPPEnx_1.jpg!m_fill,w_280,h_210,f_jpg?from=ke.com
20240913,朝阳,甘露园,101126399759,天天朝阳 满五唯一 高层视野好 靠谱卖新上,178万,46732元/平,顶层 (共16层) 1室1厅 | 38.09平米 | 东,https://ke-image.ljcdn.com/110000-inspection/fdb04896-200b-4ec6-8d1c-cdb1601cfc6d_1000.jpg!m_fill,w_280,h_210,f_jpg?from=ke.com
20240913,朝阳,甘露园,101126397289,22+6号线地铁站旁 精装一居室 楼层高 采光无挡新上,318万,52562元/平,顶层 (共18层) 1室1厅 | 60.5平米 | 东,https://ke-image.ljcdn.com/110000-inspection/ebf9d15e-c19b-4c9d-b1bd-bef28955f177_1000.jpg!m_fill,w_280,h_210,f_jpg?from=ke.com
20240913,朝阳,甘露园,101126374136,康家园 2室2厅 南 北新上,490万,54300元/平,高楼层 (共7层) 2室2厅 | 90.24平米 | 南 北,https://ke-image.ljcdn.com/110000-inspection/fb580268-a052-41f1-a8ed-329f32ec1589_1000.jpg!m_fill,w_280,h_210,f_jpg?from=ke.com
20240913,朝阳,甘露园,101126373147,朝阳园三期 智能化写字楼 诚意卖价可谈,320万,38996元/平,低楼层 (共32层) | 2005年 | 2室1厅 | 82.06平米 | 南,https://ke-image.ljcdn.com/110000-inspection/8815505f-6aa2-4b22-96ec-2108c6f4c96e_1000.jpg!m_fill,w_280,h_210,f_jpg?from=ke.com
20240913,朝阳,甘露园,101126295028,白领家园 观湖 观景 南北通透大客厅 精装修两居,777万,61380元/平,中楼层 (共16层) 2室1厅 | 126.59平米 | 南 北,https://ke-image.ljcdn.com/110000-inspection/d90131d6-151c-4e6f-9ded-e2346db8a81e_1000.jpg!m_fill,w_280,h_210,f_jpg?from=ke.com
20240913,朝阳,甘露园,101126228806,甘露园南里 南北通透三居室 采光好,465万,54020元/平,顶层 (共6层) 3室1厅 | 86.08平米 | 南 北,https://ke-image.ljcdn.com/110000-inspection/c52928b4-5aff-4036-9717-0533f5976bec_1000.jpg!m_fill,w_280,h_210,f_jpg?from=ke.com
20240913,朝阳,甘露园,101126202106,甘露园南里 东西通透 300米地铁 满五唯一,298万,51495元/平,中楼层 (共6层) 2室1厅 | 57.87平米 | 东 西,https://ke-image.ljcdn.com/110000-inspection/pc1_mct9WPOhw_1.jpg!m_fill,w_280,h_210,f_jpg?from=ke.com
20240913,朝阳,甘露园,101126190688,朝阳无限芳菁苑 1室0厅 北,249万,47757元/平,中楼层 (共21层) | 2003年 | 1室0厅 | 52.14平米 | 北,https://ke-image.ljcdn.com/110000-inspection/e44a275c-682c-479a-b648-c2cdbbca35bf_1000.jpg!m_fill,w_280,h_210,f_jpg?from=ke.com
20240913,朝阳,甘露园,101126167625,康家园 东西通透两居室 客厅带窗户 诚意出售,350万,49526元/平,高楼层 (共6层) 2室1厅 | 70.67平米 | 东 西,https://ke-image.ljcdn.com/110000-inspection/f830f02b-4ce9-4952-b6c0-a971685fbb38_1000.jpg!m_fill,w_280,h_210,f_jpg?from=ke.com
20240913,朝阳,甘露园,101126150291,满五唯一 精装修 正观小区北侧公园 安静舒适,295万,49547元/平,低楼层 (共21层) | 2003年 | 1室1厅 | 59.54平米 | 北,https://ke-image.ljcdn.com/110000-inspection/pc1_XSm5KJF2x.jpg!m_fill,w_280,h_210,f_jpg?from=ke.com
20240913,朝阳,甘露园,101126114397,丽景馨居无遮挡  高楼层2居室,460万,57136元/平,中楼层 (共22层) 2室1厅 | 80.51平米 | 东南,https://ke-image.ljcdn.com/110000-inspection/pc1_3pVeUMWVg.jpg!m_fill,w_280,h_210,f_jpg?from=ke.com
20240913,朝阳,甘露园,101126078873,康家园 东向一居室 窗户大精装修  诚意出售,185万,40588元/平,地下室 (共6层) | 1995年 | 1室1厅 | 45.58平米 | 东,https://ke-image.ljcdn.com/110000-inspection/d7a3955c-ddda-4c1a-a53c-5f09f43d95fd_1000.jpg!m_fill,w_280,h_210,f_jpg?from=ke.com
20240913,朝阳,甘露园,101126060131,四惠东地铁口   好楼层一居室,228万,46722元/平,中楼层 (共6层) | 1995年 | 1室1厅 | 48.8平米 | 东南,https://ke-image.ljcdn.com/110000-inspection/pc1_ZeK22LKTq.jpg!m_fill,w_280,h_210,f_jpg?from=ke.com
20240913,朝阳,甘露园,101126053651,朝青 四惠朝阳路天天朝阳  双卫两居 南北满五唯一,555万,45578元/平,低楼层 (共15层) | 2005年 | 2室2厅 | 121.77平米 | 南 北,https://ke-image.ljcdn.com/110000-inspection/pc1_elnF0hXgb.jpg!m_fill,w_280,h_210,f_jpg?from=ke.com
20240913,朝阳,甘露园,101126038295,甘露园南里 3室1厅 南 北,426万,48708元/平,中楼层 (共6层) 3室1厅 | 87.46平米 | 南 北,https://ke-image.ljcdn.com/110000-inspection/9955d84f-2e70-49b5-a5b8-c3bda99e5ed3_1000.jpg!m_fill,w_280,h_210,f_jpg?from=ke.com
20240913,朝阳,甘露园,101126011346,甘露园南里 2002年电梯商品房 楼道干净卫生,543万,55285元/平,中楼层 (共18层) 3室1厅 | 98.22平米 | 东 东南 北,https://ke-image.ljcdn.com/110000-inspection/5fe1510c-71fd-47e9-9382-dd92034716df_1000.jpg!m_fill,w_280,h_210,f_jpg?from=ke.com
20240913,朝阳,甘露园,101126006407,天天朝阳 2室1厅 南 北,480万,37796元/平,低楼层 (共9层) | 2005年 | 2室1厅 | 127平米 | 南 北,https://ke-image.ljcdn.com/110000-inspection/pc1_0LXDgcJka.jpg!m_fill,w_280,h_210,f_jpg?from=ke.com
20240913,朝阳,甘露园,101125995338,甘露园南里二区 南北三条地铁 满五唯一 安静不临街,435万,50854元/平,中楼层 (共6层) | 1994年 | 3室1厅 | 85.54平米 | 南 北,https://ke-image.ljcdn.com/110000-inspection/pc1_FxvrKZBpS.jpg!m_fill,w_280,h_210,f_jpg?from=ke.com
20240913,朝阳,甘露园,101125988000,双卫东南向三居 拎包入住 采光视野俱佳 安静舒适,760万,53439元/平,中楼层 (共21层) 3室1厅 | 142.22平米 | 东南,https://ke-image.ljcdn.com/110000-inspection/98cb8337-f245-4896-bff6-7b02b61ff032_1000.jpg!m_fill,w_280,h_210,f_jpg?from=ke.com
20240913,朝阳,甘露园,101125955350,精装客厅带阳台南北两居满五年唯一中间层,385万,56618元/平,中楼层 (共6层) 2室1厅 | 68平米 | 南 北,https://ke-image.ljcdn.com/110000-inspection/a32a5f4d-a420-45dc-9be6-bd5dc3261624_1000.jpg!m_fill,w_280,h_210,f_jpg?from=ke.com
20240913,朝阳,甘露园,101125955339,三轨交汇（1+22+6）满二年东向正规一居精装,269万,39559元/平,低楼层 (共24层) | 2003年 | 1室1厅 | 68平米 | 东,https://ke-image.ljcdn.com/110000-inspection/1bd2fc92-0d27-422e-9d62-2fb30611dcc7_1000.jpg!m_fill,w_280,h_210,f_jpg?from=ke.com
20240913,朝阳,甘露园,101125931125,朝阳无限芳菁苑 东南向两居室 采光好,670万,60689元/平,高楼层 (共21层) 2室1厅 | 110.4平米 | 东南,https://ke-image.ljcdn.com/110000-inspection/pc1_a0kbAmrva_1.jpg!m_fill,w_280,h_210,f_jpg?from=ke.com
20240913,朝阳,甘露园,101125926364,朝阳无限芳菁苑 1室1厅 北,349万,58765元/平,顶层 (共21层) | 2003年 | 1室1厅 | 59.39平米 | 北,https://ke-image.ljcdn.com/110000-inspection/caf3fc1f-350f-402b-9772-08b1da289cd0_1000.jpg!m_fill,w_280,h_210,f_jpg?from=ke.com
20240913,朝阳,甘露园,101125919060,甘露家园 南北通透一居室 低楼层适合老人,240万,55814元/平,底层 (共6层) 1室1厅 | 43平米 | 南 北,https://ke-image.ljcdn.com/110000-inspection/efe36962-cd5b-4996-8bc8-488c293040ce_1000.jpg!m_fill,w_280,h_210,f_jpg?from=ke.com
20240913,朝阳,甘露园,101125919070,甘露家园 南北向三居室采光好,295万,42631元/平,顶层 (共6层) | 1981年 | 3室1厅 | 69.2平米 | 南 北,https://ke-image.ljcdn.com/110000-inspection/4b602dee-5a7f-4d8a-9065-d07723596bd0_1000.jpg!m_fill,w_280,h_210,f_jpg?from=ke.com
20240913,朝阳,甘露园,101125919048,朝阳无限芳菁苑 西向正规一居室 精装修,446万,66399元/平,中楼层 (共14层) 1室1厅 | 67.17平米 | 西,https://ke-image.ljcdn.com/110000-inspection/pc1_jQLn9L1SW.jpg!m_fill,w_280,h_210,f_jpg?from=ke.com
20240913,朝阳,甘露园,101125918070,朝阳无限芳菁苑高层两居视野好满五年唯一,580万,58035元/平,高楼层 (共21层) | 2003年 | 2室2厅 | 99.94平米 | 东南 北,https://ke-image.ljcdn.com/110000-inspection/pc1_P7wJauHlT.jpg!m_fill,w_280,h_210,f_jpg?from=ke.com
20240913,朝阳,甘露园,101125881677,二期精装修两居 满五唯一 拎包入住 双卫 双卧分开,599万,55825元/平,低楼层 (共23层) | 2004年 | 2室1厅 | 107.3平米 | 西,https://ke-image.ljcdn.com/110000-inspection/pc1_Sh5HVYKAv.jpg!m_fill,w_280,h_210,f_jpg?from=ke.com
20240913,朝阳,甘露园,101125831474,丽景馨居 精装两居 位置优 价格低两居满五年唯一,425万,50470元/平,中楼层 (共16层) 2室1厅 | 84.21平米 | 西北,https://ke-image.ljcdn.com/110000-inspection/0502100a-617e-4a12-920b-abe7fd4f558a_1000.jpg!m_fill,w_280,h_210,f_jpg?from=ke.com
20240913,朝阳,甘露园,101125792917,南北通透 户型方正 满五唯一精装修拎包入住看房随时,610万,57963元/平,中楼层 (共21层) 2室1厅 | 105.24平米 | 南 北,https://ke-image.ljcdn.com/110000-inspection/89de44e7-0f70-478b-b148-3f72458eca40_1000.jpg!m_fill,w_280,h_210,f_jpg?from=ke.com
20240913,朝阳,甘露园,101125775935,康家园南北两居 户型方正 正对小区,298万,47528元/平,顶层 (共6层) 2室1厅 | 62.7平米 | 南 北,https://ke-image.ljcdn.com/110000-inspection/4cf37315-f680-4d13-8307-2dedd596c6e8_1000.jpg!m_fill,w_280,h_210,f_jpg?from=ke.com
20240913,朝阳,甘露园,101125756913,甘露园南里二区 公积金可贷30年 低层 双南向,310万,51979元/平,低楼层 (共6层) 2室1厅 | 59.64平米 | 南 北,https://ke-image.ljcdn.com/110000-inspection/7b440894-7d07-4537-b367-d76ed2c788bc_1000.jpg!m_fill,w_280,h_210,f_jpg?from=ke.com
20240913,朝阳,甘露园,101125741706,商品房 满五年唯一复式 房龄新 小区停车位充足,430万,39095元/平,顶层 (共6层) 2室1厅 | 109.99平米 | 南 北,https://ke-image.ljcdn.com/110000-inspection/pc1_vXIELyom9_1.jpg!m_fill,w_280,h_210,f_jpg?from=ke.com
20240913,朝阳,甘露园,101125700676,1+6+22三个地铁 双卫大三居,595万,51427元/平,高楼层 (共21层) | 2003年 | 3室1厅 | 115.7平米 | 东,https://ke-image.ljcdn.com/110000-inspection/pc1_87KQvvZf7_2.jpg!m_fill,w_280,h_210,f_jpg?from=ke.com
20240913,朝阳,甘露园,101125649303,甘露园南里 2室1厅 南 北,339万,53801元/平,中楼层 (共6层) 2室1厅 | 63.01平米 | 南 北,https://ke-image.ljcdn.com/110000-inspection/1050cad9-d4cc-4be2-a01c-534a851240d7_1000.jpg!m_fill,w_280,h_210,f_jpg?from=ke.com
20240913,朝阳,甘露园,101125504445,甘露园南里 南北通透两居室 精装修 费少诚意出售,335万,52238元/平,顶层 (共6层) 2室1厅 | 64.13平米 | 南 北,https://ke-image.ljcdn.com/110000-inspection/13018bd7-0ae4-44da-8ba3-3f661c71e84b_1000.jpg!m_fill,w_280,h_210,f_jpg?from=ke.com
20240913,朝阳,甘露园,101125495292,甘露家园 2室1厅 南 北,245万,45203元/平,顶层 (共6层) | 1981年 | 2室1厅 | 54.2平米 | 南 北,https://ke-image.ljcdn.com/110000-inspection/5dada90f-0bd3-4d83-9188-0a142aa03d5b_1000.jpg!m_fill,w_280,h_210,f_jpg?from=ke.com
20240913,朝阳,甘露园,101125492222,甘露家园 1室1厅 东,255万,62824元/平,顶层 (共16层) | 1989年 | 1室1厅 | 40.59平米 | 东,https://ke-image.ljcdn.com/110000-inspection/pc1_0oZyWkXOh.jpg!m_fill,w_280,h_210,f_jpg?from=ke.com
20240913,朝阳,甘露园,101125465146,朝阳无限芳菁苑 车位,22万,7728元/平,地下室 (共24层) 1室0厅 | 28.47平米 | 南,https://ke-image.ljcdn.com/110000-inspection/7ea9bb70-eb40-4f3f-8cd0-eb98e15fbe56_1000.jpg!m_fill,w_280,h_210,f_jpg?from=ke.com
20240913,朝阳,甘露园,101125456995,都市经典家园全南大一居室出售双地铁超市公园齐全,495万,63187元/平,底层 (共24层) | 2003年 | 1室1厅 | 78.34平米 | 南,https://ke-image.ljcdn.com/110000-inspection/7f7d5a16-70de-426b-934b-3ab9b85d059b_1000.jpg!m_fill,w_280,h_210,f_jpg?from=ke.com
20240913,朝阳,甘露园,101125302475,康家园 客厅带窗 南北两居 诚意出售,338万,54080元/平,顶层 (共6层) | 1994年 | 2室1厅 | 62.5平米 | 南 北,https://ke-image.ljcdn.com/110000-inspection/950a8312-796e-4b32-a689-407d5ddf846d_1000.jpg!m_fill,w_280,h_210,f_jpg?from=ke.com
20240913,朝阳,甘露园,101125221333,康家园  东南角无遮挡 采光充足  低层出行方便,430万,61676元/平,低楼层 (共16层) | 1995年 | 2室1厅 | 69.72平米 | 东南,https://ke-image.ljcdn.com/110000-inspection/pc1_Nv5VKiCRy.jpg!m_fill,w_280,h_210,f_jpg?from=ke.com
20240913,朝阳,甘露园,101125180917,高碑店 四惠东 青年路旁 不是顶层,638万,67758元/平,中楼层 (共11层) 2室1厅 | 94.16平米 | 东,https://ke-image.ljcdn.com/110000-inspection/4132696a-05a4-4283-948d-666b40d0662b_1000.jpg!m_fill,w_280,h_210,f_jpg?from=ke.com
20240913,朝阳,甘露园,101125157408,公积金新政房1+6+22号地铁甘露园大院有半地下,315万,54499元/平,底层 (共6层) 2室1厅 | 57.8平米 | 东南,https://ke-image.ljcdn.com/110000-inspection/baf47d2c-cc71-4f17-a727-0ecb4d4fe371_1000.jpg!m_fill,w_280,h_210,f_jpg?from=ke.com
20240913,朝阳,甘露园,101125046961,白领家园南北两居高层、满五年唯一诚意出售,720万,65592元/平,中楼层 (共16层) 2室1厅 | 109.77平米 | 南 北,https://ke-image.ljcdn.com/110000-inspection/pc1_SEruhl7b7.jpg!m_fill,w_280,h_210,f_jpg?from=ke.com
20240913,朝阳,甘露园,101125023541,高碑店 都市经典家园  东向一居室 无遮挡 精装修房主自荐,380万,56422元/平,中楼层 (共24层) | 2003年 | 1室1厅 | 67.35平米 | 东,https://ke-image.ljcdn.com/110000-inspection/b6bac1a9-2436-4180-982c-6b72400c6444_1000.jpg!m_fill,w_280,h_210,f_jpg?from=ke.com
20240913,朝阳,甘露园,101124949100,朝阳无限芳菁苑满五年唯一高楼层正对花园,445万,68357元/平,中楼层 (共23层) | 2004年 | 2室1厅 | 65.1平米 | 西北,https://ke-image.ljcdn.com/110000-inspection/pc1_kIP7lDMen_2.jpg!m_fill,w_280,h_210,f_jpg?from=ke.com
20240913,朝阳,甘露园,101124904778,满五唯一 中高层南向双卫两居 精装修拎包入住诚意卖,790万,59319元/平,中楼层 (共21层) | 2003年 | 2室2厅 | 133.18平米 | 南,https://ke-image.ljcdn.com/110000-inspection/526daff1-7139-4216-9d5a-72223943c275_1000.jpg!m_fill,w_280,h_210,f_jpg?from=ke.com
20240913,朝阳,甘露园,101124843260,甘露家园 2室1厅 南,355万,52206元/平,低楼层 (共16层) 2室1厅 | 68平米 | 南,https://ke-image.ljcdn.com/110000-inspection/ee2a331f-7d09-4a1d-aac7-2a3ec28d1700_1000.jpg!m_fill,w_280,h_210,f_jpg?from=ke.com
20240913,朝阳,甘露园,101124841937,南北通透 双卫两居 正观小区花园和水系 布局合理,660万,56204元/平,高楼层 (共21层) | 2004年 | 2室1厅 | 117.43平米 | 南 北,https://ke-image.ljcdn.com/110000-inspection/2a7b6f42-8695-472e-a654-f642673be4e3_1000.jpg!m_fill,w_280,h_210,f_jpg?from=ke.com
20240913,朝阳,甘露园,101124841560,朝阳无限芳菁苑 西向两居室 无遮挡,580万,50130元/平,中楼层 (共21层) 2室1厅 | 115.7平米 | 西,https://ke-image.ljcdn.com/110000-inspection/c1ddbb18-93e0-4be9-a161-e1f74e101adb_1000.jpg!m_fill,w_280,h_210,f_jpg?from=ke.com
20240913,朝阳,甘露园,101124841485,甘露家园南北三居低楼层精装修满五年唯一,378万,54625元/平,底层 (共6层) | 1982年 | 2室1厅 | 69.2平米 | 南 北,https://ke-image.ljcdn.com/110000-inspection/9e857bce-3938-4a79-936b-89171a6acec0_1000.jpg!m_fill,w_280,h_210,f_jpg?from=ke.com
20240913,朝阳,甘露园,101124841475,甘露家园南北一居室明厨明卫低楼层满五年唯一,256万,53289元/平,低楼层 (共6层) 1室1厅 | 48.04平米 | 南 北,https://ke-image.ljcdn.com/110000-inspection/2429e413-7ada-4de2-a9d0-e78adee63116_1000.jpg!m_fill,w_280,h_210,f_jpg?from=ke.com
20240913,朝阳,甘露园,101124833536,康家园南北通透两居 户型方正 正对小区,306万,48960元/平,底层 (共6层) 2室1厅 | 62.5平米 | 南 北,https://ke-image.ljcdn.com/110000-inspection/pc1_wGxIwuMJp_2.jpg!m_fill,w_280,h_210,f_jpg?from=ke.com
20240913,朝阳,甘露园,101124817629,甘露家园满5年唯一南北通透2居室户型好。装修好,180万,29278元/平,地下室 (共6层) | 1996年 | 2室1厅 | 61.48平米 | 南 北,https://ke-image.ljcdn.com/110000-inspection/pc1_rWgPKoRw4.jpg!m_fill,w_280,h_210,f_jpg?from=ke.com
20240913,朝阳,甘露园,101124813977,朝阳无限芳菁苑南北通透满五年唯一二居室高楼层出售,639万,60719元/平,中楼层 (共21层) | 2003年 | 2室1厅 | 105.24平米 | 南 北,https://ke-image.ljcdn.com/110000-inspection/d5b36ec5-284f-4091-8e78-e1171023efdc_1000.jpg!m_fill,w_280,h_210,f_jpg?from=ke.com
20240913,朝阳,甘露园,101124798618,商品房1+6+22号线两居01年房无遮挡有车位,555万,56095元/平,低楼层 (共20层) 2室1厅 | 98.94平米 | 东南,https://ke-image.ljcdn.com/110000-inspection/3d448744-f150-4722-b1ff-4cbf749ac007_1000.jpg!m_fill,w_280,h_210,f_jpg?from=ke.com
20240913,朝阳,甘露园,101124771015,朝阳无限芳菁苑 1室1厅 北,308万,59072元/平,中楼层 (共21层) 1室1厅 | 52.14平米 | 北,https://ke-image.ljcdn.com/110000-inspection/f9749f0d-a89d-4173-ac30-071cecc37337_1000.jpg!m_fill,w_280,h_210,f_jpg?from=ke.com
20240913,朝阳,甘露园,101124658210,甘露家园南向精装两居 满五唯一 采光视野俱佳,249万,44793元/平,顶层 (共5层) 2室1厅 | 55.59平米 | 东南,https://ke-image.ljcdn.com/110000-inspection/317c2362-0066-47e2-abdb-dc2e36788fb3_1000.jpg!m_fill,w_280,h_210,f_jpg?from=ke.com
20240913,朝阳,甘露园,101124649182,小区二期开间 电梯直通地库 满五唯一 诚意出售,225万,63524元/平,低楼层 (共14层) 1室0厅 | 35.42平米 | 东,https://ke-image.ljcdn.com/110000-inspection/ef547c00-fab1-49ab-a884-d349c03c1f14_1000.jpg!m_fill,w_280,h_210,f_jpg?from=ke.com
20240913,朝阳,甘露园,101124595599,甘露园南里新三居室满五年唯一出售,398万,49399元/平,中楼层 (共6层) 3室1厅 | 80.57平米 | 南 北,https://ke-image.ljcdn.com/110000-inspection/pc1_xvC9AG10e_1.jpg!m_fill,w_280,h_210,f_jpg?from=ke.com
20240913,朝阳,甘露园,101124592254,康家园小区 南北精装修两居室 业主诚意出售,385万,62238元/平,底层 (共6层) | 1996年 | 2室1厅 | 61.86平米 | 南 北,https://ke-image.ljcdn.com/110000-inspection/pc1_frusl5yfl_1.jpg!m_fill,w_280,h_210,f_jpg?from=ke.com
20240913,朝阳,甘露园,101124507455,甘露家园南北两居中间楼层楼龄新精装大客厅房主自荐,358万,52959元/平,中楼层 (共5层) 2室1厅 | 67.6平米 | 南 北,https://ke-image.ljcdn.com/110000-inspection/pc1_gUkxw6fwN.jpg!m_fill,w_280,h_210,f_jpg?from=ke.com
20240913,朝阳,甘露园,101124477682,朝阳无限芳菁苑2+1户型精装修出售,550万,47537元/平,中楼层 (共21层) | 2003年 | 3室1厅 | 115.7平米 | 东,https://ke-image.ljcdn.com/110000-inspection/pc1_PvQbvwqjO.jpg!m_fill,w_280,h_210,f_jpg?from=ke.com
20240913,朝阳,甘露园,101124436441,满五唯一 户型方正 双卫 后排不临街 安静舒适,535万,45688元/平,低楼层 (共21层) | 2003年 | 2室2厅 | 117.1平米 | 东,https://ke-image.ljcdn.com/110000-inspection/d0908951-f695-4623-8c7c-9735e607e5af_1000.jpg!m_fill,w_280,h_210,f_jpg?from=ke.com
20240913,朝阳,甘露园,101124350287,双轨交汇（1+22）安静一居采光视野无遮挡,223万,43872元/平,顶层 (共6层) 1室1厅 | 50.83平米 | 东北,https://ke-image.ljcdn.com/110000-inspection/pc1_iApC5GDQE.jpg!m_fill,w_280,h_210,f_jpg?from=ke.com
20240913,朝阳,甘露园,101124313510,甘露园南里二区  南北三地铁  高层采光好 满五唯一,258万,54419元/平,高楼层 (共16层) 1室1厅 | 47.41平米 | 东北,https://ke-image.ljcdn.com/110000-inspection/pc1_xenPoJT32.jpg!m_fill,w_280,h_210,f_jpg?from=ke.com
20240913,朝阳,甘露园,101124313439,康家园  朝东无遮挡  不临街精装修 满五唯一 近地铁,213万,47145元/平,高楼层 (共6层) | 1994年 | 1室1厅 | 45.18平米 | 东,https://ke-image.ljcdn.com/110000-inspection/7d7e04f4-4a62-4f3a-a8d4-8c2cd1086467_1000.jpg!m_fill,w_280,h_210,f_jpg?from=ke.com
20240913,朝阳,甘露园,101124250184,双轨交汇（1+22）南北通透视野无遮挡业主诚售,318万,48654元/平,高楼层 (共6层) 2室1厅 | 65.36平米 | 南 北,https://ke-image.ljcdn.com/110000-inspection/pc1_9now05owP.jpg!m_fill,w_280,h_210,f_jpg?from=ke.com
20240913,朝阳,甘露园,101124245410,甘露家园精装一居中间层有电梯满五年唯一房主自荐,229万,55800元/平,中楼层 (共16层) 1室1厅 | 41.04平米 | 东,https://ke-image.ljcdn.com/110000-inspection/0e74f361-4f2e-4be0-a24b-8f9b056c2acb_1000.jpg!m_fill,w_280,h_210,f_jpg?from=ke.com
20240913,朝阳,甘露园,101124187770,康家园复式跃层  南北通透 正对小区,450万,50073元/平,高楼层 (共7层) 2室3厅 | 89.87平米 | 南 北,https://ke-image.ljcdn.com/110000-inspection/pc1_4BVEUojoj.jpg!m_fill,w_280,h_210,f_jpg?from=ke.com
20240913,朝阳,甘露园,101124172013,甘露晴苑低楼层3居室 近地铁22号线和6号线,530万,48112元/平,底层 (共22层) 3室1厅 | 110.16平米 | 东南,https://ke-image.ljcdn.com/110000-inspection/pc1_2tf7UuYgK.jpg!m_fill,w_280,h_210,f_jpg?from=ke.com
20240913,朝阳,甘露园,101124123208,康家园  明厨明卫中间层  小区中间位置  满五唯一,366万,56360元/平,中楼层 (共6层) | 1994年 | 2室1厅 | 64.94平米 | 南 北,https://ke-image.ljcdn.com/110000-inspection/pc1_0J8BupWVi_1.jpg!m_fill,w_280,h_210,f_jpg?from=ke.com
20240913,朝阳,甘露园,101124092367,丽景馨居高层两居室出售采光视野好近地铁,560万,55722元/平,高楼层 (共22层) 2室1厅 | 100.5平米 | 西北,https://ke-image.ljcdn.com/110000-inspection/pc1_64eJum5Df.jpg!m_fill,w_280,h_210,f_jpg?from=ke.com
20240913,朝阳,甘露园,101124080033,甘露园南里二区  东南明厨明卫  采光好 满五唯一,245万,40624元/平,顶层 (共6层) 2室1厅 | 60.31平米 | 东南,https://ke-image.ljcdn.com/110000-inspection/eb307396-ea3f-4fcb-bf82-fac190ee8a42_1000.jpg!m_fill,w_280,h_210,f_jpg?from=ke.com
20240913,朝阳,甘露园,101123982916,甘露园南里 3室1厅 东南 北房主自荐,374万,52170元/平,中楼层 (共6层) 3室1厅 | 71.69平米 | 东南 北,https://ke-image.ljcdn.com/110000-inspection/a76a64b2-ff62-464d-a07f-184c0b7d2295_1000.jpg!m_fill,w_280,h_210,f_jpg?from=ke.com
20240913,朝阳,甘露园,101123957641,康家园南北通透2居室出售明厅中间楼层近地铁,415万,60753元/平,中楼层 (共6层) 2室1厅 | 68.31平米 | 南 北,https://ke-image.ljcdn.com/110000-inspection/pc1_yMgbWWIml_1.jpg!m_fill,w_280,h_210,f_jpg?from=ke.com
20240913,朝阳,甘露园,101123955446,朝阳无限芳菁苑三居满五年唯一出售,798万,53666元/平,高楼层 (共21层) | 2004年 | 3室1厅 | 148.7平米 | 东 南,https://ke-image.ljcdn.com/110000-inspection/pc1_EvFiOKeyH.jpg!m_fill,w_280,h_210,f_jpg?from=ke.com
20240913,朝阳,甘露园,101123888356,三轨交汇（1+22+6）四环外西南两居视野无遮挡,450万,53815元/平,中楼层 (共22层) | 2001年 | 2室1厅 | 83.62平米 | 西南,https://ke-image.ljcdn.com/110000-inspection/pc1_bt6coSbQY.jpg!m_fill,w_280,h_210,f_jpg?from=ke.com
20240913,朝阳,甘露园,101123871931,青年路 高碑店 甘露晴苑 精装修 楼层一层半 便宜房主自荐,398万,47557元/平,底层 (共22层) 2室1厅 | 83.69平米 | 西南,https://ke-image.ljcdn.com/110000-inspection/88ee2543-b397-4964-9d0f-d16ad79f75c8_1000.jpg!m_fill,w_280,h_210,f_jpg?from=ke.com
20240913,朝阳,甘露园,101123762261,东向正规一居室 无遮挡 满五年唯一 采光好,350万,51343元/平,中楼层 (共18层) 1室1厅 | 68.17平米 | 东,https://ke-image.ljcdn.com/110000-inspection/56ae4e92-c7f8-4d74-bba3-8d2580d9114e_1000.jpg!m_fill,w_280,h_210,f_jpg?from=ke.com
20240913,朝阳,甘露园,101123757908,康家园小区 明厅南北一居室 满五年唯一房主自荐,235万,50800元/平,底层 (共6层) 1室1厅 | 46.26平米 | 东 南 北,https://ke-image.ljcdn.com/110000-inspection/pc1_QOJUaZSL3.jpg!m_fill,w_280,h_210,f_jpg?from=ke.com
20240913,朝阳,甘露园,101123742961,康家园小区 明厅两居室 满五年唯一房主自荐,318万,52072元/平,顶层 (共6层) | 1994年 | 2室1厅 | 61.07平米 | 西 南 北,https://ke-image.ljcdn.com/110000-inspection/6039a93d-4962-4b79-926c-c429a67cfe72_1000.jpg!m_fill,w_280,h_210,f_jpg?from=ke.com
20240913,朝阳,甘露园,101123740451,朝阳无限芳菁苑 2室1厅 东,579万,56505元/平,高楼层 (共21层) | 2003年 | 2室1厅 | 102.47平米 | 东,https://ke-image.ljcdn.com/110000-inspection/26f5a1e3-de15-4d5b-b70a-64adf070f0bf_1000.jpg!m_fill,w_280,h_210,f_jpg?from=ke.com
20240913,朝阳,甘露园,101123710945,朝阳无限芳菁苑东向高楼层二居室出售,588万,50822元/平,高楼层 (共21层) | 2003年 | 3室1厅 | 115.7平米 | 东,https://ke-image.ljcdn.com/110000-inspection/pc1_c7ZCgzbvw_1.jpg!m_fill,w_280,h_210,f_jpg?from=ke.com
20240913,朝阳,甘露园,101123710366,朝阳无限芳菁苑全南一居室满五年唯一出售,398万,55774元/平,高楼层 (共21层) | 2003年 | 1室1厅 | 71.36平米 | 南,https://ke-image.ljcdn.com/110000-inspection/5b4f1c89-27ee-4469-ba47-8942ce32ba43_1000.jpg!m_fill,w_280,h_210,f_jpg?from=ke.com
20240913,朝阳,甘露园,101123690138,东西通透明厨明卫地铁1号线带客厅,279万,38994元/平,顶层 (共6层) 2室1厅 | 71.55平米 | 东 西,https://ke-image.ljcdn.com/110000-inspection/pc1_TO9BdcCBy_2.jpg!m_fill,w_280,h_210,f_jpg?from=ke.com
20240913,朝阳,甘露园,101123634411,白领家园 满五唯一 双轨交汇 诚心出售,293万,69547元/平,中楼层 (共16层) | 2004年 | 1室1厅 | 42.13平米 | 西,https://ke-image.ljcdn.com/110000-inspection/pc1_KLNKXwLk2.jpg!m_fill,w_280,h_210,f_jpg?from=ke.com
20240913,朝阳,甘露园,101123633670,甘露园南里 2室1厅 东 西,320万,55297元/平,底层 (共6层) 2室1厅 | 57.87平米 | 东 西,https://ke-image.ljcdn.com/110000-inspection/pc1_53v9GUow7.jpg!m_fill,w_280,h_210,f_jpg?from=ke.com
20240913,朝阳,甘露园,101123596192,甘露园南里南向一居室采光好,255万,50118元/平,中楼层 (共6层) 1室1厅 | 50.88平米 | 南,https://ke-image.ljcdn.com/110000-inspection/pc1_mdrbuR1wv_1.jpg!m_fill,w_280,h_210,f_jpg?from=ke.com
20240913,朝阳,甘露园,101123589337,朝阳无限芳菁苑 南向两居室 采光好无遮挡,660万,60735元/平,顶层 (共23层) | 2004年 | 2室1厅 | 108.67平米 | 南,https://ke-image.ljcdn.com/110000-inspection/c4d44d61-8356-41b5-87f2-e8191caaf807_1000.jpg!m_fill,w_280,h_210,f_jpg?from=ke.com
20240913,朝阳,甘露园,101123585719,甘露园南里二区 电梯大两居室 满五年唯一,310万,44740元/平,顶层 (共16层) 2室1厅 | 69.29平米 | 东南 北,https://ke-image.ljcdn.com/110000-inspection/9985e61a-faef-432e-96c9-29d449d7ccad_1000.jpg!m_fill,w_280,h_210,f_jpg?from=ke.com
20240913,朝阳,甘露园,101123576157,朝阳无限芳菁苑 西向两居室采光好无遮挡,590万,57578元/平,高楼层 (共21层) | 2003年 | 2室1厅 | 102.47平米 | 西,https://ke-image.ljcdn.com/110000-inspection/pc1_ErVPQAqNg.jpg!m_fill,w_280,h_210,f_jpg?from=ke.com
20240913,朝阳,甘露园,101123575821,朝阳无限芳菁苑 2室1厅 南 北,496万,47131元/平,底层 (共21层) | 2003年 | 2室1厅 | 105.24平米 | 南 北,https://ke-image.ljcdn.com/110000-inspection/pc1_NUIalMX1S.jpg!m_fill,w_280,h_210,f_jpg?from=ke.com
20240913,朝阳,甘露园,101123574952,朝阳无限芳菁苑全南一居室满五年唯一出售,358万,50169元/平,中楼层 (共21层) | 2003年 | 1室1厅 | 71.36平米 | 南,https://ke-image.ljcdn.com/110000-inspection/0147be50-c589-45ba-b5d2-86019a7daf3b_1000.jpg!m_fill,w_280,h_210,f_jpg?from=ke.com
20240913,朝阳,甘露园,101123531131,都市经典家园南向两居 满五年唯一 户型方正 对小区,666万,64768元/平,低楼层 (共26层) | 2003年 | 2室1厅 | 102.83平米 | 西南,https://ke-image.ljcdn.com/110000-inspection/ca525470-468a-498d-94aa-7ad0cca7ca3d_1000.jpg!m_fill,w_280,h_210,f_jpg?from=ke.com
20240913,朝阳,甘露园,101123525291,地铁1号线四惠南向一居室采光充足满五年唯一,212万,49626元/平,高楼层 (共6层) | 1994年 | 1室1厅 | 42.72平米 | 南,https://ke-image.ljcdn.com/110000-inspection/f1b43d26-54a7-4832-88b2-e7038ca83361_1000.jpg!m_fill,w_280,h_210,f_jpg?from=ke.com
20240913,朝阳,甘露园,101123509396,满五年唯一电梯一居室明厨明卫,248万,52112元/平,低楼层 (共16层) 1室1厅 | 47.59平米 | 东北,https://ke-image.ljcdn.com/110000-inspection/pc1_EPUZjFpCg.jpg!m_fill,w_280,h_210,f_jpg?from=ke.com
20240913,朝阳,甘露园,101123484952,朝阳无限芳菁苑满五年唯一  采光好,528万,50172元/平,中楼层 (共21层) | 2003年 | 2室1厅 | 105.24平米 | 南 北,https://ke-image.ljcdn.com/110000-inspection/pc1_EntfUy2dd.jpg!m_fill,w_280,h_210,f_jpg?from=ke.com
20240913,朝阳,甘露园,101123482464,朝阳无限芳菁苑满五年唯一户型好,300万,50387元/平,低楼层 (共21层) | 2003年 | 1室1厅 | 59.54平米 | 北,https://ke-image.ljcdn.com/110000-inspection/pc1_gvoocQ917_1.jpg!m_fill,w_280,h_210,f_jpg?from=ke.com
20240913,朝阳,甘露园,101123407953,甘露园 南北通透三居室 高楼层 视野开阔,562万,49187元/平,顶层 (共22层) | 2001年 | 3室2厅 | 114.26平米 | 南 北,https://ke-image.ljcdn.com/110000-inspection/pc1_oi2QMXy4V_1.jpg!m_fill,w_280,h_210,f_jpg?from=ke.com
20240913,朝阳,甘露园,101123403318,白领家园高层开间出售中间单元视野采光棒,300万,71209元/平,顶层 (共16层) | 2004年 | 1室0厅 | 42.13平米 | 西,https://ke-image.ljcdn.com/110000-inspection/pc1_fGk2r77kb.jpg!m_fill,w_280,h_210,f_jpg?from=ke.com
20240913,朝阳,甘露园,101123391831,康家园 3室1厅 南 北,405万,49694元/平,高楼层 (共6层) 3室1厅 | 81.5平米 | 南 北,https://ke-image.ljcdn.com/110000-inspection/pc1_7SvyfwnRP.jpg!m_fill,w_280,h_210,f_jpg?from=ke.com
20240913,朝阳,甘露园,101123375738,甘露园南里二区 南向两居室 视野好 无遮挡房主自荐,510万,56781元/平,顶层 (共18层) | 2002年 | 2室1厅 | 89.82平米 | 南,https://ke-image.ljcdn.com/110000-inspection/pc1_GChfzfqqV_2.jpg!m_fill,w_280,h_210,f_jpg?from=ke.com
20240913,朝阳,甘露园,101123350568,甘露园二区精装一居全明格局大客厅南北双地铁,256万,54341元/平,中楼层 (共16层) 1室1厅 | 47.11平米 | 东北,https://ke-image.ljcdn.com/110000-inspection/pc1_EIK8SZEyb.jpg!m_fill,w_280,h_210,f_jpg?from=ke.com
20240913,朝阳,甘露园,101123219229,甘露园南里 南北精装修 首套首付90万,298万,50638元/平,高楼层 (共6层) 2室1厅 | 58.85平米 | 南 北,https://ke-image.ljcdn.com/110000-inspection/16b73209-9d3c-4cbf-aa1c-4d364cbfe1f5_1000.jpg!m_fill,w_280,h_210,f_jpg?from=ke.com
20240913,朝阳,甘露园,101123211638,南北通透三居室楼层好满五年唯一采光充足。房主自荐,475万,55771元/平,低楼层 (共6层) 3室1厅 | 85.17平米 | 南 北,https://ke-image.ljcdn.com/110000-inspection/3749fbec-67c6-4841-8697-b801db477d2b_1000.jpg!m_fill,w_280,h_210,f_jpg?from=ke.com
20240913,朝阳,甘露园,101123193087,国际创展中心  视野开阔 无遮挡,400万,28601元/平,中楼层 (共32层) 1室1厅 | 139.86平米 | 西,https://ke-image.ljcdn.com/110000-inspection/8de0340a-f16b-4e3d-96ba-981ca848dd4b_1000.jpg!m_fill,w_280,h_210,f_jpg?from=ke.com
20240913,朝阳,甘露园,101123155319,满五年商品房楼道干净整洁视野开阔交通便捷,560万,57015元/平,底层 (共18层) 2室1厅 | 98.22平米 | 南 北,https://ke-image.ljcdn.com/110000-inspection/pc1_7N3EoEJ30.jpg!m_fill,w_280,h_210,f_jpg?from=ke.com
20240913,朝阳,甘露园,101123118553,朝青版块 南北双卫两居 落地飘窗 视野无遮挡,590万,48452元/平,中楼层 (共15层) 2室1厅 | 121.77平米 | 南 北,https://ke-image.ljcdn.com/110000-inspection/5432c05c-4daa-4c0b-a71d-ed8e355fe206_1000.jpg!m_fill,w_280,h_210,f_jpg?from=ke.com
20240913,朝阳,甘露园,101123046418,甘露家园南北三居室户型方正满五年唯一,349万,50419元/平,高楼层 (共6层) | 1995年 | 3室1厅 | 69.22平米 | 南 北,https://ke-image.ljcdn.com/110000-inspection/pc1_9do50eGiL_1.jpg!m_fill,w_280,h_210,f_jpg?from=ke.com
20240913,朝阳,甘露园,101123029139,天天朝阳 南北大两居 无遮挡 采光充足,610万,50095元/平,高楼层 (共15层) 2室1厅 | 121.77平米 | 南 北,https://ke-image.ljcdn.com/110000-inspection/35405aea-7643-4a16-8b3c-b32cde508d24_1000.jpg!m_fill,w_280,h_210,f_jpg?from=ke.com
20240913,朝阳,甘露园,101123029117,天天朝阳 正规东向一居 高楼层 无遮挡,299万,49340元/平,高楼层 (共16层) 1室1厅 | 60.6平米 | 东,https://ke-image.ljcdn.com/110000-inspection/pc1_u0jVTMrmm_1.jpg!m_fill,w_280,h_210,f_jpg?from=ke.com
20240913,朝阳,甘露园,101123001266,康家园 大客厅 钢混1997年 四惠东 满五唯一 诚意出售,290万,46275元/平,底层 (共7层) | 1997年 | 1室1厅 | 62.67平米 | 西南,https://ke-image.ljcdn.com/110000-inspection/292d6ccb-cfbc-49da-b455-9b543ebb3b69_1000.jpg!m_fill,w_280,h_210,f_jpg?from=ke.com
20240913,朝阳,甘露园,101122874248,甘露园南里 带地下室  精装修 两居室,310万,48935元/平,底层 (共6层) | 1993年 | 2室1厅 | 63.35平米 | 东 西,https://ke-image.ljcdn.com/110000-inspection/60f0c6fa-33e1-4a33-b591-2a80339da400_1000.jpg!m_fill,w_280,h_210,f_jpg?from=ke.com
20240913,朝阳,甘露园,101122860615,甘露园 中层南向一居室 满五一套成熟,247万,59821元/平,中楼层 (共6层) 1室1厅 | 41.29平米 | 南,https://ke-image.ljcdn.com/110000-inspection/b7e34224-5315-496f-ab3e-1bf684931e06_1000.jpg!m_fill,w_280,h_210,f_jpg?from=ke.com
20240913,朝阳,甘露园,101122813378,朝阳无限芳菁苑 南北通透三居室 前后花园,765万,54267元/平,低楼层 (共14层) | 2003年 | 3室2厅 | 140.97平米 | 南 北,https://ke-image.ljcdn.com/110000-inspection/pc1_EfD89DuMx_2.jpg!m_fill,w_280,h_210,f_jpg?from=ke.com
20240913,朝阳,甘露园,101122721061,满五唯一 05年商品房社区 地下停车 业主着急出售,239万,62697元/平,高楼层 (共16层) | 2005年 | 1室0厅 | 38.12平米 | 西,https://ke-image.ljcdn.com/110000-inspection/pc1_VNbhUoXrF_2.jpg!m_fill,w_280,h_210,f_jpg?from=ke.com
20240913,朝阳,甘露园,101122586420,好房 满五唯一 随时签约 随时看房,278万,45830元/平,顶层 (共6层) | 1990年 | 2室1厅 | 60.66平米 | 南 北,https://ke-image.ljcdn.com/110000-inspection/3d79092c-f9c7-4018-b336-98e5d2ea1ada_1000.jpg!m_fill,w_280,h_210,f_jpg?from=ke.com
20240913,朝阳,甘露园,101122570288,甘露家园满5年的商品房南北通透的2居,299万,55167元/平,中楼层 (共6层) | 1981年 | 2室1厅 | 54.2平米 | 南 北,https://ke-image.ljcdn.com/110000-inspection/pc1_FTvrUh3WK.jpg!m_fill,w_280,h_210,f_jpg?from=ke.com
20240913,朝阳,甘露园,101122568510,甘露家园满五年唯一的好房高楼层视野开阔,333万,61873元/平,高楼层 (共16层) 2室1厅 | 53.82平米 | 西,https://ke-image.ljcdn.com/110000-inspection/fdc6b7fb-9cd3-4bad-b226-d122bcc03bca_1000.jpg!m_fill,w_280,h_210,f_jpg?from=ke.com
20240913,朝阳,甘露园,101122567825,甘露家园 满五年唯一 2层 西南朝向房主自荐,240万,44702元/平,低楼层 (共6层) | 1981年 | 2室1厅 | 53.69平米 | 南,https://ke-image.ljcdn.com/110000-inspection/43d0cd3e-9852-483d-80b4-effceb6098f8_1000.jpg!m_fill,w_280,h_210,f_jpg?from=ke.com
20240913,朝阳,甘露园,101122554181,甘露家园满五唯一高层无挡配套齐全交通便利,295万,54429元/平,高楼层 (共6层) | 1981年 | 2室1厅 | 54.2平米 | 南 北,https://ke-image.ljcdn.com/110000-inspection/pc1_428y0XnGM_1.jpg!m_fill,w_280,h_210,f_jpg?from=ke.com
20240913,朝阳,甘露园,101122551621,朝阳无限芳菁苑满五唯一正规一居出售,270万,55351元/平,低楼层 (共14层) | 2004年 | 1室1厅 | 48.78平米 | 东,https://ke-image.ljcdn.com/110000-inspection/pc1_7xuhKjkWm.jpg!m_fill,w_280,h_210,f_jpg?from=ke.com
20240913,朝阳,甘露园,101122515865,四惠东甘露园电梯大两居无遮挡采光好满五年唯一,507万,52507元/平,高楼层 (共20层) 2室1厅 | 96.56平米 | 西南,https://ke-image.ljcdn.com/110000-inspection/pc1_p6wIJBWyO.jpg!m_fill,w_280,h_210,f_jpg?from=ke.com
20240913,朝阳,甘露园,101122488644,康家园 电梯房 满五唯一南北向全明格局近地铁,420万,45230元/平,低楼层 (共18层) 2室1厅 | 92.86平米 | 南 西,https://ke-image.ljcdn.com/110000-inspection/2dcd35c7-b18c-479c-836c-caa5f82cae20_1000.jpg!m_fill,w_280,h_210,f_jpg?from=ke.com
20240913,朝阳,甘露园,101122458027,朝阳无限芳菁苑一层全南向大2居满五年唯一的商品房,675万,50684元/平,底层 (共21层) | 2003年 | 3室2厅 | 133.18平米 | 南,https://ke-image.ljcdn.com/110000-inspection/pc1_18rs7euYr.jpg!m_fill,w_280,h_210,f_jpg?from=ke.com
20240913,朝阳,甘露园,101122390013,朝阳无限芳菁苑房子满五年唯一中间楼层双卫生间,599万,51153元/平,低楼层 (共21层) | 2003年 | 2室1厅 | 117.1平米 | 西,https://ke-image.ljcdn.com/110000-inspection/pc1_SI2yx3CiE_2.jpg!m_fill,w_280,h_210,f_jpg?from=ke.com
20240913,朝阳,甘露园,101122370329,甘露园南里一区 南北通透两居室采光充足,285万,49687元/平,高楼层 (共6层) 2室1厅 | 57.36平米 | 北 南,https://ke-image.ljcdn.com/110000-inspection/b0f5f065-bfaf-4bd3-befc-cabac9c88672_1000.jpg!m_fill,w_280,h_210,f_jpg?from=ke.com
20240913,朝阳,甘露园,101122365806,此房中高楼层视野好 无遮挡 格局方正,375万,58430元/平,高楼层 (共16层) | 1997年 | 2室1厅 | 64.18平米 | 东,https://ke-image.ljcdn.com/110000-inspection/pc1_iMPiFYAHg.jpg!m_fill,w_280,h_210,f_jpg?from=ke.com
20240913,朝阳,甘露园,101122327175,甘露园南里二区  1+6双地铁 满五唯一 直观大广场,290万,49497元/平,高楼层 (共6层) 2室1厅 | 58.59平米 | 东南 西,https://ke-image.ljcdn.com/110000-inspection/2300f408-76cf-4948-b9ad-45f03133f591_1000.jpg!m_fill,w_280,h_210,f_jpg?from=ke.com
20240913,朝阳,甘露园,101122326494,电梯 两居室 朝南 无遮挡高层 采光充足,389万,61512元/平,中楼层 (共16层) | 1995年 | 2室1厅 | 63.24平米 | 南 北,https://ke-image.ljcdn.com/110000-inspection/26f67cfc-bc17-4995-82c8-3fcb99566962_1000.jpg!m_fill,w_280,h_210,f_jpg?from=ke.com
20240913,朝阳,甘露园,101122321793,楼层好采光充足视野开阔无遮挡电梯房,399万,62540元/平,中楼层 (共16层) 2室1厅 | 63.8平米 | 南 北,https://ke-image.ljcdn.com/110000-inspection/69497d4c-be3e-4730-b316-3f12adaed32d_1000.jpg!m_fill,w_280,h_210,f_jpg?from=ke.com
20240913,朝阳,甘露园,101122319677,甘露园南里二区南北通秀三居室 视野好 无遮挡,568万,65529元/平,低楼层 (共6层) 3室1厅 | 86.68平米 | 南 北,https://ke-image.ljcdn.com/110000-inspection/pc1_mrU92hhVL.jpg!m_fill,w_280,h_210,f_jpg?from=ke.com
20240913,朝阳,甘露园,101122318119,青年路甘露园正南电梯两居6+22号地铁满五唯一,369万,59107元/平,中楼层 (共16层) | 1994年 | 2室1厅 | 62.43平米 | 南 北,https://ke-image.ljcdn.com/110000-inspection/pc1_BaDeopmg6.jpg!m_fill,w_280,h_210,f_jpg?from=ke.com
20240913,朝阳,甘露园,101122074407,南向无遮挡 户型方正 不临街 采光好,369万,58350元/平,低楼层 (共16层) | 1995年 | 2室1厅 | 63.24平米 | 南 北,https://ke-image.ljcdn.com/110000-inspection/a46fe67b-9807-43fc-96b7-3ae878b9d357_1000.jpg!m_fill,w_280,h_210,f_jpg?from=ke.com
20240913,朝阳,甘露园,101122039386,甘露园南里一区 视野无遮挡 精装修,258万,57822元/平,高楼层 (共6层) 1室1厅 | 44.62平米 | 东 西,https://ke-image.ljcdn.com/110000-inspection/pc1_jeKsXkrOI.jpg!m_fill,w_280,h_210,f_jpg?from=ke.com
20240913,朝阳,甘露园,101121800154,朝阳无限芳菁苑 户型方正 正对花园 带落地大阳台,690万,67727元/平,中楼层 (共14层) 2室1厅 | 101.88平米 | 西南,https://ke-image.ljcdn.com/110000-inspection/c843094d-2dc2-4921-b58c-d5482a9ccc81_1000.jpg!m_fill,w_280,h_210,f_jpg?from=ke.com
20240913,朝阳,甘露园,101121757461,甘露园精装三居全明格局费用低等同满五唯一房主自荐,415万,51077元/平,高楼层 (共6层) 3室1厅 | 81.25平米 | 南 西 东,https://ke-image.ljcdn.com/110000-inspection/54703e20-ca59-40bc-83cd-29a617ea188d_1000.jpg!m_fill,w_280,h_210,f_jpg?from=ke.com
20240913,朝阳,甘露园,101121736939,四惠东地铁两居室01年房龄、大客厅无遮挡靠谱出售,496万,51959元/平,低楼层 (共18层) 2室1厅 | 95.46平米 | 西南,https://ke-image.ljcdn.com/110000-inspection/8118731e-2ee6-4c1e-a2bf-a21d34945bb1_1000.jpg!m_fill,w_280,h_210,f_jpg?from=ke.com
20240913,朝阳,甘露园,101121517200,甘露园南里 正向南北带电梯 大客厅 两居室,418万,66203元/平,中楼层 (共16层) 2室1厅 | 63.14平米 | 南 北,https://ke-image.ljcdn.com/110000-inspection/474d9199-6ff8-4a37-bc58-228ef0f48204_1000.jpg!m_fill,w_280,h_210,f_jpg?from=ke.com
20240913,朝阳,甘露园,101121063191,天天朝阳 2005年商品房社区 南北通透大两居,572万,46974元/平,低楼层 (共15层) 2室1厅 | 121.77平米 | 南 北,https://ke-image.ljcdn.com/110000-inspection/pc1_QM1621fcM.jpg!m_fill,w_280,h_210,f_jpg?from=ke.com
20240913,朝阳,甘露园,101120944483,满五年 南北通透中间楼层户型方正无浪费面积,385万,61463元/平,中楼层 (共6层) 2室1厅 | 62.64平米 | 南 北,https://ke-image.ljcdn.com/110000-inspection/pc1_7uGiDICpX.jpg!m_fill,w_280,h_210,f_jpg?from=ke.com
20240913,朝阳,甘露园,101120530092,康家园小区 精装修 满五年唯一 看房有钥匙房主自荐,402万,65762元/平,底层 (共6层) | 1994年 | 2室1厅 | 61.13平米 | 南 北,https://ke-image.ljcdn.com/110000-inspection/pc1_60SAOsRr0.jpg!m_fill,w_280,h_210,f_jpg?from=ke.com
20240913,朝阳,甘露园,101120183574,天天朝阳 05年商品房 精装修 落地阳台对花园,235万,61422元/平,中楼层 (共16层) | 2005年 | 1室0厅 | 38.26平米 | 东,https://ke-image.ljcdn.com/110000-inspection/pc1_j5kGZVdGJ_2.jpg!m_fill,w_280,h_210,f_jpg?from=ke.com
20240913,朝阳,甘露园,101119839638,甘露园南里二区精装修一居室诚意出售,210万,49622元/平,顶层 (共6层) | 1994年 | 1室1厅 | 42.32平米 | 西南,https://ke-image.ljcdn.com/110000-inspection/465b3d17-7705-4975-8b22-2322c9f36016_1000.jpg!m_fill,w_280,h_210,f_jpg?from=ke.com
20240913,朝阳,甘露园,101119381724,户型方正两个阳台 距离小区门口是地铁甘露园站 商品房,500万,55519元/平,中楼层 (共22层) 2室1厅 | 90.06平米 | 西 北,https://ke-image.ljcdn.com/110000-inspection/116d8429-25f0-4561-adb9-f0ed879c0378_1000.jpg!m_fill,w_280,h_210,f_jpg?from=ke.com
20240913,朝阳,甘露园,101114840886,朝阳园三期70年产权写字楼可以注册,325万,39606元/平,中楼层 (共32层) | 2005年 | 1室1厅 | 82.06平米 | 南,https://ke-image.ljcdn.com/110000-inspection/pc1_w3lV60RSt.jpg!m_fill,w_280,h_210,f_jpg?from=ke.com
20240913,朝阳,甘露园,101126565959,高碑店 三轨地铁6+22+1号线 1梯两户诚意满满,700万,63770元/平,中楼层 (共16层) 2室1厅 | 109.77平米 | 南 北,https://s1.ljcdn.com/pegasus/redskull/images/common/default_house_list.png?_v=20240826145726
20240913,朝阳,甘露园,101126539354,甘露园南里 2室1厅 西南,550万,49644元/平,高楼层 (共22层) | 2001年 | 2室1厅 | 110.79平米 | 西南,https://s1.ljcdn.com/pegasus/redskull/images/common/default_house_list.png?_v=20240826145726
20240913,朝阳,甘露园,101126396525,甘露园南里二区 中间层两居室 出行便捷 能贷30年,280万,48385元/平,中楼层 (共6层) | 1994年 | 2室1厅 | 57.87平米 | 东 西,https://s1.ljcdn.com/pegasus/redskull/images/common/default_house_list.png?_v=20240826145726
20240913,朝阳,甘露园,101126277336,康家园 中间层 满五唯一商品房,285万,49360元/平,中楼层 (共5层) | 1991年 | 2室1厅 | 57.74平米 | 南 北,https://s1.ljcdn.com/pegasus/redskull/images/common/default_house_list.png?_v=20240826145726
20240913,朝阳,甘露园,101126116468,朝阳无限芳菁苑 2室1厅 南,610万,55259元/平,低楼层 (共21层) | 2004年 | 2室1厅 | 110.39平米 | 南,https://s1.ljcdn.com/pegasus/redskull/images/common/default_house_list.png?_v=20240826145726
20240913,朝阳,甘露园,101126100168,甘露园南里二区  满五唯一全明格局电梯房。,256万,53998元/平,中楼层 (共16层) 1室1厅 | 47.41平米 | 东北,https://s1.ljcdn.com/pegasus/redskull/images/common/default_house_list.png?_v=20240826145726
20240913,朝阳,甘露园,101125984308,甘露晴苑 1室1厅 西,345万,51210元/平,高楼层 (共22层) | 2001年 | 1室1厅 | 67.37平米 | 西,https://s1.ljcdn.com/pegasus/redskull/images/common/default_house_list.png?_v=20240826145726
20240913,朝阳,甘露园,101125947513,甘露园南里一区  南北通透两居室   高楼层,305万,53707元/平,高楼层 (共6层) 2室1厅 | 56.79平米 | 南 北,https://s1.ljcdn.com/pegasus/redskull/images/common/default_house_list.png?_v=20240826145726
20240913,朝阳,甘露园,101125624703,甘露家园高层全南阳光两居满五年唯一诚意出售,215万,39113元/平,顶层 (共5层) 2室1厅 | 54.97平米 | 南,https://s1.ljcdn.com/pegasus/redskull/images/common/default_house_list.png?_v=20240826145726
20240913,朝阳,甘露园,101125340148,朝阳无限芳菁苑房满五年唯一低楼层无遮挡,550万,50603元/平,低楼层 (共23层) | 2004年 | 2室1厅 | 108.69平米 | 东 南,https://s1.ljcdn.com/pegasus/redskull/images/common/default_house_list.png?_v=20240826145726
20240913,朝阳,甘露园,101124496971,朝阳无限芳菁苑  光线充足 大两居室,550万,50603元/平,低楼层 (共23层) | 2004年 | 2室1厅 | 108.69平米 | 南 西,https://s1.ljcdn.com/pegasus/redskull/images/common/default_house_list.png?_v=20240826145726
