20240913,海淀,西二旗,101126315226,西二旗铭科苑 满五年唯一商品房 南北通透必看好房,365万,55304元/平,高楼层 (共6层) 2室1厅 | 66平米 | 南 北,https://ke-image.ljcdn.com/110000-inspection/pc1_l6lu8Ne5j_1.jpg!m_fill,w_280,h_210,f_jpg?from=ke.com
20240913,海淀,西二旗,101126174624,西二旗智学苑 精装修两居室 南北通透 随时可看必看好房,488万,72083元/平,低楼层 (共6层) 2室1厅 | 67.7平米 | 南 北,https://ke-image.ljcdn.com/110000-inspection/1e622d24-bc59-4634-b921-c61824bb3bbb_1000.jpg!m_fill,w_280,h_210,f_jpg?from=ke.com
20240913,海淀,西二旗,101126171156,铭科苑东向电梯两居  不临街 视野好 位置佳必看好房,495万,57359元/平,中楼层 (共18层) | 1999年 | 2室1厅 | 86.3平米 | 东,https://ke-image.ljcdn.com/110000-inspection/559ab628-e4fb-40f1-9974-1e2cbe37a06a_1000.jpg!m_fill,w_280,h_210,f_jpg?from=ke.com
20240913,海淀,西二旗,101126151574,铭科苑中间层三居室位置好 业主诚意出售 看房方便必看好房,489万,49595元/平,中楼层 (共6层) | 1997年 | 3室1厅 | 98.6平米 | 东 西 北,https://ke-image.ljcdn.com/110000-inspection/pc1_QlR70zc2m_1.jpg!m_fill,w_280,h_210,f_jpg?from=ke.com
20240913,海淀,西二旗,101126074931,智学苑东南向两居室  精装修 满五年唯一必看好房,529万,53295元/平,低楼层 (共24层) | 2001年 | 2室1厅 | 99.26平米 | 东南,https://ke-image.ljcdn.com/110000-inspection/d8ff947b-4816-4dd3-9c0a-fae413f1f9f2_1000.jpg!m_fill,w_280,h_210,f_jpg?from=ke.com
20240913,海淀,西二旗,101126013064,西二旗铭科苑 东西向两居室 格局好 不临街业主诚售必看好房,379万,57165元/平,高楼层 (共6层) 2室1厅 | 66.3平米 | 东 西,https://ke-image.ljcdn.com/110000-inspection/b8adebc6-1cbe-4492-96aa-38037e77282f_1000.jpg!m_fill,w_280,h_210,f_jpg?from=ke.com
20240913,海淀,西二旗,101125876682,小区中间位置     电梯三居    60万精装修必看好房,1019万,83015元/平,高楼层 (共8层) 3室2厅 | 122.75平米 | 南 北,https://ke-image.ljcdn.com/110000-inspection/75125e55-74a0-4c53-b9ca-9a7ddf474f05_1000.jpg!m_fill,w_280,h_210,f_jpg?from=ke.com
20240913,海淀,西二旗,101125727201,领秀硅谷不临街位置安静中间楼层全明户型大两居必看好房,760万,72223元/平,中楼层 (共6层) 2室2厅 | 105.23平米 | 南 北,https://ke-image.ljcdn.com/110000-inspection/f2e80e4f-c7f4-44cb-9246-48e8e15c6f7e_1000.jpg!m_fill,w_280,h_210,f_jpg?from=ke.com
20240913,海淀,西二旗,101125514139,西二旗铭科苑低楼层精装修两居室诚意出售必看好房,397万,60611元/平,底层 (共6层) | 1997年 | 2室1厅 | 65.5平米 | 东 西,https://ke-image.ljcdn.com/110000-inspection/pc1_ncNc3EujK_1.jpg!m_fill,w_280,h_210,f_jpg?from=ke.com
20240913,海淀,西二旗,101125075636,海淀区铭科苑优质房源业主靠谱出售、价格可谈,330万,50000元/平,顶层 (共6层) 2室1厅 | 66平米 | 南 北,https://ke-image.ljcdn.com/110000-inspection/e6b8434d-4ccb-4292-a801-ff21b02d3822_1000.jpg!m_fill,w_280,h_210,f_jpg?from=ke.com
20240913,海淀,西二旗,101123441391,智学苑三居室 商品房 户型方正,505万,50652元/平,顶层 (共6层) 3室1厅 | 99.7平米 | 东 西,https://ke-image.ljcdn.com/110000-inspection/pc1_umPe7OGp8.jpg!m_fill,w_280,h_210,f_jpg?from=ke.com
20240913,海淀,西二旗,101126184770,洋房大三居满五唯一 位置安静 中间楼层 看房方便必看好房,1050万,69926元/平,中楼层 (共4层) 3室2厅 | 150.16平米 | 南 北,https://ke-image.ljcdn.com/110000-inspection/pc1_ADsgwcLPX.jpg!m_fill,w_280,h_210,f_jpg?from=ke.com
20240913,海淀,西二旗,101124795491,智学苑 满五年唯一 东南朝向 不临街 诚意出售必看好房,515万,51884元/平,低楼层 (共24层) | 2001年 | 2室1厅 | 99.26平米 | 东南,https://ke-image.ljcdn.com/110000-inspection/pc1_8UPfMIOI3.jpg!m_fill,w_280,h_210,f_jpg?from=ke.com
20240913,海淀,西二旗,101123374942,领秀新硅谷1号院  新上迷你墅 诚意出售必看好房,779万,89172元/平,中楼层 (共6层) | 2010年 | 3室1厅 | 87.36平米 | 南 北,https://ke-image.ljcdn.com/110000-inspection/pc1_CJJRCzLFf.jpg!m_fill,w_280,h_210,f_jpg?from=ke.com
20240913,海淀,西二旗,101120644866,总监力荐：博雅德园 南北通透 急售  满五年唯一必看好房,668万,70703元/平,底层 (共10层) | 2005年 | 2室1厅 | 94.48平米 | 南 北,https://ke-image.ljcdn.com/110000-inspection/cfad97ac-d8b4-4904-a3ac-e6392445372f_1000.jpg!m_fill,w_280,h_210,f_jpg?from=ke.com
20240913,海淀,西二旗,101126500017,领秀硅谷 3室2厅 南 北新上,1200万,97601元/平,低楼层 (共8层) 3室2厅 | 122.95平米 | 南 北,https://ke-image.ljcdn.com/110000-inspection/c01122a3-ef50-4aad-af0b-e5bd53491715_1000.jpg!m_fill,w_280,h_210,f_jpg?from=ke.com
20240913,海淀,西二旗,101126393413,领秀新硅谷板楼两居 次顶层采光视野好 落地窗带阳台新上,950万,87526元/平,高楼层 (共15层) 2室1厅 | 108.54平米 | 南,https://ke-image.ljcdn.com/110000-inspection/598fffb2-f277-45f0-b83c-8157baa5cfdf_1000.jpg!m_fill,w_280,h_210,f_jpg?from=ke.com
20240913,海淀,西二旗,101126334679,西二旗智学苑 满五唯一 精装修,450万,65341元/平,中楼层 (共24层) 1室1厅 | 68.87平米 | 东,https://ke-image.ljcdn.com/110000-inspection/pc1_wvaQl6SnP_1.jpg!m_fill,w_280,h_210,f_jpg?from=ke.com
20240913,海淀,西二旗,101126316611,精装两居室次顶层采光好位置安静不临街随时可看,385万,58070元/平,高楼层 (共6层) 2室1厅 | 66.3平米 | 东 西,https://ke-image.ljcdn.com/110000-inspection/073ac060-f247-4690-9839-14c0c4ba9780_1000.jpg!m_fill,w_280,h_210,f_jpg?from=ke.com
20240913,海淀,西二旗,101126284129,智学苑电梯两居    满五唯一   商品房房主自荐,536万,54000元/平,低楼层 (共24层) | 2001年 | 2室1厅 | 99.26平米 | 东南,https://ke-image.ljcdn.com/110000-inspection/pc1_QnkVjl79a_1.jpg!m_fill,w_280,h_210,f_jpg?from=ke.com
20240913,海淀,西二旗,101126194459,铭科苑 1室1厅 南 北,320万,60492元/平,低楼层 (共6层) | 1998年 | 1室1厅 | 52.9平米 | 南 北,https://ke-image.ljcdn.com/110000-inspection/pc1_U5jVT0IXs_1.jpg!m_fill,w_280,h_210,f_jpg?from=ke.com
20240913,海淀,西二旗,101126189368,领秀新硅谷2号院 花园洋房 不临街 总高5层带电梯房主自荐,1050万,85339元/平,底层 (共5层) 2室2厅 | 123.04平米 | 南 北,https://ke-image.ljcdn.com/110000-inspection/363be1b7-335a-4198-9020-438de946bce7_1000.jpg!m_fill,w_280,h_210,f_jpg?from=ke.com
20240913,海淀,西二旗,101126146425,铭科苑 2室1厅 东 西,430万,61254元/平,底层 (共6层) | 1997年 | 2室1厅 | 70.2平米 | 东 西,https://ke-image.ljcdn.com/110000-inspection/1e84a20d-a28a-4d41-8797-42e85b901a6d_1000.jpg!m_fill,w_280,h_210,f_jpg?from=ke.com
20240913,海淀,西二旗,101126112102,铭科苑 满五年唯一精装修 业主诚心出售 价格可谈,610万,75337元/平,中楼层 (共18层) | 1999年 | 2室1厅 | 80.97平米 | 南,https://ke-image.ljcdn.com/110000-inspection/40542a0f-7e08-4e85-9442-076f3a1bcddf_1000.jpg!m_fill,w_280,h_210,f_jpg?from=ke.com
20240913,海淀,西二旗,101126109398,铭科苑 2室1厅 南 北,435万,66924元/平,顶层 (共6层) 2室1厅 | 65平米 | 南 北,https://ke-image.ljcdn.com/110000-inspection/7317ebcc-4975-4283-b621-f3ea2a64f078_1000.jpg!m_fill,w_280,h_210,f_jpg?from=ke.com
20240913,海淀,西二旗,101126101527,领秀新硅谷1号院   南向一居   高楼层,555万,83434元/平,高楼层 (共11层) | 2011年 | 1室1厅 | 66.52平米 | 南,https://ke-image.ljcdn.com/110000-inspection/pc1_sDrxdkJUP.jpg!m_fill,w_280,h_210,f_jpg?from=ke.com
20240913,海淀,西二旗,101126052049,西二旗智学苑南向三居室 高层采光视野好 满五唯一,650万,55646元/平,高楼层 (共24层) | 2001年 | 3室1厅 | 116.81平米 | 南,https://ke-image.ljcdn.com/110000-inspection/pc1_1FTtvc8sO.jpg!m_fill,w_280,h_210,f_jpg?from=ke.com
20240913,海淀,西二旗,101125961780,领秀新硅谷B区中间位置洋房三层三居,1500万,98117元/平,中楼层 (共6层) 3室2厅 | 152.88平米 | 南 北,https://ke-image.ljcdn.com/110000-inspection/pc1_JYVLi3ANo.jpg!m_fill,w_280,h_210,f_jpg?from=ke.com
20240913,海淀,西二旗,101125867554,西二旗 铭科苑 中间楼层 南北通透两居室,415万,64352元/平,中楼层 (共6层) 2室1厅 | 64.49平米 | 南 北,https://ke-image.ljcdn.com/110000-inspection/fc344741-18e5-4ddf-8a40-85ff1b620664_1000.jpg!m_fill,w_280,h_210,f_jpg?from=ke.com
20240913,海淀,西二旗,101125727575,铭科苑全南电梯大两居 楼层好 无遮挡,575万,62460元/平,中楼层 (共18层) 2室1厅 | 92.06平米 | 南,https://ke-image.ljcdn.com/110000-inspection/8c6b1843-5fed-4b0b-91b1-1327a2510250_1000.jpg!m_fill,w_280,h_210,f_jpg?from=ke.com
20240913,海淀,西二旗,101125722886,西二旗智学苑 南北通透两居室 业主诚售,510万,73860元/平,底层 (共6层) 2室1厅 | 69.05平米 | 南 北,https://ke-image.ljcdn.com/110000-inspection/pc1_QKlYU1905.jpg!m_fill,w_280,h_210,f_jpg?from=ke.com
20240913,海淀,西二旗,101125624771,领秀新硅谷2号院满五唯一户型好,1010万,93476元/平,低楼层 (共15层) | 2008年 | 2室1厅 | 108.05平米 | 南,https://ke-image.ljcdn.com/110000-inspection/551e176c-23da-431b-a737-55817af93ccd_1000.jpg!m_fill,w_280,h_210,f_jpg?from=ke.com
20240913,海淀,西二旗,101125577222,采光好视野棒婚房装修客厅落地阳台房主自荐,568万,85388元/平,顶层 (共11层) | 2011年 | 1室2厅 | 66.52平米 | 南,https://ke-image.ljcdn.com/110000-inspection/0f19e388-c47c-4f29-9948-66447f838e02_1000.jpg!m_fill,w_280,h_210,f_jpg?from=ke.com
20240913,海淀,西二旗,101125572902,西二旗智学苑 电梯三居室 视野开阔 诚意出售房主自荐,625万,52136元/平,高楼层 (共24层) | 2001年 | 3室2厅 | 119.88平米 | 西北,https://ke-image.ljcdn.com/110000-inspection/pc1_UoxyVfhEy.jpg!m_fill,w_280,h_210,f_jpg?from=ke.com
20240913,海淀,西二旗,101125453743,南向两居室 客厅落地阳台  位置好 视野棒,728万,83286元/平,中楼层 (共15层) | 2008年 | 2室1厅 | 87.41平米 | 南,https://ke-image.ljcdn.com/110000-inspection/pc1_apz7oI06H_1.jpg!m_fill,w_280,h_210,f_jpg?from=ke.com
20240913,海淀,西二旗,101125451548,领秀新硅谷1号院  电梯洋房,1110万,99731元/平,顶层 (共5层) | 2010年 | 4室2厅 | 111.3平米 | 南 北,https://ke-image.ljcdn.com/110000-inspection/aa47ef3e-88a4-496d-a07b-9b296d2ff298_1000.jpg!m_fill,w_280,h_210,f_jpg?from=ke.com
20240913,海淀,西二旗,101125422639,领秀新硅谷C区正规朝南一居户型方正看房方便,580万,87192元/平,中楼层 (共11层) | 2011年 | 1室2厅 | 66.52平米 | 南,https://ke-image.ljcdn.com/110000-inspection/c37a81f1-7c1a-444c-b6bc-ac9de923a659_1000.jpg!m_fill,w_280,h_210,f_jpg?from=ke.com
20240913,海淀,西二旗,101125411204,铭科苑急售电梯两居满五唯一看房方便,499万,57822元/平,中楼层 (共18层) | 1999年 | 2室1厅 | 86.3平米 | 南 西,https://ke-image.ljcdn.com/110000-inspection/pc1_UZSZqyt2N_1.jpg!m_fill,w_280,h_210,f_jpg?from=ke.com
20240913,海淀,西二旗,101125406667,领秀新硅谷2号院  小区中间位置 高楼层 视野好,1145万,91461元/平,中楼层 (共15层) | 2008年 | 2室1厅 | 125.19平米 | 南 北,https://ke-image.ljcdn.com/110000-inspection/pc1_JGKEs3Vw7.jpg!m_fill,w_280,h_210,f_jpg?from=ke.com
20240913,海淀,西二旗,101125378988,西二旗铭科苑小区  全南向两居室,608万,66044元/平,高楼层 (共18层) 2室1厅 | 92.06平米 | 南,https://ke-image.ljcdn.com/110000-inspection/pc1_4ve9Tkd6b_1.jpg!m_fill,w_280,h_210,f_jpg?from=ke.com
20240913,海淀,西二旗,101125367281,领秀新硅谷1号院正规南向一居户型方正满五唯一,540万,81179元/平,低楼层 (共11层) | 2011年 | 1室1厅 | 66.52平米 | 南,https://ke-image.ljcdn.com/110000-inspection/1955e539-34d1-4dd7-b161-006519d33e58_1000.jpg!m_fill,w_280,h_210,f_jpg?from=ke.com
20240913,海淀,西二旗,101125298031,铭科苑精装两居室 户型方正 小区中间位置,360万,54299元/平,顶层 (共6层) 2室1厅 | 66.3平米 | 东 西,https://ke-image.ljcdn.com/110000-inspection/7e5f1dd8-6951-4ad6-bfac-5cd69657c9b7_1000.jpg!m_fill,w_280,h_210,f_jpg?from=ke.com
20240913,海淀,西二旗,101125237089,西二旗铭科苑新上东西通透两居室,418万,59375元/平,低楼层 (共6层) 2室1厅 | 70.4平米 | 东 西,https://ke-image.ljcdn.com/110000-inspection/pc1_6H95pb80t_1.jpg!m_fill,w_280,h_210,f_jpg?from=ke.com
20240913,海淀,西二旗,101125154599,领秀新硅谷A、B区;西二旗西路2号院,945万,75776元/平,低楼层 (共15层) | 2008年 | 2室2厅 | 124.71平米 | 南 西 北,https://ke-image.ljcdn.com/110000-inspection/pc1_r3ZRRK206.jpg!m_fill,w_280,h_210,f_jpg?from=ke.com
20240913,海淀,西二旗,101125070719,西二旗 领秀新硅谷A、B区 电梯 洋房 采光好,1080万,87294元/平,中楼层 (共5层) | 2008年 | 2室1厅 | 123.72平米 | 南 北,https://ke-image.ljcdn.com/110000-inspection/pc1_JEfRcigZI.jpg!m_fill,w_280,h_210,f_jpg?from=ke.com
20240913,海淀,西二旗,101125041298,智学苑 正规三居 满五唯一 户型好 位置好 视野好,720万,61319元/平,高楼层 (共22层) | 2005年 | 3室1厅 | 117.42平米 | 西南,https://ke-image.ljcdn.com/110000-inspection/pc1_EgisGbfMi.jpg!m_fill,w_280,h_210,f_jpg?from=ke.com
20240913,海淀,西二旗,101124911003,2006年楼龄眼镜户型南北通透,1398万,86068元/平,低楼层 (共8层) | 2006年 | 3室2厅 | 162.43平米 | 南 北,https://ke-image.ljcdn.com/110000-inspection/f1fd6952-d691-4115-b693-01545afe2b85_1000.jpg!m_fill,w_280,h_210,f_jpg?from=ke.com
20240913,海淀,西二旗,101124891336,西二旗 铭科苑 南北向 中间位置,510万,61152元/平,高楼层 (共6层) 3室1厅 | 83.4平米 | 南 北,https://ke-image.ljcdn.com/110000-inspection/pc1_vv9V54RUD.jpg!m_fill,w_280,h_210,f_jpg?from=ke.com
20240913,海淀,西二旗,101124828841,领秀新硅谷B区全明格局洋房大两居 位置好 楼层好,900万,86999元/平,中楼层 (共5层) | 2008年 | 2室2厅 | 103.45平米 | 东 西 北,https://ke-image.ljcdn.com/110000-inspection/3269fe00-59a7-4669-a2ef-a9c36df904f9_1000.jpg!m_fill,w_280,h_210,f_jpg?from=ke.com
20240913,海淀,西二旗,101124718268,西二旗智学苑精装两居室户型方正,519万,52669元/平,底层 (共24层) | 2001年 | 2室1厅 | 98.54平米 | 南 西,https://ke-image.ljcdn.com/110000-inspection/pc1_p7b7NPqUk.jpg!m_fill,w_280,h_210,f_jpg?from=ke.com
20240913,海淀,西二旗,101124677896,领秀新硅谷1号院 南北两居 落地阳台,930万,96674元/平,底层 (共9层) 2室1厅 | 96.2平米 | 南 北,https://ke-image.ljcdn.com/110000-inspection/739ec1ea-6f47-41e0-ad6e-c7bd5d2ee3eb_1000.jpg!m_fill,w_280,h_210,f_jpg?from=ke.com
20240913,海淀,西二旗,101124664567,西二旗铭科苑满五唯一采光充足,410万,62386元/平,中楼层 (共6层) 2室1厅 | 65.72平米 | 东 西,https://ke-image.ljcdn.com/110000-inspection/pc1_m68P05Y8V_1.jpg!m_fill,w_280,h_210,f_jpg?from=ke.com
20240913,海淀,西二旗,101124659685,西二旗智学苑 三室两厅两卫 带电梯,680万,53883元/平,低楼层 (共24层) | 2002年 | 3室2厅 | 126.2平米 | 西北,https://ke-image.ljcdn.com/110000-inspection/5b165f5c-d722-454b-b24a-1d8dce9ca8b9_1000.jpg!m_fill,w_280,h_210,f_jpg?from=ke.com
20240913,海淀,西二旗,101124652107,领秀新硅谷1号院 眼睛户型三居室 落地阳台,1300万,93137元/平,低楼层 (共9层) | 2010年 | 3室2厅 | 139.58平米 | 南 北,https://ke-image.ljcdn.com/110000-inspection/pc1_TVllbPTfv.jpg!m_fill,w_280,h_210,f_jpg?from=ke.com
20240913,海淀,西二旗,101124497426,智学苑 满五年商品房 西南向一居 诚意出售房主自荐,309万,56305元/平,顶层 (共6层) 1室1厅 | 54.88平米 | 西南,https://ke-image.ljcdn.com/110000-inspection/pc1_R7sWXgTdU.jpg!m_fill,w_280,h_210,f_jpg?from=ke.com
20240913,海淀,西二旗,101124495338,智学苑 南北通透两居室 低楼层 诚意出售,525万,76409元/平,底层 (共6层) | 2000年 | 2室1厅 | 68.71平米 | 南 北,https://ke-image.ljcdn.com/110000-inspection/1c8018e4-5a42-46a9-80fd-96da24c8d619_1000.jpg!m_fill,w_280,h_210,f_jpg?from=ke.com
20240913,海淀,西二旗,101124297665,满五唯一商品房位置安静。装修好客厅朝南,760万,80000元/平,中楼层 (共10层) 2室1厅 | 95平米 | 南,https://ke-image.ljcdn.com/110000-inspection/pc1_ModOUY2em.jpg!m_fill,w_280,h_210,f_jpg?from=ke.com
20240913,海淀,西二旗,101124208097,领秀新硅谷2号院一层洋房三居室 眼镜户型,1550万,100827元/平,底层 (共6层) 3室2厅 | 153.73平米 | 南 北,https://ke-image.ljcdn.com/110000-inspection/pc1_JjfdwgOF3.jpg!m_fill,w_280,h_210,f_jpg?from=ke.com
20240913,海淀,西二旗,101124207320,领秀新硅谷1号院  中高楼层 精装修南向一居室,561万,84336元/平,中楼层 (共11层) | 2011年 | 1室1厅 | 66.52平米 | 南,https://ke-image.ljcdn.com/110000-inspection/pc1_jwGLbXC7z.jpg!m_fill,w_280,h_210,f_jpg?from=ke.com
20240913,海淀,西二旗,101124163559,领秀新硅谷1号院 不临街 南北通透 精装修可直接入住房主自荐,1300万,90228元/平,中楼层 (共15层) 3室2厅 | 144.08平米 | 南 北,https://ke-image.ljcdn.com/110000-inspection/6487b251-47fe-49bf-bcb5-868fc2bebfc4_1000.jpg!m_fill,w_280,h_210,f_jpg?from=ke.com
20240913,海淀,西二旗,101124144781,领秀新硅谷1号院 格局方正 南北双通透 双明卫,1250万,89922元/平,底层 (共11层) | 2010年 | 3室2厅 | 139.01平米 | 南 北,https://ke-image.ljcdn.com/110000-inspection/pc1_DUWIrNM70.jpg!m_fill,w_280,h_210,f_jpg?from=ke.com
20240913,海淀,西二旗,101124098001,博雅德园 2室1厅 北 西 南,765万,78526元/平,中楼层 (共10层) 2室1厅 | 97.42平米 | 北 西 南,https://ke-image.ljcdn.com/110000-inspection/f6c43398-ffd0-4923-a724-7fd52603abba_1000.jpg!m_fill,w_280,h_210,f_jpg?from=ke.com
20240913,海淀,西二旗,101124044489,铭科苑 小区中间位置 电梯楼 满五年唯一商品房 视野好,535万,61994元/平,高楼层 (共18层) | 1999年 | 2室1厅 | 86.3平米 | 东,https://ke-image.ljcdn.com/110000-inspection/d62ee58e-79d5-4777-9d3e-1f7ae0d9d614_1000.jpg!m_fill,w_280,h_210,f_jpg?from=ke.com
20240913,海淀,西二旗,101124005220,领秀硅谷 带电梯 南北通透 四居室,1180万,72705元/平,中楼层 (共10层) 4室2厅 | 162.3平米 | 南 北,https://ke-image.ljcdn.com/110000-inspection/pc1_512BCvYtl.jpg!m_fill,w_280,h_210,f_jpg?from=ke.com
20240913,海淀,西二旗,101123942179,领秀新硅谷A区全朝南两居满五唯一位置好可看房,690万,79411元/平,底层 (共15层) | 2008年 | 2室1厅 | 86.89平米 | 南,https://ke-image.ljcdn.com/110000-inspection/7bc157b9-f42a-4907-b8c5-baffd955600b_1000.jpg!m_fill,w_280,h_210,f_jpg?from=ke.com
20240913,海淀,西二旗,101123692036,西二旗铭科苑满五唯一采光好格局好,615万,66805元/平,中楼层 (共18层) 2室1厅 | 92.06平米 | 南,https://ke-image.ljcdn.com/110000-inspection/7b6cdcea-040a-489c-9672-8a819a20fa59_1000.jpg!m_fill,w_280,h_210,f_jpg?from=ke.com
20240913,海淀,西二旗,101123681731,满五唯一商品房业主诚心出售,317万,57763元/平,顶层 (共6层) 1室1厅 | 54.88平米 | 南 北,https://ke-image.ljcdn.com/110000-inspection/pc1_NC4oPmBZd.jpg!m_fill,w_280,h_210,f_jpg?from=ke.com
20240913,海淀,西二旗,101123670397,领秀新硅谷1号院 东南北向大两居 业主诚售,900万,73506元/平,底层 (共15层) | 2011年 | 2室1厅 | 122.44平米 | 东 南 北,https://ke-image.ljcdn.com/110000-inspection/pc1_8LJ39THu3.jpg!m_fill,w_280,h_210,f_jpg?from=ke.com
20240913,海淀,西二旗,101123598449,领秀新硅谷1号院 方正格局两居室,899万,93940元/平,中楼层 (共11层) | 2011年 | 2室2厅 | 95.7平米 | 南 北,https://ke-image.ljcdn.com/110000-inspection/c5c20c3c-5bd1-40e8-9e37-ddb3df84735a_1000.jpg!m_fill,w_280,h_210,f_jpg?from=ke.com
20240913,海淀,西二旗,101123588147,领秀新硅谷2号院 客厅大面宽  洋房三居室 位置好,1550万,99634元/平,中楼层 (共5层) 3室1厅 | 155.57平米 | 南 北,https://ke-image.ljcdn.com/110000-inspection/387b6528-e280-4c61-b8dd-775a508f3df4_1000.jpg!m_fill,w_280,h_210,f_jpg?from=ke.com
20240913,海淀,西二旗,101123567058,领秀硅谷 四居室 带电梯 中间楼层,1180万,72705元/平,中楼层 (共10层) | 2003年 | 4室2厅 | 162.3平米 | 南 北,https://ke-image.ljcdn.com/110000-inspection/pc1_6CvaRCkVW.jpg!m_fill,w_280,h_210,f_jpg?from=ke.com
20240913,海淀,西二旗,101123566487,西二旗智学苑 中间楼层 满五唯一 采光充足房主自荐,668万,58865元/平,中楼层 (共24层) 3室1厅 | 113.48平米 | 东 南,https://ke-image.ljcdn.com/110000-inspection/pc1_Buxv5Jp66.jpg!m_fill,w_280,h_210,f_jpg?from=ke.com
20240913,海淀,西二旗,101123541717,西二旗铭科苑  客厅双卧朝南 带电梯,660万,71693元/平,低楼层 (共18层) 2室1厅 | 92.06平米 | 南,https://ke-image.ljcdn.com/110000-inspection/598e898d-9bf7-4a1e-a3f6-61d684ae2b3c_1000.jpg!m_fill,w_280,h_210,f_jpg?from=ke.com
20240913,海淀,西二旗,101123506625,领秀新硅谷C区南北双通透精装大两居 位置好 楼层好,898万,93835元/平,中楼层 (共11层) | 2011年 | 2室2厅 | 95.7平米 | 南 北,https://ke-image.ljcdn.com/110000-inspection/pc1_AvaAkuEPn.jpg!m_fill,w_280,h_210,f_jpg?from=ke.com
20240913,海淀,西二旗,101123440776,西二旗铭科苑中间楼层一居室南北通透,355万,66232元/平,中楼层 (共6层) 1室1厅 | 53.6平米 | 南 北,https://ke-image.ljcdn.com/110000-inspection/pc1_jfS2BVZP1_1.jpg!m_fill,w_280,h_210,f_jpg?from=ke.com
20240913,海淀,西二旗,101123425326,博雅德园中间楼层南北通透俩居室业主诚心出售,700万,74075元/平,中楼层 (共10层) 2室1厅 | 94.5平米 | 南 北,https://ke-image.ljcdn.com/110000-inspection/pc1_RahTRNyZs.jpg!m_fill,w_280,h_210,f_jpg?from=ke.com
20240913,海淀,西二旗,101123229662,商品房 南北向通透双卧朝南位置好视野好采光好,475万,71645元/平,顶层 (共6层) 2室1厅 | 66.3平米 | 南 北,https://ke-image.ljcdn.com/110000-inspection/c1e0914e-4004-450f-b30c-45d441bb90dd_1000.jpg!m_fill,w_280,h_210,f_jpg?from=ke.com
20240913,海淀,西二旗,101123228401,领秀硅谷 洋房三居 南北通透 西二旗地铁,960万,67331元/平,顶层 (共4层) 3室1厅 | 142.58平米 | 南 北,https://ke-image.ljcdn.com/110000-inspection/pc1_O4tem1QkP.jpg!m_fill,w_280,h_210,f_jpg?from=ke.com
20240913,海淀,西二旗,101123210952,智学苑 1室1厅 西南,410万,77344元/平,顶层 (共6层) | 2000年 | 1室1厅 | 53.01平米 | 西南,https://ke-image.ljcdn.com/110000-inspection/pc1_IFKsTld8A.jpg!m_fill,w_280,h_210,f_jpg?from=ke.com
20240913,海淀,西二旗,101123191860,铭科苑电梯三居室 中高楼层 中间位置 诚意出售,625万,54710元/平,高楼层 (共18层) | 1999年 | 3室1厅 | 114.24平米 | 东 北,https://ke-image.ljcdn.com/110000-inspection/e907cd35-4903-4f0a-b9db-13d32e09abc9_1000.jpg!m_fill,w_280,h_210,f_jpg?from=ke.com
20240913,海淀,西二旗,101123169847,铭科苑小区中间位置 精装两居室 中间楼层,415万,66400元/平,中楼层 (共6层) | 1997年 | 2室1厅 | 62.5平米 | 南 北,https://ke-image.ljcdn.com/110000-inspection/4b05c57a-c7a0-4094-bd91-c5c489cc5875_1000.jpg!m_fill,w_280,h_210,f_jpg?from=ke.com
20240913,海淀,西二旗,101123155322,领秀新硅谷1号院 中间位置不临街 带产权车位,958万,100504元/平,中楼层 (共15层) 2室1厅 | 95.32平米 | 南 北,https://ke-image.ljcdn.com/110000-inspection/pc1_ldx6Jwbmu.jpg!m_fill,w_280,h_210,f_jpg?from=ke.com
20240913,海淀,西二旗,101122991457,智学苑 满二年374万 精装修 采光好 视野棒 诚心卖,524万,76263元/平,高楼层 (共6层) | 2000年 | 2室1厅 | 68.71平米 | 南 北,https://ke-image.ljcdn.com/110000-inspection/pc1_A9emkAL5B_1.jpg!m_fill,w_280,h_210,f_jpg?from=ke.com
20240913,海淀,西二旗,101122986666,铭科苑 满五唯一住房 中间位置 格局方正,440万,61885元/平,顶层 (共6层) | 1997年 | 2室1厅 | 71.1平米 | 南 北,https://ke-image.ljcdn.com/110000-inspection/pc1_qzPlE5d5H_1.jpg!m_fill,w_280,h_210,f_jpg?from=ke.com
20240913,海淀,西二旗,101122852125,领秀新硅谷2号院 满五唯一 诚意出售,1030万,82262元/平,中楼层 (共15层) 2室2厅 | 125.21平米 | 东 南 北,https://ke-image.ljcdn.com/110000-inspection/pc1_knhklvQvU.jpg!m_fill,w_280,h_210,f_jpg?from=ke.com
20240913,海淀,西二旗,101122763786,装修精美 南向视野开阔 落地窗,950万,87526元/平,高楼层 (共15层) 2室1厅 | 108.54平米 | 南,https://ke-image.ljcdn.com/110000-inspection/pc1_CW1ORNpVo.jpg!m_fill,w_280,h_210,f_jpg?from=ke.com
20240913,海淀,西二旗,101122664719,铭科苑小区 双卧南两居 看房方便,420万,59830元/平,底层 (共6层) | 1997年 | 2室1厅 | 70.2平米 | 南 北,https://ke-image.ljcdn.com/110000-inspection/eb3dceb7-611d-4f22-98c3-7fc887ec62be_1000.jpg!m_fill,w_280,h_210,f_jpg?from=ke.com
20240913,海淀,西二旗,101122550990,领秀新硅谷1号院 正南向一居 满五唯一 中间层 采光好,565万,84480元/平,中楼层 (共9层) 1室1厅 | 66.88平米 | 南,https://ke-image.ljcdn.com/110000-inspection/pc1_2gN3AHYuc.jpg!m_fill,w_280,h_210,f_jpg?from=ke.com
20240913,海淀,西二旗,101122398280,铭科苑 满五唯一 中间层 精装修 采光好 视野棒,568万,59106元/平,中楼层 (共6层) 3室1厅 | 96.1平米 | 东 西,https://ke-image.ljcdn.com/110000-inspection/pc1_HYGnQuo2c.jpg!m_fill,w_280,h_210,f_jpg?from=ke.com
20240913,海淀,西二旗,101121887926,领秀新硅谷C区正规朝南一居户型方正可随时看房,530万,79676元/平,底层 (共11层) | 2011年 | 1室1厅 | 66.52平米 | 南,https://ke-image.ljcdn.com/110000-inspection/pc1_VxCB7TI2P.jpg!m_fill,w_280,h_210,f_jpg?from=ke.com
20240913,海淀,西二旗,101121731743,商品房 南北户型 中间楼层 业主诚意出售,440万,65574元/平,中楼层 (共6层) 2室1厅 | 67.1平米 | 南 北,https://ke-image.ljcdn.com/110000-inspection/f098cd21-56de-4ee7-8c3e-5302747deb2b_1000.jpg!m_fill,w_280,h_210,f_jpg?from=ke.com
20240913,海淀,西二旗,101121707141,铭科苑  板楼二层 随时签约 南北通透 产权清晰,490万,76206元/平,低楼层 (共6层) 2室1厅 | 64.3平米 | 南 北,https://ke-image.ljcdn.com/110000-inspection/e0c187ce-c2dc-4d8d-92c5-ecf62ee021e4_1000.jpg!m_fill,w_280,h_210,f_jpg?from=ke.com
20240913,海淀,西二旗,101121685293,西二旗智学苑 板楼正规一居室 低楼层,369万,67521元/平,底层 (共6层) 1室1厅 | 54.65平米 | 北,https://ke-image.ljcdn.com/110000-inspection/pc1_cDsQvojoI_1.jpg!m_fill,w_280,h_210,f_jpg?from=ke.com
20240913,海淀,西二旗,101121637661,智学苑 东南户型 中间楼层 满五唯一诚心出售 价格可谈,690万,60804元/平,低楼层 (共24层) 3室1厅 | 113.48平米 | 东南,https://ke-image.ljcdn.com/110000-inspection/pc1_PezUzZ4I3_1.jpg!m_fill,w_280,h_210,f_jpg?from=ke.com
20240913,海淀,西二旗,101121620099,西二旗铭科苑小区的满五唯一住宅,499万,69248元/平,中楼层 (共18层) | 1999年 | 1室1厅 | 72.06平米 | 东,https://ke-image.ljcdn.com/110000-inspection/26c91619-bdbb-4c3f-859d-f3a14f64f6e3_1000.jpg!m_fill,w_280,h_210,f_jpg?from=ke.com
20240913,海淀,西二旗,101121558424,领秀新硅谷1号院 花园洋房三居室房主自荐,949万,75438元/平,顶层 (共5层) 3室2厅 | 125.8平米 | 东 西,https://ke-image.ljcdn.com/110000-inspection/pc1_co2qdq1Gv_1.jpg!m_fill,w_280,h_210,f_jpg?from=ke.com
20240913,海淀,西二旗,101121458191,西二旗西路1号院宽景大宅精装考究拎包入住,1798万,79749元/平,顶层 (共15层) | 2012年 | 3室2厅 | 225.46平米 | 南 北,https://ke-image.ljcdn.com/110000-inspection/90df8b44-b6df-49db-a109-f2400fb7372f_1000.jpg!m_fill,w_280,h_210,f_jpg?from=ke.com
20240913,海淀,西二旗,101121165648,领秀新硅谷2号院 品质社区   小区中间位置,748万,85574元/平,低楼层 (共15层) | 2008年 | 2室1厅 | 87.41平米 | 南,https://ke-image.ljcdn.com/110000-inspection/pc1_WzVfAnH58_1.jpg!m_fill,w_280,h_210,f_jpg?from=ke.com
20240913,海淀,西二旗,101121116041,满五年唯一 房改房 小区中间位置 高楼层采光视野好,465万,65218元/平,高楼层 (共6层) 2室1厅 | 71.3平米 | 东 西,https://ke-image.ljcdn.com/110000-inspection/pc1_gSqOObib5_1.jpg!m_fill,w_280,h_210,f_jpg?from=ke.com
20240913,海淀,西二旗,101120881601,博雅德园 中间位置 不把边 不临街 视野好 采光足,1180万,81515元/平,高楼层 (共10层) 3室2厅 | 144.76平米 | 南 北,https://ke-image.ljcdn.com/110000-inspection/719d03b2-b7d6-4f4f-8864-9001cd74c72b_1000.jpg!m_fill,w_280,h_210,f_jpg?from=ke.com
20240913,海淀,西二旗,101120592215,智学苑南北通透板楼三居室采光视野俱佳房主自荐,708万,70709元/平,高楼层 (共6层) 3室1厅 | 100.13平米 | 南 北,https://ke-image.ljcdn.com/110000-inspection/pc1_tuB4KMJ0z.jpg!m_fill,w_280,h_210,f_jpg?from=ke.com
20240913,海淀,西二旗,101120554436,铭科苑精装南北两居 低楼层 房改房,425万,64886元/平,低楼层 (共6层) | 1998年 | 2室1厅 | 65.5平米 | 南 北,https://ke-image.ljcdn.com/110000-inspection/c7192d82-37ef-4851-9c3e-c9843d9977b2_1000.jpg!m_fill,w_280,h_210,f_jpg?from=ke.com
20240913,海淀,西二旗,101120196876,博雅德园中间三居室边户靠西户型方正采光好房主自荐,1099万,75877元/平,低楼层 (共10层) 3室2厅 | 144.84平米 | 南 北,https://ke-image.ljcdn.com/110000-inspection/pc1_DY0v9kvnh.jpg!m_fill,w_280,h_210,f_jpg?from=ke.com
20240913,海淀,西二旗,101119852717,铭科苑 中间楼层两居室 格局方正,398万,55821元/平,中楼层 (共6层) 2室1厅 | 71.3平米 | 东 西,https://ke-image.ljcdn.com/110000-inspection/31d85090-07ea-45b2-9bfb-7ecdce127168_1000.jpg!m_fill,w_280,h_210,f_jpg?from=ke.com
20240913,海淀,西二旗,101119790016,智学苑 3室1厅 东南,820万,69129元/平,顶层 (共24层) 3室1厅 | 118.62平米 | 东南,https://ke-image.ljcdn.com/110000-inspection/f273a0a6-79fb-4c4a-b955-f5953094192d_1000.jpg!m_fill,w_280,h_210,f_jpg?from=ke.com
20240913,海淀,西二旗,101119567489,铭科苑 高楼层 位置好看房随时 不临街 采光好,580万,63250元/平,顶层 (共6层) 3室1厅 | 91.7平米 | 东 南 西,https://ke-image.ljcdn.com/110000-inspection/a398b5d7-1643-4774-b167-6b0edec1c0b7_1000.jpg!m_fill,w_280,h_210,f_jpg?from=ke.com
20240913,海淀,西二旗,101119533287,满五年唯一商品房 中间位置 格局方正,878万,84334元/平,中楼层 (共14层) | 2005年 | 2室2厅 | 104.11平米 | 南,https://ke-image.ljcdn.com/110000-inspection/90f09298-806c-4f14-bb49-71cb10b46c43_1000.jpg!m_fill,w_280,h_210,f_jpg?from=ke.com
20240913,海淀,西二旗,101119400953,铭科苑成本价住房 南北两居 一层房主自荐,385万,63012元/平,底层 (共6层) 2室1厅 | 61.1平米 | 南 北,https://ke-image.ljcdn.com/110000-inspection/3778d6f4-2881-4bda-a87c-2f4da8cbc85d_1000.jpg!m_fill,w_280,h_210,f_jpg?from=ke.com
20240913,海淀,西二旗,101119391847,铭科苑 中间层 两居室 位置好看房方便房主自荐,465万,71539元/平,中楼层 (共6层) 2室1厅 | 65平米 | 南 北,https://ke-image.ljcdn.com/110000-inspection/5a0e0a78-8773-42fd-b969-1bb3ebfb9308_1000.jpg!m_fill,w_280,h_210,f_jpg?from=ke.com
20240913,海淀,西二旗,101119207711,铭科苑正规南北通透3居室 业主诚意出售房主自荐,560万,61675元/平,高楼层 (共6层) | 1997年 | 3室1厅 | 90.8平米 | 南 北,https://ke-image.ljcdn.com/110000-inspection/pc1_VGZMVWAs5_1.jpg!m_fill,w_280,h_210,f_jpg?from=ke.com
20240913,海淀,西二旗,101119198883,满五年唯一 大三居 南北通透 采光好 通风效果佳,1299万,84880元/平,中楼层 (共5层) 3室2厅 | 153.04平米 | 南 北,https://ke-image.ljcdn.com/110000-inspection/e0a41e8d-ce70-4566-afba-d11beadba4ed_1000.jpg!m_fill,w_280,h_210,f_jpg?from=ke.com
20240913,海淀,西二旗,101119080475,智学苑 南北通透大两居室 满五年唯一 低楼层,745万,65260元/平,底层 (共6层) 2室1厅 | 114.16平米 | 南 北,https://ke-image.ljcdn.com/110000-inspection/35fb4530-e267-475f-86e1-9152ee2cdd88_1000.jpg!m_fill,w_280,h_210,f_jpg?from=ke.com
20240913,海淀,西二旗,101119073003,西南向两居室 户型方正 客厅落地窗 高楼层采光视野好,525万,71908元/平,高楼层 (共24层) | 2001年 | 2室1厅 | 73.01平米 | 西南,https://ke-image.ljcdn.com/110000-inspection/b6f82d30-7c51-4e79-b8a2-fd4d318dd09d_1000.jpg!m_fill,w_280,h_210,f_jpg?from=ke.com
20240913,海淀,西二旗,101118644378,领秀硅谷 洋房三居 南北通透 位置安静 满五唯一,1200万,78258元/平,中楼层 (共5层) 3室2厅 | 153.34平米 | 南 北,https://ke-image.ljcdn.com/110000-inspection/a47f330a-0961-430c-868e-696f2fe1157a_1000.jpg!m_fill,w_280,h_210,f_jpg?from=ke.com
20240913,海淀,西二旗,101118417711,西二旗装修眼镜房双卧朝南大三居室,1500万,99292元/平,底层 (共9层) 3室1厅 | 151.07平米 | 南 北,https://ke-image.ljcdn.com/110000-inspection/pc1_6ByyK2XjF.jpg!m_fill,w_280,h_210,f_jpg?from=ke.com
20240913,海淀,西二旗,101118207662,智学苑 2室1厅 南 北房主自荐,599万,67304元/平,底层 (共6层) | 2000年 | 2室1厅 | 89平米 | 南 北,https://ke-image.ljcdn.com/110000-inspection/pc1_WyC0oU2qN_1.jpg!m_fill,w_280,h_210,f_jpg?from=ke.com
20240913,海淀,西二旗,101118205417,西二旗智学苑低楼层采光好交通便利,559万,81357元/平,低楼层 (共6层) | 2000年 | 2室1厅 | 68.71平米 | 南 北,https://ke-image.ljcdn.com/110000-inspection/pc1_kxE3Gj0qF_1.jpg!m_fill,w_280,h_210,f_jpg?from=ke.com
20240913,海淀,西二旗,101118173553,领秀新硅谷1号院  宽景大宅 高层观景 好位置,1920万,85167元/平,高楼层 (共15层) 3室2厅 | 225.44平米 | 南 北,https://ke-image.ljcdn.com/110000-inspection/8e4006ab-84c4-4da9-91be-c10b77351d7f_1000.jpg!m_fill,w_280,h_210,f_jpg?from=ke.com
20240913,海淀,西二旗,101118057000,西二旗智学苑  西二旗商圈  商品房满五唯一,868万,61252元/平,低楼层 (共22层) | 2005年 | 3室2厅 | 141.71平米 | 南 北,https://ke-image.ljcdn.com/110000-inspection/752ad8b4-94f1-440c-a5ad-f5fba5c128c8_1000.jpg!m_fill,w_280,h_210,f_jpg?from=ke.com
20240913,海淀,西二旗,101117930515,新硅谷安静三居室满五唯一精装修有车位,1280万,88957元/平,低楼层 (共15层) | 2011年 | 3室1厅 | 143.89平米 | 东 南 北,https://ke-image.ljcdn.com/110000-inspection/pc1_Ta8ibQ1lj.jpg!m_fill,w_280,h_210,f_jpg?from=ke.com
20240913,海淀,西二旗,101117777753,小区中间位置无遮挡精装拎包入住,355万,66232元/平,高楼层 (共6层) | 1998年 | 1室1厅 | 53.6平米 | 南,https://ke-image.ljcdn.com/110000-inspection/0d895d88-039f-4c4b-ace7-28f679e5985c_1000.jpg!m_fill,w_280,h_210,f_jpg?from=ke.com
20240913,海淀,西二旗,101116529757,博雅德园全南两居室高楼层业主自住只有契税,849万,81549元/平,中楼层 (共16层) | 2005年 | 2室2厅 | 104.11平米 | 南,https://ke-image.ljcdn.com/110000-inspection/877c322e-318f-45cf-a971-5f5c5b64b96f_1000.jpg!m_fill,w_280,h_210,f_jpg?from=ke.com
20240913,海淀,西二旗,101115727695,博雅德园   普宅 南北通透三居室,919万,66934元/平,低楼层 (共16层) | 2005年 | 3室2厅 | 137.3平米 | 南 北,https://ke-image.ljcdn.com/110000-inspection/pc1_QnNk2jL9R_2.jpg!m_fill,w_280,h_210,f_jpg?from=ke.com
20240913,海淀,西二旗,101115657020,铭科苑带电梯大一居   中间层 无遮挡,467万,64808元/平,低楼层 (共18层) | 1999年 | 1室1厅 | 72.06平米 | 西,https://ke-image.ljcdn.com/110000-inspection/38e59499-d980-4870-b52e-a3dea56e4581_1000.jpg!m_fill,w_280,h_210,f_jpg?from=ke.com
20240913,海淀,西二旗,101115540398,领秀新硅谷1号院精装宽景带电梯业主靠谱出售房主自荐,1650万,73191元/平,低楼层 (共15层) 3室2厅 | 225.44平米 | 南 北,https://ke-image.ljcdn.com/110000-inspection/82872e28-17b7-4e32-9f19-68316c5daf74_1000.jpg!m_fill,w_280,h_210,f_jpg?from=ke.com
20240913,海淀,西二旗,101126504299,铭科苑 2室1厅 东 西新上,379万,52334元/平,底层 (共6层) | 1997年 | 2室1厅 | 72.42平米 | 东 西,https://ke-image.ljcdn.com/110000-inspection/90c2d43a-dab6-4003-88b3-f3957566ab0f_1000.jpg!m_fill,w_280,h_210,f_jpg?from=ke.com
20240913,海淀,西二旗,101126391603,西二旗智学苑   板楼两居   满五唯一新上,588万,66449元/平,中楼层 (共6层) 2室1厅 | 88.49平米 | 北 南,https://ke-image.ljcdn.com/110000-inspection/pc1_jRyrUxufe_1.jpg!m_fill,w_280,h_210,f_jpg?from=ke.com
20240913,海淀,西二旗,101126384763,西二旗铭科苑三层南北通透两居室,439万,62894元/平,中楼层 (共6层) | 1997年 | 2室1厅 | 69.8平米 | 南 北,https://ke-image.ljcdn.com/110000-inspection/pc1_N67BdAXpw_1.jpg!m_fill,w_280,h_210,f_jpg?from=ke.com
20240913,海淀,西二旗,101126001430,领秀新硅谷1号院 精装修 业主诚意出售,770万,86333元/平,底层 (共5层) 3室2厅 | 89.19平米 | 东 西,https://ke-image.ljcdn.com/110000-inspection/52e05bc2-4e49-4a82-a755-7cceb24c08e0_1000.jpg!m_fill,w_280,h_210,f_jpg?from=ke.com
20240913,海淀,西二旗,101125850582,领秀硅谷 3室2厅 南 北,1095万,76042元/平,高楼层 (共10层) 3室2厅 | 144平米 | 南 北,https://ke-image.ljcdn.com/110000-inspection/b1fea26a-28d2-41b6-83ee-83ce7fd44adb_1000.jpg!m_fill,w_280,h_210,f_jpg?from=ke.com
20240913,海淀,西二旗,101125810481,铭科苑中间位置两居满五唯一采光好,365万,55053元/平,顶层 (共6层) | 1997年 | 2室1厅 | 66.3平米 | 东 西,https://ke-image.ljcdn.com/110000-inspection/af41fead-9a81-43a1-9cd6-aff3d9bd06ea_1000.jpg!m_fill,w_280,h_210,f_jpg?from=ke.com
20240913,海淀,西二旗,101125626611,领秀新硅谷A区独栋别墅满五唯一精装位置好。,3100万,108366元/平,底层 (共3层) 5室3厅 | 286.07平米 | 南 北,https://ke-image.ljcdn.com/110000-inspection/pc1_0YC4wpJTt.jpg!m_fill,w_280,h_210,f_jpg?from=ke.com
20240913,海淀,西二旗,101125598528,博雅德园 2室2厅 南,760万,72375元/平,底层 (共14层) | 2005年 | 2室2厅 | 105.01平米 | 南,https://ke-image.ljcdn.com/110000-inspection/a154b3c3-f8d7-4385-abe5-d411a2ebf9cc_1000.jpg!m_fill,w_280,h_210,f_jpg?from=ke.com
20240913,海淀,西二旗,101125495164,满五唯一联排别墅 南北通透格局方正采光充足,1700万,94345元/平,底层 (共3层) 5室2厅 | 180.19平米 | 南 北,https://ke-image.ljcdn.com/110000-inspection/pc1_8BrAwZ5ib.jpg!m_fill,w_280,h_210,f_jpg?from=ke.com
20240913,海淀,西二旗,101125449158,领秀新硅谷2号院 四居室 全明格局 业主诚售,1580万,107235元/平,底层 (共5层) | 2008年 | 4室1厅 | 147.34平米 | 南 北,https://ke-image.ljcdn.com/110000-inspection/fb0f93ef-e69c-4ac6-8b9b-07b23cbc3628_1000.jpg!m_fill,w_280,h_210,f_jpg?from=ke.com
20240913,海淀,西二旗,101125435235,铭科苑 2室1厅 东,350万,48571元/平,底层 (共18层) 2室1厅 | 72.06平米 | 东,https://ke-image.ljcdn.com/110000-inspection/pc1_BRP2gwWlB_1.jpg!m_fill,w_280,h_210,f_jpg?from=ke.com
20240913,海淀,西二旗,101125386054,博雅德园  中间位置 装修好 采光好,679万,71852元/平,低楼层 (共10层) 2室1厅 | 94.5平米 | 北 南,https://ke-image.ljcdn.com/110000-inspection/pc1_G7GLKfpeu.jpg!m_fill,w_280,h_210,f_jpg?from=ke.com
20240913,海淀,西二旗,101125185897,领秀硅谷。洋房两居室采光视野好,799万,75506元/平,顶层 (共5层) | 2003年 | 2室1厅 | 105.82平米 | 南 北,https://ke-image.ljcdn.com/110000-inspection/pc1_izL9ISgQt.jpg!m_fill,w_280,h_210,f_jpg?from=ke.com
20240913,海淀,西二旗,101125114908,领秀新硅谷1号院 4室2厅 南 北,1610万,105519元/平,中楼层 (共5层) 4室2厅 | 152.58平米 | 南 北,https://ke-image.ljcdn.com/110000-inspection/6987f166-1604-4aa9-93f7-fbc75daf8b53_1000.jpg!m_fill,w_280,h_210,f_jpg?from=ke.com
20240913,海淀,西二旗,101124938203,领秀新硅谷2号院 2室2厅 南 西 北,990万,79385元/平,底层 (共15层) | 2008年 | 2室2厅 | 124.71平米 | 南 西 北,https://ke-image.ljcdn.com/110000-inspection/pc1_2Mzs4EPoy_1.jpg!m_fill,w_280,h_210,f_jpg?from=ke.com
20240913,海淀,西二旗,101124729854,推优质2居 满五年唯一 中高楼层 采光好诚意出售,385万,54150元/平,高楼层 (共6层) | 1997年 | 2室1厅 | 71.1平米 | 东 西,https://ke-image.ljcdn.com/110000-inspection/2cfbff8a-b83e-45dc-a94d-b73b192e1fb2_1000.jpg!m_fill,w_280,h_210,f_jpg?from=ke.com
20240913,海淀,西二旗,101124697113,铭科苑 3室1厅 东 西 北,499万,54476元/平,中楼层 (共6层) 3室1厅 | 91.6平米 | 东 西 北,https://ke-image.ljcdn.com/110000-inspection/pc1_wKrlE2MkC.jpg!m_fill,w_280,h_210,f_jpg?from=ke.com
20240913,海淀,西二旗,101124549705,领秀新硅谷2号院电梯洋房大两居室,1140万,98959元/平,顶层 (共5层) | 2008年 | 2室2厅 | 115.2平米 | 南 北,https://ke-image.ljcdn.com/110000-inspection/d9d5903a-6be1-4250-b618-447b7cef583d_1000.jpg!m_fill,w_280,h_210,f_jpg?from=ke.com
20240913,海淀,西二旗,101124492824,西二旗 智学苑三居室 精装定制家具 满五唯一,588万,69112元/平,低楼层 (共6层) | 2000年 | 3室1厅 | 85.08平米 | 西 北,https://ke-image.ljcdn.com/110000-inspection/pc1_pXN4wowNo_1.jpg!m_fill,w_280,h_210,f_jpg?from=ke.com
20240913,海淀,西二旗,101124402209,领秀新硅谷2号院 车位,29万,7051元/平,地下室 (共1层) | 2008年 | 1室0厅 | 41.13平米 | 南,https://ke-image.ljcdn.com/110000-inspection/pc1_viIQ3F8QH.jpg!m_fill,w_280,h_210,f_jpg?from=ke.com
20240913,海淀,西二旗,101124011309,领秀硅谷 小区中间位置洋房大三居 安静居住舒适,1480万,93352元/平,底层 (共5层) | 2003年 | 3室2厅 | 158.54平米 | 东 南 北,https://ke-image.ljcdn.com/110000-inspection/pc1_elQBVrcAo_1.jpg!m_fill,w_280,h_210,f_jpg?from=ke.com
20240913,海淀,西二旗,101123690108,领秀新硅谷2号院 位置比较好独栋别墅 安静  较少出房,3500万,118645元/平,底层 (共3层) | 2009年 | 5室4厅 | 295平米 | 南 北,https://ke-image.ljcdn.com/110000-inspection/pc1_UFTt24skS.jpg!m_fill,w_280,h_210,f_jpg?from=ke.com
20240913,海淀,西二旗,101123531836,领秀新硅谷1号院边户联排业主诚心出售看房提前约,2100万,68561元/平,底层 (共3层) 5室2厅 | 306.3平米 | 南 北,https://ke-image.ljcdn.com/110000-inspection/pc1_xHR15TthQ.jpg!m_fill,w_280,h_210,f_jpg?from=ke.com
20240913,海淀,西二旗,101123496392,领秀新硅谷 洋房两居室 南北通透 双卫生间,1080万,89582元/平,顶层 (共5层) | 2008年 | 3室2厅 | 120.56平米 | 南 北,https://ke-image.ljcdn.com/110000-inspection/902b3ce3-b97e-4ecd-a61f-c790d1d37712_1000.jpg!m_fill,w_280,h_210,f_jpg?from=ke.com
20240913,海淀,西二旗,101123445266,领秀新硅谷1号院 临近西二旗地铁站 迷你墅户型,998万,100141元/平,中楼层 (共6层) 3室1厅 | 99.66平米 | 东 南 北,https://ke-image.ljcdn.com/110000-inspection/pc1_mDwNKW5rj.jpg!m_fill,w_280,h_210,f_jpg?from=ke.com
20240913,海淀,西二旗,101123420320,领秀新硅谷2号院 合院别墅 位置好 三面采光,2800万,98533元/平,底层 (共3层) | 1999年 | 5室2厅 | 284.17平米 | 东 南 西 北,https://ke-image.ljcdn.com/110000-inspection/pc1_OVTibLPyC.jpg!m_fill,w_280,h_210,f_jpg?from=ke.com
20240913,海淀,西二旗,101123029452,西二旗领秀新硅谷 南北向迷你墅 三居双卫 随时可看,818万,93529元/平,高楼层 (共6层) | 2010年 | 3室1厅 | 87.46平米 | 南 北,https://ke-image.ljcdn.com/110000-inspection/64231394-0ae3-4802-8c54-dd1b5cc06bdb_1000.jpg!m_fill,w_280,h_210,f_jpg?from=ke.com
20240913,海淀,西二旗,101122816509,智学苑 满五年唯一 西南向两居 带电梯 诚意出售房主自荐,549万,55310元/平,中楼层 (共24层) | 2001年 | 2室1厅 | 99.26平米 | 西南,https://ke-image.ljcdn.com/110000-inspection/pc1_ocvtLPLAB.jpg!m_fill,w_280,h_210,f_jpg?from=ke.com
20240913,海淀,西二旗,101122661786,东西通透 视野好 采光好 满五唯一,709万,89987元/平,顶层 (共5层) | 2008年 | 2室1厅 | 78.79平米 | 东 西,https://ke-image.ljcdn.com/110000-inspection/pc1_V8K0ZePRT.jpg!m_fill,w_280,h_210,f_jpg?from=ke.com
20240913,海淀,西二旗,101122405532,领秀新硅谷1号院 宽景平层 四室两厅三卫,1880万,83393元/平,高楼层 (共15层) | 2011年 | 3室2厅 | 225.44平米 | 南 北,https://ke-image.ljcdn.com/110000-inspection/pc1_XFztXc1Kq_1.jpg!m_fill,w_280,h_210,f_jpg?from=ke.com
20240913,海淀,西二旗,101122318513,领秀硅谷 边户联排别墅 四居 位置好 安静 采光好,2080万,79520元/平,底层 (共3层) 4室3厅 | 261.57平米 | 南 北,https://ke-image.ljcdn.com/110000-inspection/241c8c13-3fa8-4f35-a335-ea284e774436_1000.jpg!m_fill,w_280,h_210,f_jpg?from=ke.com
20240913,海淀,西二旗,101122244014,领秀硅谷 8室3厅 东 南 北房主自荐,1980万,83981元/平,底层 (共3层) 8室3厅 | 235.77平米 | 东 南 北,https://ke-image.ljcdn.com/110000-inspection/pc1_XUPITsh2o_1.jpg!m_fill,w_280,h_210,f_jpg?from=ke.com
20240913,海淀,西二旗,101120934542,铭科苑 双卧朝南两居室 客厅明厅,425万,59608元/平,顶层 (共6层) 2室1厅 | 71.3平米 | 南 北,https://ke-image.ljcdn.com/110000-inspection/5c655f6a-a15a-4480-aade-3855b9090525_1000.jpg!m_fill,w_280,h_210,f_jpg?from=ke.com
20240913,海淀,西二旗,101120424093,领秀新硅谷2号院 东西通透 带落地窗 精装修 格局方正,720万,89866元/平,中楼层 (共5层) | 2008年 | 2室1厅 | 80.12平米 | 东 西,https://ke-image.ljcdn.com/110000-inspection/pc1_bLDHV1TQf.jpg!m_fill,w_280,h_210,f_jpg?from=ke.com
20240913,海淀,西二旗,101119979473,智学苑+电梯两居室+商品房满五唯一+东南向+视野开阔,599万,60347元/平,高楼层 (共24层) | 2001年 | 2室1厅 | 99.26平米 | 东 南,https://ke-image.ljcdn.com/110000-inspection/pc1_JYZPgdRRD_1.jpg!m_fill,w_280,h_210,f_jpg?from=ke.com
20240913,海淀,西二旗,101119737929,新硅谷精装拎包入住带电梯大三居房主自荐,1199万,83022元/平,低楼层 (共15层) | 2011年 | 3室1厅 | 144.42平米 | 南 北,https://ke-image.ljcdn.com/110000-inspection/pc1_lBLfyeC0j.jpg!m_fill,w_280,h_210,f_jpg?from=ke.com
20240913,海淀,西二旗,101119691167,领秀新硅谷1号院 精装合院别墅   看房方便 业主诚售,3300万,92316元/平,底层 (共3层) | 2011年 | 6室3厅 | 357.47平米 | 南 北,https://ke-image.ljcdn.com/110000-inspection/9536f9da-5417-4fde-a2fd-673466189ebc_1000.jpg!m_fill,w_280,h_210,f_jpg?from=ke.com
20240913,海淀,西二旗,101119358329,领秀新硅谷2号院全南向三居室诚意出售房主自荐,1198万,83935元/平,中楼层 (共5层) 3室2厅 | 142.73平米 | 东 南 西,https://ke-image.ljcdn.com/110000-inspection/798ce1b0-f3b3-48e1-ae40-bf476136d65d_1000.jpg!m_fill,w_280,h_210,f_jpg?from=ke.com
20240913,海淀,西二旗,101119032779,房子满五年户型方正无遮挡南向正对小区里很安静。,820万,94373元/平,底层 (共15层) | 2008年 | 2室1厅 | 86.89平米 | 南,https://ke-image.ljcdn.com/110000-inspection/pc1_AwOoWnarv_1.jpg!m_fill,w_280,h_210,f_jpg?from=ke.com
20240913,海淀,西二旗,101119022563,满五唯一 西二旗智学苑 带电梯 随时可以看房房主自荐,590万,59440元/平,低楼层 (共24层) | 2001年 | 2室1厅 | 99.26平米 | 西南,https://ke-image.ljcdn.com/110000-inspection/472b038e-adb9-480f-86e5-6d8025aeb89a_1000.jpg!m_fill,w_280,h_210,f_jpg?from=ke.com
20240913,海淀,西二旗,101118249284,德园不临街两居 南北全明格局 满五唯一 高楼层视野好,760万,76413元/平,中楼层 (共10层) 2室1厅 | 99.46平米 | 南 北,https://ke-image.ljcdn.com/110000-inspection/pc1_8gvPyPNFS.jpg!m_fill,w_280,h_210,f_jpg?from=ke.com
20240913,海淀,西二旗,101117994622,智学苑 满五年唯一 顶层复式 三居室 诚意出售,799万,48513元/平,顶层 (共6层) 3室2厅 | 164.7平米 | 南 北,https://ke-image.ljcdn.com/110000-inspection/d7b80870-5513-4001-99d3-1b3122d682f7_1000.jpg!m_fill,w_280,h_210,f_jpg?from=ke.com
20240913,海淀,西二旗,101117211162,领秀新硅谷1号院 5室3厅 南 北,3200万,86247元/平,底层 (共3层) 5室3厅 | 371.03平米 | 南 北,https://ke-image.ljcdn.com/110000-inspection/53e1b2a8-7822-45c1-a042-78260f40f373_1000.jpg!m_fill,w_280,h_210,f_jpg?from=ke.com
20240913,海淀,西二旗,101114359780,领秀新硅谷2号院精美装修双拼别墅,2980万,110547元/平,底层 (共3层) 6室2厅 | 269.57平米 | 南 北,https://ke-image.ljcdn.com/110000-inspection/pc1_yoKabYrZl_1.jpg!m_fill,w_280,h_210,f_jpg?from=ke.com
20240913,海淀,西二旗,101114170395,领秀新硅谷B区独栋别墅 位置好房主自荐,2850万,96709元/平,底层 (共3层) 5室3厅 | 294.7平米 | 东 南 西 北,https://ke-image.ljcdn.com/110000-inspection/pc1_AxG09LKP7_1.jpg!m_fill,w_280,h_210,f_jpg?from=ke.com
20240913,海淀,西二旗,101126566191,铭科苑 2室1厅 东 西,420万,64123元/平,底层 (共6层) | 1998年 | 2室1厅 | 65.5平米 | 东 西,https://s1.ljcdn.com/pegasus/redskull/images/common/default_house_list.png?_v=20240826145726
20240913,海淀,西二旗,101126532630,铭科苑 2室1厅 南 北新上,398万,63680元/平,中楼层 (共6层) 2室1厅 | 62.5平米 | 南 北,https://s1.ljcdn.com/pegasus/redskull/images/common/default_house_list.png?_v=20240826145726
20240913,海淀,西二旗,101126391123,领秀新硅谷 小区中间位置电梯洋房四居室,1650万,108020元/平,中楼层 (共5层) | 2010年 | 4室2厅 | 152.75平米 | 南 北,https://s1.ljcdn.com/pegasus/redskull/images/common/default_house_list.png?_v=20240826145726
20240913,海淀,西二旗,101126169542,领秀新硅谷2号院 2室1厅 东 西,750万,90058元/平,中楼层 (共5层) | 2008年 | 2室1厅 | 83.28平米 | 东 西,https://s1.ljcdn.com/pegasus/redskull/images/common/default_house_list.png?_v=20240826145726
20240913,海淀,西二旗,101125703305,领秀新硅谷2号院正规洋房四居中间位置南向楼间距大,1620万,101695元/平,中楼层 (共5层) 4室2厅 | 159.3平米 | 南 北,https://s1.ljcdn.com/pegasus/redskull/images/common/default_house_list.png?_v=20240826145726
20240913,海淀,西二旗,101125562654,领秀新硅谷2号院 3室2厅 南 北房主自荐,1380万,94521元/平,中楼层 (共5层) 3室2厅 | 146平米 | 南 北,https://s1.ljcdn.com/pegasus/redskull/images/common/default_house_list.png?_v=20240826145726
20240913,海淀,西二旗,101125296358,铭科苑 2室1厅 南 北,428万,65837元/平,底层 (共6层) 2室1厅 | 65.01平米 | 南 北,https://s1.ljcdn.com/pegasus/redskull/images/common/default_house_list.png?_v=20240826145726
20240913,海淀,西二旗,101124722435,领秀新硅谷1号院 南北通透 方正两居  采光视野好,825万,85742元/平,顶层 (共9层) 2室1厅 | 96.22平米 | 南 北,https://s1.ljcdn.com/pegasus/redskull/images/common/default_house_list.png?_v=20240826145726
20240913,海淀,西二旗,101124305615,铭科苑 满五年唯一商品房 中间楼层 客厅朝南,530万,55151元/平,中楼层 (共6层) 3室1厅 | 96.1平米 | 南 西,https://s1.ljcdn.com/pegasus/redskull/images/common/default_house_list.png?_v=20240826145726
20240913,海淀,西二旗,101124178964,领秀新硅谷1号院 南北通透两居室  不临街,899万,94443元/平,高楼层 (共15层) | 2011年 | 2室1厅 | 95.19平米 | 南 北,https://s1.ljcdn.com/pegasus/redskull/images/common/default_house_list.png?_v=20240826145726
20240913,海淀,西二旗,101123573986,智学苑 满五年唯一住宅 中间楼层 东西通透 诚心出售,680万,67912元/平,中楼层 (共6层) 3室1厅 | 100.13平米 | 东 西,https://s1.ljcdn.com/pegasus/redskull/images/common/default_house_list.png?_v=20240826145726
