20240923,丰台,七里庄,101126423693,丽泽商务区 周庄子家园 2014年小区 人车分流必看好房,650万,70884元/平,高楼层 (共28层) 2室1厅 | 91.7平米 | 南 北,https://ke-image.ljcdn.com/110000-inspection/pc1_ZEyYF204K.jpg!m_fill,w_280,h_210,f_jpg?from=ke.com
20240923,丰台,七里庄,101125535515,小井润园一区满二年高楼层带电梯必看好房,458万,45878元/平,高楼层 (共9层) | 2006年 | 2室1厅 | 99.83平米 | 南,https://ke-image.ljcdn.com/110000-inspection/cbbdff59-fd4c-46a0-a95a-15082beb97fa_1000.jpg!m_fill,w_280,h_210,f_jpg?from=ke.com
20240923,丰台,七里庄,101125006898,望园西里满五唯一南北通透两居室必看好房,300万,51547元/平,低楼层 (共6层) 2室1厅 | 58.2平米 | 南 北,https://ke-image.ljcdn.com/110000-inspection/bae4a09b-01e8-45dc-9f4b-5f7c5901205b_1000.jpg!m_fill,w_280,h_210,f_jpg?from=ke.com
20240923,丰台,七里庄,101124720765,2014年社区 人车分流 两梯四户 南向视野采光好必看好房,498万,62903元/平,低楼层 (共28层) 2室1厅 | 79.17平米 | 南,https://ke-image.ljcdn.com/110000-inspection/21e26c2f-7aa9-4219-ba08-f521268f60f4_1000.jpg!m_fill,w_280,h_210,f_jpg?from=ke.com
20240923,丰台,七里庄,101124422559,东大街农行宿舍 90年板楼 双地铁必看好房,238万,45360元/平,中楼层 (共6层) 2室1厅 | 52.47平米 | 南 北,https://ke-image.ljcdn.com/110000-inspection/a36df462-5079-48e7-964f-3e31e266015a_1000.jpg!m_fill,w_280,h_210,f_jpg?from=ke.com
20240923,丰台,七里庄,101126330146,丽泽西局站   周庄子家园南北通透两居  全明户型必看好房,595万,64443元/平,高楼层 (共28层) 2室2厅 | 92.33平米 | 北 南,https://ke-image.ljcdn.com/110000-inspection/ca44e874-18c6-40f8-9b89-bf37977f7eef_1000.jpg!m_fill,w_280,h_210,f_jpg?from=ke.com
20240923,丰台,七里庄,101126280196,东大街6号院精装四居室诚意出售地铁西局站有位车,890万,68918元/平,高楼层 (共6层) 4室2厅 | 129.14平米 | 南 北,https://ke-image.ljcdn.com/110000-inspection/pc1_Dz9bEZ9QT_1.jpg!m_fill,w_280,h_210,f_jpg?from=ke.com
20240923,丰台,七里庄,101126229251,七里庄 庄维花园 商品房社区 小区临近公园,738万,59986元/平,中楼层 (共24层) 3室2厅 | 123.03平米 | 东南,https://ke-image.ljcdn.com/110000-inspection/pc1_vgkRKYAoY_1.jpg!m_fill,w_280,h_210,f_jpg?from=ke.com
20240923,丰台,七里庄,101126226448,七里庄 小井润园11号院 南向二居室 地铁14号线,450万,46546元/平,顶层 (共9层) | 2013年 | 2室2厅 | 96.68平米 | 南,https://ke-image.ljcdn.com/110000-inspection/e90004ca-f91d-458b-b509-a172e7efbaa0_1000.jpg!m_fill,w_280,h_210,f_jpg?from=ke.com
20240923,丰台,七里庄,101126064085,西局玉园 高层南向两居 视野采光不错 挨着地铁西局必看好房,480万,63084元/平,高楼层 (共27层) | 2020年 | 2室1厅 | 76.09平米 | 南,https://ke-image.ljcdn.com/110000-inspection/af05daa9-b588-467f-bd16-0f40b1f0967e_1000.jpg!m_fill,w_280,h_210,f_jpg?from=ke.com
20240923,丰台,七里庄,101125783389,七里庄 丰台路口东里 二居室 地铁14号线,229万,40460元/平,中楼层 (共6层) 2室1厅 | 56.6平米 | 东 西,https://ke-image.ljcdn.com/110000-inspection/b2075bff-85eb-4bdd-8433-d967fb879db6_1000.jpg!m_fill,w_280,h_210,f_jpg?from=ke.com
20240923,丰台,七里庄,101125766745,东大街西里低楼层南北通透的三居室房主诚心出售,349万,50507元/平,低楼层 (共6层) 3室1厅 | 69.1平米 | 南 北,https://ke-image.ljcdn.com/110000-inspection/pc1_Z1TkKcfXM_1.jpg!m_fill,w_280,h_210,f_jpg?from=ke.com
20240923,丰台,七里庄,101125609072,丽泽商务区 人车分流 次新房 中高层视野开阔必看好房,486万,63872元/平,中楼层 (共27层) | 2020年 | 2室1厅 | 76.09平米 | 南,https://ke-image.ljcdn.com/110000-inspection/95b8562c-15d8-4f17-92b3-579b017b8f48_1000.jpg!m_fill,w_280,h_210,f_jpg?from=ke.com
20240923,丰台,七里庄,101125477370,七里庄 望园西里 南北通透二居室 地铁9号线,350万,57453元/平,低楼层 (共6层) 2室1厅 | 60.92平米 | 南 北,https://ke-image.ljcdn.com/110000-inspection/26b135a9-4626-4423-b62a-b64438f9bcdb_1000.jpg!m_fill,w_280,h_210,f_jpg?from=ke.com
20240923,丰台,七里庄,101125149570,周庄子家园  南向两居室   随时签约房主自荐,570万,71600元/平,高楼层 (共28层) | 2019年 | 2室1厅 | 79.61平米 | 南,https://ke-image.ljcdn.com/110000-inspection/dbbcdd59-2678-4914-8ffe-bfe5f269f893_1000.jpg!m_fill,w_280,h_210,f_jpg?from=ke.com
20240923,丰台,七里庄,101124792113,周庄子家园  南北通透两居室房主自荐,699万,59263元/平,中楼层 (共28层) | 2019年 | 2室1厅 | 117.95平米 | 南 北,https://ke-image.ljcdn.com/110000-inspection/pc1_S478o4pn7.jpg!m_fill,w_280,h_210,f_jpg?from=ke.com
20240923,丰台,七里庄,101124420316,三居室东南北户型采光充足诚心出售必看好房,560万,56339元/平,低楼层 (共6层) 3室1厅 | 99.4平米 | 东 南 北,https://ke-image.ljcdn.com/110000-inspection/pc1_wlhT0GKKt_1.jpg!m_fill,w_280,h_210,f_jpg?from=ke.com
20240923,丰台,七里庄,101124361507,西局玉园 高层板楼 人车分流 3居南北通透 西局地铁站,786万,70386元/平,低楼层 (共27层) 3室1厅 | 111.67平米 | 南 北,https://ke-image.ljcdn.com/110000-inspection/pc1_nnlG5JvOR_1.jpg!m_fill,w_280,h_210,f_jpg?from=ke.com
20240923,丰台,七里庄,101124225195,七里庄 望园东里 二居室地铁9号线14号线,420万,50348元/平,低楼层 (共24层) | 1999年 | 2室1厅 | 83.42平米 | 东,https://ke-image.ljcdn.com/110000-inspection/pc1_lMAL30EjX_1.jpg!m_fill,w_280,h_210,f_jpg?from=ke.com
20240923,丰台,七里庄,101123866174,南北向全明大三居 落地飘窗视野采光好必看好房,685万,52215元/平,低楼层 (共22层) | 2006年 | 3室1厅 | 131.19平米 | 南,https://ke-image.ljcdn.com/110000-inspection/pc1_rszCg9mpI_1.jpg!m_fill,w_280,h_210,f_jpg?from=ke.com
20240923,丰台,七里庄,101123342487,望园东里小区 近地铁 中高楼层 精装修两居室,435万,52146元/平,中楼层 (共24层) | 1999年 | 2室1厅 | 83.42平米 | 南 西,https://ke-image.ljcdn.com/110000-inspection/pc1_TV9tpFTo8_1.jpg!m_fill,w_280,h_210,f_jpg?from=ke.com
20240923,丰台,七里庄,101123009243,泥洼路5号院南北两居有地铁采光好满五唯一必看好房,246万,44582元/平,中楼层 (共6层) 2室1厅 | 55.18平米 | 南 北,https://ke-image.ljcdn.com/110000-inspection/pc1_lJueNakXf.jpg!m_fill,w_280,h_210,f_jpg?from=ke.com
20240923,丰台,七里庄,101122681754,2000年新小区小区管理的好好停车本房位置好,580万,35328元/平,中楼层 (共24层) 3室1厅 | 164.18平米 | 南 西 北,https://ke-image.ljcdn.com/110000-inspection/pc1_xzz6r8MGe_1.jpg!m_fill,w_280,h_210,f_jpg?from=ke.com
20240923,丰台,七里庄,101122115790,地铁9号线东大街 七里庄路20号南北两居 中楼层采光好必看好房,238万,42199元/平,中楼层 (共6层) 2室1厅 | 56.4平米 | 南 北,https://ke-image.ljcdn.com/110000-inspection/pc1_Tk3iyw2zE_1.jpg!m_fill,w_280,h_210,f_jpg?from=ke.com
20240923,丰台,七里庄,101115721479,鼎恒新星小区 业主诚心出售 随时签约,550万,41787元/平,高楼层 (共24层) 2室2厅 | 131.62平米 | 东 北,https://ke-image.ljcdn.com/110000-inspection/pc1_M2nc2c7WQ.jpg!m_fill,w_280,h_210,f_jpg?from=ke.com
20240923,丰台,七里庄,101115569957,9号线14号线换乘站  东大街东里 南北两居  非顶层,255万,46113元/平,高楼层 (共6层) 2室1厅 | 55.3平米 | 南 北,https://ke-image.ljcdn.com/110000-inspection/4b68a4b6-f514-41b7-b0cd-1a45f99c9b67_1000.jpg!m_fill,w_280,h_210,f_jpg?from=ke.com
20240923,丰台,七里庄,101114404729,西三环 地铁10号线西局  精装修 大一居 无遮挡房主自荐,210万,44492元/平,顶层 (共6层) 1室1厅 | 47.2平米 | 东 西,https://ke-image.ljcdn.com/110000-inspection/c23050ca-8eb5-4f91-bb1d-d07a0436c1dc_1000.jpg!m_fill,w_280,h_210,f_jpg?from=ke.com
20240923,丰台,七里庄,101126599304,七里庄 望园东里 南北二居室 地铁14号线必看好房,488万,46539元/平,高楼层 (共6层) 2室2厅 | 104.86平米 | 南 北,https://ke-image.ljcdn.com/110000-inspection/pc1_Rzo56P2PC.jpg!m_fill,w_280,h_210,f_jpg?from=ke.com
20240923,丰台,七里庄,101126573243,六里桥 西四环南路50号 南北二居室  地铁14号新上,230万,37193元/平,中楼层 (共6层) 2室1厅 | 61.84平米 | 南 北,https://ke-image.ljcdn.com/110000-inspection/pc1_XBHoWdtnE_1.jpg!m_fill,w_280,h_210,f_jpg?from=ke.com
20240923,丰台,七里庄,101125727307,庄维花园店长主推 总价没有比这个再低的两居室了,390万,48671元/平,低楼层 (共24层) 2室1厅 | 80.13平米 | 东北,https://ke-image.ljcdn.com/110000-inspection/pc1_hLQg33P3e_1.jpg!m_fill,w_280,h_210,f_jpg?from=ke.com
20240923,丰台,七里庄,101124625572,七里庄 望园东里 三居室 地铁9号线,519万,52125元/平,低楼层 (共24层) | 2000年 | 3室1厅 | 99.57平米 | 东 南,https://ke-image.ljcdn.com/110000-inspection/pc1_OyAXkHBk8_1.jpg!m_fill,w_280,h_210,f_jpg?from=ke.com
20240923,丰台,七里庄,101124331239,满五唯一不临街采光事业佳诚意出售必看好房,538万,53989元/平,高楼层 (共24层) | 1999年 | 3室1厅 | 99.65平米 | 西南,https://ke-image.ljcdn.com/110000-inspection/pc1_huWok5s3x_1.jpg!m_fill,w_280,h_210,f_jpg?from=ke.com
20240923,丰台,七里庄,101124176758,七里庄南北通透三居 满五唯一住房急售有钥匙,300万,43104元/平,顶层 (共6层) 3室1厅 | 69.6平米 | 南 北,https://ke-image.ljcdn.com/110000-inspection/f5b7fa9a-e312-4983-9fb8-1d2d6ad15947_1000.jpg!m_fill,w_280,h_210,f_jpg?from=ke.com
20240923,丰台,七里庄,101123570025,望园东里 满五唯一 中间楼层两居室,429万,63425元/平,中楼层 (共6层) 2室1厅 | 67.64平米 | 南 北,https://ke-image.ljcdn.com/110000-inspection/pc1_P13Bx5V55_1.jpg!m_fill,w_280,h_210,f_jpg?from=ke.com
20240923,丰台,七里庄,101126694436,中间楼层南北通透三居室满五年不唯一随时看房新上,400万,56900元/平,中楼层 (共6层) 3室1厅 | 70.3平米 | 南 北,https://ke-image.ljcdn.com/110000-inspection/pc1_UMV94hHSS_1.jpg!m_fill,w_280,h_210,f_jpg?from=ke.com
20240923,丰台,七里庄,101126668400,中建一局北院精装两居急售满五唯一南北通透明厨明卫新上,390万,57001元/平,中楼层 (共6层) 2室1厅 | 68.42平米 | 南 北,https://ke-image.ljcdn.com/110000-inspection/pc1_594W30W4a_1.jpg!m_fill,w_280,h_210,f_jpg?from=ke.com
20240923,丰台,七里庄,101126661737,七里庄 望园西里 中低楼层 南北向两居室新上,350万,60450元/平,低楼层 (共6层) 2室1厅 | 57.9平米 | 南 北,https://ke-image.ljcdn.com/110000-inspection/73c692b7-4565-47ba-b655-eaeee58ccbb4_1000.jpg!m_fill,w_280,h_210,f_jpg?from=ke.com
20240923,丰台,七里庄,101126580381,望园东里 3室1厅 东 南 北新上,418万,51727元/平,顶层 (共6层) 3室1厅 | 80.81平米 | 东 南 北,https://ke-image.ljcdn.com/110000-inspection/pc1_zxbDT1cNa.jpg!m_fill,w_280,h_210,f_jpg?from=ke.com
20240923,丰台,七里庄,101126562608,庄维花园 2室1厅 西南,560万,64243元/平,低楼层 (共24层) | 2002年 | 2室1厅 | 87.17平米 | 西南,https://ke-image.ljcdn.com/110000-inspection/pc1_neZlxyPMf_1.jpg!m_fill,w_280,h_210,f_jpg?from=ke.com
20240923,丰台,七里庄,101126537220,中建一局北院 2室1厅 南 北,270万,48129元/平,顶层 (共6层) 2室1厅 | 56.1平米 | 南 北,https://ke-image.ljcdn.com/110000-inspection/ccb91143-41a2-4f2f-ae49-406200e18792_1000.jpg!m_fill,w_280,h_210,f_jpg?from=ke.com
20240923,丰台,七里庄,101126494171,七里庄 望园东里 中低楼层 南北朝向两居室,430万,63648元/平,低楼层 (共6层) 2室1厅 | 67.56平米 | 南 北,https://ke-image.ljcdn.com/110000-inspection/pc1_JqlF0yqaa_1.jpg!m_fill,w_280,h_210,f_jpg?from=ke.com
20240923,丰台,七里庄,101126483480,七里庄西局欣园南区二居出售满五唯一南北通透双卫,846万,79557元/平,低楼层 (共15层) | 2002年 | 2室1厅 | 106.34平米 | 南 北,https://ke-image.ljcdn.com/110000-inspection/pc1_IIqczUsWd.jpg!m_fill,w_280,h_210,f_jpg?from=ke.com
20240923,丰台,七里庄,101126480938,六里桥家园 南北两居室 中间楼层 采光好,490万,64559元/平,低楼层 (共29层) 2室1厅 | 75.9平米 | 南 北,https://ke-image.ljcdn.com/110000-inspection/6900c046-1668-46cb-aa82-c944f64ad932_1000.jpg!m_fill,w_280,h_210,f_jpg?from=ke.com
20240923,丰台,七里庄,101126479377,丰台北路46号 2室2厅 南 北,698万,63856元/平,高楼层 (共14层) | 2006年 | 2室2厅 | 109.31平米 | 南 北,https://ke-image.ljcdn.com/110000-inspection/pc1_KJnqxdShz_1.jpg!m_fill,w_280,h_210,f_jpg?from=ke.com
20240923,丰台,七里庄,101126465477,七里庄 望园西里 二居室 地铁14号线,315万,49327元/平,高楼层 (共6层) 2室1厅 | 63.86平米 | 南 北,https://ke-image.ljcdn.com/110000-inspection/pc1_a6zjN0Vho_1.jpg!m_fill,w_280,h_210,f_jpg?from=ke.com
20240923,丰台,七里庄,101126402887,七里庄 小井润园11号院 南向二居室 地铁14号线,520万,54122元/平,中楼层 (共9层) | 2013年 | 2室2厅 | 96.08平米 | 南 北,https://ke-image.ljcdn.com/110000-inspection/964e127b-ca7b-4ac2-8551-4a8175a8e31b_1000.jpg!m_fill,w_280,h_210,f_jpg?from=ke.com
20240923,丰台,七里庄,101126393472,南北通透 精装修自住 两居室 楼层好,410万,55541元/平,中楼层 (共6层) 2室1厅 | 73.82平米 | 南 北,https://ke-image.ljcdn.com/110000-inspection/pc1_4Chjb8QRk_1.jpg!m_fill,w_280,h_210,f_jpg?from=ke.com
20240923,丰台,七里庄,101126386394,2014年社区 人车分流 板楼两梯四户 全明格局,650万,70461元/平,中楼层 (共28层) 2室1厅 | 92.25平米 | 南 北,https://ke-image.ljcdn.com/110000-inspection/pc1_4S2KMyfrM_1.jpg!m_fill,w_280,h_210,f_jpg?from=ke.com
20240923,丰台,七里庄,101126385780,望园东里满五唯一精装修高楼层视野好采光足两居室房主自荐,415万,60487元/平,高楼层 (共24层) | 1999年 | 2室1厅 | 68.61平米 | 南,https://ke-image.ljcdn.com/110000-inspection/pc1_vNN58q7pL.jpg!m_fill,w_280,h_210,f_jpg?from=ke.com
20240923,丰台,七里庄,101126370097,西局欣园北区 干休所环境优美 车位充足,1300万,79794元/平,中楼层 (共20层) | 2007年 | 4室1厅 | 162.92平米 | 南 西 北,https://ke-image.ljcdn.com/110000-inspection/b1d25019-cf44-45d0-adc6-22f5e0163b7b_1000.jpg!m_fill,w_280,h_210,f_jpg?from=ke.com
20240923,丰台,七里庄,101126367575,庄维花园主朝南精装两居拎包可住满五唯一,610万,63715元/平,高楼层 (共24层) | 2001年 | 2室1厅 | 95.74平米 | 南 西,https://ke-image.ljcdn.com/110000-inspection/pc1_3pZL67ttt_1.jpg!m_fill,w_280,h_210,f_jpg?from=ke.com
20240923,丰台,七里庄,101126362422,望园西里 2室1厅 东 西房主自荐,310万,53541元/平,高楼层 (共6层) 2室1厅 | 57.9平米 | 东 西,https://ke-image.ljcdn.com/110000-inspection/3ae01fac-3a00-40eb-8e4c-417727edebb8_1000.jpg!m_fill,w_280,h_210,f_jpg?from=ke.com
20240923,丰台,七里庄,101126359879,七里庄 保利欣苑 南北通透 地铁9号线,510万,64754元/平,底层 (共9层) | 2004年 | 3室1厅 | 78.76平米 | 南 北,https://ke-image.ljcdn.com/110000-inspection/pc1_Vut4hZWnG_1.jpg!m_fill,w_280,h_210,f_jpg?from=ke.com
20240923,丰台,七里庄,101126335853,丰台路口东里精装修中间楼层采光充足无遮挡两居室,291万,49940元/平,中楼层 (共6层) 2室1厅 | 58.27平米 | 北 南,https://ke-image.ljcdn.com/110000-inspection/pc1_anvthykVL_1.jpg!m_fill,w_280,h_210,f_jpg?from=ke.com
20240923,丰台,七里庄,101126289601,七里庄 丰台花园  庄维花园 明厨明卫3居室诚心卖,719万,55172元/平,高楼层 (共24层) | 2001年 | 3室2厅 | 130.32平米 | 南 北,https://ke-image.ljcdn.com/110000-inspection/pc1_Gev4YhXo0_1.jpg!m_fill,w_280,h_210,f_jpg?from=ke.com
20240923,丰台,七里庄,101126227989,泥洼路5号院 正规一居 西局商圈 中间楼层 诚意出,211万,44704元/平,中楼层 (共6层) 1室1厅 | 47.2平米 | 东 西,https://ke-image.ljcdn.com/110000-inspection/bab61f76-444c-4cbb-ad15-c34a567e87cb_1000.jpg!m_fill,w_280,h_210,f_jpg?from=ke.com
20240923,丰台,七里庄,101126226374,七里庄 东大街西里 楼层好采光好 南北通透的2居室,268万,46367元/平,中楼层 (共6层) 2室1厅 | 57.8平米 | 南 北,https://ke-image.ljcdn.com/110000-inspection/pc1_uYNdTfYeo_1.jpg!m_fill,w_280,h_210,f_jpg?from=ke.com
20240923,丰台,七里庄,101126158465,2014年社区 人车分流 两梯四户 南向视野采光好,539万,68073元/平,中楼层 (共28层) 2室1厅 | 79.18平米 | 南,https://ke-image.ljcdn.com/110000-inspection/pc1_fpfrokNJK_1.jpg!m_fill,w_280,h_210,f_jpg?from=ke.com
20240923,丰台,七里庄,101126113878,望园东里板楼二居精装拎包入住七里庄地铁200米。,420万,62167元/平,高楼层 (共6层) 2室1厅 | 67.56平米 | 南 北,https://ke-image.ljcdn.com/110000-inspection/pc1_eK3beqZZo_1.jpg!m_fill,w_280,h_210,f_jpg?from=ke.com
20240923,丰台,七里庄,101126037763,2016年新小区 管理好 电梯房 交通好 高楼层,398万,59994元/平,高楼层 (共29层) 1室1厅 | 66.34平米 | 南,https://ke-image.ljcdn.com/110000-inspection/10b5fc2f-98f4-4804-b66c-843786a0211f_1000.jpg!m_fill,w_280,h_210,f_jpg?from=ke.com
20240923,丰台,七里庄,101126037421,2016年的房子 楼龄新 电梯房 交通好 高楼层,480万,64249元/平,高楼层 (共29层) 2室2厅 | 74.71平米 | 南,https://ke-image.ljcdn.com/110000-inspection/355d5081-5406-487a-b77d-d7c278f25d32_1000.jpg!m_fill,w_280,h_210,f_jpg?from=ke.com
20240923,丰台,七里庄,101125984453,西局欣园南区 南北通透 满五唯一 随时看房,675万,74030元/平,低楼层 (共15层) 2室1厅 | 91.18平米 | 南 北,https://ke-image.ljcdn.com/110000-inspection/pc1_rj2YDLrz2_1.jpg!m_fill,w_280,h_210,f_jpg?from=ke.com
20240923,丰台,七里庄,101125967049,庄维花园 3室1厅 南 西 北,730万,53724元/平,低楼层 (共24层) 3室1厅 | 135.88平米 | 南 西 北,https://ke-image.ljcdn.com/110000-inspection/pc1_9LNtKas3a_1.jpg!m_fill,w_280,h_210,f_jpg?from=ke.com
20240923,丰台,七里庄,101125942145,望园东里满五唯一东南朝向采光好,980万,67410元/平,中楼层 (共24层) 3室2厅 | 145.38平米 | 东南,https://ke-image.ljcdn.com/110000-inspection/514e6537-7bcb-41c9-985e-12f06bd72ed4_1000.jpg!m_fill,w_280,h_210,f_jpg?from=ke.com
20240923,丰台,七里庄,101125918584,西局玉园朝南一居室此房已转商三条地铁线房主自荐,370万,65989元/平,高楼层 (共27层) | 2020年 | 1室1厅 | 56.07平米 | 南,https://ke-image.ljcdn.com/110000-inspection/cd062770-97df-441f-aaf9-0c79f69b5c4b_1000.jpg!m_fill,w_280,h_210,f_jpg?from=ke.com
20240923,丰台,七里庄,101125840466,小区中间  精装三居 南北无遮挡房主自荐,325万,46830元/平,顶层 (共6层) 3室1厅 | 69.4平米 | 南 北,https://ke-image.ljcdn.com/110000-inspection/pc1_NQnJspToh_1.jpg!m_fill,w_280,h_210,f_jpg?from=ke.com
20240923,丰台,七里庄,101125792094,望园西里三室一厅明厨明卫东西通透小区内部。房主自荐,312万,44860元/平,顶层 (共6层) 3室1厅 | 69.55平米 | 东 西 北,https://ke-image.ljcdn.com/110000-inspection/pc1_w7U1iMtU6_1.jpg!m_fill,w_280,h_210,f_jpg?from=ke.com
20240923,丰台,七里庄,101125688354,2014年社区 人车分流 两梯四户 南北通透三居室,950万,74833元/平,高楼层 (共28层) 3室1厅 | 126.95平米 | 南 北,https://ke-image.ljcdn.com/110000-inspection/pc1_xaHWQVxMg.jpg!m_fill,w_280,h_210,f_jpg?from=ke.com
20240923,丰台,七里庄,101125658686,地铁10号线西局站 精装修 南北通透全明两居出售,335万,58711元/平,中楼层 (共6层) 2室1厅 | 57.06平米 | 南 北,https://ke-image.ljcdn.com/110000-inspection/6d4fe636-0491-4014-85fb-6e10d4bfe3be_1000.jpg!m_fill,w_280,h_210,f_jpg?from=ke.com
20240923,丰台,七里庄,101125649298,此房满五年唯一高楼层无遮挡两梯六户,620万,48831元/平,中楼层 (共23层) | 2003年 | 3室2厅 | 126.97平米 | 东南 北,https://ke-image.ljcdn.com/110000-inspection/f8764a78-4c71-48e9-82fc-4d33c02b7e5c_1000.jpg!m_fill,w_280,h_210,f_jpg?from=ke.com
20240923,丰台,七里庄,101125644357,2014年诚售南向好房 方正户型  楼下地铁公园,346万,62152元/平,底层 (共27层) | 2020年 | 1室1厅 | 55.67平米 | 南,https://ke-image.ljcdn.com/110000-inspection/b6e57711-46f9-4217-af5b-05b9bf7b631d_1000.jpg!m_fill,w_280,h_210,f_jpg?from=ke.com
20240923,丰台,七里庄,101125634176,【精装修】好的楼层 视野好 楼下地铁和公园 诚心卖房主自荐,505万,66676元/平,高楼层 (共27层) | 2021年 | 2室1厅 | 75.74平米 | 南,https://ke-image.ljcdn.com/110000-inspection/685e66c4-dd73-4011-9a0b-965949b66185_1000.jpg!m_fill,w_280,h_210,f_jpg?from=ke.com
20240923,丰台,七里庄,101125557096,满五唯一南北通透位于高楼层视野好采光佳,560万,59072元/平,顶层 (共9层) 2室1厅 | 94.8平米 | 南 北,https://ke-image.ljcdn.com/110000-inspection/947c2cef-58c3-4b9c-976b-3e0f4d56e183_1000.jpg!m_fill,w_280,h_210,f_jpg?from=ke.com
20240923,丰台,七里庄,101125554756,望园东里近地铁高楼层采光充足无遮挡南北通透一居室,399万,57785元/平,高楼层 (共24层) | 1999年 | 1室1厅 | 69.05平米 | 南 北,https://ke-image.ljcdn.com/110000-inspection/c97bc868-2537-4dcf-90ae-009c3dd7e215_1000.jpg!m_fill,w_280,h_210,f_jpg?from=ke.com
20240923,丰台,七里庄,101125511756,【西局玉园】好价格 地铁公园  户型好 人车分流房主自荐,469万,61833元/平,底层 (共27层) | 2020年 | 2室1厅 | 75.85平米 | 南,https://ke-image.ljcdn.com/110000-inspection/77cd23e6-a33f-401b-adc2-e5494d53957c_1000.jpg!m_fill,w_280,h_210,f_jpg?from=ke.com
20240923,丰台,七里庄,101125509859,中建一局南院南北通透大两居室。房主自荐,420万,46461元/平,顶层 (共5层) 2室1厅 | 90.4平米 | 南 北,https://ke-image.ljcdn.com/110000-inspection/pc1_6gzDyZV8c.jpg!m_fill,w_280,h_210,f_jpg?from=ke.com
20240923,丰台,七里庄,101125471772,七里庄  望园东里 2005年一居变两居,279万,49822元/平,顶层 (共24层) | 2005年 | 2室1厅 | 56平米 | 北,https://ke-image.ljcdn.com/110000-inspection/pc1_tLnaRNfBC_1.jpg!m_fill,w_280,h_210,f_jpg?from=ke.com
20240923,丰台,七里庄,101125436723,七里庄庄维多摩市二期 05年房落地飘窗,568万,62036元/平,高楼层 (共21层) | 2004年 | 2室1厅 | 91.56平米 | 南 西,https://ke-image.ljcdn.com/110000-inspection/pc1_sdDzeufIW_1.jpg!m_fill,w_280,h_210,f_jpg?from=ke.com
20240923,丰台,七里庄,101125410079,丽泽商务区 西局 花园环境 周庄子家园南向两居出售,530万,68019元/平,顶层 (共17层) | 2019年 | 2室1厅 | 77.92平米 | 南,https://ke-image.ljcdn.com/110000-inspection/860c0fb3-1881-4fb0-a7e3-3269c0d14fdd_1000.jpg!m_fill,w_280,h_210,f_jpg?from=ke.com
20240923,丰台,七里庄,101125359739,东大街西里 经典户型两居 中间层 无遮挡,265万,51657元/平,中楼层 (共6层) 2室1厅 | 51.3平米 | 南 北,https://ke-image.ljcdn.com/110000-inspection/pc1_SnQOXRdZl_1.jpg!m_fill,w_280,h_210,f_jpg?from=ke.com
20240923,丰台,七里庄,101125341484,满五唯一业主诚意出售看房方便,385万,58070元/平,中楼层 (共24层) 1室1厅 | 66.3平米 | 东 南 东南,https://ke-image.ljcdn.com/110000-inspection/e77d8278-e3bc-4b18-8ff2-571b803d1ba3_1000.jpg!m_fill,w_280,h_210,f_jpg?from=ke.com
20240923,丰台,七里庄,101125329096,庄维花园东南向精装两居 诚心出售价格可谈随时签约,488万,56541元/平,中楼层 (共24层) 2室1厅 | 86.31平米 | 东南,https://ke-image.ljcdn.com/110000-inspection/pc1_yIb1YpK1v_1.jpg!m_fill,w_280,h_210,f_jpg?from=ke.com
20240923,丰台,七里庄,101125308187,保利欣苑精装修全明三居南北通透,810万,69876元/平,中楼层 (共9层) 3室2厅 | 115.92平米 | 南 北,https://ke-image.ljcdn.com/110000-inspection/pc1_foIYmgHlE.jpg!m_fill,w_280,h_210,f_jpg?from=ke.com
20240923,丰台,七里庄,101125286511,望园西里近地铁视野佳采光充足两居室房主自荐,298万,48307元/平,高楼层 (共6层) 3室1厅 | 61.69平米 | 西北,https://ke-image.ljcdn.com/110000-inspection/b2570153-7d5d-4bed-8f9f-0ebd9d6914ef_1000.jpg!m_fill,w_280,h_210,f_jpg?from=ke.com
20240923,丰台,七里庄,101125271599,中建一局北院带电梯中楼层精装修南北通透两居室,420万,53640元/平,中楼层 (共14层) 2室1厅 | 78.3平米 | 南 北,https://ke-image.ljcdn.com/110000-inspection/pc1_GZFUUpXqD_1.jpg!m_fill,w_280,h_210,f_jpg?from=ke.com
20240923,丰台,七里庄,101125261936,西局玉园 南向正规一室一厅 精装修 高楼层 采光好,398万,70983元/平,中楼层 (共27层) | 2020年 | 1室1厅 | 56.07平米 | 南,https://ke-image.ljcdn.com/110000-inspection/pc1_Wb4iB1fYK.jpg!m_fill,w_280,h_210,f_jpg?from=ke.com
20240923,丰台,七里庄,101125260121,六里桥家园  2016年小区  六里桥地铁口,490万,64280元/平,中楼层 (共29层) 2室2厅 | 76.23平米 | 南 北,https://ke-image.ljcdn.com/110000-inspection/pc1_cYDbJ5Ht0_1.jpg!m_fill,w_280,h_210,f_jpg?from=ke.com
20240923,丰台,七里庄,101125255852,中建一局北院 3室1厅 南,426万,46917元/平,高楼层 (共6层) 3室1厅 | 90.8平米 | 南,https://ke-image.ljcdn.com/110000-inspection/122028d2-95b1-4386-be49-6cbe12cb6d20_1000.jpg!m_fill,w_280,h_210,f_jpg?from=ke.com
20240923,丰台,七里庄,101125220901,庄维花园 3室1厅 东南 北,749万,55123元/平,高楼层 (共24层) 3室1厅 | 135.88平米 | 东南 北,https://ke-image.ljcdn.com/110000-inspection/pc1_xOfyWAZiD_1.jpg!m_fill,w_280,h_210,f_jpg?from=ke.com
20240923,丰台,七里庄,101125208978,望园东里满五唯一近地铁一居室,290万,58082元/平,顶层 (共6层) | 2000年 | 1室1厅 | 49.93平米 | 东,https://ke-image.ljcdn.com/110000-inspection/pc1_111QL5yb0_1.jpg!m_fill,w_280,h_210,f_jpg?from=ke.com
20240923,丰台,七里庄,101125205319,七里庄 庄维花园 南向三居室精装修拎包入住,760万,61774元/平,高楼层 (共24层) | 2001年 | 3室2厅 | 123.03平米 | 西南,https://ke-image.ljcdn.com/110000-inspection/pc1_tENlgUQpQ_1.jpg!m_fill,w_280,h_210,f_jpg?from=ke.com
20240923,丰台,七里庄,101125203571,望园西里二居室出售明厨明卫可贷款地铁700米,440万,63843元/平,低楼层 (共6层) 2室1厅 | 68.92平米 | 南 北,https://ke-image.ljcdn.com/110000-inspection/84975b55-24cf-46d4-99a7-57a733093632_1000.jpg!m_fill,w_280,h_210,f_jpg?from=ke.com
20240923,丰台,七里庄,101125186275,望园东里 1室1厅 南,350万,71444元/平,低楼层 (共6层) 1室1厅 | 48.99平米 | 南,https://ke-image.ljcdn.com/110000-inspection/pc1_2cfeh78DT_1.jpg!m_fill,w_280,h_210,f_jpg?from=ke.com
20240923,丰台,七里庄,101125174842,望园东里 3室2厅 西南,780万,60452元/平,中楼层 (共19层) | 2007年 | 3室2厅 | 129.03平米 | 西南,https://ke-image.ljcdn.com/110000-inspection/pc1_kDluGwdMP_1.jpg!m_fill,w_280,h_210,f_jpg?from=ke.com
20240923,丰台,七里庄,101125118636,此房满五唯一中间楼层明厨明卫南北通透单位已,440万,57585元/平,中楼层 (共6层) 3室1厅 | 76.41平米 | 南 北,https://ke-image.ljcdn.com/110000-inspection/973bd856-f5b0-43ae-964e-99fccd44f979_1000.jpg!m_fill,w_280,h_210,f_jpg?from=ke.com
20240923,丰台,七里庄,101125057326,庄维花园 板楼两居 中间楼层 有电梯,410万,54104元/平,中楼层 (共14层) 2室1厅 | 75.78平米 | 西南,https://ke-image.ljcdn.com/110000-inspection/pc1_zGrUJQMlv_1.jpg!m_fill,w_280,h_210,f_jpg?from=ke.com
20240923,丰台,七里庄,101125056746,周庄子家园 南北通透三居室 明厨明卫,1020万,80013元/平,高楼层 (共28层) 3室1厅 | 127.48平米 | 南 北,https://ke-image.ljcdn.com/110000-inspection/80fc05e2-b0ef-4526-b358-cd6d9ed5a706_1000.jpg!m_fill,w_280,h_210,f_jpg?from=ke.com
20240923,丰台,七里庄,101125041034,望园东里精装3居诚意出售满五唯一地铁400米,680万,57569元/平,高楼层 (共24层) 3室1厅 | 118.12平米 | 西北,https://ke-image.ljcdn.com/110000-inspection/031ae7f1-71f7-494b-9ef8-b5ef2df9e014_1000.jpg!m_fill,w_280,h_210,f_jpg?from=ke.com
20240923,丰台,七里庄,101125033153,西局玉园朝南小两居正对小区花园,530万,69354元/平,中楼层 (共27层) 2室1厅 | 76.42平米 | 南,https://ke-image.ljcdn.com/110000-inspection/pc1_6rT1NXckr_1.jpg!m_fill,w_280,h_210,f_jpg?from=ke.com
20240923,丰台,七里庄,101125006940,10号线西局站单价低三居室只产生契税。,599万,36485元/平,低楼层 (共24层) 3室1厅 | 164.18平米 | 西南 北,https://ke-image.ljcdn.com/110000-inspection/pc1_dIITpeR49_1.jpg!m_fill,w_280,h_210,f_jpg?from=ke.com
20240923,丰台,七里庄,101124990077,七里庄 望园西里 南北三居室 地铁9号线,420万,56391元/平,高楼层 (共6层) 3室1厅 | 74.48平米 | 南 北,https://ke-image.ljcdn.com/110000-inspection/161656a3-75ae-41c2-b86c-cb12e0195808_1000.jpg!m_fill,w_280,h_210,f_jpg?from=ke.com
20240923,丰台,七里庄,101124939372,周庄子2014年社区 人车分流 2梯四户 全南一居,445万,69164元/平,低楼层 (共28层) 1室1厅 | 64.34平米 | 南,https://ke-image.ljcdn.com/110000-inspection/b62f49ae-dff3-4af6-9689-d8c3a72d30f1_1000.jpg!m_fill,w_280,h_210,f_jpg?from=ke.com
20240923,丰台,七里庄,101124906713,七里庄 望园东里 户型方正中低楼层 两居室出售,473万,61477元/平,低楼层 (共6层) 2室1厅 | 76.94平米 | 东 北,https://ke-image.ljcdn.com/110000-inspection/7fca199a-7cf2-4eb6-8f19-d4d20e40d4a7_1000.jpg!m_fill,w_280,h_210,f_jpg?from=ke.com
20240923,丰台,七里庄,101124898443,中建一局南院南北两居满五年商品房不临街随时签约,259万,47006元/平,中楼层 (共5层) 2室1厅 | 55.1平米 | 南 北,https://ke-image.ljcdn.com/110000-inspection/pc1_YF1o0RWMV_1.jpg!m_fill,w_280,h_210,f_jpg?from=ke.com
20240923,丰台,七里庄,101124898355,望园东里 西南一居 采光视野好 装修好 楼龄新,395万,59578元/平,低楼层 (共24层) 1室1厅 | 66.3平米 | 西南,https://ke-image.ljcdn.com/110000-inspection/pc1_QyR7UnUx3_1.jpg!m_fill,w_280,h_210,f_jpg?from=ke.com
20240923,丰台,七里庄,101124872832,七里庄庄维多摩市三期 落地窗飘窗的2居室 诚心出售,580万,67615元/平,高楼层 (共22层) | 2006年 | 2室1厅 | 85.78平米 | 东南,https://ke-image.ljcdn.com/110000-inspection/pc1_OWveK30Wr_1.jpg!m_fill,w_280,h_210,f_jpg?from=ke.com
20240923,丰台,七里庄,101124841364,西局玉园 2居全南 低层板楼 小区人车分流,480万,63208元/平,底层 (共27层) | 2020年 | 2室1厅 | 75.94平米 | 南,https://ke-image.ljcdn.com/110000-inspection/c3d7606b-659c-4f99-a63d-55c371eb0feb_1000.jpg!m_fill,w_280,h_210,f_jpg?from=ke.com
20240923,丰台,七里庄,101124792015,望园东里板楼三居满五年唯一商品房,475万,58766元/平,顶层 (共6层) 3室1厅 | 80.83平米 | 东 南 北,https://ke-image.ljcdn.com/110000-inspection/pc1_bFK7yhrYG.jpg!m_fill,w_280,h_210,f_jpg?from=ke.com
20240923,丰台,七里庄,101124739865,此房按满五唯一出售中间楼层无遮挡看房方便,390万,57060元/平,中楼层 (共6层) 2室1厅 | 68.35平米 | 南 北,https://ke-image.ljcdn.com/110000-inspection/f2e42490-61e9-4e5d-8053-565d0d7b61d5_1000.jpg!m_fill,w_280,h_210,f_jpg?from=ke.com
20240923,丰台,七里庄,101124681778,庄维花园 3室2厅 西南,770万,62248元/平,高楼层 (共22层) 3室2厅 | 123.7平米 | 西南,https://ke-image.ljcdn.com/110000-inspection/pc1_nX8fcOHN0_1.jpg!m_fill,w_280,h_210,f_jpg?from=ke.com
20240923,丰台,七里庄,101124671850,地铁十号线西局站两条地铁线。,320万,52589元/平,中楼层 (共6层) 2室1厅 | 60.85平米 | 南 北,https://ke-image.ljcdn.com/110000-inspection/pc1_rRpnKcVUv_1.jpg!m_fill,w_280,h_210,f_jpg?from=ke.com
20240923,丰台,七里庄,101124668040,望园东里满五年近地铁低楼层,600万,45879元/平,低楼层 (共23层) | 2003年 | 3室2厅 | 130.78平米 | 西,https://ke-image.ljcdn.com/110000-inspection/pc1_H92dkeEJx.jpg!m_fill,w_280,h_210,f_jpg?from=ke.com
20240923,丰台,七里庄,101124660654,庄维多摩市二期东南向一室两厅精装维护好拎包入住,451万,61495元/平,中楼层 (共21层) 1室2厅 | 73.34平米 | 东南,https://ke-image.ljcdn.com/110000-inspection/pc1_GOhC6OIb5_1.jpg!m_fill,w_280,h_210,f_jpg?from=ke.com
20240923,丰台,七里庄,101124650273,西四环南路50号满五年单位分房低楼层,290万,46896元/平,底层 (共6层) 2室1厅 | 61.84平米 | 南 北,https://ke-image.ljcdn.com/110000-inspection/54351bb5-8b5f-4017-9214-50344338fc58_1000.jpg!m_fill,w_280,h_210,f_jpg?from=ke.com
20240923,丰台,七里庄,101124520136,望园西里满五唯一南北通透诚意出售三居室,398万,59931元/平,底层 (共6层) 3室1厅 | 66.41平米 | 南 北,https://ke-image.ljcdn.com/110000-inspection/pc1_N8TeqyLwx_1.jpg!m_fill,w_280,h_210,f_jpg?from=ke.com
20240923,丰台,七里庄,101124518168,中建一局北院 2室1厅 南 北,320万,46818元/平,顶层 (共6层) 2室1厅 | 68.35平米 | 南 北,https://ke-image.ljcdn.com/110000-inspection/7ad4229a-2a8b-4a3a-8bd0-83ccfc6a3984_1000.jpg!m_fill,w_280,h_210,f_jpg?from=ke.com
20240923,丰台,七里庄,101124504211,七里庄 中高楼层 西南北朝向 三居室出售,650万,51194元/平,高楼层 (共23层) | 2003年 | 3室2厅 | 126.97平米 | 南 西 北,https://ke-image.ljcdn.com/110000-inspection/d6e9ad56-f214-4e77-9f78-cba497cc7d28_1000.jpg!m_fill,w_280,h_210,f_jpg?from=ke.com
20240923,丰台,七里庄,101124499046,七里庄 中建一局北院 南北通透 地铁9号线,385万,58184元/平,底层 (共6层) 2室1厅 | 66.17平米 | 南 北,https://ke-image.ljcdn.com/110000-inspection/pc1_mOeYawQq7_1.jpg!m_fill,w_280,h_210,f_jpg?from=ke.com
20240923,丰台,七里庄,101124496940,望园东里 高楼层 满五唯一 近地铁精装大两居,560万,51939元/平,高楼层 (共24层) | 2005年 | 2室1厅 | 107.82平米 | 西南,https://ke-image.ljcdn.com/110000-inspection/pc1_JhjDHepOe_1.jpg!m_fill,w_280,h_210,f_jpg?from=ke.com
20240923,丰台,七里庄,101124493760,庄维花园 3室2厅 西南 西,750万,55196元/平,中楼层 (共24层) 3室2厅 | 135.88平米 | 西南 西,https://ke-image.ljcdn.com/110000-inspection/0f34012a-a4ef-4d83-9a12-025c87905a14_1000.jpg!m_fill,w_280,h_210,f_jpg?from=ke.com
20240923,丰台,七里庄,101124473868,七里庄 庄维花园 东南朝向两居室 看房方便,515万,59346元/平,中楼层 (共22层) 2室2厅 | 86.78平米 | 东南,https://ke-image.ljcdn.com/110000-inspection/pc1_9OVqtk300_1.jpg!m_fill,w_280,h_210,f_jpg?from=ke.com
20240923,丰台,七里庄,101124440526,周庄子家园 2室1厅 南 北,650万,70021元/平,高楼层 (共28层) | 2019年 | 2室1厅 | 92.83平米 | 南 北,https://ke-image.ljcdn.com/110000-inspection/pc1_8onXOjx1t_1.jpg!m_fill,w_280,h_210,f_jpg?from=ke.com
20240923,丰台,七里庄,101124421060,庄维花园精装大两居 和花园对面 景观好房主自荐,536万,52782元/平,低楼层 (共22层) 2室1厅 | 101.55平米 | 西南,https://ke-image.ljcdn.com/110000-inspection/pc1_qAxfrmk1S_1.jpg!m_fill,w_280,h_210,f_jpg?from=ke.com
20240923,丰台,七里庄,101124379381,西局玉园 高层板楼 人车分流 2居全南 西局地铁站,508万,66258元/平,中楼层 (共27层) | 2021年 | 2室1厅 | 76.67平米 | 南,https://ke-image.ljcdn.com/110000-inspection/pc1_bFUCB1g8J_1.jpg!m_fill,w_280,h_210,f_jpg?from=ke.com
20240923,丰台,七里庄,101124316266,楼层高视野开阔全南朝向采光好诚心出售价格,530万,66945元/平,低楼层 (共28层) 2室1厅 | 79.17平米 | 南,https://ke-image.ljcdn.com/110000-inspection/ead055e7-4a99-4f21-a8a2-b1b708f3ac5f_1000.jpg!m_fill,w_280,h_210,f_jpg?from=ke.com
20240923,丰台,七里庄,101124281969,望园东里板楼两居南北通透满五年唯一地铁300米,360万,55343元/平,顶层 (共6层) 2室1厅 | 65.05平米 | 南 北,https://ke-image.ljcdn.com/110000-inspection/378bfb3e-3265-4066-85fd-67a3e56afc2e_1000.jpg!m_fill,w_280,h_210,f_jpg?from=ke.com
20240923,丰台,七里庄,101124263025,北大地七里庄精装三室两厅双阳台公摊小有车位房主自荐,559万,49938元/平,高楼层 (共6层) 3室2厅 | 111.94平米 | 西,https://ke-image.ljcdn.com/110000-inspection/pc1_EXpRI7mfr_1.jpg!m_fill,w_280,h_210,f_jpg?from=ke.com
20240923,丰台,七里庄,101124220404,庄维花园 3室2厅 西南,799万,64944元/平,中楼层 (共24层) | 2001年 | 3室2厅 | 123.03平米 | 西南,https://ke-image.ljcdn.com/110000-inspection/pc1_SrmL4L2aq_1.jpg!m_fill,w_280,h_210,f_jpg?from=ke.com
20240923,丰台,七里庄,101124200439,西四环南路50号中间楼层刚需两居室,218万,44059元/平,中楼层 (共6层) 2室1厅 | 49.48平米 | 东 北,https://ke-image.ljcdn.com/110000-inspection/pc1_PzOuGTr9T_1.jpg!m_fill,w_280,h_210,f_jpg?from=ke.com
20240923,丰台,七里庄,101124168269,七里庄东大街西里教师家属院精装三居 不临街满五唯一,288万,46701元/平,高楼层 (共6层) 3室1厅 | 61.67平米 | 西南,https://ke-image.ljcdn.com/110000-inspection/pc1_A6liyDcKH_1.jpg!m_fill,w_280,h_210,f_jpg?from=ke.com
20240923,丰台,七里庄,101124128408,望园东里 3室1厅 东房主自荐,690万,52761元/平,低楼层 (共23层) | 2003年 | 3室1厅 | 130.78平米 | 东,https://ke-image.ljcdn.com/110000-inspection/f7b8fbe6-4130-4f9f-9aa9-90ab06eac0dc_1000.jpg!m_fill,w_280,h_210,f_jpg?from=ke.com
20240923,丰台,七里庄,101124118348,七里庄地铁口北大街北里中楼层全南一居。,210万,50676元/平,中楼层 (共6层) 1室1厅 | 41.44平米 | 南,https://ke-image.ljcdn.com/110000-inspection/pc1_u7XcyKFcM_1.jpg!m_fill,w_280,h_210,f_jpg?from=ke.com
20240923,丰台,七里庄,101124113244,西四环南路46号业主诚意出售。,1161万,73561元/平,低楼层 (共27层) | 2006年 | 3室0厅 | 157.83平米 | 东,https://ke-image.ljcdn.com/110000-inspection/9671b730-c5fa-4700-8a4c-c2574a93c20c_1000.jpg!m_fill,w_280,h_210,f_jpg?from=ke.com
20240923,丰台,七里庄,101124113118,西四环南路46号业主诚意出售。,1208万,75956元/平,低楼层 (共27层) | 2006年 | 3室0厅 | 159.04平米 | 东,https://ke-image.ljcdn.com/110000-inspection/pc1_t1wr2CFJl_1.jpg!m_fill,w_280,h_210,f_jpg?from=ke.com
20240923,丰台,七里庄,101124106049,望园东里板楼三居急售满五年唯一地铁七里庄200米,470万,58147元/平,中楼层 (共6层) 3室1厅 | 80.83平米 | 东 西,https://ke-image.ljcdn.com/110000-inspection/0e4647bd-dbfa-4df3-a4d1-b5274d6aecd9_1000.jpg!m_fill,w_280,h_210,f_jpg?from=ke.com
20240923,丰台,七里庄,101124053672,丰台区七里庄地铁口东大街东里一层好房出售9+14号线,315万,63127元/平,底层 (共6层) 2室1厅 | 49.9平米 | 南 北,https://ke-image.ljcdn.com/110000-inspection/pc1_qJ7IV2jHh_1.jpg!m_fill,w_280,h_210,f_jpg?from=ke.com
20240923,丰台,七里庄,101124035852,卖房诚意度更高 价格更低 费用更低 随时签约 来电咨询,610万,78286元/平,中楼层 (共17层) 2室1厅 | 77.92平米 | 南,https://ke-image.ljcdn.com/110000-inspection/60782d88-7c44-433e-a94e-cc4dc764bfc8_1000.jpg!m_fill,w_280,h_210,f_jpg?from=ke.com
20240923,丰台,七里庄,101124032098,丰台区东大街西里南向一居室出售满五唯一诚心出售,196万,53847元/平,底层 (共6层) 1室1厅 | 36.4平米 | 南,https://ke-image.ljcdn.com/110000-inspection/pc1_jmed7rCHI_1.jpg!m_fill,w_280,h_210,f_jpg?from=ke.com
20240923,丰台,七里庄,101124018893,胡桃园小区2000年中间楼层南北通透三居室,600万,47912元/平,中楼层 (共6层) 3室1厅 | 125.23平米 | 南 北,https://ke-image.ljcdn.com/110000-inspection/pc1_kdqqrGGLn_1.jpg!m_fill,w_280,h_210,f_jpg?from=ke.com
20240923,丰台,七里庄,101123949333,西局欣园南区 南北两居诚心出售随时配合签约,718万,60822元/平,低楼层 (共16层) 2室2厅 | 118.05平米 | 南 北,https://ke-image.ljcdn.com/110000-inspection/2c47a14a-f56d-4aed-afea-951ca4320e89_1000.jpg!m_fill,w_280,h_210,f_jpg?from=ke.com
20240923,丰台,七里庄,101123928709,庄维多摩市三期东南向大两居楼层高朝向好落地窗,698万,61025元/平,顶层 (共22层) | 2006年 | 2室2厅 | 114.38平米 | 东南,https://ke-image.ljcdn.com/110000-inspection/pc1_LrSeyQG6D_1.jpg!m_fill,w_280,h_210,f_jpg?from=ke.com
20240923,丰台,七里庄,101123909887,望园东里精装修满五唯一南北通透大两居房主自荐,560万,57284元/平,底层 (共6层) 2室2厅 | 97.76平米 | 南 北,https://ke-image.ljcdn.com/110000-inspection/pc1_U8xvauSTY.jpg!m_fill,w_280,h_210,f_jpg?from=ke.com
20240923,丰台,七里庄,101123855787,板楼两梯四户人车分流高层无遮挡,616万,77808元/平,高楼层 (共28层) 2室1厅 | 79.17平米 | 南,https://ke-image.ljcdn.com/110000-inspection/5ba4a976-d6c0-4dec-8747-03f919110aa7_1000.jpg!m_fill,w_280,h_210,f_jpg?from=ke.com
20240923,丰台,七里庄,101123838654,格局方正配套设施齐全交通便利两条地铁线,290万,53114元/平,顶层 (共6层) 2室1厅 | 54.6平米 | 南 北,https://ke-image.ljcdn.com/110000-inspection/c726eb01-2f70-4c0f-b2ea-a708eb425985_1000.jpg!m_fill,w_280,h_210,f_jpg?from=ke.com
20240923,丰台,七里庄,101123827846,望园东里南北通透满五唯一低楼层近地铁,580万,69796元/平,低楼层 (共6层) 2室1厅 | 83.1平米 | 南 北,https://ke-image.ljcdn.com/110000-inspection/f33be7b4-9f91-4866-a929-ada5e6c28234_1000.jpg!m_fill,w_280,h_210,f_jpg?from=ke.com
20240923,丰台,七里庄,101123787676,东大街西里 2室1厅 南 北,275万,52875元/平,低楼层 (共6层) 2室1厅 | 52.01平米 | 南 北,https://ke-image.ljcdn.com/110000-inspection/pc1_Ssib3LESw_1.jpg!m_fill,w_280,h_210,f_jpg?from=ke.com
20240923,丰台,七里庄,101123783313,周庄子家园大三居出来了小区总共28套,1398万,77311元/平,高楼层 (共28层) | 2019年 | 3室1厅 | 180.83平米 | 南,https://ke-image.ljcdn.com/110000-inspection/pc1_8hQfdLCcX_1.jpg!m_fill,w_280,h_210,f_jpg?from=ke.com
20240923,丰台,七里庄,101123777311,胡桃园 2室1厅 南 北,240万,41423元/平,顶层 (共6层) 2室1厅 | 57.94平米 | 南 北,https://ke-image.ljcdn.com/110000-inspection/ac5b829b-6c5d-4e3b-bde0-9b18bcf21a3a_1000.jpg!m_fill,w_280,h_210,f_jpg?from=ke.com
20240923,丰台,七里庄,101123728619,七里庄 中建一局南院 二居室 地铁9号线,280万,50817元/平,中楼层 (共5层) 2室1厅 | 55.1平米 | 南 北,https://ke-image.ljcdn.com/110000-inspection/pc1_X8Upy5WJf_1.jpg!m_fill,w_280,h_210,f_jpg?from=ke.com
20240923,丰台,七里庄,101123720207,东大街 楼龄新 双卧朝南 大两居 户型方正房主自荐,755万,66223元/平,低楼层 (共22层) | 2006年 | 2室2厅 | 114.01平米 | 南 西,https://ke-image.ljcdn.com/110000-inspection/pc1_ZKRrIMA70_1.jpg!m_fill,w_280,h_210,f_jpg?from=ke.com
20240923,丰台,七里庄,101123708508,中建一局北院满五唯一商品房中楼层南向两居室,300万,50676元/平,中楼层 (共6层) 2室1厅 | 59.2平米 | 南,https://ke-image.ljcdn.com/110000-inspection/8c627e0c-25fe-4612-bb45-4a5315b2f0e7_1000.jpg!m_fill,w_280,h_210,f_jpg?from=ke.com
20240923,丰台,七里庄,101123705201,满五唯一商品房精装修看房方便,470万,56702元/平,高楼层 (共24层) | 1999年 | 2室1厅 | 82.89平米 | 东南,https://ke-image.ljcdn.com/110000-inspection/pc1_PwEkl4lE9_1.jpg!m_fill,w_280,h_210,f_jpg?from=ke.com
20240923,丰台,七里庄,101123677805,七里庄 庄维多摩市三期 高楼层日照充足 地铁9号线,560万,65276元/平,高楼层 (共22层) | 2006年 | 2室1厅 | 85.79平米 | 西南,https://ke-image.ljcdn.com/110000-inspection/pc1_HIvLMh0WD_1.jpg!m_fill,w_280,h_210,f_jpg?from=ke.com
20240923,丰台,七里庄,101123673098,北大街北里 2室1厅 东南,326万,61406元/平,中楼层 (共6层) 2室1厅 | 53.09平米 | 东南,https://ke-image.ljcdn.com/110000-inspection/pc1_w46sFF7Bb_1.jpg!m_fill,w_280,h_210,f_jpg?from=ke.com
20240923,丰台,七里庄,101123638692,东南向两居 采光好 配套设施齐全 出行方便,430万,51590元/平,底层 (共24层) | 2000年 | 2室1厅 | 83.35平米 | 东南,https://ke-image.ljcdn.com/110000-inspection/7fc00ed8-7bec-4d54-bfe6-c39e9e30ace9_1000.jpg!m_fill,w_280,h_210,f_jpg?from=ke.com
20240923,丰台,七里庄,101123619043,庄维板楼南向两居 商品房满五年唯一诚心出售随时签,456万,57424元/平,高楼层 (共14层) 2室1厅 | 79.41平米 | 南,https://ke-image.ljcdn.com/110000-inspection/pc1_yRyNaOlb6_1.jpg!m_fill,w_280,h_210,f_jpg?from=ke.com
20240923,丰台,七里庄,101123579339,北大街北里 1室1厅 南,208万,45675元/平,中楼层 (共6层) 1室1厅 | 45.54平米 | 南,https://ke-image.ljcdn.com/110000-inspection/a64b1f0c-64f8-4708-bea7-af0bcf818356_1000.jpg!m_fill,w_280,h_210,f_jpg?from=ke.com
20240923,丰台,七里庄,101123559725,2014年社区 人车分流 2梯四户 全南朝向 中间楼层,475万,73827元/平,中楼层 (共28层) | 2019年 | 1室1厅 | 64.34平米 | 南,https://ke-image.ljcdn.com/110000-inspection/pc1_aQNCgoOyk_1.jpg!m_fill,w_280,h_210,f_jpg?from=ke.com
20240923,丰台,七里庄,101123559618,望园东里三居室满五唯一南北通透,463万,46849元/平,低楼层 (共6层) 2室2厅 | 98.83平米 | 南 北,https://ke-image.ljcdn.com/110000-inspection/pc1_sUHwEvAWe_1.jpg!m_fill,w_280,h_210,f_jpg?from=ke.com
20240923,丰台,七里庄,101123511108,中建一局北院 两居室 低楼层 无遮挡 采光好 满五年房主自荐,339万,54678元/平,低楼层 (共6层) 2室1厅 | 62平米 | 西北,https://ke-image.ljcdn.com/110000-inspection/pc1_3cXZV4Gq6_1.jpg!m_fill,w_280,h_210,f_jpg?from=ke.com
20240923,丰台,七里庄,101123509344,北大街北里南北通透的两居室2003年的新楼盘社区,286万,50890元/平,高楼层 (共6层) | 2003年 | 2室1厅 | 56.2平米 | 南 北,https://ke-image.ljcdn.com/110000-inspection/pc1_8HHOAHm6V_1.jpg!m_fill,w_280,h_210,f_jpg?from=ke.com
20240923,丰台,七里庄,101123449513,东大街西里 东南两居 精装修 采光好,295万,54030元/平,高楼层 (共6层) 2室1厅 | 54.6平米 | 东南,https://ke-image.ljcdn.com/110000-inspection/pc1_BPwOnGrZD_1.jpg!m_fill,w_280,h_210,f_jpg?from=ke.com
20240923,丰台,七里庄,101123430675,丰台北大街北里南北两居户型好楼层低,298万,55816元/平,中楼层 (共6层) 2室1厅 | 53.39平米 | 南 北,https://ke-image.ljcdn.com/110000-inspection/pc1_gHDTpGNdg_1.jpg!m_fill,w_280,h_210,f_jpg?from=ke.com
20240923,丰台,七里庄,101123381404,东大街西里东向两居室出售精装修房主诚心出售,215万,42744元/平,顶层 (共6层) 2室1厅 | 50.3平米 | 东北,https://ke-image.ljcdn.com/110000-inspection/pc1_ePHtk0NJ7_1.jpg!m_fill,w_280,h_210,f_jpg?from=ke.com
20240923,丰台,七里庄,101123328860,七里庄 庄维花园精装修三居室户型通透不临街,725万,55331元/平,低楼层 (共22层) 3室2厅 | 131.03平米 | 东南 北,https://ke-image.ljcdn.com/110000-inspection/pc1_4KCBIEDkw_1.jpg!m_fill,w_280,h_210,f_jpg?from=ke.com
20240923,丰台,七里庄,101123278328,中建一局北院 2室1厅 南,410万,60786元/平,低楼层 (共6层) 2室1厅 | 67.45平米 | 南,https://ke-image.ljcdn.com/110000-inspection/pc1_GdMZg61pR.jpg!m_fill,w_280,h_210,f_jpg?from=ke.com
20240923,丰台,七里庄,101123277110,中建一局北院南北通透三居室采光充足无遮挡,298万,41621元/平,顶层 (共6层) 3室1厅 | 71.6平米 | 南 北,https://ke-image.ljcdn.com/110000-inspection/pc1_aD4rV8LBQ_1.jpg!m_fill,w_280,h_210,f_jpg?from=ke.com
20240923,丰台,七里庄,101123254088,中建一局北院 满五唯一 低楼层南北通透三居,490万,66127元/平,底层 (共6层) | 1982年 | 3室1厅 | 74.1平米 | 南 北,https://ke-image.ljcdn.com/110000-inspection/e7f61d39-48a2-4ef3-80a2-8ecef04a6f1f_1000.jpg!m_fill,w_280,h_210,f_jpg?from=ke.com
20240923,丰台,七里庄,101123190980,东大街西里 南北三居 有单独客厅,375万,48481元/平,顶层 (共6层) 3室1厅 | 77.35平米 | 南 北,https://ke-image.ljcdn.com/110000-inspection/pc1_3ujWXy0bj_1.jpg!m_fill,w_280,h_210,f_jpg?from=ke.com
20240923,丰台,七里庄,101123184093,西四环南路32号满五唯东向一居室,207万,40966元/平,中楼层 (共5层) 2室1厅 | 50.53平米 | 东,https://ke-image.ljcdn.com/110000-inspection/pc1_gITdYE5HF_1.jpg!m_fill,w_280,h_210,f_jpg?from=ke.com
20240923,丰台,七里庄,101123159711,近园路南北通透的两居室楼龄新房主诚心出售房主自荐,318万,46451元/平,顶层 (共6层) 2室1厅 | 68.46平米 | 南 北,https://ke-image.ljcdn.com/110000-inspection/pc1_ABYPLM1x8_1.jpg!m_fill,w_280,h_210,f_jpg?from=ke.com
20240923,丰台,七里庄,101123156071,庄维花园 3室2厅 东 南,770万,62248元/平,中楼层 (共22层) 3室2厅 | 123.7平米 | 东 南,https://ke-image.ljcdn.com/110000-inspection/pc1_CnLVvJJNe_1.jpg!m_fill,w_280,h_210,f_jpg?from=ke.com
20240923,丰台,七里庄,101123147877,2016年新小区 电梯房 管理好 交通好 高楼层,495万,65218元/平,高楼层 (共29层) 2室1厅 | 75.9平米 | 南 北,https://ke-image.ljcdn.com/110000-inspection/pc1_0X00yqUfn_1.jpg!m_fill,w_280,h_210,f_jpg?from=ke.com
20240923,丰台,七里庄,101123075598,此房满五唯一中间楼层明厨明卫南北通透,418万,55335元/平,低楼层 (共6层) 3室1厅 | 75.54平米 | 南 北,https://ke-image.ljcdn.com/110000-inspection/pc1_5GjRBmBNK.jpg!m_fill,w_280,h_210,f_jpg?from=ke.com
20240923,丰台,七里庄,101123065753,望园东里近地铁双卫随时看房。,599万,54839元/平,中楼层 (共24层) 2室1厅 | 109.23平米 | 西,https://ke-image.ljcdn.com/110000-inspection/d2284866-d018-44b7-99cf-e75c82b4fb95_1000.jpg!m_fill,w_280,h_210,f_jpg?from=ke.com
20240923,丰台,七里庄,101123042598,西局欣园北区    南北通透   看房随时  店长推荐,1260万,85205元/平,高楼层 (共20层) 3室2厅 | 147.88平米 | 南 北,https://ke-image.ljcdn.com/110000-inspection/95ab8d73-860b-4ebf-845e-6cbd9d118685_1000.jpg!m_fill,w_280,h_210,f_jpg?from=ke.com
20240923,丰台,七里庄,101122922440,丰台路口东里 2室1厅 东 西房主自荐,295万,52121元/平,顶层 (共6层) 2室1厅 | 56.6平米 | 东 西,https://ke-image.ljcdn.com/110000-inspection/340a5f49-ba42-4347-8e5a-d50de424ed45_1000.jpg!m_fill,w_280,h_210,f_jpg?from=ke.com
20240923,丰台,七里庄,101122868547,满五年唯一精装修。高楼层采光好。,720万,79139元/平,高楼层 (共15层) 2室1厅 | 90.98平米 | 南 北,https://ke-image.ljcdn.com/110000-inspection/f6187b34-0e9c-473b-9739-836a1f89b676_1000.jpg!m_fill,w_280,h_210,f_jpg?from=ke.com
20240923,丰台,七里庄,101122863824,七里庄 庄维花园 明厨明卫有大阳台的3居室  诚心出售,760万,55932元/平,中楼层 (共24层) 3室1厅 | 135.88平米 | 西南 北,https://ke-image.ljcdn.com/110000-inspection/pc1_ffZTDJxx5_1.jpg!m_fill,w_280,h_210,f_jpg?from=ke.com
20240923,丰台,七里庄,101122826954,七里庄 望园西里 南北通透两居室 诚意出售,333万,55677元/平,顶层 (共6层) 2室1厅 | 59.81平米 | 南 北,https://ke-image.ljcdn.com/110000-inspection/98349627-cb45-41ed-a915-32ce4f2aef6e_1000.jpg!m_fill,w_280,h_210,f_jpg?from=ke.com
20240923,丰台,七里庄,101122744740,丰台西局板块 鼎恒中心小区二居,500万,50076元/平,低楼层 (共24层) 2室1厅 | 99.85平米 | 南,https://ke-image.ljcdn.com/110000-inspection/de5fa2ba-cb3f-4020-aeca-2de8e76df8a6_1000.jpg!m_fill,w_280,h_210,f_jpg?from=ke.com
20240923,丰台,七里庄,101122655103,庄维多摩市三期南北大三居落地飘窗地铁9号线,730万,55632元/平,高楼层 (共22层) | 2006年 | 3室1厅 | 131.22平米 | 南 西 北,https://ke-image.ljcdn.com/110000-inspection/pc1_njQesRVKN_1.jpg!m_fill,w_280,h_210,f_jpg?from=ke.com
20240923,丰台,七里庄,101122584434,南北通透三居室 户型方正 中间楼层 无遮挡采光好,345万,48320元/平,中楼层 (共6层) 3室1厅 | 71.4平米 | 南 北,https://ke-image.ljcdn.com/110000-inspection/pc1_YP6337PQl_1.jpg!m_fill,w_280,h_210,f_jpg?from=ke.com
20240923,丰台,七里庄,101122563223,七里庄 庄维花园 东南向 采光好 明厨明卫 3居室诚心卖,796万,54739元/平,中楼层 (共24层) 3室1厅 | 145.42平米 | 东南,https://ke-image.ljcdn.com/110000-inspection/pc1_XDvU9dMJa.jpg!m_fill,w_280,h_210,f_jpg?from=ke.com
20240923,丰台,七里庄,101122450134,望园东里07年楼龄 精装一居室 可拎包入住,390万,54630元/平,低楼层 (共19层) | 2007年 | 1室1厅 | 71.39平米 | 北,https://ke-image.ljcdn.com/110000-inspection/014002d8-2007-4d83-9c3c-d4bb9d83aa02_1000.jpg!m_fill,w_280,h_210,f_jpg?from=ke.com
20240923,丰台,七里庄,101122389809,庄维花园精装两居商品房满五唯一东西北朝向通风好,485万,60816元/平,低楼层 (共14层) 2室1厅 | 79.75平米 | 东 西 北,https://ke-image.ljcdn.com/110000-inspection/pc1_5Gakj3Q5c_1.jpg!m_fill,w_280,h_210,f_jpg?from=ke.com
20240923,丰台,七里庄,101122378003,望园东里 3室1厅 西南,790万,61227元/平,中楼层 (共19层) | 2007年 | 3室1厅 | 129.03平米 | 西南,https://ke-image.ljcdn.com/110000-inspection/pc1_ZnJ9CPXL6.jpg!m_fill,w_280,h_210,f_jpg?from=ke.com
20240923,丰台,七里庄,101122367276,庄维花园客厅朝南精装两居满五年唯一不临街对公园,594万,67096元/平,高楼层 (共24层) 2室1厅 | 88.53平米 | 西南,https://ke-image.ljcdn.com/110000-inspection/pc1_kQqpZCvEh_1.jpg!m_fill,w_280,h_210,f_jpg?from=ke.com
20240923,丰台,七里庄,101122329316,按满五唯一出售看房方便随时签约,245万,55318元/平,中楼层 (共9层) 1室0厅 | 44.29平米 | 北,https://ke-image.ljcdn.com/110000-inspection/a4afbcb5-cce1-4a28-8490-6ea51d5d0f7f_1000.jpg!m_fill,w_280,h_210,f_jpg?from=ke.com
20240923,丰台,七里庄,101122322310,周庄子2014年小区楼下地铁西局站南向一居室,480万,74604元/平,低楼层 (共28层) | 2019年 | 1室1厅 | 64.34平米 | 南,https://ke-image.ljcdn.com/110000-inspection/pc1_gekCM8Fm6.jpg!m_fill,w_280,h_210,f_jpg?from=ke.com
20240923,丰台,七里庄,101122321288,此房满五唯一南北通透低楼层出入方便,330万,56995元/平,底层 (共6层) 2室1厅 | 57.9平米 | 南 北,https://ke-image.ljcdn.com/110000-inspection/pc1_sXUY0eVPY_1.jpg!m_fill,w_280,h_210,f_jpg?from=ke.com
20240923,丰台,七里庄,101122303068,西三环 六里桥家园 两梯四户 高层板楼,316万,61241元/平,高楼层 (共29层) | 2016年 | 1室0厅 | 51.6平米 | 东南,https://ke-image.ljcdn.com/110000-inspection/pc1_K55S4jtqH_1.jpg!m_fill,w_280,h_210,f_jpg?from=ke.com
20240923,丰台,七里庄,101122303049,七里庄地铁口南北通透三居出售位置好视野开阔,420万,60782元/平,高楼层 (共6层) 3室1厅 | 69.1平米 | 南 北,https://ke-image.ljcdn.com/110000-inspection/5f3a8c10-8e36-4e26-a1c8-b66c8260e669_1000.jpg!m_fill,w_280,h_210,f_jpg?from=ke.com
20240923,丰台,七里庄,101122252383,西局玉园南向落地窗两居 楼龄新 地铁边人车分流次新房,540万,70663元/平,低楼层 (共27层) 2室1厅 | 76.42平米 | 南,https://ke-image.ljcdn.com/110000-inspection/67e17fba-c18e-4731-8150-d7d1a0ed3f73_1000.jpg!m_fill,w_280,h_210,f_jpg?from=ke.com
20240923,丰台,七里庄,101122205872,此房满五年唯一 地铁十号线九号线十四号线,385万,60697元/平,低楼层 (共6层) 2室1厅 | 63.43平米 | 南 北,https://ke-image.ljcdn.com/110000-inspection/pc1_fLRPDL6a4_1.jpg!m_fill,w_280,h_210,f_jpg?from=ke.com
20240923,丰台,七里庄,101122100512,20114年社区 板楼两梯四户 全南朝向  10、14号线地铁,550万,69471元/平,中楼层 (共28层) 2室1厅 | 79.17平米 | 南,https://ke-image.ljcdn.com/110000-inspection/a7e343a7-b75d-4067-89ad-d04785161245_1000.jpg!m_fill,w_280,h_210,f_jpg?from=ke.com
20240923,丰台,七里庄,101122069646,六里桥家园   有钥匙  不满5年     2016年次新房,309万,59884元/平,低楼层 (共29层) 1室1厅 | 51.6平米 | 南,https://ke-image.ljcdn.com/110000-inspection/pc1_ZFa8BMbGk_1.jpg!m_fill,w_280,h_210,f_jpg?from=ke.com
20240923,丰台,七里庄,101122021083,西南三环丽泽商务区 周庄子家园 2014年社区 采光充足,750万,83112元/平,低楼层 (共28层) 2室1厅 | 90.24平米 | 南,https://ke-image.ljcdn.com/110000-inspection/d95fe9ef-165d-4dd9-ac4f-cf508fa19fd5_1000.jpg!m_fill,w_280,h_210,f_jpg?from=ke.com
20240923,丰台,七里庄,101121977836,此房位于小区中间位置不临街无遮挡,280万,51949元/平,低楼层 (共6层) 2室1厅 | 53.9平米 | 南 北,https://ke-image.ljcdn.com/110000-inspection/4a0917a7-8392-4704-8f15-a653bc21ee61_1000.jpg!m_fill,w_280,h_210,f_jpg?from=ke.com
20240923,丰台,七里庄,101121932577,望园西里南北通透两居室满五唯一有车位和地下室,399万,57743元/平,顶层 (共6层) | 1994年 | 2室1厅 | 69.1平米 | 南 北,https://ke-image.ljcdn.com/110000-inspection/dca376c7-6817-4b85-b1ac-c3620d5c04e8_1000.jpg!m_fill,w_280,h_210,f_jpg?from=ke.com
20240923,丰台,七里庄,101121926208,七里庄 东大街西里 三居室拎包入住,340万,53192元/平,高楼层 (共6层) 3室1厅 | 63.92平米 | 东 西,https://ke-image.ljcdn.com/110000-inspection/pc1_MZpV45V0p_1.jpg!m_fill,w_280,h_210,f_jpg?from=ke.com
20240923,丰台,七里庄,101121924809,东大街西里南北通透的三居室楼层好出行方便,435万,66130元/平,低楼层 (共6层) 3室1厅 | 65.78平米 | 南 北,https://ke-image.ljcdn.com/110000-inspection/3ed2155a-a992-4c64-a0f0-3143a8b63e48_1000.jpg!m_fill,w_280,h_210,f_jpg?from=ke.com
20240923,丰台,七里庄,101121910897,小井润园 南向两居室 不临街 无遮挡,510万,52752元/平,低楼层 (共9层) | 2013年 | 2室1厅 | 96.68平米 | 南,https://ke-image.ljcdn.com/110000-inspection/pc1_nQqwzd4YO_1.jpg!m_fill,w_280,h_210,f_jpg?from=ke.com
20240923,丰台,七里庄,101121893604,小井润园11号院南向二居室急售全南向无遮挡楼龄新,510万,52421元/平,低楼层 (共9层) | 2013年 | 2室1厅 | 97.29平米 | 南,https://ke-image.ljcdn.com/110000-inspection/e36e2b60-abb0-4ff0-8048-fff457829506_1000.jpg!m_fill,w_280,h_210,f_jpg?from=ke.com
20240923,丰台,七里庄,101121871910,东大街西里两居低楼层出行方便双地铁和丰台花园,322万,61769元/平,底层 (共6层) 2室1厅 | 52.13平米 | 南 北,https://ke-image.ljcdn.com/110000-inspection/pc1_UkUlKqoNQ_1.jpg!m_fill,w_280,h_210,f_jpg?from=ke.com
20240923,丰台,七里庄,101121846666,七里庄 庄维多摩市二期 南北通透板楼三居室,870万,65910元/平,低楼层 (共10层) | 2004年 | 3室2厅 | 132平米 | 南 北,https://ke-image.ljcdn.com/110000-inspection/pc1_ogHzIJ3zx_1.jpg!m_fill,w_280,h_210,f_jpg?from=ke.com
20240923,丰台,七里庄,101121813314,七里庄庄维多摩市二期 落地窗飘窗  西南向2居诚心出售,600万,65531元/平,底层 (共21层) 2室1厅 | 91.56平米 | 西南,https://ke-image.ljcdn.com/110000-inspection/pc1_XjxMj0kTZ_1.jpg!m_fill,w_280,h_210,f_jpg?from=ke.com
20240923,丰台,七里庄,101121789052,西四环南路 板楼三居室 公摊小 实用,270万,39216元/平,顶层 (共6层) 3室1厅 | 68.85平米 | 南 北,https://ke-image.ljcdn.com/110000-inspection/aba52eff-e8d9-413f-9ea2-1919e2b26d2b_1000.jpg!m_fill,w_280,h_210,f_jpg?from=ke.com
20240923,丰台,七里庄,101121768654,七里庄 精装修 南北通透的3居室 诚心出售房主自荐,400万,57846元/平,高楼层 (共6层) 3室1厅 | 69.15平米 | 南 北,https://ke-image.ljcdn.com/110000-inspection/pc1_z5jjbtgFU_1.jpg!m_fill,w_280,h_210,f_jpg?from=ke.com
20240923,丰台,七里庄,101121629410,西四环 北大街北里 精装修两居 拎包入住了,280万,52445元/平,高楼层 (共6层) 2室1厅 | 53.39平米 | 南 北,https://ke-image.ljcdn.com/110000-inspection/pc1_TLRpdMYCy_1.jpg!m_fill,w_280,h_210,f_jpg?from=ke.com
20240923,丰台,七里庄,101121505637,北大街北里 2室1厅 南 北,359万,59625元/平,高楼层 (共6层) 2室1厅 | 60.21平米 | 南 北,https://ke-image.ljcdn.com/110000-inspection/pc1_PLqeMq0VY.jpg!m_fill,w_280,h_210,f_jpg?from=ke.com
20240923,丰台,七里庄,101121499321,望园东里南向一居室 中间层 满五唯一房主自荐,315万,64299元/平,中楼层 (共6层) 1室1厅 | 48.99平米 | 南,https://ke-image.ljcdn.com/110000-inspection/pc1_1YgYoxK1g.jpg!m_fill,w_280,h_210,f_jpg?from=ke.com
20240923,丰台,七里庄,101121457046,胡桃园满五年唯一南北通透楼层好,655万,52009元/平,中楼层 (共6层) 3室1厅 | 125.94平米 | 南 北,https://ke-image.ljcdn.com/110000-inspection/pc1_P5P3GItZg_1.jpg!m_fill,w_280,h_210,f_jpg?from=ke.com
20240923,丰台,七里庄,101121409144,南北通透楼龄新采光视野佳看房方便随时签约,415万,52084元/平,高楼层 (共6层) 2室1厅 | 79.68平米 | 南 北,https://ke-image.ljcdn.com/110000-inspection/3df2382f-5221-4299-91bd-aa40c7f1299c_1000.jpg!m_fill,w_280,h_210,f_jpg?from=ke.com
20240923,丰台,七里庄,101121357123,南北通透正规三居 满五年唯一 楼层高无遮挡采光好,325万,47102元/平,顶层 (共5层) 3室1厅 | 69平米 | 南 北,https://ke-image.ljcdn.com/110000-inspection/pc1_0W6L6RMW8_1.jpg!m_fill,w_280,h_210,f_jpg?from=ke.com
20240923,丰台,七里庄,101121346221,七里庄 庄维花园精装东南三居双地铁9/14号线,790万,63865元/平,中楼层 (共22层) 3室2厅 | 123.7平米 | 东南,https://ke-image.ljcdn.com/110000-inspection/pc1_JJZz6ByLw_1.jpg!m_fill,w_280,h_210,f_jpg?from=ke.com
20240923,丰台,七里庄,101121344399,望园东里高楼层正规一居室诚意出售。,290万,53526元/平,高楼层 (共24层) | 2005年 | 1室1厅 | 54.18平米 | 北,https://ke-image.ljcdn.com/110000-inspection/pc1_j7COZG3Gj_1.jpg!m_fill,w_280,h_210,f_jpg?from=ke.com
20240923,丰台,七里庄,101121340408,高楼层视野佳看房提前约随时签约,460万,55496元/平,高楼层 (共24层) | 1999年 | 2室1厅 | 82.89平米 | 西南,https://ke-image.ljcdn.com/110000-inspection/pc1_F4zop71RC_1.jpg!m_fill,w_280,h_210,f_jpg?from=ke.com
20240923,丰台,七里庄,101121240305,泥洼路5号院此房满五年唯一的。中间楼层无遮挡,278万,65877元/平,中楼层 (共6层) 1室1厅 | 42.2平米 | 南 北,https://ke-image.ljcdn.com/110000-inspection/a619fd75-072a-4e15-9f47-62a488206b21_1000.jpg!m_fill,w_280,h_210,f_jpg?from=ke.com
20240923,丰台,七里庄,101121224165,丰台区西四环里胡桃园三室两卫板楼南北好房出售,645万,46184元/平,中楼层 (共6层) 3室1厅 | 139.66平米 | 北 南 东,https://ke-image.ljcdn.com/110000-inspection/9a627620-74eb-4af2-a2d3-6508960e3786_1000.jpg!m_fill,w_280,h_210,f_jpg?from=ke.com
20240923,丰台,七里庄,101121129383,此房是正规一居室  板楼总高9层 有电梯 诚意出售,290万,51246元/平,底层 (共7层) 1室1厅 | 56.59平米 | 东,https://ke-image.ljcdn.com/110000-inspection/pc1_u4CBhLn5P.jpg!m_fill,w_280,h_210,f_jpg?from=ke.com
20240923,丰台,七里庄,101121099350,七里庄 望园东里  板楼两居室近地铁,390万,57659元/平,顶层 (共6层) 2室1厅 | 67.64平米 | 东 西,https://ke-image.ljcdn.com/110000-inspection/pc1_tVDVESgO7_1.jpg!m_fill,w_280,h_210,f_jpg?from=ke.com
20240923,丰台,七里庄,101121006971,七里庄 望园东里  板楼两居室近地铁,479万,64713元/平,中楼层 (共6层) 2室1厅 | 74.02平米 | 南 北,https://ke-image.ljcdn.com/110000-inspection/844dfe57-225f-4e35-9e79-503e6dc322c3_1000.jpg!m_fill,w_280,h_210,f_jpg?from=ke.com
20240923,丰台,七里庄,101120962369,丰台区七里庄望园东里格局视野好大两居出售地铁9.14房主自荐,600万,55592元/平,高楼层 (共19层) | 2007年 | 2室1厅 | 107.93平米 | 西南,https://ke-image.ljcdn.com/110000-inspection/pc1_55XUxrhRv.jpg!m_fill,w_280,h_210,f_jpg?from=ke.com
20240923,丰台,七里庄,101120923248,望园东里 西南向大两居 满五唯一,560万,51179元/平,高楼层 (共24层) 2室1厅 | 109.42平米 | 西南,https://ke-image.ljcdn.com/110000-inspection/pc1_qkiTTmHyZ.jpg!m_fill,w_280,h_210,f_jpg?from=ke.com
20240923,丰台,七里庄,101120785088,近园路 2室1厅 南 北 东,510万,60925元/平,中楼层 (共6层) 2室1厅 | 83.71平米 | 南 北 东,https://ke-image.ljcdn.com/110000-inspection/8b307b86-5a5e-4847-8403-994f2c671743_1000.jpg!m_fill,w_280,h_210,f_jpg?from=ke.com
20240923,丰台,七里庄,101120777278,西四环南路32号 2室0厅 东,207万,40974元/平,中楼层 (共5层) 2室0厅 | 50.52平米 | 东,https://ke-image.ljcdn.com/110000-inspection/pc1_nWyXIowUs.jpg!m_fill,w_280,h_210,f_jpg?from=ke.com
20240923,丰台,七里庄,101120773235,西三环精装修满五年业主家庭名下唯一住房,565万,43552元/平,中楼层 (共24层) 3室2厅 | 129.73平米 | 东 东北,https://ke-image.ljcdn.com/110000-inspection/pc1_31rAPlarZ.jpg!m_fill,w_280,h_210,f_jpg?from=ke.com
20240923,丰台,七里庄,101120754286,东大街西里 全明格局 正规两居 低楼层,289万,50087元/平,低楼层 (共6层) 2室1厅 | 57.7平米 | 东 西,https://ke-image.ljcdn.com/110000-inspection/pc1_gYcYfdeXr_1.jpg!m_fill,w_280,h_210,f_jpg?from=ke.com
20240923,丰台,七里庄,101120579304,庄维花园 3室1厅 东南 北,715万,54568元/平,低楼层 (共22层) 3室1厅 | 131.03平米 | 东南 北,https://ke-image.ljcdn.com/110000-inspection/pc1_IVowS6fN6_1.jpg!m_fill,w_280,h_210,f_jpg?from=ke.com
20240923,丰台,七里庄,101120569362,六里桥家园两居室 2016年次新房 近地铁,500万,65877元/平,底层 (共29层) 2室1厅 | 75.9平米 | 南 北,https://ke-image.ljcdn.com/110000-inspection/pc1_rpJRoFuqr_1.jpg!m_fill,w_280,h_210,f_jpg?from=ke.com
20240923,丰台,七里庄,101120458993,七里庄 东大街东里 三居采光充足,378万,50160元/平,顶层 (共6层) 3室1厅 | 75.36平米 | 东 西,https://ke-image.ljcdn.com/110000-inspection/96c2ba4f-81d2-4aff-a71c-a51419191993_1000.jpg!m_fill,w_280,h_210,f_jpg?from=ke.com
20240923,丰台,七里庄,101120171491,胡桃园满五唯一南北通透卧室书房朝南,478万,51382元/平,低楼层 (共6层) 3室1厅 | 93.03平米 | 南 北,https://ke-image.ljcdn.com/110000-inspection/pc1_8qzlVNvjQ_1.jpg!m_fill,w_280,h_210,f_jpg?from=ke.com
20240923,丰台,七里庄,101120169615,七里庄 望园东里 全明格局 三居室 地铁9号线 14号线,505万,52100元/平,低楼层 (共24层) | 1999年 | 3室1厅 | 96.93平米 | 东 南 北,https://ke-image.ljcdn.com/110000-inspection/pc1_VQlR0oEEN_1.jpg!m_fill,w_280,h_210,f_jpg?from=ke.com
20240923,丰台,七里庄,101120152307,东大街东里南北通透两居室中间楼层户型合理。,325万,59415元/平,中楼层 (共6层) 2室1厅 | 54.7平米 | 南 北,https://ke-image.ljcdn.com/110000-inspection/pc1_y6sKh6Dhp_1.jpg!m_fill,w_280,h_210,f_jpg?from=ke.com
20240923,丰台,七里庄,101120081536,望园西里 中间楼层 南北通透全明两居室房主自荐,380万,59089元/平,中楼层 (共6层) 2室1厅 | 64.31平米 | 北 南,https://ke-image.ljcdn.com/110000-inspection/pc1_AlxFrUtpv_1.jpg!m_fill,w_280,h_210,f_jpg?from=ke.com
20240923,丰台,七里庄,101120065359,丰台路口东里两居室精装修出行方便,220万,38870元/平,顶层 (共6层) 2室1厅 | 56.6平米 | 东 西,https://ke-image.ljcdn.com/110000-inspection/pc1_pxYC9AO7s_1.jpg!m_fill,w_280,h_210,f_jpg?from=ke.com
20240923,丰台,七里庄,101120008167,中建一局南院楼龄新中间楼层南北通透大两居,518万,65011元/平,中楼层 (共6层) 2室1厅 | 79.68平米 | 南 北,https://ke-image.ljcdn.com/110000-inspection/90d4d30c-c0ed-41c1-80c2-934d632e7e2e_1000.jpg!m_fill,w_280,h_210,f_jpg?from=ke.com
20240923,丰台,七里庄,101120004411,万丰路七里庄中建一局北院丰台路口东里,330万,50848元/平,中楼层 (共6层) 2室1厅 | 64.9平米 | 南 西 北,https://ke-image.ljcdn.com/110000-inspection/pc1_HZg29piOF.jpg!m_fill,w_280,h_210,f_jpg?from=ke.com
20240923,丰台,七里庄,101119971676,小井润园一区 2室1厅 南,520万,52199元/平,中楼层 (共9层) | 2006年 | 2室1厅 | 99.62平米 | 南,https://ke-image.ljcdn.com/110000-inspection/pc1_C8wBkkyG4.jpg!m_fill,w_280,h_210,f_jpg?from=ke.com
20240923,丰台,七里庄,101119929104,望园东里满五唯一商品房南向三居室,499万,50116元/平,低楼层 (共24层) | 2000年 | 3室1厅 | 99.57平米 | 东南,https://ke-image.ljcdn.com/110000-inspection/pc1_mz5CfNne5.jpg!m_fill,w_280,h_210,f_jpg?from=ke.com
20240923,丰台,七里庄,101119854887,七里庄 保利欣苑 南向一居 地铁9号线,163万,48964元/平,底层 (共3层) | 2004年 | 1室0厅 | 33.29平米 | 南,https://ke-image.ljcdn.com/110000-inspection/pc1_fSujBXTdb.jpg!m_fill,w_280,h_210,f_jpg?from=ke.com
20240923,丰台,七里庄,101119760253,东大街东里 低价三居出售  楼层视野好 满五唯一房主自荐,418万,54174元/平,高楼层 (共6层) 3室1厅 | 77.16平米 | 东 西,https://ke-image.ljcdn.com/110000-inspection/5402424d-b4ef-4ea6-8d1b-8738894035a2_1000.jpg!m_fill,w_280,h_210,f_jpg?from=ke.com
20240923,丰台,七里庄,101119726059,七里庄 南北朝向  板楼 有电梯,420万,47218元/平,中楼层 (共14层) 2室2厅 | 88.95平米 | 南,https://ke-image.ljcdn.com/110000-inspection/pc1_DCeK07B5f_1.jpg!m_fill,w_280,h_210,f_jpg?from=ke.com
20240923,丰台,七里庄,101119671778,丰台北路46号楼 七里庄地铁 高层板楼 落地阳台 精装,985万,74155元/平,中楼层 (共14层) | 2006年 | 3室2厅 | 132.83平米 | 南 北,https://ke-image.ljcdn.com/110000-inspection/5c0e7402-c7de-4697-a5cb-94f056409504_1000.jpg!m_fill,w_280,h_210,f_jpg?from=ke.com
20240923,丰台,七里庄,101119646757,西四环南路30号院  南北通透两居室,435万,46714元/平,中楼层 (共6层) 2室1厅 | 93.12平米 | 南 北,https://ke-image.ljcdn.com/110000-inspection/pc1_NH8VU2aG5_1.jpg!m_fill,w_280,h_210,f_jpg?from=ke.com
20240923,丰台,七里庄,101119618079,望园东里两居室近地铁生活交通方便房主自荐,490万,58789元/平,中楼层 (共24层) | 2000年 | 2室1厅 | 83.35平米 | 东南,https://ke-image.ljcdn.com/110000-inspection/pc1_VaQ6JB9HQ_1.jpg!m_fill,w_280,h_210,f_jpg?from=ke.com
20240923,丰台,七里庄,101119411996,此房房本满五年中间楼层户型方正布局合理,430万,39804元/平,中楼层 (共24层) 2室1厅 | 108.03平米 | 东,https://ke-image.ljcdn.com/110000-inspection/pc1_ONxceYAWq_1.jpg!m_fill,w_280,h_210,f_jpg?from=ke.com
20240923,丰台,七里庄,101119382090,望园东里 西南向正规一居室诚意出售,410万,61841元/平,高楼层 (共24层) 1室1厅 | 66.3平米 | 西南,https://ke-image.ljcdn.com/110000-inspection/pc1_pOi0jn4vI_1.jpg!m_fill,w_280,h_210,f_jpg?from=ke.com
20240923,丰台,七里庄,101119375981,七里庄 小井润园 一区 南北通透 三居室,850万,56960元/平,中楼层 (共9层) 3室2厅 | 149.23平米 | 南 北,https://ke-image.ljcdn.com/110000-inspection/pc1_gEMakudeS_1.jpg!m_fill,w_280,h_210,f_jpg?from=ke.com
20240923,丰台,七里庄,101119271998,钢混结构电梯房东南朝向 近地铁,510万,61137元/平,高楼层 (共24层) | 1999年 | 2室1厅 | 83.42平米 | 东南,https://ke-image.ljcdn.com/110000-inspection/pc1_eiXjDoboK.jpg!m_fill,w_280,h_210,f_jpg?from=ke.com
20240923,丰台,七里庄,101119164834,西局欣园南区《满五唯一》精装修七里庄地铁站房主自荐,473万,76899元/平,低楼层 (共17层) 2室1厅 | 61.51平米 | 东,https://ke-image.ljcdn.com/110000-inspection/c86af900-0dea-4c21-96a3-e9146bd3a32f_1000.jpg!m_fill,w_280,h_210,f_jpg?from=ke.com
20240923,丰台,七里庄,101118992639,西四环南路32号 2室1厅 东 西,202万,41918元/平,底层 (共5层) 2室1厅 | 48.19平米 | 东 西,https://ke-image.ljcdn.com/110000-inspection/pc1_Kt2eUunzX.jpg!m_fill,w_280,h_210,f_jpg?from=ke.com
20240923,丰台,七里庄,101118968466,丽泽商圈 南北两居  近地铁 配套成熟 随时签约,305万,50124元/平,顶层 (共6层) 2室1厅 | 60.85平米 | 南 北,https://ke-image.ljcdn.com/110000-inspection/pc1_7Ilm2oMz1_1.jpg!m_fill,w_280,h_210,f_jpg?from=ke.com
20240923,丰台,七里庄,101118773604,望园东里精装修满五年唯一中间层无遮挡两梯六户,830万,63466元/平,中楼层 (共23层) | 2003年 | 3室1厅 | 130.78平米 | 东 南,https://ke-image.ljcdn.com/110000-inspection/pc1_iyAziI1wX.jpg!m_fill,w_280,h_210,f_jpg?from=ke.com
20240923,丰台,七里庄,101118599520,七里庄 东大街东里 南北三居  中间楼层随时签约,460万,61696元/平,中楼层 (共6层) 3室1厅 | 74.56平米 | 南 北,https://ke-image.ljcdn.com/110000-inspection/37ed5a0d-40d4-45b8-8173-24d461b4d42f_1000.jpg!m_fill,w_280,h_210,f_jpg?from=ke.com
20240923,丰台,七里庄,101118585802,望园东里正规三居户型方正近地铁临商场房主自荐,520万,52225元/平,底层 (共24层) | 2000年 | 3室1厅 | 99.57平米 | 东南,https://ke-image.ljcdn.com/110000-inspection/e4669555-0a3f-49a6-9e95-e4b600d5e970_1000.jpg!m_fill,w_280,h_210,f_jpg?from=ke.com
20240923,丰台,七里庄,101118573532,胡桃园精装修南北通透三居室,678万,48547元/平,高楼层 (共6层) 3室1厅 | 139.66平米 | 东南 北,https://ke-image.ljcdn.com/110000-inspection/pc1_HxPNMyxZr.jpg!m_fill,w_280,h_210,f_jpg?from=ke.com
20240923,丰台,七里庄,101118558072,全南向精装修好房 满5年唯一观景房视野好,600万,55036元/平,顶层 (共24层) 2室1厅 | 109.02平米 | 东南,https://ke-image.ljcdn.com/110000-inspection/23ea8d21-b81e-4d2f-a289-e4446b99b70b_1000.jpg!m_fill,w_280,h_210,f_jpg?from=ke.com
20240923,丰台,七里庄,101118534782,鼎恒中心 2室1厅 南,448万,44671元/平,高楼层 (共24层) 2室1厅 | 100.29平米 | 南,https://ke-image.ljcdn.com/110000-inspection/cd2a7620-8c39-424f-8854-c311f282fd06_1000.jpg!m_fill,w_280,h_210,f_jpg?from=ke.com
20240923,丰台,七里庄,101118503056,七里庄 东大街西里低楼层南北两居9/14号线双地铁,308万,58224元/平,底层 (共6层) | 1990年 | 2室1厅 | 52.9平米 | 南 北,https://ke-image.ljcdn.com/110000-inspection/pc1_4bDlkqfqz_1.jpg!m_fill,w_280,h_210,f_jpg?from=ke.com
20240923,丰台,七里庄,101118433353,南北通透低楼层出行方便看房方便随时签约,485万,50114元/平,低楼层 (共6层) 2室1厅 | 96.78平米 | 南 北,https://ke-image.ljcdn.com/110000-inspection/pc1_UMN61guGb.jpg!m_fill,w_280,h_210,f_jpg?from=ke.com
20240923,丰台,七里庄,101118167725,中建一局南院南向两居室看房方便随时配合签约,249万,52532元/平,顶层 (共5层) 2室1厅 | 47.4平米 | 南,https://ke-image.ljcdn.com/110000-inspection/73cdb298-9421-4b91-a31f-11f89fb7bdd2_1000.jpg!m_fill,w_280,h_210,f_jpg?from=ke.com
20240923,丰台,七里庄,101118065050,中建一局南院 南北两居 随时签约不临街无遮挡,294万,53165元/平,中楼层 (共5层) 2室0厅 | 55.3平米 | 南 北,https://ke-image.ljcdn.com/110000-inspection/pc1_UPfr1ALmF.jpg!m_fill,w_280,h_210,f_jpg?from=ke.com
20240923,丰台,七里庄,101118055195,七里庄地铁  东大街东里 南北三居 随时签约,315万,42135元/平,顶层 (共6层) 2室1厅 | 74.76平米 | 南 北,https://ke-image.ljcdn.com/110000-inspection/38d8f944-c423-4baa-a26c-39da95eabf5f_1000.jpg!m_fill,w_280,h_210,f_jpg?from=ke.com
20240923,丰台,七里庄,101118044272,望园西里小三居诚意出售明厨明卫七里庄地铁500米,450万,65684元/平,高楼层 (共6层) 3室1厅 | 68.51平米 | 南 北,https://ke-image.ljcdn.com/110000-inspection/pc1_g33EbWafT.jpg!m_fill,w_280,h_210,f_jpg?from=ke.com
20240923,丰台,七里庄,101117938156,南向正规一居室交通方便配套成熟。,255万,60427元/平,中楼层 (共6层) 1室1厅 | 42.2平米 | 南,https://ke-image.ljcdn.com/110000-inspection/6a289507-2c8c-45bf-814a-fa8654258182_1000.jpg!m_fill,w_280,h_210,f_jpg?from=ke.com
20240923,丰台,七里庄,101117782971,中建一局北院 户型很好 中高楼层,406万,52105元/平,中楼层 (共14层) 2室1厅 | 77.92平米 | 南 西,https://ke-image.ljcdn.com/110000-inspection/pc1_OLtznBcAw.jpg!m_fill,w_280,h_210,f_jpg?from=ke.com
20240923,丰台,七里庄,101117751571,东大街西里一层两居室南北通透户型好房主自荐,316万,59736元/平,底层 (共6层) 2室1厅 | 52.9平米 | 南 北,https://ke-image.ljcdn.com/110000-inspection/aa17fdff-8712-4385-9a4f-303c38af8953_1000.jpg!m_fill,w_280,h_210,f_jpg?from=ke.com
20240923,丰台,七里庄,101117654162,北大街北里两居 业主诚心出售 随时签约,320万,62342元/平,低楼层 (共6层) 2室1厅 | 51.33平米 | 南 北,https://ke-image.ljcdn.com/110000-inspection/pc1_uS4cgYleS_1.jpg!m_fill,w_280,h_210,f_jpg?from=ke.com
20240923,丰台,七里庄,101117648703,庄维花园南北三居 双卫全明 满5唯一随时签约,720万,55249元/平,高楼层 (共24层) 3室1厅 | 130.32平米 | 南 北,https://ke-image.ljcdn.com/110000-inspection/pc1_8szGDEHh6_1.jpg!m_fill,w_280,h_210,f_jpg?from=ke.com
20240923,丰台,七里庄,101117400512,望园东里 东西通透两居室 非顶层 诚心出售,430万,63572元/平,高楼层 (共6层) 2室1厅 | 67.64平米 | 东 西,https://ke-image.ljcdn.com/110000-inspection/pc1_mlSGF92DM.jpg!m_fill,w_280,h_210,f_jpg?from=ke.com
20240923,丰台,七里庄,101117178678,小井润园一区正规一居室诚意出售随时签约,310万,55358元/平,低楼层 (共9层) 1室1厅 | 56平米 | 北,https://ke-image.ljcdn.com/110000-inspection/pc1_s4hKulhXD.jpg!m_fill,w_280,h_210,f_jpg?from=ke.com
20240923,丰台,七里庄,101117029959,商品房满五年唯一 东西通透 高楼层 无遮挡 采光好,305万,50497元/平,顶层 (共6层) 2室1厅 | 60.4平米 | 东 西,https://ke-image.ljcdn.com/110000-inspection/pc1_s5f6SdGMA_1.jpg!m_fill,w_280,h_210,f_jpg?from=ke.com
20240923,丰台,七里庄,101116393486,中建一局北院南北通透宜居好户型,455万,58635元/平,顶层 (共6层) 3室1厅 | 77.6平米 | 南 北,https://ke-image.ljcdn.com/110000-inspection/pc1_szLcjUwyN_1.jpg!m_fill,w_280,h_210,f_jpg?from=ke.com
20240923,丰台,七里庄,101115908519,庄维多摩市三期 满五年唯一商品房 东南向无遮挡,620万,72397元/平,中楼层 (共22层) | 2007年 | 2室1厅 | 85.64平米 | 东南,https://ke-image.ljcdn.com/110000-inspection/pc1_zfOJrqBou_1.jpg!m_fill,w_280,h_210,f_jpg?from=ke.com
20240923,丰台,七里庄,101114841342,保利欣苑 满五年唯一  南北通透三居室诚意出售,1000万,78598元/平,底层 (共9层) | 2004年 | 3室2厅 | 127.23平米 | 南 北,https://ke-image.ljcdn.com/110000-inspection/pc1_VS6myJLqv_1.jpg!m_fill,w_280,h_210,f_jpg?from=ke.com
20240923,丰台,七里庄,101114149565,七里庄 北大街北里 小户型 全明格局,249万,64743元/平,顶层 (共6层) 1室1厅 | 38.46平米 | 南,https://ke-image.ljcdn.com/110000-inspection/pc1_Nu0IOUC8D_1.jpg!m_fill,w_280,h_210,f_jpg?from=ke.com
20240923,丰台,七里庄,101114012890,军休所 南北通透三居室 两个卧室和客厅朝南,960万,78928元/平,底层 (共14层) | 2007年 | 3室2厅 | 121.63平米 | 南 北,https://ke-image.ljcdn.com/110000-inspection/pc1_VmriR1qV1.jpg!m_fill,w_280,h_210,f_jpg?from=ke.com
20240923,丰台,七里庄,101126721020,七里庄地铁 北大街北里 南北通透三居 无遮挡,308万,46067元/平,高楼层 (共6层) 3室1厅 | 66.86平米 | 南 北,https://ke-image.ljcdn.com/110000-inspection/pc1_Enh7iEM2B_1.jpg!m_fill,w_280,h_210,f_jpg?from=ke.com
20240923,丰台,七里庄,101126694955,七里庄 保利欣苑 南北通透三居室  地铁14号线新上,820万,64213元/平,顶层 (共9层) | 2005年 | 3室1厅 | 127.7平米 | 北 南,https://ke-image.ljcdn.com/110000-inspection/pc1_CQMrhguUv.jpg!m_fill,w_280,h_210,f_jpg?from=ke.com
20240923,丰台,七里庄,101126649407,庄维花园西南向两居室楼层高视野开阔满五唯一新上,530万,52476元/平,高楼层 (共24层) 2室1厅 | 101平米 | 西南,https://ke-image.ljcdn.com/110000-inspection/pc1_L7IHwoPu6_1.jpg!m_fill,w_280,h_210,f_jpg?from=ke.com
20240923,丰台,七里庄,101126645645,中建一局南院南北通透中间楼层两居室采光充足新上,220万,39856元/平,中楼层 (共5层) | 1979年 | 2室1厅 | 55.2平米 | 南 北,https://ke-image.ljcdn.com/110000-inspection/0406875d-24bc-41fa-890b-56a7a12a05d0_1000.jpg!m_fill,w_280,h_210,f_jpg?from=ke.com
20240923,丰台,七里庄,101126637279,望园东里三居双卫南向高楼层满五年唯一商品房新上,800万,63027元/平,高楼层 (共24层) 3室2厅 | 126.93平米 | 南 西,https://ke-image.ljcdn.com/110000-inspection/pc1_5JFX0YuUm.jpg!m_fill,w_280,h_210,f_jpg?from=ke.com
20240923,丰台,七里庄,101126619350,望园东里 2室1厅 东南新上,450万,63309元/平,中楼层 (共24层) | 1999年 | 2室1厅 | 71.08平米 | 东南,https://ke-image.ljcdn.com/110000-inspection/6745a846-881b-44ca-9172-c2e63892b71d_1000.jpg!m_fill,w_280,h_210,f_jpg?from=ke.com
20240923,丰台,七里庄,101126609072,商品房房本满两年明厨明卫。新上,315万,54395元/平,中楼层 (共9层) | 2006年 | 1室1厅 | 57.91平米 | 北,https://ke-image.ljcdn.com/110000-inspection/pc1_OW0QnNDoY.jpg!m_fill,w_280,h_210,f_jpg?from=ke.com
20240923,丰台,七里庄,101126600324,七里庄 小井润园一区 二居室 地铁14号线新上,540万,57023元/平,低楼层 (共9层) 2室2厅 | 94.7平米 | 南 北,https://ke-image.ljcdn.com/110000-inspection/pc1_B4RpMKq0i_1.jpg!m_fill,w_280,h_210,f_jpg?from=ke.com
20240923,丰台,七里庄,101126472200,望园东里 全明格局 三居室 高楼层 视野采光好,460万,47457元/平,顶层 (共24层) | 1999年 | 3室1厅 | 96.93平米 | 西南 北,https://ke-image.ljcdn.com/110000-inspection/3ed24f23-e433-4de7-8cb6-339ba3b02b00_1000.jpg!m_fill,w_280,h_210,f_jpg?from=ke.com
20240923,丰台,七里庄,101126458531,庄维花园 2室1厅 西南,558万,54949元/平,高楼层 (共22层) 2室1厅 | 101.55平米 | 西南,https://ke-image.ljcdn.com/110000-inspection/0727569b-4bf5-4856-a9fb-0cac4f2e5ad1_1000.jpg!m_fill,w_280,h_210,f_jpg?from=ke.com
20240923,丰台,七里庄,101126428859,丰台区东大街西里南北通透的两居室楼层好,267万,46194元/平,中楼层 (共6层) 2室1厅 | 57.8平米 | 南 北,https://ke-image.ljcdn.com/110000-inspection/09ac6c24-5586-4f5e-b511-e66ad7c5dc81_1000.jpg!m_fill,w_280,h_210,f_jpg?from=ke.com
20240923,丰台,七里庄,101126363418,庄维花园双卧朝南采光好朝向好满五唯一商品房,555万,57970元/平,顶层 (共24层) 2室1厅 | 95.74平米 | 西南,https://ke-image.ljcdn.com/110000-inspection/pc1_9SNIkPQUO_1.jpg!m_fill,w_280,h_210,f_jpg?from=ke.com
20240923,丰台,七里庄,101126251492,七里庄 望园东里 复式大二居室 地铁9号线,790万,58325元/平,中楼层 (共24层) | 2005年 | 2室2厅 | 135.45平米 | 南,https://ke-image.ljcdn.com/110000-inspection/855e8fdc-ed2c-4cc3-b960-a052b76863f4_1000.jpg!m_fill,w_280,h_210,f_jpg?from=ke.com
20240923,丰台,七里庄,101126226381,望园东里东南朝向一室一厅满五年唯一,400万,60332元/平,低楼层 (共24层) | 2005年 | 1室1厅 | 66.3平米 | 东 南 北,https://ke-image.ljcdn.com/110000-inspection/05c650b7-171e-4c24-869d-0440da7f940d_1000.jpg!m_fill,w_280,h_210,f_jpg?from=ke.com
20240923,丰台,七里庄,101126175939,望园东里复式结构配套成熟交通便利,575万,53619元/平,顶层 (共6层) 3室1厅 | 107.24平米 | 南 北,https://ke-image.ljcdn.com/110000-inspection/pc1_Ml3BVrcly_1.jpg!m_fill,w_280,h_210,f_jpg?from=ke.com
20240923,丰台,七里庄,101126038537,保利欣苑全明格局无遮挡满五年唯一,268万,60511元/平,高楼层 (共9层) | 2004年 | 1室1厅 | 44.29平米 | 东北,https://ke-image.ljcdn.com/110000-inspection/754d7c4f-8590-42a9-bd7f-0e0032063187_1000.jpg!m_fill,w_280,h_210,f_jpg?from=ke.com
20240923,丰台,七里庄,101125925894,七里庄 中建一局北院 中间楼层 南向两居室,295万,50085元/平,中楼层 (共6层) | 1980年 | 2室1厅 | 58.9平米 | 南,https://ke-image.ljcdn.com/110000-inspection/pc1_tprmmYF29.jpg!m_fill,w_280,h_210,f_jpg?from=ke.com
20240923,丰台,七里庄,101125812263,六里桥家园 1室0厅 南,310万,60078元/平,中楼层 (共29层) 1室0厅 | 51.6平米 | 南,https://ke-image.ljcdn.com/110000-inspection/pc1_K00EYYcDj.jpg!m_fill,w_280,h_210,f_jpg?from=ke.com
20240923,丰台,七里庄,101125799919,七里庄 望园东里 板楼三居室 楼龄新 近地铁,399万,49376元/平,中楼层 (共6层) 3室1厅 | 80.81平米 | 东 西 北,https://ke-image.ljcdn.com/110000-inspection/pc1_3QQxFlIPI.jpg!m_fill,w_280,h_210,f_jpg?from=ke.com
20240923,丰台,七里庄,101125785909,望园东里精装二居出售满五唯一七里庄地铁300米房主自荐,580万,58758元/平,高楼层 (共19层) | 2007年 | 2室1厅 | 98.71平米 | 东南 北,https://ke-image.ljcdn.com/110000-inspection/pc1_1LEN6IkDq_1.jpg!m_fill,w_280,h_210,f_jpg?from=ke.com
20240923,丰台,七里庄,101125759881,胡桃园  南北通透 两居室,369万,43204元/平,地下室 (共6层) 2室1厅 | 85.41平米 | 南 北,https://ke-image.ljcdn.com/110000-inspection/pc1_5Un8XRhkQ_1.jpg!m_fill,w_280,h_210,f_jpg?from=ke.com
20240923,丰台,七里庄,101125737764,七里庄路南北通透的两居室满五唯一商品房精装修,280万,46129元/平,中楼层 (共6层) 2室1厅 | 60.7平米 | 南 北,https://ke-image.ljcdn.com/110000-inspection/38908f5d-bcb3-4a02-b7a3-c94e22306d5c_1000.jpg!m_fill,w_280,h_210,f_jpg?from=ke.com
20240923,丰台,七里庄,101125731191,七里庄 丰台路口东里 南向一居室 精装修 地铁14,245万,61235元/平,中楼层 (共6层) 1室1厅 | 40.01平米 | 南,https://ke-image.ljcdn.com/110000-inspection/pc1_7Gt23MNXX_1.jpg!m_fill,w_280,h_210,f_jpg?from=ke.com
20240923,丰台,七里庄,101125592803,西局欣园南区一点五层加零点五层。,890万,53917元/平,底层 (共16层) 3室2厅 | 165.07平米 | 南 北,https://ke-image.ljcdn.com/110000-inspection/pc1_VBU67fTsd_1.jpg!m_fill,w_280,h_210,f_jpg?from=ke.com
20240923,丰台,七里庄,101125589574,泥洼路5号院 1室1厅 东 西,230万,48729元/平,低楼层 (共6层) 1室1厅 | 47.2平米 | 东 西,https://ke-image.ljcdn.com/110000-inspection/9db6f412-85cc-4c1a-bd88-2fa3b68e66d3_1000.jpg!m_fill,w_280,h_210,f_jpg?from=ke.com
20240923,丰台,七里庄,101125527422,满二年商品房业主诚意出售看房方便,640万,72827元/平,顶层 (共9层) 2室1厅 | 87.88平米 | 南 北,https://ke-image.ljcdn.com/110000-inspection/pc1_oUTt6uWQX_1.jpg!m_fill,w_280,h_210,f_jpg?from=ke.com
20240923,丰台,七里庄,101125523592,东南朝向大三居无遮挡有电梯业主诚意出售,969万,56449元/平,中楼层 (共23层) | 2003年 | 3室2厅 | 171.66平米 | 东南,https://ke-image.ljcdn.com/110000-inspection/pc1_kSYsjf2yS_1.jpg!m_fill,w_280,h_210,f_jpg?from=ke.com
20240923,丰台,七里庄,101125480893,胡桃园低楼层南北通透楼龄新,396万,48211元/平,低楼层 (共6层) 2室1厅 | 82.14平米 | 南 北,https://ke-image.ljcdn.com/110000-inspection/pc1_ut6x23e4W.jpg!m_fill,w_280,h_210,f_jpg?from=ke.com
20240923,丰台,七里庄,101125431102,望园东里西南三居室精装出售,950万,66397元/平,低楼层 (共24层) | 2005年 | 3室1厅 | 143.08平米 | 西南,https://ke-image.ljcdn.com/110000-inspection/pc1_6uGzDLtZa.jpg!m_fill,w_280,h_210,f_jpg?from=ke.com
20240923,丰台,七里庄,101125430974,胡桃园满五年唯一商品房价格可谈,530万,41249元/平,顶层 (共6层) 3室2厅 | 128.49平米 | 南,https://ke-image.ljcdn.com/110000-inspection/41b3add9-924b-43f3-93a6-e676fb2d3b09_1000.jpg!m_fill,w_280,h_210,f_jpg?from=ke.com
20240923,丰台,七里庄,101125430651,小井润园一区一室一厅诚意出售,290万,50078元/平,低楼层 (共9层) | 2006年 | 1室1厅 | 57.91平米 | 北,https://ke-image.ljcdn.com/110000-inspection/pc1_D4JAwMcvb.jpg!m_fill,w_280,h_210,f_jpg?from=ke.com
20240923,丰台,七里庄,101125416741,小井润园11号院 板楼带电梯 中间层 采光好楼新,560万,57560元/平,中楼层 (共9层) | 2013年 | 2室1厅 | 97.29平米 | 北 南,https://ke-image.ljcdn.com/110000-inspection/pc1_9PKhwwqjy_1.jpg!m_fill,w_280,h_210,f_jpg?from=ke.com
20240923,丰台,七里庄,101125412822,庄维多摩市二期 板楼两居 楼龄新 通透性好,540万,53759元/平,低楼层 (共17层) | 2004年 | 2室1厅 | 100.45平米 | 西南 东北,https://ke-image.ljcdn.com/110000-inspection/2e2e30ff-05d2-4751-b003-b7bf2658bd16_1000.jpg!m_fill,w_280,h_210,f_jpg?from=ke.com
20240923,丰台,七里庄,101125382073,泥洼路5号院小区安静有地铁,189万,40043元/平,高楼层 (共6层) 1室1厅 | 47.2平米 | 东,https://ke-image.ljcdn.com/110000-inspection/c8e84abf-fb8b-484a-9c78-b769210ac77d_1000.jpg!m_fill,w_280,h_210,f_jpg?from=ke.com
20240923,丰台,七里庄,101125308199,望园东里高楼层采光好视野好随时签,288万,51429元/平,顶层 (共24层) | 2005年 | 1室1厅 | 56平米 | 北,https://ke-image.ljcdn.com/110000-inspection/pc1_H4prdwAXi_1.jpg!m_fill,w_280,h_210,f_jpg?from=ke.com
20240923,丰台,七里庄,101125271475,中建一局南院 南向两居 户型好 采光时间长刚需置业,199万,41984元/平,顶层 (共5层) 2室1厅 | 47.4平米 | 南,https://ke-image.ljcdn.com/110000-inspection/pc1_dLc7C64RF.jpg!m_fill,w_280,h_210,f_jpg?from=ke.com
20240923,丰台,七里庄,101125269722,保利欣苑 高楼层一居室 全明格局 环境好人车分流房主自荐,218万,49222元/平,高楼层 (共9层) 1室1厅 | 44.29平米 | 北,https://ke-image.ljcdn.com/110000-inspection/1384c394-a025-403d-b99a-b326bc83cf25_1000.jpg!m_fill,w_280,h_210,f_jpg?from=ke.com
20240923,丰台,七里庄,101125252747,西局周边不错的小区业主诚意出售中间楼层房主自荐,359万,58365元/平,中楼层 (共15层) | 2002年 | 1室1厅 | 61.51平米 | 西,https://ke-image.ljcdn.com/110000-inspection/512d9edd-8142-41ce-bda5-8bbba8bf612a_1000.jpg!m_fill,w_280,h_210,f_jpg?from=ke.com
20240923,丰台,七里庄,101125147299,满五唯一九层板楼带电梯南向俩居室看房方便,610万,69532元/平,低楼层 (共9层) 2室2厅 | 87.73平米 | 南 北,https://ke-image.ljcdn.com/110000-inspection/eed3fdf7-35cf-4d44-baa7-bc5dacadadc3_1000.jpg!m_fill,w_280,h_210,f_jpg?from=ke.com
20240923,丰台,七里庄,101125137698,望园西里 2室1厅 东 西,320万,55604元/平,低楼层 (共6层) 2室1厅 | 57.55平米 | 东 西,https://ke-image.ljcdn.com/110000-inspection/pc1_ByQIstVwJ_1.jpg!m_fill,w_280,h_210,f_jpg?from=ke.com
20240923,丰台,七里庄,101124934489,小井润园一区9层板楼带电梯 业主诚心出售,230万,41072元/平,低楼层 (共9层) | 2005年 | 1室1厅 | 56平米 | 北,https://ke-image.ljcdn.com/110000-inspection/pc1_9EymS3BFZ.jpg!m_fill,w_280,h_210,f_jpg?from=ke.com
20240923,丰台,七里庄,101124898782,东大街西里 南向一居室 中间层 拎包入住,209万,51327元/平,中楼层 (共6层) 1室1厅 | 40.72平米 | 南,https://ke-image.ljcdn.com/110000-inspection/1014cb26-c453-40e1-86d5-0b761ec0c4dd_1000.jpg!m_fill,w_280,h_210,f_jpg?from=ke.com
20240923,丰台,七里庄,101124657887,七里庄 东大街西里 南北通透2居室 诚心出售,269万,47160元/平,中楼层 (共6层) | 1990年 | 2室1厅 | 57.04平米 | 南 北,https://ke-image.ljcdn.com/110000-inspection/db94c7b5-13a4-4e33-8fa9-d7c977bd4978_1000.jpg!m_fill,w_280,h_210,f_jpg?from=ke.com
20240923,丰台,七里庄,101124653244,西局欣园南区 东南三居室双卫 满五唯一 户型方正,960万,61844元/平,低楼层 (共15层) | 2002年 | 3室1厅 | 155.23平米 | 东 南 西,https://ke-image.ljcdn.com/110000-inspection/pc1_Rf25uFrB5.jpg!m_fill,w_280,h_210,f_jpg?from=ke.com
20240923,丰台,七里庄,101124641692,望园东里南向三居急售满五年唯一双卫地铁500米,750万,58562元/平,低楼层 (共24层) | 2002年 | 3室2厅 | 128.07平米 | 东南,https://ke-image.ljcdn.com/110000-inspection/bdddd526-0b4a-4b1c-bed8-1b62af0605dc_1000.jpg!m_fill,w_280,h_210,f_jpg?from=ke.com
20240923,丰台,七里庄,101124592471,望园东里一室一厅高楼层视野好满五年唯一,296万,54684元/平,高楼层 (共24层) 1室1厅 | 54.13平米 | 北,https://ke-image.ljcdn.com/110000-inspection/pc1_4qTNm6pWN_1.jpg!m_fill,w_280,h_210,f_jpg?from=ke.com
20240923,丰台,七里庄,101124501452,保利欣苑04年电梯板楼花园洋房南向二居室,630万,71812元/平,低楼层 (共9层) 2室1厅 | 87.73平米 | 南,https://ke-image.ljcdn.com/110000-inspection/pc1_hqbSmAcws.jpg!m_fill,w_280,h_210,f_jpg?from=ke.com
20240923,丰台,七里庄,101124498648,望园东里两室一厅西南北三面视野采光好满五唯一,399万,60181元/平,顶层 (共24层) 2室1厅 | 66.3平米 | 西南,https://ke-image.ljcdn.com/110000-inspection/pc1_C7JpQWe0v_1.jpg!m_fill,w_280,h_210,f_jpg?from=ke.com
20240923,丰台,七里庄,101124489475,望园东里精装修近地铁有钥匙随时看房主自荐,340万,62754元/平,中楼层 (共24层) | 2005年 | 2室1厅 | 54.18平米 | 北,https://ke-image.ljcdn.com/110000-inspection/pc1_YiTnfyt2X_1.jpg!m_fill,w_280,h_210,f_jpg?from=ke.com
20240923,丰台,七里庄,101124431135,望园东里高楼层视野采光均好满五唯一价格可谈,550万,50427元/平,高楼层 (共24层) 2室1厅 | 109.07平米 | 西南,https://ke-image.ljcdn.com/110000-inspection/df2087f4-04b8-402c-9e54-060fd52c2fca_1000.jpg!m_fill,w_280,h_210,f_jpg?from=ke.com
20240923,丰台,七里庄,101124406250,望园东里西南两居满五年唯一急售,525万,48064元/平,低楼层 (共24层) 2室1厅 | 109.23平米 | 西南,https://ke-image.ljcdn.com/110000-inspection/pc1_QgHqi5tUe.jpg!m_fill,w_280,h_210,f_jpg?from=ke.com
20240923,丰台,七里庄,101124344019,满五年南北通透户型方正采光好,346万,46282元/平,顶层 (共6层) 3室1厅 | 74.76平米 | 南 北,https://ke-image.ljcdn.com/110000-inspection/7c7c9544-80a8-4107-9fd3-b43f7ecf67ee_1000.jpg!m_fill,w_280,h_210,f_jpg?from=ke.com
20240923,丰台,七里庄,101124320918,望园东里近地铁精装修中间楼层南向两居室,498万,64997元/平,中楼层 (共6层) 2室1厅 | 76.62平米 | 南,https://ke-image.ljcdn.com/110000-inspection/1b15e036-e0cd-4a62-9aa9-fca7b38356d4_1000.jpg!m_fill,w_280,h_210,f_jpg?from=ke.com
20240923,丰台,七里庄,101124319695,东大街6号院地铁十号线西局站板楼三居室,718万,67041元/平,中楼层 (共6层) 3室2厅 | 107.1平米 | 南 北,https://ke-image.ljcdn.com/110000-inspection/pc1_mAoY73NDf_1.jpg!m_fill,w_280,h_210,f_jpg?from=ke.com
20240923,丰台,七里庄,101124293474,庄维花园 正规两居 满五唯一 高楼层  无遮挡房主自荐,499万,57245元/平,高楼层 (共24层) 2室1厅 | 87.17平米 | 西南,https://ke-image.ljcdn.com/110000-inspection/94eb3983-af63-4dc4-9a6c-2b9c34283c4a_1000.jpg!m_fill,w_280,h_210,f_jpg?from=ke.com
20240923,丰台,七里庄,101124262484,丽泽商务区 全南向 精装修 适合首套刚需 3条地铁线路,190万,40255元/平,顶层 (共6层) 1室1厅 | 47.2平米 | 南,https://ke-image.ljcdn.com/110000-inspection/2f3386b3-e129-46ee-b36e-af241c2f1ac7_1000.jpg!m_fill,w_280,h_210,f_jpg?from=ke.com
20240923,丰台,七里庄,101124200137,小井润园精装三居随时看房满五年唯一房主自荐,799万,53889元/平,低楼层 (共9层) 3室1厅 | 148.27平米 | 东 南 北,https://ke-image.ljcdn.com/110000-inspection/pc1_841dCS49m.jpg!m_fill,w_280,h_210,f_jpg?from=ke.com
20240923,丰台,七里庄,101124103780,七里庄 望园西里 二居室 地铁9号线,310万,53541元/平,中楼层 (共6层) 2室1厅 | 57.9平米 | 东 西,https://ke-image.ljcdn.com/110000-inspection/ac1fe9f3-597d-424e-a9ee-c79486a9acae_1000.jpg!m_fill,w_280,h_210,f_jpg?from=ke.com
20240923,丰台,七里庄,101124031816,望园东里满五近地铁楼龄新采光充足大两居,510万,51672元/平,低楼层 (共19层) | 2007年 | 2室1厅 | 98.7平米 | 西北,https://ke-image.ljcdn.com/110000-inspection/1792e01f-d65f-429e-9e90-90389360d3a7_1000.jpg!m_fill,w_280,h_210,f_jpg?from=ke.com
20240923,丰台,七里庄,101123785742,望园东里板楼精装南北两居拎包入住满五年唯一房主自荐,375万,52185元/平,顶层 (共6层) 2室1厅 | 71.86平米 | 南 北,https://ke-image.ljcdn.com/110000-inspection/pc1_XqRKBwh6q_1.jpg!m_fill,w_280,h_210,f_jpg?from=ke.com
20240923,丰台,七里庄,101123655746,望园东里 满五唯一 东南正规两居室 近地铁,435万,52190元/平,低楼层 (共24层) | 2000年 | 2室1厅 | 83.35平米 | 东南,https://ke-image.ljcdn.com/110000-inspection/pc1_Z7uVNqdtb_1.jpg!m_fill,w_280,h_210,f_jpg?from=ke.com
20240923,丰台,七里庄,101123540856,中建一局南院 南北通透 商品房 随时签约 不临街无遮挡房主自荐,265万,48270元/平,顶层 (共5层) 2室1厅 | 54.9平米 | 南 北,https://ke-image.ljcdn.com/110000-inspection/pc1_lc2gjWCJX.jpg!m_fill,w_280,h_210,f_jpg?from=ke.com
20240923,丰台,七里庄,101123519411,周庄子家园全南两局户型好视野好正对小区花园,538万,67956元/平,中楼层 (共28层) 2室1厅 | 79.17平米 | 南,https://ke-image.ljcdn.com/110000-inspection/cab362c6-ae5e-466e-b6e2-5ce9e54199db_1000.jpg!m_fill,w_280,h_210,f_jpg?from=ke.com
20240923,丰台,七里庄,101123477560,七里庄 西四环南路30号院 胡桃园 南北向 四居室,620万,41027元/平,顶层 (共6层) | 2000年 | 4室1厅 | 151.12平米 | 南 北,https://ke-image.ljcdn.com/110000-inspection/7664dd74-9962-4a73-9c27-2cfe66895dcc_1000.jpg!m_fill,w_280,h_210,f_jpg?from=ke.com
20240923,丰台,七里庄,101123401622,望园东里 板楼南北通透 两居室  诚心出售,445万,45520元/平,顶层 (共6层) 2室1厅 | 97.76平米 | 南 北,https://ke-image.ljcdn.com/110000-inspection/pc1_LoerYAXer.jpg!m_fill,w_280,h_210,f_jpg?from=ke.com
20240923,丰台,七里庄,101123397593,七里庄 庄维花园 明厨明卫的房子诚心出售,405万,50543元/平,低楼层 (共24层) 1室1厅 | 80.13平米 | 北,https://ke-image.ljcdn.com/110000-inspection/pc1_Sirrq2omB_1.jpg!m_fill,w_280,h_210,f_jpg?from=ke.com
20240923,丰台,七里庄,101123361459,【户型好】商品房 通透格局 好停车 户型好楼层也好,990万,64609元/平,高楼层 (共15层) 3室1厅 | 153.23平米 | 南 北,https://ke-image.ljcdn.com/110000-inspection/fc24a8b3-51ae-4394-9f12-56fa75e51f4b_1000.jpg!m_fill,w_280,h_210,f_jpg?from=ke.com
20240923,丰台,七里庄,101123341060,店长推荐：六里桥家园地铁边正规南向一居室 高楼层,408万,61978元/平,中楼层 (共29层) | 2016年 | 1室1厅 | 65.83平米 | 南,https://ke-image.ljcdn.com/110000-inspection/pc1_Y74MbKv8K_1.jpg!m_fill,w_280,h_210,f_jpg?from=ke.com
20240923,丰台,七里庄,101123297807,望园西里满五精装修南北通透三居室,438万,64793元/平,底层 (共6层) 3室1厅 | 67.6平米 | 南 北,https://ke-image.ljcdn.com/110000-inspection/pc1_bwfrI07oP_1.jpg!m_fill,w_280,h_210,f_jpg?from=ke.com
20240923,丰台,七里庄,101123281599,七里庄 庄维多摩市二期板楼两居 地铁9、14号线,645万,66819元/平,底层 (共17层) 2室1厅 | 96.53平米 | 南,https://ke-image.ljcdn.com/110000-inspection/c09e751b-48cc-45df-8d39-e263a4155e88_1000.jpg!m_fill,w_280,h_210,f_jpg?from=ke.com
20240923,丰台,七里庄,101123218080,七里庄 胡桃园 南北朝向 低楼层两居室 满五年唯一,255万,44012元/平,底层 (共6层) 2室1厅 | 57.94平米 | 南 北,https://ke-image.ljcdn.com/110000-inspection/pc1_enZwNgluG.jpg!m_fill,w_280,h_210,f_jpg?from=ke.com
20240923,丰台,七里庄,101123088977,周庄子家园南向一居高楼层采光好房子新格局好。,485万,75381元/平,高楼层 (共28层) 1室1厅 | 64.34平米 | 南,https://ke-image.ljcdn.com/110000-inspection/pc1_RSg9sJEye_1.jpg!m_fill,w_280,h_210,f_jpg?from=ke.com
20240923,丰台,七里庄,101123045572,七里庄 保利欣苑 精装修 地铁9号线,270万,60962元/平,中楼层 (共9层) 1室1厅 | 44.29平米 | 东北,https://ke-image.ljcdn.com/110000-inspection/edf3577e-0d06-4fe5-a662-7a257ed4aa59_1000.jpg!m_fill,w_280,h_210,f_jpg?from=ke.com
20240923,丰台,七里庄,101123005428,七里庄 望园东里 一居室 户型方正 中高楼层 视野开阔,316万,58378元/平,中楼层 (共24层) 1室1厅 | 54.13平米 | 北,https://ke-image.ljcdn.com/110000-inspection/pc1_3fqR69tXX.jpg!m_fill,w_280,h_210,f_jpg?from=ke.com
20240923,丰台,七里庄,101122961324,望园东里精装一室一厅全明格局2007年房龄,433万,60653元/平,顶层 (共19层) | 2007年 | 1室1厅 | 71.39平米 | 西北,https://ke-image.ljcdn.com/110000-inspection/pc1_Yv1F0K6kE_1.jpg!m_fill,w_280,h_210,f_jpg?from=ke.com
20240923,丰台,七里庄,101122951028,南北通透明厨明卫一梯两户电梯房车位充足,545万,56801元/平,高楼层 (共9层) 2室1厅 | 95.95平米 | 南 北,https://ke-image.ljcdn.com/110000-inspection/pc1_XWaPdq9E0_1.jpg!m_fill,w_280,h_210,f_jpg?from=ke.com
20240923,丰台,七里庄,101122467483,庄维多摩市二期 3室2厅 西南,788万,64248元/平,中楼层 (共21层) 3室2厅 | 122.65平米 | 西南,https://ke-image.ljcdn.com/110000-inspection/619e5eea-ea55-4d13-aa76-02f09b86ea69_1000.jpg!m_fill,w_280,h_210,f_jpg?from=ke.com
20240923,丰台,七里庄,101122329361,庄维花园 东南大三居 双卫 配套齐全 诚售房主自荐,799万,54945元/平,顶层 (共24层) | 2002年 | 3室1厅 | 145.42平米 | 东南,https://ke-image.ljcdn.com/110000-inspection/6baee381-2f14-493a-85de-f92102aefb7a_1000.jpg!m_fill,w_280,h_210,f_jpg?from=ke.com
20240923,丰台,七里庄,101122225135,六里桥家园朝南一居室精装看房方便,290万,57042元/平,中楼层 (共29层) 1室0厅 | 50.84平米 | 南,https://ke-image.ljcdn.com/110000-inspection/pc1_Jwi7j4ka5.jpg!m_fill,w_280,h_210,f_jpg?from=ke.com
20240923,丰台,七里庄,101122210350,南向正规一居 商品房 楼层高无遮挡采光好 适于居住,230万,51943元/平,高楼层 (共6层) 1室1厅 | 44.28平米 | 南,https://ke-image.ljcdn.com/110000-inspection/pc1_b6Bromjdh.jpg!m_fill,w_280,h_210,f_jpg?from=ke.com
20240923,丰台,七里庄,101122199468,望园东里 中间楼层 电梯正规两居室诚意出售,480万,57541元/平,中楼层 (共24层) | 1999年 | 2室1厅 | 83.42平米 | 西南,https://ke-image.ljcdn.com/110000-inspection/pc1_PlDludwsL.jpg!m_fill,w_280,h_210,f_jpg?from=ke.com
20240923,丰台,七里庄,101122052729,此房南北通透 楼层低出入方便 适合老人和带小孩的客户,450万,60770元/平,底层 (共6层) 3室1厅 | 74.05平米 | 南 北,https://ke-image.ljcdn.com/110000-inspection/pc1_LeLlR5ftU.jpg!m_fill,w_280,h_210,f_jpg?from=ke.com
20240923,丰台,七里庄,101122002651,此房满五年商品房南向三居室 无遮挡 视野好 采光充足,799万,62388元/平,低楼层 (共24层) 3室1厅 | 128.07平米 | 西南,https://ke-image.ljcdn.com/110000-inspection/9fdb17a0-102b-4a43-aa9e-aeafff016886_1000.jpg!m_fill,w_280,h_210,f_jpg?from=ke.com
20240923,丰台,七里庄,101121995775,七里庄 庄维花园 经典的两居室 户型好,495万,56786元/平,低楼层 (共24层) | 2001年 | 2室1厅 | 87.17平米 | 南 西,https://ke-image.ljcdn.com/110000-inspection/6d8680ef-c27d-4a73-b6ac-0a1cc22afa2c_1000.jpg!m_fill,w_280,h_210,f_jpg?from=ke.com
20240923,丰台,七里庄,101121992742,北大街北里 双南向两居 看房有钥匙,150万,35954元/平,顶层 (共5层) 2室0厅 | 41.72平米 | 南,https://ke-image.ljcdn.com/110000-inspection/aebcaac9-96b7-407c-a381-669becb85611_1000.jpg!m_fill,w_280,h_210,f_jpg?from=ke.com
20240923,丰台,七里庄,101121886098,东大街西里东南向的两居室出售精装修购房成本低,273万,49818元/平,高楼层 (共6层) 2室1厅 | 54.8平米 | 东南,https://ke-image.ljcdn.com/110000-inspection/pc1_XJ4INBKVM.jpg!m_fill,w_280,h_210,f_jpg?from=ke.com
20240923,丰台,七里庄,101121859377,望园东里两居出售户型好满五年唯一地铁300米,630万,63830元/平,中楼层 (共19层) | 2007年 | 2室1厅 | 98.7平米 | 东 北,https://ke-image.ljcdn.com/110000-inspection/pc1_9S51SEd7p_1.jpg!m_fill,w_280,h_210,f_jpg?from=ke.com
20240923,丰台,七里庄,101121806344,七里庄 东大街西里  南北通透  采光好 无遮挡的房子,340万,48641元/平,顶层 (共6层) 3室1厅 | 69.9平米 | 南 北,https://ke-image.ljcdn.com/110000-inspection/6e61307f-48a8-4d19-9e5b-251564de8fec_1000.jpg!m_fill,w_280,h_210,f_jpg?from=ke.com
20240923,丰台,七里庄,101121797609,庄维花园 方正两居 中高楼层 正对花园景观好,580万,60581元/平,中楼层 (共24层) | 2001年 | 2室1厅 | 95.74平米 | 西南,https://ke-image.ljcdn.com/110000-inspection/pc1_7LAXcKRMT.jpg!m_fill,w_280,h_210,f_jpg?from=ke.com
20240923,丰台,七里庄,101121701146,望园东里满五唯一近地铁南向三居室房主自荐,799万,62388元/平,中楼层 (共24层) 3室2厅 | 128.07平米 | 西南,https://ke-image.ljcdn.com/110000-inspection/6e594a06-2a41-4662-a1f8-23988c785fb1_1000.jpg!m_fill,w_280,h_210,f_jpg?from=ke.com
20240923,丰台,七里庄,101121685362,七里庄 庄维花园 改善三居 户型好 大阳台 看房方便,750万,55196元/平,中楼层 (共24层) | 2002年 | 3室2厅 | 135.88平米 | 西南,https://ke-image.ljcdn.com/110000-inspection/4e1c34f7-c176-4b3a-bf1b-836d54956491_1000.jpg!m_fill,w_280,h_210,f_jpg?from=ke.com
20240923,丰台,七里庄,101121494819,望园东里 满五唯一 2005年大一居,425万,64103元/平,顶层 (共24层) 1室1厅 | 66.3平米 | 东南,https://ke-image.ljcdn.com/110000-inspection/pc1_7PT6f4sPS.jpg!m_fill,w_280,h_210,f_jpg?from=ke.com
20240923,丰台,七里庄,101121450133,中建一局北院南北通透采光足视野好精装修两居室,290万,52065元/平,高楼层 (共6层) 2室1厅 | 55.7平米 | 南 北,https://ke-image.ljcdn.com/110000-inspection/pc1_7otfH9vbC_1.jpg!m_fill,w_280,h_210,f_jpg?from=ke.com
20240923,丰台,七里庄,101121326517,西局欣园南区好楼层精装修。,460万,74785元/平,中楼层 (共17层) 1室1厅 | 61.51平米 | 东,https://ke-image.ljcdn.com/110000-inspection/9abf7e0f-e83b-4644-bd89-a028013f4df1_1000.jpg!m_fill,w_280,h_210,f_jpg?from=ke.com
20240923,丰台,七里庄,101121321505,西局欣园南区 3室1厅 南 西北 北,970万,70382元/平,低楼层 (共14层) | 2008年 | 3室1厅 | 137.82平米 | 南 西北 北,https://ke-image.ljcdn.com/110000-inspection/pc1_uvDtn5xrt_1.jpg!m_fill,w_280,h_210,f_jpg?from=ke.com
20240923,丰台,七里庄,101121211726,胡桃园 精装修 南北通透 低楼层小两居 满五年唯一,272万,47084元/平,低楼层 (共6层) | 1993年 | 2室1厅 | 57.77平米 | 南 北,https://ke-image.ljcdn.com/110000-inspection/pc1_6cbFNYGjW.jpg!m_fill,w_280,h_210,f_jpg?from=ke.com
20240923,丰台,七里庄,101121174351,望园东里三居急售满五年唯一七里庄地铁300米,500万,61859元/平,中楼层 (共6层) 3室1厅 | 80.83平米 | 东 西 北,https://ke-image.ljcdn.com/110000-inspection/pc1_K7UpJJGuo.jpg!m_fill,w_280,h_210,f_jpg?from=ke.com
20240923,丰台,七里庄,101121167293,七里庄 望园东里 板楼南向正规一居室,345万,69669元/平,中楼层 (共6层) 1室1厅 | 49.52平米 | 南,https://ke-image.ljcdn.com/110000-inspection/pc1_pdWGkbIwb.jpg!m_fill,w_280,h_210,f_jpg?from=ke.com
20240923,丰台,七里庄,101121089441,七里庄满五年唯一正规三居室全天采光邻地铁房主自荐,530万,61960元/平,中楼层 (共24层) | 2000年 | 3室1厅 | 85.54平米 | 南 西南,https://ke-image.ljcdn.com/110000-inspection/pc1_yUWbUgjoP.jpg!m_fill,w_280,h_210,f_jpg?from=ke.com
20240923,丰台,七里庄,101120802445,中建一局南院 2室1厅 南 北,380万,47691元/平,顶层 (共6层) 2室1厅 | 79.68平米 | 南 北,https://ke-image.ljcdn.com/110000-inspection/pc1_tegJO6cu5.jpg!m_fill,w_280,h_210,f_jpg?from=ke.com
20240923,丰台,七里庄,101120670289,望园东里 精装两居室 南北通透通风好采光佳,410万,60616元/平,顶层 (共6层) 2室1厅 | 67.64平米 | 南 北,https://ke-image.ljcdn.com/110000-inspection/pc1_Hn9KPhi0e_2.jpg!m_fill,w_280,h_210,f_jpg?from=ke.com
20240923,丰台,七里庄,101120652190,泥洼路5号院  西局  七里庄 精装修房主自荐,329万,54059元/平,顶层 (共6层) 2室1厅 | 60.86平米 | 南 北,https://ke-image.ljcdn.com/110000-inspection/d3e1cbb8-b7a6-4da1-9611-2a8edcda654d_1000.jpg!m_fill,w_280,h_210,f_jpg?from=ke.com
20240923,丰台,七里庄,101120644318,北大街北里 2室1厅 东北,230万,46882元/平,中楼层 (共6层) 2室1厅 | 49.06平米 | 东北,https://ke-image.ljcdn.com/110000-inspection/pc1_8lGtYHS1o.jpg!m_fill,w_280,h_210,f_jpg?from=ke.com
20240923,丰台,七里庄,101120443594,南北通透双阳台前后不临街看房方便诚意出售,390万,65207元/平,高楼层 (共6层) 2室1厅 | 59.81平米 | 南 北,https://ke-image.ljcdn.com/110000-inspection/pc1_Fw5CjwMbi.jpg!m_fill,w_280,h_210,f_jpg?from=ke.com
20240923,丰台,七里庄,101120405138,胡桃园满五年唯一南北通透。,730万,43099元/平,顶层 (共6层) 4室2厅 | 169.38平米 | 南 北,https://ke-image.ljcdn.com/110000-inspection/pc1_ajgJ1D6C4.jpg!m_fill,w_280,h_210,f_jpg?from=ke.com
20240923,丰台,七里庄,101119843676,望园东里 3室1厅 南 北,450万,55673元/平,顶层 (共6层) | 1998年 | 3室1厅 | 80.83平米 | 南 北,https://ke-image.ljcdn.com/110000-inspection/pc1_PvNMUl9S7.jpg!m_fill,w_280,h_210,f_jpg?from=ke.com
20240923,丰台,七里庄,101119734406,七里庄 望园东里 平层大四居室 户型方正,750万,53503元/平,高楼层 (共6层) 4室2厅 | 140.18平米 | 东 南 北,https://ke-image.ljcdn.com/110000-inspection/c1ddcb5f-f58a-4f1c-a2a8-b6c4d18ddbe0_1000.jpg!m_fill,w_280,h_210,f_jpg?from=ke.com
20240923,丰台,七里庄,101119734230,七里庄庄维花园中楼层 全明格局大一居 地铁9/14号线,426万,53164元/平,中楼层 (共24层) 1室1厅 | 80.13平米 | 北,https://ke-image.ljcdn.com/110000-inspection/85b6a9a4-2606-497f-a9bf-fe0408afa1a4_1000.jpg!m_fill,w_280,h_210,f_jpg?from=ke.com
20240923,丰台,七里庄,101118870711,南北通透三居 双阳台 双卧朝南 明厨明卫  满五年唯一,450万,51021元/平,顶层 (共5层) 3室0厅 | 88.2平米 | 南 北,https://ke-image.ljcdn.com/110000-inspection/pc1_tp8yaTL70_1.jpg!m_fill,w_280,h_210,f_jpg?from=ke.com
20240923,丰台,七里庄,101118527052,七里庄庄维花园大三居眼镜房随时签约高楼层,800万,64673元/平,高楼层 (共22层) | 2000年 | 3室2厅 | 123.7平米 | 东南,https://ke-image.ljcdn.com/110000-inspection/9e3c2e5a-cc20-43f2-91a7-5a61d3c21a1e_1000.jpg!m_fill,w_280,h_210,f_jpg?from=ke.com
20240923,丰台,七里庄,101117678190,西三环 板楼南北通透 明厨明卫 不临街 无遮挡,309万,50773元/平,顶层 (共6层) 2室1厅 | 60.86平米 | 南 北,https://ke-image.ljcdn.com/110000-inspection/test-f6f0a0f0-946f-4582-8ed0-b5bf93c36b22.png!m_fill,w_280,h_210,f_jpg?from=ke.com
20240923,丰台,七里庄,101117296015,六里桥家园 南北通透二居 小区人脸识别 200米到地铁站,488万,64296元/平,底层 (共29层) | 2016年 | 2室1厅 | 75.9平米 | 南 北,https://ke-image.ljcdn.com/110000-inspection/pc1_8pFmU0zFy.jpg!m_fill,w_280,h_210,f_jpg?from=ke.com
20240923,丰台,七里庄,101116428372,庄维花园大面积复式出售满五唯一的商品房,1400万,72188元/平,高楼层 (共24层) | 2001年 | 4室1厅 | 193.94平米 | 南 北,https://ke-image.ljcdn.com/110000-inspection/pc1_l1WJ01DUg.jpg!m_fill,w_280,h_210,f_jpg?from=ke.com
20240923,丰台,七里庄,101126667076,胡桃园 3室1厅 南 北新上,500万,44811元/平,地下室 (共6层) 3室1厅 | 111.58平米 | 南 北,https://s1.ljcdn.com/pegasus/redskull/images/common/default_house_list.png?_v=20240826145726
20240923,丰台,七里庄,101126663645,七里庄 望园东里 西南朝向三居室 户型方正新上,846万,59128元/平,顶层 (共24层) | 2005年 | 3室1厅 | 143.08平米 | 西南 南,https://s1.ljcdn.com/pegasus/redskull/images/common/default_house_list.png?_v=20240826145726
20240923,丰台,七里庄,101126646577,保利欣苑花园式电梯洋房满五唯一南北通透三居室新上,860万,74190元/平,顶层 (共9层) | 2004年 | 3室1厅 | 115.92平米 | 南 北,https://ke-image.ljcdn.com/110000-inspection/bb7b90f5-e71a-4002-8f81-86917d3df001.jpg!m_fill,w_280,h_210,f_jpg?from=ke.com
20240923,丰台,七里庄,101126643969,望园东里二居诚意出售满五唯一七里庄地铁200米新上,430万,51547元/平,低楼层 (共24层) | 1999年 | 2室1厅 | 83.42平米 | 东,https://s1.ljcdn.com/pegasus/redskull/images/common/default_house_list.png?_v=20240826145726
20240923,丰台,七里庄,101126630871,胡桃园 2室1厅 南 北新上,490万,51439元/平,高楼层 (共6层) 2室1厅 | 95.26平米 | 南 北,https://s1.ljcdn.com/pegasus/redskull/images/common/default_house_list.png?_v=20240826145726
20240923,丰台,七里庄,101126573593,望园西里 2室1厅 南 北新上,350万,58519元/平,中楼层 (共6层) 2室1厅 | 59.81平米 | 南 北,https://s1.ljcdn.com/pegasus/redskull/images/common/default_house_list.png?_v=20240826145726
20240923,丰台,七里庄,101126567197,望园东里 南向三居 户型方正 诚意出售 满五唯一,750万,59967元/平,底层 (共24层) | 2002年 | 3室2厅 | 125.07平米 | 西南,https://s1.ljcdn.com/pegasus/redskull/images/common/default_house_list.png?_v=20240826145726
20240923,丰台,七里庄,101126311179,全南一居室户型方正采光好。,210万,44492元/平,顶层 (共6层) 1室1厅 | 47.2平米 | 南 北,https://s1.ljcdn.com/pegasus/redskull/images/common/default_house_list.png?_v=20240826145726
20240923,丰台,七里庄,101126275106,望园西里 3室1厅 西 东,360万,47375元/平,高楼层 (共6层) 3室1厅 | 75.99平米 | 西 东,https://s1.ljcdn.com/pegasus/redskull/images/common/default_house_list.png?_v=20240826145726
20240923,丰台,七里庄,101126118865,六里桥家园 2室1厅 东 南 北,530万,62331元/平,高楼层 (共29层) | 2016年 | 2室1厅 | 85.03平米 | 东 南 北,https://s1.ljcdn.com/pegasus/redskull/images/common/default_house_list.png?_v=20240826145726
20240923,丰台,七里庄,101126013669,望园东里。满五年唯一无遮挡采光好。,850万,59454元/平,中楼层 (共24层) 3室1厅 | 142.97平米 | 西南,https://s1.ljcdn.com/pegasus/redskull/images/common/default_house_list.png?_v=20240826145726
20240923,丰台,七里庄,101125983620,六里桥家园 3室1厅 南 北,765万,74832元/平,低楼层 (共29层) 3室1厅 | 102.23平米 | 南 北,https://s1.ljcdn.com/pegasus/redskull/images/common/default_house_list.png?_v=20240826145726
20240923,丰台,七里庄,101125553776,周庄子家园高楼层南向正规一居室房主自荐,430万,66979元/平,高楼层 (共28层) 1室1厅 | 64.2平米 | 南,https://s1.ljcdn.com/pegasus/redskull/images/common/default_house_list.png?_v=20240826145726
20240923,丰台,七里庄,101125273271,西三环边西局玉园南区优质三居室,770万,68954元/平,底层 (共27层) 3室1厅 | 111.67平米 | 南 北,https://s1.ljcdn.com/pegasus/redskull/images/common/default_house_list.png?_v=20240826145726
20240923,丰台,七里庄,101118652184,庄维二期高层两居落地窗 视野倍好 满五年唯一带车位,630万,68658元/平,高楼层 (共21层) 2室1厅 | 91.76平米 | 东南,https://s1.ljcdn.com/pegasus/redskull/images/common/default_house_list.png?_v=20240826145726
20240923,丰台,七里庄,101115005353,胡桃园三居室  南北通透 业主诚售,609万,36378元/平,顶层 (共6层) | 2000年 | 3室2厅 | 167.41平米 | 南 北,https://ke-image.ljcdn.com/110000-inspection/9104fc04-b9bd-4056-82a9-0928cfa244b9.jpg!m_fill,w_280,h_210,f_jpg?from=ke.com
