20240914,西城,西直门,101126455099,新街口 玉桃园三区 南向一居室 低楼层必看好房,439万,101153元/平,中楼层 (共5层) 1室1厅 | 43.4平米 | 南,https://ke-image.ljcdn.com/110000-inspection/pc1_CRI4QnLT2_1.jpg!m_fill,w_280,h_210,f_jpg?from=ke.com
20240914,西城,西直门,101126398120,西直门南长河公园 长河湾 格局方正 实用户型 优房必看好房,600万,84866元/平,中楼层 (共8层) | 2005年 | 2室1厅 | 70.7平米 | 北,https://ke-image.ljcdn.com/110000-inspection/pc1_pSfmaNuZu.jpg!m_fill,w_280,h_210,f_jpg?from=ke.com
20240914,西城,西直门,101126148502,交大东路19号院东南通一居室中间层必看好房,299万,79522元/平,中楼层 (共6层) 1室1厅 | 37.6平米 | 南,https://ke-image.ljcdn.com/110000-inspection/pc1_wlezyx0f4.jpg!m_fill,w_280,h_210,f_jpg?from=ke.com
20240914,西城,西直门,101126124524,长河湾精装小两居  业主诚心出售  看房方便必看好房,628万,93328元/平,低楼层 (共12层) | 2005年 | 2室1厅 | 67.29平米 | 北,https://ke-image.ljcdn.com/110000-inspection/pc1_En9QHhe5M.jpg!m_fill,w_280,h_210,f_jpg?from=ke.com
20240914,西城,西直门,101126015464,交大东路 二建宿舍 南北通透全明四居室必看好房,640万,84881元/平,底层 (共6层) 4室1厅 | 75.4平米 | 南 北,https://ke-image.ljcdn.com/110000-inspection/pc1_T6Wn11emk.jpg!m_fill,w_280,h_210,f_jpg?from=ke.com
20240914,西城,西直门,101126523149,板楼南北通透三居  旅游局宿舍   全明格局必看好房,650万,83980元/平,中楼层 (共6层) 3室1厅 | 77.4平米 | 南 北,https://ke-image.ljcdn.com/110000-inspection/pc1_PuKbI0h5J.jpg!m_fill,w_280,h_210,f_jpg?from=ke.com
20240914,西城,西直门,101126338071,铁道科学研究院 2009年建成 两梯两户 南北三居,1380万,133025元/平,中楼层 (共15层) 3室1厅 | 103.74平米 | 南 北,https://ke-image.ljcdn.com/110000-inspection/pc1_CGaGZy3JX.jpg!m_fill,w_280,h_210,f_jpg?from=ke.com
20240914,西城,西直门,101125943230,西城西直门近地铁满五唯一电梯房东南两居户型好利用必看好房,508万,87136元/平,顶层 (共16层) 2室1厅 | 58.3平米 | 东南,https://ke-image.ljcdn.com/110000-inspection/pc1_DdEEGE4Qs.jpg!m_fill,w_280,h_210,f_jpg?from=ke.com
20240914,西城,西直门,101125799273,西城展览路街道 东南一居室 满五年唯一必看好房,358万,85442元/平,中楼层 (共5层) 1室1厅 | 41.9平米 | 东,https://ke-image.ljcdn.com/110000-inspection/pc1_031m9oh9E.jpg!m_fill,w_280,h_210,f_jpg?from=ke.com
20240914,西城,西直门,101125673009,西直门交大东路56号院精装电梯3居带客厅,795万,95096元/平,中楼层 (共17层) 3室1厅 | 83.6平米 | 东南,https://ke-image.ljcdn.com/110000-inspection/pc1_Ruq0Y7ARY.jpg!m_fill,w_280,h_210,f_jpg?from=ke.com
20240914,西城,西直门,101125482924,学院南路60号院 南北两居室 低楼层 满五年 采光必看好房,567万,95940元/平,低楼层 (共6层) | 1993年 | 2室1厅 | 59.1平米 | 南 北,https://ke-image.ljcdn.com/110000-inspection/pc1_oDEirVDac.jpg!m_fill,w_280,h_210,f_jpg?from=ke.com
20240914,西城,西直门,101124474492,玉桃园三区 精装修一居室 满五唯一,460万,90910元/平,中楼层 (共6层) 1室1厅 | 50.6平米 | 东,https://ke-image.ljcdn.com/110000-inspection/pc1_tkyQ1uzNC.jpg!m_fill,w_280,h_210,f_jpg?from=ke.com
20240914,西城,西直门,101124321939,西直门  电梯南向正规一居  采光好不临街  花园社区,392万,96528元/平,低楼层 (共16层) 1室1厅 | 40.61平米 | 南,https://ke-image.ljcdn.com/110000-inspection/pc1_Y4BaYDlzd.jpg!m_fill,w_280,h_210,f_jpg?from=ke.com
20240914,西城,西直门,101123402423,上园村 西直门 金融街 白石桥  南北通透三居室必看好房,598万,89521元/平,底层 (共6层) 3室1厅 | 66.8平米 | 南 北,https://ke-image.ljcdn.com/110000-inspection/pc1_pWfLgOYAj.jpg!m_fill,w_280,h_210,f_jpg?from=ke.com
20240914,西城,西直门,101123377387,交大嘉园新上东南向三居室 诚意出售,1320万,97202元/平,低楼层 (共19层) | 2002年 | 3室2厅 | 135.8平米 | 东南,https://ke-image.ljcdn.com/110000-inspection/pc1_y0dGBHH8k.jpg!m_fill,w_280,h_210,f_jpg?from=ke.com
20240914,西城,西直门,101122891846,熙府桃园 二环内南北电梯 不临街必看好房,2100万,135205元/平,低楼层 (共13层) 3室2厅 | 155.32平米 | 南 北,https://ke-image.ljcdn.com/110000-inspection/pc1_0Sb84wBMD_1.jpg!m_fill,w_280,h_210,f_jpg?from=ke.com
20240914,西城,西直门,101122385060,交大东路12号院正规2居带客厅 有电梯 交通便利,710万,83855元/平,高楼层 (共20层) | 2018年 | 2室1厅 | 84.67平米 | 东 西 北,https://ke-image.ljcdn.com/110000-inspection/pc1_z8x9A05I9.jpg!m_fill,w_280,h_210,f_jpg?from=ke.com
20240914,西城,西直门,101122238248,店长推荐 铁科院 带电梯三居 精装修 采光好房主自荐,895万,125263元/平,高楼层 (共16层) 3室1厅 | 71.45平米 | 东 南,https://ke-image.ljcdn.com/110000-inspection/pc1_LBepZqUBa.jpg!m_fill,w_280,h_210,f_jpg?from=ke.com
20240914,西城,西直门,101121682221,西直门地铁交大东路双南2居 有电梯 有客厅,610万,91250元/平,低楼层 (共17层) 2室1厅 | 66.85平米 | 西南,https://ke-image.ljcdn.com/110000-inspection/pc1_shba96WLw.jpg!m_fill,w_280,h_210,f_jpg?from=ke.com
20240914,西城,西直门,101126505834,玉桃园一区   低楼层  两居室必看好房,920万,102565元/平,低楼层 (共6层) 2室2厅 | 89.7平米 | 东 西,https://ke-image.ljcdn.com/110000-inspection/pc1_KBgSTo7GG.jpg!m_fill,w_280,h_210,f_jpg?from=ke.com
20240914,西城,西直门,101126463920,西直门交大东路36号电梯3居满五唯一有车位必看好房,1080万,89761元/平,中楼层 (共11层) 3室1厅 | 120.32平米 | 西南,https://ke-image.ljcdn.com/110000-inspection/pc1_u8gk1ppwl.jpg!m_fill,w_280,h_210,f_jpg?from=ke.com
20240914,西城,西直门,101126383757,电信家属楼 南北通透  可满二过户,560万,76108元/平,中楼层 (共14层) 3室1厅 | 73.58平米 | 南 北,https://ke-image.ljcdn.com/110000-inspection/pc1_vnZX8gK4T.jpg!m_fill,w_280,h_210,f_jpg?from=ke.com
20240914,西城,西直门,101125406040,玉桃园三区 2室1厅 南 北必看好房,616万,108071元/平,低楼层 (共6层) | 1990年 | 2室1厅 | 57平米 | 南 北,https://ke-image.ljcdn.com/110000-inspection/34253fd2-5861-4e66-a6d0-9e387ce1d580_1000.jpg!m_fill,w_280,h_210,f_jpg?from=ke.com
20240914,西城,西直门,101123745243,西直门 带电梯三居室 人车分流 诚意出售 看房随时必看好房,998万,82788元/平,中楼层 (共19层) 3室1厅 | 120.55平米 | 南,https://ke-image.ljcdn.com/110000-inspection/pc1_WnOdRuXJc.jpg!m_fill,w_280,h_210,f_jpg?from=ke.com
20240914,西城,西直门,101126540953,交大嘉园 精装东南三居 136平米 满五年唯一新上,1400万,102557元/平,低楼层 (共19层) 3室2厅 | 136.51平米 | 东南,https://ke-image.ljcdn.com/110000-inspection/pc1_76iQEAmPL.jpg!m_fill,w_280,h_210,f_jpg?from=ke.com
20240914,西城,西直门,101126512440,西直门 金融街  白石桥南北通透三居室  央产社区新上,698万,85122元/平,高楼层 (共6层) 3室1厅 | 82平米 | 南 北,https://ke-image.ljcdn.com/110000-inspection/pc1_fGr79lnVc.jpg!m_fill,w_280,h_210,f_jpg?from=ke.com
20240914,西城,西直门,101126411412,铁道科学研究院大三居诚心出售看房随时,1290万,96471元/平,低楼层 (共18层) 3室2厅 | 133.72平米 | 南 北,https://ke-image.ljcdn.com/110000-inspection/pc1_icsFyraRT.jpg!m_fill,w_280,h_210,f_jpg?from=ke.com
20240914,西城,西直门,101126409819,铁道部宿舍 2室1厅 西南,640万,83290元/平,低楼层 (共14层) | 1999年 | 2室1厅 | 76.84平米 | 西南,https://ke-image.ljcdn.com/110000-inspection/pc1_yXboJvAGJ.jpg!m_fill,w_280,h_210,f_jpg?from=ke.com
20240914,西城,西直门,101126387311,交大东路56号院 3室1厅 西北,650万,95448元/平,中楼层 (共18层) | 1994年 | 3室1厅 | 68.1平米 | 西北,https://ke-image.ljcdn.com/110000-inspection/pc1_fVhWeGSzl.jpg!m_fill,w_280,h_210,f_jpg?from=ke.com
20240914,西城,西直门,101126386754,二环边铁科院中间层两居室双卧朝阳没有遮挡,520万,98021元/平,中楼层 (共6层) 2室1厅 | 53.05平米 | 南,https://ke-image.ljcdn.com/110000-inspection/pc1_0EHkan98L.jpg!m_fill,w_280,h_210,f_jpg?from=ke.com
20240914,西城,西直门,101126379570,西直门 交大东路 精装修布局调整合理可直接入住,646万,84071元/平,中楼层 (共14层) | 1999年 | 2室1厅 | 76.84平米 | 西南,https://ke-image.ljcdn.com/110000-inspection/pc1_v5PA5VFL1.jpg!m_fill,w_280,h_210,f_jpg?from=ke.com
20240914,西城,西直门,101126371818,西直门长河湾新上精装一居室楼层高视野开阔房主自荐,598万,84500元/平,顶层 (共10层) | 2005年 | 1室1厅 | 70.77平米 | 北,https://ke-image.ljcdn.com/110000-inspection/pc1_sPSEOG5qD.jpg!m_fill,w_280,h_210,f_jpg?from=ke.com
20240914,西城,西直门,101126370501,西直门 马相西巷小区 东西两居室,535万,88577元/平,高楼层 (共6层) 2室1厅 | 60.4平米 | 东 西,https://ke-image.ljcdn.com/110000-inspection/pc1_pzHGOOKld.jpg!m_fill,w_280,h_210,f_jpg?from=ke.com
20240914,西城,西直门,101126339554,品阁公寓 04年小区 精装2居,550万,74953元/平,中楼层 (共11层) 2室1厅 | 73.38平米 | 东,https://ke-image.ljcdn.com/110000-inspection/pc1_MXmvFrw2z.jpg!m_fill,w_280,h_210,f_jpg?from=ke.com
20240914,西城,西直门,101126334995,玉桃园二区 东西 精装修 中间楼层,620万,103162元/平,中楼层 (共6层) 2室1厅 | 60.1平米 | 东 西,https://ke-image.ljcdn.com/110000-inspection/4abf0330-f5d4-43c7-9be9-98c3dc8cc00e_1000.jpg!m_fill,w_280,h_210,f_jpg?from=ke.com
20240914,西城,西直门,101126331479,西直门 新街口 玉桃园 央产房 大两居 南北向,1140万,126949元/平,中楼层 (共5层) 2室2厅 | 89.8平米 | 南 北,https://ke-image.ljcdn.com/110000-inspection/pc1_EUuFHTAsU_1.jpg!m_fill,w_280,h_210,f_jpg?from=ke.com
20240914,西城,西直门,101126305366,西直门地铁精装2居5年唯一采光好,536万,99814元/平,中楼层 (共4层) 2室1厅 | 53.7平米 | 南,https://ke-image.ljcdn.com/110000-inspection/pc1_mE3cWziE1.jpg!m_fill,w_280,h_210,f_jpg?from=ke.com
20240914,西城,西直门,101126285410,玉桃园三区 低楼层 满五 一室一厅,480万,94862元/平,底层 (共6层) 1室1厅 | 50.6平米 | 东 西,https://ke-image.ljcdn.com/110000-inspection/pc1_bt1VIsVKS_1.jpg!m_fill,w_280,h_210,f_jpg?from=ke.com
20240914,西城,西直门,101126243288,交大嘉园 精装两居户型方正 无暗间,968万,110768元/平,低楼层 (共19层) | 2002年 | 2室1厅 | 87.39平米 | 西北,https://ke-image.ljcdn.com/110000-inspection/pc1_rpore8E2d.jpg!m_fill,w_280,h_210,f_jpg?from=ke.com
20240914,西城,西直门,101126095596,交大嘉园 2室1厅 东,840万,102041元/平,低楼层 (共19层) 2室1厅 | 82.32平米 | 东,https://ke-image.ljcdn.com/110000-inspection/pc1_8icvAtuWE.jpg!m_fill,w_280,h_210,f_jpg?from=ke.com
20240914,西城,西直门,101126031009,西直门地铁 92年财政部央产 南北通透中间层大三居,825万,90860元/平,中楼层 (共6层) 3室1厅 | 90.8平米 | 南 北,https://ke-image.ljcdn.com/110000-inspection/adfed27d-db76-4280-a505-4ebdb02c3805_1000.jpg!m_fill,w_280,h_210,f_jpg?from=ke.com
20240914,西城,西直门,101125998717,二环里不临街电梯楼商品房小区满五唯一环境好,2150万,152041元/平,低楼层 (共13层) | 2005年 | 3室2厅 | 141.41平米 | 南 北,https://ke-image.ljcdn.com/110000-inspection/pc1_7wTvNce8L_1.jpg!m_fill,w_280,h_210,f_jpg?from=ke.com
20240914,西城,西直门,101125994097,西直门 交大东路 广通苑 南北四居室 居家好房房主自荐,1260万,95383元/平,高楼层 (共12层) 4室2厅 | 132.1平米 | 南 北,https://ke-image.ljcdn.com/110000-inspection/pc1_jju1TyM2S.jpg!m_fill,w_280,h_210,f_jpg?from=ke.com
20240914,西城,西直门,101125839492,铁科院  一居室 有电梯 不临街 小区停车方便房主自荐,480万,100167元/平,中楼层 (共16层) 1室1厅 | 47.92平米 | 南,https://ke-image.ljcdn.com/110000-inspection/f49503ec-67ac-4b9f-bece-4658a03697aa_1000.jpg!m_fill,w_280,h_210,f_jpg?from=ke.com
20240914,西城,西直门,101125822507,铁科院 97年建成 不临街两居 停车方便 采光好,570万,104992元/平,低楼层 (共6层) 2室1厅 | 54.29平米 | 南 北,https://ke-image.ljcdn.com/110000-inspection/pc1_fpNsRnZHi.jpg!m_fill,w_280,h_210,f_jpg?from=ke.com
20240914,西城,西直门,101125790297,二建宿舍  西直门 交大东路 13号线沿线 观河,320万,80605元/平,高楼层 (共6层) | 1982年 | 1室1厅 | 39.7平米 | 南,https://ke-image.ljcdn.com/110000-inspection/pc1_CQBMba3TO.jpg!m_fill,w_280,h_210,f_jpg?from=ke.com
20240914,西城,西直门,101125722421,西直门交大东路34号院南北通透两居室诚心出售,380万,67496元/平,地下室 (共6层) | 1990年 | 2室1厅 | 56.3平米 | 南 北,https://ke-image.ljcdn.com/110000-inspection/d34790a9-f4a2-4fbb-8b82-2e96cd9638da_1000.jpg!m_fill,w_280,h_210,f_jpg?from=ke.com
20240914,西城,西直门,101125634073,西直门交大东路卫生部南北通透全明户型采光好,780万,107676元/平,高楼层 (共6层) 3室1厅 | 72.44平米 | 南 北,https://ke-image.ljcdn.com/110000-inspection/pc1_QdJ3PwDUn.jpg!m_fill,w_280,h_210,f_jpg?from=ke.com
20240914,西城,西直门,101125515571,德宝新园中间层两居满五年唯一精装修,629万,101945元/平,中楼层 (共6层) 2室1厅 | 61.7平米 | 南 北,https://ke-image.ljcdn.com/110000-inspection/pc1_j3CDHUu6R.jpg!m_fill,w_280,h_210,f_jpg?from=ke.com
20240914,西城,西直门,101125512783,前桃园1号 低楼层南北二居室 诚心出售 户型方正,590万,101550元/平,低楼层 (共6层) 2室1厅 | 58.1平米 | 南 北,https://ke-image.ljcdn.com/110000-inspection/ec869175-64c9-471f-b123-f905fd2b97f6_1000.jpg!m_fill,w_280,h_210,f_jpg?from=ke.com
20240914,西城,西直门,101125430196,西直门 交大嘉园户型方正随时签约,940万,107001元/平,低楼层 (共19层) 2室1厅 | 87.85平米 | 西北,https://ke-image.ljcdn.com/110000-inspection/pc1_PeanuKObM.jpg!m_fill,w_280,h_210,f_jpg?from=ke.com
20240914,西城,西直门,101125421431,西直门交大嘉园2003年商品房大两居人车分流可贷,860万,104471元/平,高楼层 (共19层) 2室1厅 | 82.32平米 | 东,https://ke-image.ljcdn.com/110000-inspection/pc1_GtenCNIVX.jpg!m_fill,w_280,h_210,f_jpg?from=ke.com
20240914,西城,西直门,101125367566,铁道科学研究院不临街北区三居室电梯房年代新可交易,1978万,160175元/平,高楼层 (共12层) 3室1厅 | 123.49平米 | 南 北,https://ke-image.ljcdn.com/110000-inspection/2c2048b8-c05b-4585-a5ce-7aa8f4c1f5ee_1000.jpg!m_fill,w_280,h_210,f_jpg?from=ke.com
20240914,西城,西直门,101125335755,西城区展览路德宝新园 优质三居,798万,97556元/平,高楼层 (共6层) 3室1厅 | 81.8平米 | 东 西,https://ke-image.ljcdn.com/110000-inspection/pc1_arvyv4bnr.jpg!m_fill,w_280,h_210,f_jpg?from=ke.com
20240914,西城,西直门,101125245563,西直门 卫生部 交大东路56号院 东南两居中间楼层,520万,89317元/平,中楼层 (共6层) 2室1厅 | 58.22平米 | 东南,https://ke-image.ljcdn.com/110000-inspection/pc1_2Q33TbCHm.jpg!m_fill,w_280,h_210,f_jpg?from=ke.com
20240914,西城,西直门,101125224964,后桃园胡同9号院 精装修两居室 采光视野好,570万,104015元/平,顶层 (共5层) 2室1厅 | 54.8平米 | 南 北,https://ke-image.ljcdn.com/110000-inspection/pc1_KxIUwnGQn_1.jpg!m_fill,w_280,h_210,f_jpg?from=ke.com
20240914,西城,西直门,101125198748,西直门 卫生部小区 全明南北3居 满5唯一 商品房,750万,100726元/平,底层 (共6层) 3室1厅 | 74.46平米 | 南 北,https://ke-image.ljcdn.com/110000-inspection/pc1_vGZLoqbzm.jpg!m_fill,w_280,h_210,f_jpg?from=ke.com
20240914,西城,西直门,101125197140,西城展览路一居室 户型方正 朝南向,380万,89623元/平,顶层 (共6层) 1室1厅 | 42.4平米 | 南,https://ke-image.ljcdn.com/110000-inspection/pc1_jvDuV72Kx.jpg!m_fill,w_280,h_210,f_jpg?from=ke.com
20240914,西城,西直门,101125174563,铁道科学研究院 南北通透明厨明卫 精装中间楼层,593万,93386元/平,低楼层 (共6层) 2室1厅 | 63.5平米 | 南 北,https://ke-image.ljcdn.com/110000-inspection/pc1_T8sGXEBJr.jpg!m_fill,w_280,h_210,f_jpg?from=ke.com
20240914,西城,西直门,101125170217,熙府桃园 南北通透 高楼层 三居室 视野好,2650万,169949元/平,高楼层 (共13层) 3室2厅 | 155.93平米 | 南 北,https://ke-image.ljcdn.com/110000-inspection/ce8ffa98-a347-49cb-8b94-cad4d1241f61_1000.jpg!m_fill,w_280,h_210,f_jpg?from=ke.com
20240914,西城,西直门,101125158700,高梁桥斜街乙40号院 2室1厅 南 北,610万,96826元/平,高楼层 (共6层) 2室1厅 | 63平米 | 南 北,https://ke-image.ljcdn.com/110000-inspection/pc1_KNcsvAn7j.jpg!m_fill,w_280,h_210,f_jpg?from=ke.com
20240914,西城,西直门,101125124005,西城区西直门德宝新园户型方正格局好利用中间楼层一居,480万,100000元/平,中楼层 (共6层) 1室1厅 | 48平米 | 东,https://ke-image.ljcdn.com/110000-inspection/pc1_I9vPT9nek.jpg!m_fill,w_280,h_210,f_jpg?from=ke.com
20240914,西城,西直门,101125061849,西直门 金融街 交大东路12号院 电梯一居室 楼龄,400万,76702元/平,中楼层 (共20层) | 2018年 | 1室1厅 | 52.15平米 | 东,https://ke-image.ljcdn.com/110000-inspection/pc1_bn8XD2Fov.jpg!m_fill,w_280,h_210,f_jpg?from=ke.com
20240914,西城,西直门,101124894147,西直门展览路南北通透两居室中间楼层,506万,87695元/平,中楼层 (共5层) | 1985年 | 2室1厅 | 57.7平米 | 南 北,https://ke-image.ljcdn.com/110000-inspection/pc1_8H8w0kiPA.jpg!m_fill,w_280,h_210,f_jpg?from=ke.com
20240914,西城,西直门,101124906560,朝南一居有小厅 无遮挡 低楼层 适合贷款,498万,120000元/平,低楼层 (共6层) 1室1厅 | 41.5平米 | 南,https://ke-image.ljcdn.com/110000-inspection/da01de2a-2687-4d0e-ad29-0abdea7f8917_1000.jpg!m_fill,w_280,h_210,f_jpg?from=ke.com
20240914,西城,西直门,101124894184,东桃园胡同2号 正规两居室房主自荐,450万,98469元/平,顶层 (共6层) 2室1厅 | 45.7平米 | 东,https://ke-image.ljcdn.com/110000-inspection/pc1_9vWBFk2Wr.jpg!m_fill,w_280,h_210,f_jpg?from=ke.com
20240914,西城,西直门,101124804002,玉芙胡同 3室1厅 东 南 北,810万,105607元/平,顶层 (共5层) 3室1厅 | 76.7平米 | 东 南 北,https://ke-image.ljcdn.com/110000-inspection/pc1_oLSVM9zvD.jpg!m_fill,w_280,h_210,f_jpg?from=ke.com
20240914,西城,西直门,101124795851,卫生部小区带电梯中间楼层朝南向,600万,94429元/平,中楼层 (共16层) 2室1厅 | 63.54平米 | 南,https://ke-image.ljcdn.com/110000-inspection/pc1_Y8Loq4bhA.jpg!m_fill,w_280,h_210,f_jpg?from=ke.com
20240914,西城,西直门,101124742611,玉桃园三区 中间楼层 精装修  全明格局,658万,114635元/平,中楼层 (共5层) 2室1厅 | 57.4平米 | 南 北,https://ke-image.ljcdn.com/110000-inspection/pc1_b1DiikaMj.jpg!m_fill,w_280,h_210,f_jpg?from=ke.com
20240914,西城,西直门,101124700692,西直门展览路附近朝南向一居室诚心出售,435万,93670元/平,底层 (共10层) | 1987年 | 1室1厅 | 46.44平米 | 南,https://ke-image.ljcdn.com/110000-inspection/pc1_qQyYvbOK1.jpg!m_fill,w_280,h_210,f_jpg?from=ke.com
20240914,西城,西直门,101124690531,西直门 舒至嘉园高层三居 采光好视野好,1180万,92782元/平,高楼层 (共20层) | 2000年 | 3室1厅 | 127.18平米 | 东 南 北,https://ke-image.ljcdn.com/110000-inspection/pc1_4R4GDSKDU.jpg!m_fill,w_280,h_210,f_jpg?from=ke.com
20240914,西城,西直门,101124678325,交大畅园交大家属院可对外出售电梯一居满五唯一,498万,98653元/平,底层 (共18层) 1室1厅 | 50.48平米 | 南,https://ke-image.ljcdn.com/110000-inspection/pc1_IqtCtNmcc.jpg!m_fill,w_280,h_210,f_jpg?from=ke.com
20240914,西城,西直门,101124547007,铁道科学研究院 1室1厅 南 北,430万,101607元/平,高楼层 (共6层) 1室1厅 | 42.32平米 | 南 北,https://ke-image.ljcdn.com/110000-inspection/pc1_ydRii326u.jpg!m_fill,w_280,h_210,f_jpg?from=ke.com
20240914,西城,西直门,101124485611,德宝新园 1室1厅 东,460万,100000元/平,高楼层 (共6层) 1室1厅 | 46平米 | 东,https://ke-image.ljcdn.com/110000-inspection/pc1_XUqVKGyBE.jpg!m_fill,w_280,h_210,f_jpg?from=ke.com
20240914,西城,西直门,101124472402,西直门铁道部宿舍精装高层大两居,650万,84592元/平,中楼层 (共14层) | 1999年 | 2室1厅 | 76.84平米 | 南 西,https://ke-image.ljcdn.com/110000-inspection/pc1_6beHrmzAS.jpg!m_fill,w_280,h_210,f_jpg?from=ke.com
20240914,西城,西直门,101124412775,前桃园1号   朝南向  一居室,410万,95572元/平,底层 (共6层) 1室1厅 | 42.9平米 | 南,https://ke-image.ljcdn.com/110000-inspection/pc1_u0epuefDN.jpg!m_fill,w_280,h_210,f_jpg?from=ke.com
20240914,西城,西直门,101124401473,西直门长河湾花园洋房南北通透三居安静不临街,2360万,166773元/平,底层 (共6层) 3室2厅 | 141.51平米 | 南 北,https://ke-image.ljcdn.com/110000-inspection/pc1_5RwQluxgy.jpg!m_fill,w_280,h_210,f_jpg?from=ke.com
20240914,西城,西直门,101124393682,交大东路31号院1999年电梯楼户型方正,730万,99185元/平,高楼层 (共16层) 2室1厅 | 73.6平米 | 西南,https://ke-image.ljcdn.com/110000-inspection/pc1_Z25ApOV7X.jpg!m_fill,w_280,h_210,f_jpg?from=ke.com
20240914,西城,西直门,101124377699,卫生部小区 带电梯 双南两居,630万,99151元/平,低楼层 (共16层) 2室1厅 | 63.54平米 | 南,https://ke-image.ljcdn.com/110000-inspection/pc1_LonV7Yiyi.jpg!m_fill,w_280,h_210,f_jpg?from=ke.com
20240914,西城,西直门,101124309056,熙府桃园 中间楼层 三居室 业主急售,2150万,149837元/平,中楼层 (共13层) | 2005年 | 3室2厅 | 143.49平米 | 南 北,https://ke-image.ljcdn.com/110000-inspection/ac532d1b-9e8f-48db-a21a-d2992b018923_1000.jpg!m_fill,w_280,h_210,f_jpg?from=ke.com
20240914,西城,西直门,101124250344,交大东路48号院 楼层好全明格局,555万,84604元/平,中楼层 (共6层) | 1982年 | 3室1厅 | 65.6平米 | 东 南 北,https://ke-image.ljcdn.com/110000-inspection/pc1_6JK3Th43l.jpg!m_fill,w_280,h_210,f_jpg?from=ke.com
20240914,西城,西直门,101124187628,西直门 交大东路48号院 二建宿舍 南北通透全明两居,520万,87103元/平,底层 (共6层) | 1982年 | 2室1厅 | 59.7平米 | 南 北,https://ke-image.ljcdn.com/110000-inspection/pc1_f7lj9RGA5.jpg!m_fill,w_280,h_210,f_jpg?from=ke.com
20240914,西城,西直门,101124169402,西直门卫生部电梯3居东南角视野好满五年唯一,880万,107304元/平,顶层 (共16层) 3室1厅 | 82.01平米 | 东南,https://ke-image.ljcdn.com/110000-inspection/pc1_tFRfUrGtX.jpg!m_fill,w_280,h_210,f_jpg?from=ke.com
20240914,西城,西直门,101124140430,西直门德宝新园 中间层1居  采光好 满5年,397万,94977元/平,中楼层 (共5层) 1室1厅 | 41.8平米 | 西南,https://ke-image.ljcdn.com/110000-inspection/pc1_ySmcITL7J.jpg!m_fill,w_280,h_210,f_jpg?from=ke.com
20240914,西城,西直门,101124125940,后桃园胡同9号院+中间层+安静无遮挡,575万,114542元/平,顶层 (共5层) 2室1厅 | 50.2平米 | 南,https://ke-image.ljcdn.com/110000-inspection/pc1_W52aO7lkQ.jpg!m_fill,w_280,h_210,f_jpg?from=ke.com
20240914,西城,西直门,101124064689,西直门内大街237号 2室1厅 南 北,570万,98107元/平,中楼层 (共6层) 2室1厅 | 58.1平米 | 南 北,https://ke-image.ljcdn.com/110000-inspection/ce884ef6-6bcb-4db8-ba86-412462d9c66e_1000.jpg!m_fill,w_280,h_210,f_jpg?from=ke.com
20240914,西城,西直门,101124058862,西直门  低楼层 大三居 停车方便,936万,89313元/平,中楼层 (共4层) 3室1厅 | 104.8平米 | 东 南 西,https://ke-image.ljcdn.com/110000-inspection/fb666536-3e14-4e7e-9f26-0f784617a1df_1000.jpg!m_fill,w_280,h_210,f_jpg?from=ke.com
20240914,西城,西直门,101124036517,铁道科学研究院北区2009年新楼商品房满五唯一车位多,1420万,136881元/平,高楼层 (共15层) 3室1厅 | 103.74平米 | 南 北,https://ke-image.ljcdn.com/110000-inspection/pc1_bIfDfDeNZ.jpg!m_fill,w_280,h_210,f_jpg?from=ke.com
20240914,西城,西直门,101123956049,玉桃园三区 南北两居 2022精装修 水电均改造,700万,122808元/平,中楼层 (共5层) 2室1厅 | 57平米 | 南 北,https://ke-image.ljcdn.com/110000-inspection/be0a00d6-09cf-4e52-a351-feb3953a6013_1000.jpg!m_fill,w_280,h_210,f_jpg?from=ke.com
20240914,西城,西直门,101123947077,马相西巷   中间楼层  两居室,570万,94371元/平,中楼层 (共6层) 2室1厅 | 60.4平米 | 东 西,https://ke-image.ljcdn.com/110000-inspection/pc1_6fU6aoiaO.jpg!m_fill,w_280,h_210,f_jpg?from=ke.com
20240914,西城,西直门,101123918851,西直门交大南门 南北通透三居 视野采光好,630万,80460元/平,高楼层 (共6层) 3室1厅 | 78.3平米 | 南 北,https://ke-image.ljcdn.com/110000-inspection/pc1_58M4hgs7r.jpg!m_fill,w_280,h_210,f_jpg?from=ke.com
20240914,西城,西直门,101123834658,西直门 交大东路56号院 两室大客厅 满五唯一商品房,568万,75886元/平,底层 (共6层) 2室1厅 | 74.85平米 | 东,https://ke-image.ljcdn.com/110000-inspection/pc1_UWyYFlfRh.jpg!m_fill,w_280,h_210,f_jpg?from=ke.com
20240914,西城,西直门,101123792461,交大东路66号院 次新楼 落地窗大客厅 北二环西直门旁,610万,75421元/平,低楼层 (共25层) | 2010年 | 2室1厅 | 80.88平米 | 西,https://ke-image.ljcdn.com/110000-inspection/pc1_hw4McuUxz.jpg!m_fill,w_280,h_210,f_jpg?from=ke.com
20240914,西城,西直门,101123719387,上园村 3室1厅 南 北,610万,82768元/平,底层 (共6层) 3室1厅 | 73.7平米 | 南 北,https://ke-image.ljcdn.com/110000-inspection/pc1_ODy7r4WLb.jpg!m_fill,w_280,h_210,f_jpg?from=ke.com
20240914,西城,西直门,101123677979,西直门展览路 南北通透三居室 精装修,610万,87393元/平,顶层 (共6层) 3室1厅 | 69.8平米 | 南 北,https://ke-image.ljcdn.com/110000-inspection/pc1_t3pHMtfsE.jpg!m_fill,w_280,h_210,f_jpg?from=ke.com
20240914,西城,西直门,101123675272,学院南路60号院 中间层 三居室 南北通透 格局好用,658万,97482元/平,中楼层 (共5层) 3室1厅 | 67.5平米 | 南 北,https://ke-image.ljcdn.com/110000-inspection/pc1_5yNImpvVa.jpg!m_fill,w_280,h_210,f_jpg?from=ke.com
20240914,西城,西直门,101123659454,钻河公馆近地铁一居室 带电梯,488万,82391元/平,中楼层 (共25层) | 2010年 | 1室1厅 | 59.23平米 | 西,https://ke-image.ljcdn.com/110000-inspection/pc1_dWVwn9kTK.jpg!m_fill,w_280,h_210,f_jpg?from=ke.com
20240914,西城,西直门,101123647980,卫生部小区 2室1厅 南 北,700万,107693元/平,低楼层 (共6层) 2室1厅 | 65平米 | 南 北,https://ke-image.ljcdn.com/110000-inspection/pc1_Rw2nh99ju.jpg!m_fill,w_280,h_210,f_jpg?from=ke.com
20240914,西城,西直门,101123616496,西直门 带电梯两居 视野好 楼层好 满五唯一 诚意出售房主自荐,820万,99709元/平,中楼层 (共19层) 2室1厅 | 82.24平米 | 东,https://ke-image.ljcdn.com/110000-inspection/pc1_fGmKeN7uI.jpg!m_fill,w_280,h_210,f_jpg?from=ke.com
20240914,西城,西直门,101123576960,交大东路4号院 1室1厅 东,395万,65344元/平,低楼层 (共14层) 1室1厅 | 60.45平米 | 东,https://ke-image.ljcdn.com/110000-inspection/pc1_H3NayWT5A.jpg!m_fill,w_280,h_210,f_jpg?from=ke.com
20240914,西城,西直门,101123559644,西城展览路德宝新园中间层两居室,536万,89334元/平,中楼层 (共6层) 2室1厅 | 60平米 | 东 西,https://ke-image.ljcdn.com/110000-inspection/pc1_szGpvGTNe.jpg!m_fill,w_280,h_210,f_jpg?from=ke.com
20240914,西城,西直门,101123548260,玉桃园三区 1室1厅 南,515万,119490元/平,底层 (共6层) 1室1厅 | 43.1平米 | 南,https://ke-image.ljcdn.com/110000-inspection/78ebafa7-cfa2-4ec9-b60c-0f5bebb89406_1000.jpg!m_fill,w_280,h_210,f_jpg?from=ke.com
20240914,西城,西直门,101123438632,电信家属楼  能观景河边 楼龄新,439万,72623元/平,底层 (共14层) 2室1厅 | 60.45平米 | 东,https://ke-image.ljcdn.com/110000-inspection/pc1_4pDzPCHyO.jpg!m_fill,w_280,h_210,f_jpg?from=ke.com
20240914,西城,西直门,101123431729,总监推荐 西直门新街口 玉桃园三区 南向一居 随,459万,106497元/平,中楼层 (共5层) 1室1厅 | 43.1平米 | 南,https://ke-image.ljcdn.com/110000-inspection/pc1_Vw1jQsdOQ.jpg!m_fill,w_280,h_210,f_jpg?from=ke.com
20240914,西城,西直门,101123399317,西直门 高梁桥斜街 旅游局宿舍 通透四居室带客厅房主自荐,1020万,87742元/平,底层 (共13层) 4室1厅 | 116.25平米 | 东 西,https://ke-image.ljcdn.com/110000-inspection/prod-6d9d63f3-84cc-45e8-9919-b71b8a208368.jpg!m_fill,w_280,h_210,f_jpg?from=ke.com
20240914,西城,西直门,101123365392,西直门长河湾2012年建商品房带电梯一居室人车分流,380万,80543元/平,顶层 (共5层) | 2012年 | 1室0厅 | 47.18平米 | 北,https://ke-image.ljcdn.com/110000-inspection/pc1_tLuNHkWfy.jpg!m_fill,w_280,h_210,f_jpg?from=ke.com
20240914,西城,西直门,101123330768,西直门 长河湾 高楼层 视野好 户型方正 有钥匙,623万,90843元/平,高楼层 (共14层) | 2005年 | 1室1厅 | 68.58平米 | 北,https://ke-image.ljcdn.com/110000-inspection/pc1_iI4ddfFVN.jpg!m_fill,w_280,h_210,f_jpg?from=ke.com
20240914,西城,西直门,101123160969,西直门 交大东路  南北通透三居室,660万,89796元/平,高楼层 (共6层) 3室1厅 | 73.5平米 | 南 北,https://ke-image.ljcdn.com/110000-inspection/pc1_CFJUESOKg.jpg!m_fill,w_280,h_210,f_jpg?from=ke.com
20240914,西城,西直门,101123132806,西直门舒至嘉园2000商品房西南三居两卫户型,1250万,80604元/平,低楼层 (共20层) | 2000年 | 3室1厅 | 155.08平米 | 西南,https://ke-image.ljcdn.com/110000-inspection/pc1_AwzsBiBlG.jpg!m_fill,w_280,h_210,f_jpg?from=ke.com
20240914,西城,西直门,101123109095,玉桃园一区 中间层 视野好  精装修,1398万,135861元/平,中楼层 (共6层) 3室2厅 | 102.9平米 | 东 西,https://ke-image.ljcdn.com/110000-inspection/7722e8de-071c-42c1-a795-6f44468c1a07_1000.jpg!m_fill,w_280,h_210,f_jpg?from=ke.com
20240914,西城,西直门,101123070185,交大东路66号院 满五唯一 一居带大客厅,466万,78970元/平,高楼层 (共25层) | 2010年 | 1室1厅 | 59.01平米 | 东,https://ke-image.ljcdn.com/110000-inspection/174ff9f0-9dc1-42ff-b9e0-aa3fb7cdeebd_1000.jpg!m_fill,w_280,h_210,f_jpg?from=ke.com
20240914,西城,西直门,101123043603,学院南路60号院 双南两居 全明户型 采光好 小区有管理房主自荐,589万,95000元/平,中楼层 (共6层) 2室1厅 | 62平米 | 南 北,https://ke-image.ljcdn.com/110000-inspection/pc1_xK7XfP6Pz.jpg!m_fill,w_280,h_210,f_jpg?from=ke.com
20240914,西城,西直门,101123041907,南北两居  户型好 诚心出售 价格可议,330万,58615元/平,地下室 (共6层) | 1990年 | 2室1厅 | 56.3平米 | 南 北,https://ke-image.ljcdn.com/110000-inspection/pc1_1EfUbGsom.jpg!m_fill,w_280,h_210,f_jpg?from=ke.com
20240914,西城,西直门,101122999869,西城德宝新园 西直门地铁精装1居5年唯一中间层,409万,97614元/平,中楼层 (共6层) 1室1厅 | 41.9平米 | 西南,https://ke-image.ljcdn.com/110000-inspection/pc1_oSh4UNhFS.jpg!m_fill,w_280,h_210,f_jpg?from=ke.com
20240914,西城,西直门,101122986501,西城央产院南北通透满五唯一全明格局有花园,825万,125763元/平,底层 (共5层) 3室1厅 | 65.6平米 | 南 北,https://ke-image.ljcdn.com/110000-inspection/pc1_Ow3WUmVIP.jpg!m_fill,w_280,h_210,f_jpg?from=ke.com
20240914,西城,西直门,101122966346,交大嘉园  小两居 满五唯一 诚心出售,635万,104493元/平,高楼层 (共19层) | 2003年 | 2室1厅 | 60.77平米 | 北,https://ke-image.ljcdn.com/110000-inspection/pc1_6wNkDkyeY.jpg!m_fill,w_280,h_210,f_jpg?from=ke.com
20240914,西城,西直门,101122795449,玉桃园三区  低楼层   南北通透   无遮挡  采光好房主自荐,798万,129336元/平,低楼层 (共6层) 2室1厅 | 61.7平米 | 南 北,https://ke-image.ljcdn.com/110000-inspection/f60b1fa5-19a3-43e8-baf6-d93dabb0b183_1000.jpg!m_fill,w_280,h_210,f_jpg?from=ke.com
20240914,西城,西直门,101122773714,前桃园1号 南北西两居室 前后无遮挡 采光视野好,600万,102916元/平,顶层 (共6层) | 1984年 | 2室1厅 | 58.3平米 | 南 西 北,https://ke-image.ljcdn.com/110000-inspection/pc1_6lnEzh7Pm.jpg!m_fill,w_280,h_210,f_jpg?from=ke.com
20240914,西城,西直门,101122714000,铁道科学研究院 带电梯一居 小区管理好 停车方便房主自荐,525万,103776元/平,低楼层 (共16层) 1室1厅 | 50.59平米 | 南,https://ke-image.ljcdn.com/110000-inspection/929c3381-63bc-4002-a838-2324843c3ff1_1000.jpg!m_fill,w_280,h_210,f_jpg?from=ke.com
20240914,西城,西直门,101122675084,西直门商圈 交大东路附近 卫生部小区旁 精装修两居,520万,89317元/平,低楼层 (共6层) 2室1厅 | 58.22平米 | 西,https://ke-image.ljcdn.com/110000-inspection/6b71d4f9-fbf4-4dab-9391-7c9aa11aff21_1000.jpg!m_fill,w_280,h_210,f_jpg?from=ke.com
20240914,西城,西直门,101122663749,高梁桥斜街59号院 长河湾  全屋定制  精装修,1018万,117852元/平,顶层 (共6层) | 2005年 | 3室1厅 | 86.38平米 | 南,https://ke-image.ljcdn.com/110000-inspection/pc1_uduLRDQbD.jpg!m_fill,w_280,h_210,f_jpg?from=ke.com
20240914,西城,西直门,101122635540,西直门站一公里卫生部电梯中高层双南精装两居房主自荐,649万,104610元/平,中楼层 (共16层) 2室1厅 | 62.04平米 | 南 北,https://ke-image.ljcdn.com/110000-inspection/pc1_FmE7MTfoP.jpg!m_fill,w_280,h_210,f_jpg?from=ke.com
20240914,西城,西直门,101122577812,西城区 展览路 高层双南两居室 视野开阔无遮挡,618万,101478元/平,中楼层 (共16层) 2室1厅 | 60.9平米 | 南,https://ke-image.ljcdn.com/110000-inspection/pc1_W306Q6dfw.jpg!m_fill,w_280,h_210,f_jpg?from=ke.com
20240914,西城,西直门,101122568355,玉桃园三区  东西通透  1997年建成,550万,109344元/平,中楼层 (共6层) | 1997年 | 1室1厅 | 50.3平米 | 东 西,https://ke-image.ljcdn.com/110000-inspection/pc1_b3MVAZFQO.jpg!m_fill,w_280,h_210,f_jpg?from=ke.com
20240914,西城,西直门,101122558947,德胜门西大街74号 二环内 南向 电梯房,560万,138958元/平,低楼层 (共12层) | 1988年 | 1室1厅 | 40.3平米 | 南,https://ke-image.ljcdn.com/110000-inspection/d912668f-104c-4807-b4b8-545793721446_1000.jpg!m_fill,w_280,h_210,f_jpg?from=ke.com
20240914,西城,西直门,101122497698,西城区 展览路车公庄 新上电梯房两居室 高层视野开阔,635万,104959元/平,高楼层 (共16层) 2室1厅 | 60.5平米 | 南 西,https://ke-image.ljcdn.com/110000-inspection/120b71d8-4d7b-4d7e-8f2f-b1357af6d03c_1000.jpg!m_fill,w_280,h_210,f_jpg?from=ke.com
20240914,西城,西直门,101122480082,满5年唯一费少楼龄新交通便利,395万,73695元/平,地下室 (共6层) 2室1厅 | 53.6平米 | 南 北,https://ke-image.ljcdn.com/110000-inspection/pc1_Qn3kEjgJc.jpg!m_fill,w_280,h_210,f_jpg?from=ke.com
20240914,西城,西直门,101122464939,铁道科学研究院 2009年建成 两梯两户 南北通透三居,1400万,134953元/平,高楼层 (共14层) 3室1厅 | 103.74平米 | 南 北,https://ke-image.ljcdn.com/110000-inspection/pc1_mlWutVwr7.jpg!m_fill,w_280,h_210,f_jpg?from=ke.com
20240914,西城,西直门,101122353595,西直门 交大东路 金融街 交大嘉园 03年商品房社区房主自荐,1590万,115620元/平,低楼层 (共19层) | 2002年 | 3室1厅 | 137.52平米 | 南 西,https://ke-image.ljcdn.com/110000-inspection/pc1_F4mnkamOU.jpg!m_fill,w_280,h_210,f_jpg?from=ke.com
20240914,西城,西直门,101122204862,新户型上市西直门展览路满5年安静楼层好客厅大,566万,92484元/平,低楼层 (共6层) 2室1厅 | 61.2平米 | 西南,https://ke-image.ljcdn.com/110000-inspection/pc1_utcnB9ktz.jpg!m_fill,w_280,h_210,f_jpg?from=ke.com
20240914,西城,西直门,101122183596,展览路 1992年 南北通透一居室 好楼层地段好 近地铁,510万,115385元/平,中楼层 (共7层) 1室1厅 | 44.2平米 | 南 北,https://ke-image.ljcdn.com/110000-inspection/pc1_pB2t9qtI7.jpg!m_fill,w_280,h_210,f_jpg?from=ke.com
20240914,西城,西直门,101122176488,店长推荐  铁科院 南北通透 精装修 满五年唯一,660万,112055元/平,底层 (共6层) 2室1厅 | 58.9平米 | 南 北,https://ke-image.ljcdn.com/110000-inspection/pc1_P9Hpiihbo.jpg!m_fill,w_280,h_210,f_jpg?from=ke.com
20240914,西城,西直门,101122172773,西直门 交大东路12号院 2015年楼龄 临近地铁13号线,420万,83087元/平,中楼层 (共20层) | 2018年 | 1室1厅 | 50.55平米 | 东,https://ke-image.ljcdn.com/110000-inspection/pc1_DRNJtSXJ3.jpg!m_fill,w_280,h_210,f_jpg?from=ke.com
20240914,西城,西直门,101122012530,卫生部小区 南北通透  楼层好明厨明卫。房主自荐,660万,97288元/平,低楼层 (共6层) 2室1厅 | 67.84平米 | 南 北,https://ke-image.ljcdn.com/110000-inspection/pc1_E3sNEIzo1.jpg!m_fill,w_280,h_210,f_jpg?from=ke.com
20240914,西城,西直门,101121968386,西直门 交大东路7号院 板楼3层安静规整不临街,589万,104064元/平,中楼层 (共6层) 3室1厅 | 56.6平米 | 南 北,https://ke-image.ljcdn.com/110000-inspection/pc1_4cxcAQg3u.jpg!m_fill,w_280,h_210,f_jpg?from=ke.com
20240914,西城,西直门,101121923390,交大东路56号院 精装高层视野 随时可看,635万,95203元/平,高楼层 (共18层) 3室1厅 | 66.7平米 | 东北,https://ke-image.ljcdn.com/110000-inspection/pc1_rU2YTAnz9.jpg!m_fill,w_280,h_210,f_jpg?from=ke.com
20240914,西城,西直门,101121921016,玉桃园三区东向不临街正对小区花园,555万,109684元/平,高楼层 (共6层) 1室1厅 | 50.6平米 | 东,https://ke-image.ljcdn.com/110000-inspection/pc1_uBMJBEc0N.jpg!m_fill,w_280,h_210,f_jpg?from=ke.com
20240914,西城,西直门,101121727717,玉桃园三区  玉桃园三区  一居室格局方正无遮挡房主自荐,545万,107708元/平,高楼层 (共6层) | 1997年 | 1室1厅 | 50.6平米 | 西,https://ke-image.ljcdn.com/110000-inspection/pc1_MG1cx4ihC.jpg!m_fill,w_280,h_210,f_jpg?from=ke.com
20240914,西城,西直门,101121664323,西直门地铁精装南北中间层财政部央产阳光好无遮挡,685万,111022元/平,中楼层 (共6层) 2室1厅 | 61.7平米 | 南 北,https://ke-image.ljcdn.com/110000-inspection/pc1_ClpRcKZB9.jpg!m_fill,w_280,h_210,f_jpg?from=ke.com
20240914,西城,西直门,101121623976,西直门 舒至嘉园 优质2居 业主急售 看房随时,895万,80486元/平,低楼层 (共20层) 2室1厅 | 111.2平米 | 东北,https://ke-image.ljcdn.com/110000-inspection/pc1_K17nlQrez.jpg!m_fill,w_280,h_210,f_jpg?from=ke.com
20240914,西城,西直门,101121588784,看房有钥匙交大东路48号院优质全明两居精装修,499万,78336元/平,高楼层 (共6层) | 1982年 | 2室1厅 | 63.7平米 | 南 北,https://ke-image.ljcdn.com/110000-inspection/pc1_oQUABJCnh.jpg!m_fill,w_280,h_210,f_jpg?from=ke.com
20240914,西城,西直门,101121491701,西直门 交大南门高梁桥斜街乙40号院 高层东南2居房主自荐,820万,93983元/平,高楼层 (共13层) 2室1厅 | 87.25平米 | 东南 西,https://ke-image.ljcdn.com/110000-inspection/pc1_jWKOqtxAT.jpg!m_fill,w_280,h_210,f_jpg?from=ke.com
20240914,西城,西直门,101121410305,西城 西直门 94年板楼 全明格局大二居 带客厅,685万,91456元/平,高楼层 (共6层) 2室1厅 | 74.9平米 | 东 南 西,https://ke-image.ljcdn.com/110000-inspection/pc1_AjYWDVBur.jpg!m_fill,w_280,h_210,f_jpg?from=ke.com
20240914,西城,西直门,101121368760,西直门展览路 精装3居 带窗大客厅 楼层好 安静,890万,112802元/平,低楼层 (共6层) 3室1厅 | 78.9平米 | 东 北,https://ke-image.ljcdn.com/110000-inspection/pc1_ajI0nibps.jpg!m_fill,w_280,h_210,f_jpg?from=ke.com
20240914,西城,西直门,101121334365,卫生部小区 中高楼层 视野宽阔 正规三居,980万,119498元/平,高楼层 (共16层) 3室1厅 | 82.01平米 | 西南,https://ke-image.ljcdn.com/110000-inspection/6e39e51a-5d9e-4e6b-af8a-f4697a62a7d1_1000.jpg!m_fill,w_280,h_210,f_jpg?from=ke.com
20240914,西城,西直门,101121248380,交大东路30号院 精装三居大客厅 西南北三居,950万,99979元/平,低楼层 (共14层) 3室1厅 | 95.02平米 | 西南,https://ke-image.ljcdn.com/110000-inspection/pc1_6WBI34ShD.jpg!m_fill,w_280,h_210,f_jpg?from=ke.com
20240914,西城,西直门,101121239017,德宝新园正规一室一厅  高楼层  无遮挡 彩光好,480万,93024元/平,顶层 (共6层) | 1992年 | 1室1厅 | 51.6平米 | 西北,https://ke-image.ljcdn.com/110000-inspection/pc1_Gx59Vsa19_1.jpg!m_fill,w_280,h_210,f_jpg?from=ke.com
20240914,西城,西直门,101121225769,玉桃园三区  南北通透 两居室,718万,125965元/平,高楼层 (共6层) 2室1厅 | 57平米 | 南 北,https://ke-image.ljcdn.com/110000-inspection/bea413e4-faba-4b1e-bae1-0197519b03ba_1000.jpg!m_fill,w_280,h_210,f_jpg?from=ke.com
20240914,西城,西直门,101121097370,铁科院 南北通透两居室 全明户型格局 满五年 节省成本房主自荐,660万,102965元/平,高楼层 (共6层) 2室1厅 | 64.1平米 | 南 北,https://ke-image.ljcdn.com/110000-inspection/pc1_Weyu1oF56.jpg!m_fill,w_280,h_210,f_jpg?from=ke.com
20240914,西城,西直门,101120955796,西直门  交大东路12号院 一室一厅 落地飘窗 满两年,448万,85350元/平,高楼层 (共20层) 1室1厅 | 52.49平米 | 东,https://ke-image.ljcdn.com/110000-inspection/pc1_fjUE96O4M.jpg!m_fill,w_280,h_210,f_jpg?from=ke.com
20240914,西城,西直门,101120944603,交大东路40号院 一层 南向 两居,408万,77420元/平,底层 (共6层) 2室1厅 | 52.7平米 | 东南,https://ke-image.ljcdn.com/110000-inspection/pc1_67IANTJmI.jpg!m_fill,w_280,h_210,f_jpg?from=ke.com
20240914,西城,西直门,101120498899,西城德宝新园楼龄新南北通透正规客厅两居室,679万,110407元/平,低楼层 (共6层) 2室1厅 | 61.5平米 | 南 北,https://ke-image.ljcdn.com/110000-inspection/037e13bd-d49d-4976-8b1f-dde1feafc4dd_1000.jpg!m_fill,w_280,h_210,f_jpg?from=ke.com
20240914,西城,西直门,101120348196,钻河公馆东向2居落地飘窗有电梯无遮挡,596万,76284元/平,高楼层 (共25层) 2室1厅 | 78.13平米 | 东,https://ke-image.ljcdn.com/110000-inspection/pc1_uDHWXVRWR.jpg!m_fill,w_280,h_210,f_jpg?from=ke.com
20240914,西城,西直门,101120229176,玉桃园三区 1室1厅 南,525万,120968元/平,中楼层 (共5层) 1室1厅 | 43.4平米 | 南,https://ke-image.ljcdn.com/110000-inspection/3a5fc54d-374f-4f2d-a0dd-5d8d3969edf6_1000.jpg!m_fill,w_280,h_210,f_jpg?from=ke.com
20240914,西城,西直门,101119801558,店长推荐 铁科院 97年建成 不临街三居 停车方便,1030万,110634元/平,顶层 (共6层) | 1997年 | 3室1厅 | 93.1平米 | 南 北,https://ke-image.ljcdn.com/110000-inspection/pc1_XexwqKcev_1.jpg!m_fill,w_280,h_210,f_jpg?from=ke.com
20240914,西城,西直门,101119632528,交大东路40号院东南向2居 交通便利 地铁沿线,563万,103114元/平,高楼层 (共6层) 2室1厅 | 54.6平米 | 东南,https://ke-image.ljcdn.com/110000-inspection/pc1_gTVRhDPn6.jpg!m_fill,w_280,h_210,f_jpg?from=ke.com
20240914,西城,西直门,101119534662,西直门 舒至嘉园 精装一居室 高楼层视野好,700万,93409元/平,中楼层 (共19层) | 2003年 | 1室1厅 | 74.94平米 | 东北,https://ke-image.ljcdn.com/110000-inspection/pc1_r72i1jIbv.jpg!m_fill,w_280,h_210,f_jpg?from=ke.com
20240914,西城,西直门,101119489195,玉桃园三区 1997年建成  东西通透,700万,115703元/平,底层 (共6层) 2室1厅 | 60.5平米 | 东 西,https://ke-image.ljcdn.com/110000-inspection/pc1_Le9pw72a3.jpg!m_fill,w_280,h_210,f_jpg?from=ke.com
20240914,西城,西直门,101119364533,电信家属楼 精装两居 南北通透,750万,79932元/平,中楼层 (共14层) 3室1厅 | 93.83平米 | 南 北,https://ke-image.ljcdn.com/110000-inspection/pc1_sfOKqHUzC.jpg!m_fill,w_280,h_210,f_jpg?from=ke.com
20240914,西城,西直门,101119355720,西直门 交大东路56号院 东向两居室中间层 满五央产,565万,97046元/平,低楼层 (共6层) 2室1厅 | 58.22平米 | 东 东南,https://ke-image.ljcdn.com/110000-inspection/pc1_HvMefRQ4M.jpg!m_fill,w_280,h_210,f_jpg?from=ke.com
20240914,西城,西直门,101119189937,交大路口31号院 中间层  全明户型,565万,113454元/平,中楼层 (共5层) 2室1厅 | 49.8平米 | 南 北,https://ke-image.ljcdn.com/110000-inspection/pc1_YdL7QP6Yy.jpg!m_fill,w_280,h_210,f_jpg?from=ke.com
20240914,西城,西直门,101119159532,西直门二环里玉桃园一区优质两居室双卫,1120万,123485元/平,中楼层 (共6层) 2室2厅 | 90.7平米 | 南 北,https://ke-image.ljcdn.com/110000-inspection/pc1_O8GWGB0VP.jpg!m_fill,w_280,h_210,f_jpg?from=ke.com
20240914,西城,西直门,101119070040,西直门 高梁桥斜街 电梯两居室 诚心出售,450万,93245元/平,高楼层 (共9层) | 1994年 | 2室1厅 | 48.26平米 | 西,https://ke-image.ljcdn.com/110000-inspection/eb9e21a2-1eee-42c8-b916-ac2426122627_1000.jpg!m_fill,w_280,h_210,f_jpg?from=ke.com
20240914,西城,西直门,101119034356,西直门 交大东路31号院 央产社区,460万,84559元/平,中楼层 (共6层) 2室1厅 | 54.4平米 | 东 西,https://ke-image.ljcdn.com/110000-inspection/pc1_I4OK1crfW.jpg!m_fill,w_280,h_210,f_jpg?from=ke.com
20240914,西城,西直门,101118960526,交大东路31号院满五唯一商品房,700万,96819元/平,低楼层 (共16层) 2室1厅 | 72.3平米 | 东 南 北,https://ke-image.ljcdn.com/110000-inspection/pc1_GNCyxxrAY_1.jpg!m_fill,w_280,h_210,f_jpg?from=ke.com
20240914,西城,西直门,101118763782,北顺城街11号院  免费停车   央产房大院,868万,129941元/平,顶层 (共5层) 3室1厅 | 66.8平米 | 南 北,https://ke-image.ljcdn.com/110000-inspection/pc1_dgQNMsWOF.jpg!m_fill,w_280,h_210,f_jpg?from=ke.com
20240914,西城,西直门,101118733371,广通苑 西直门板块 正规一居室,500万,72047元/平,底层 (共12层) 2室1厅 | 69.4平米 | 西南,https://ke-image.ljcdn.com/110000-inspection/pc1_ymkFHnKB5_1.jpg!m_fill,w_280,h_210,f_jpg?from=ke.com
20240914,西城,西直门,101118504558,西直门 交大东路7号院 中间楼层一居 看房方便,398万,127565元/平,中楼层 (共6层) 1室1厅 | 31.2平米 | 南,https://ke-image.ljcdn.com/110000-inspection/pc1_x9lO2aGr5.jpg!m_fill,w_280,h_210,f_jpg?from=ke.com
20240914,西城,西直门,101118383932,高梁桥斜街丙40号院电梯直达精装两居满五年唯一商品房,610万,111112元/平,中楼层 (共9层) | 1994年 | 2室1厅 | 54.9平米 | 东,https://ke-image.ljcdn.com/110000-inspection/pc1_OmrV3B5X2.jpg!m_fill,w_280,h_210,f_jpg?from=ke.com
20240914,西城,西直门,101118186431,舒至嘉园精装修满五年唯一大三居,1450万,92955元/平,中楼层 (共19层) 3室2厅 | 155.99平米 | 东,https://ke-image.ljcdn.com/110000-inspection/pc1_cu0OqIP3e.jpg!m_fill,w_280,h_210,f_jpg?from=ke.com
20240914,西城,西直门,101118116192,西直门 卫生部电梯1居南向阳光好花园社区。,470万,115736元/平,中楼层 (共16层) 1室1厅 | 40.61平米 | 南,https://ke-image.ljcdn.com/110000-inspection/pc1_rVBiIhPb4.jpg!m_fill,w_280,h_210,f_jpg?from=ke.com
20240914,西城,西直门,101118031812,学院南路60号院 城建集团家属院 全明格局三居室 诚售,598万,85065元/平,顶层 (共6层) | 1993年 | 3室1厅 | 70.3平米 | 南 北,https://ke-image.ljcdn.com/110000-inspection/pc1_N1Z8DXkHv.jpg!m_fill,w_280,h_210,f_jpg?from=ke.com
20240914,西城,西直门,101117775931,西城西直门展览路1992年小区安静1居采光好,398万,94989元/平,低楼层 (共6层) 1室1厅 | 41.9平米 | 西南,https://ke-image.ljcdn.com/110000-inspection/pc1_YiBDTpxZ4_1.jpg!m_fill,w_280,h_210,f_jpg?from=ke.com
20240914,西城,西直门,101116927821,西直门附近铁道部宿舍大客厅钢混电梯两居室满五唯一,610万,79386元/平,低楼层 (共14层) 2室1厅 | 76.84平米 | 东南,https://ke-image.ljcdn.com/110000-inspection/pc1_nIcd65avr.jpg!m_fill,w_280,h_210,f_jpg?from=ke.com
20240914,西城,西直门,101116705800,前桃园1号 精装修 低楼层三室一厅 南北通透 户型方正房主自荐,880万,123944元/平,低楼层 (共6层) | 1984年 | 3室1厅 | 71平米 | 南 北,https://ke-image.ljcdn.com/110000-inspection/pc1_Ls44bR0Rq.jpg!m_fill,w_280,h_210,f_jpg?from=ke.com
20240914,西城,西直门,101116586978,西直门 交大东路362居带车位04年住宅满五年唯一,720万,98983元/平,中楼层 (共11层) | 2004年 | 2室1厅 | 72.74平米 | 西,https://ke-image.ljcdn.com/110000-inspection/pc1_ruMg9nbKR.jpg!m_fill,w_280,h_210,f_jpg?from=ke.com
20240914,西城,西直门,101116299681,西直门地铁 广通苑央产社区环境好 楼龄新电梯直达房主自荐,935万,112787元/平,高楼层 (共18层) | 1999年 | 3室1厅 | 82.9平米 | 东南,https://ke-image.ljcdn.com/110000-inspection/61d4850a-224e-4f8c-b768-dff48f8a18c0_1000.jpg!m_fill,w_280,h_210,f_jpg?from=ke.com
20240914,西城,西直门,101116024607,高梁桥斜街丙40号院 94年建成 电梯直达 满五唯一两居,615万,100163元/平,中楼层 (共9层) | 1994年 | 2室1厅 | 61.4平米 | 西北,https://ke-image.ljcdn.com/110000-inspection/pc1_pHBZRWc0B.jpg!m_fill,w_280,h_210,f_jpg?from=ke.com
20240914,西城,西直门,101126547863,西直门交大34号院阳光充沛观景南北通透两居新上,360万,63944元/平,顶层 (共6层) | 1990年 | 2室1厅 | 56.3平米 | 南 北,https://ke-image.ljcdn.com/110000-inspection/pc1_ORp4PC1Ib.jpg!m_fill,w_280,h_210,f_jpg?from=ke.com
20240914,西城,西直门,101126513679,西直门交大嘉园 东南三居 高楼层视野好新上,1468万,106193元/平,高楼层 (共19层) 3室1厅 | 138.24平米 | 东南,https://ke-image.ljcdn.com/110000-inspection/pc1_m7KyghnyY_1.jpg!m_fill,w_280,h_210,f_jpg?from=ke.com
20240914,西城,西直门,101126507841,西直门长河湾花园洋房平层四居带电梯南北通透全明格局新上,3160万,147340元/平,低楼层 (共6层) 4室2厅 | 214.47平米 | 南 北 西,https://ke-image.ljcdn.com/110000-inspection/pc1_XRnSeWRYI.jpg!m_fill,w_280,h_210,f_jpg?from=ke.com
20240914,西城,西直门,101126498576,交大东路34号院 1室1厅 南新上,450万,99119元/平,顶层 (共6层) | 1990年 | 1室1厅 | 45.4平米 | 南,https://ke-image.ljcdn.com/110000-inspection/pc1_BN3vBfpYf.jpg!m_fill,w_280,h_210,f_jpg?from=ke.com
20240914,西城,西直门,101126479378,高梁桥斜街乙40号院   全明格局南北通透新上,628万,81137元/平,顶层 (共6层) 3室1厅 | 77.4平米 | 南 北,https://ke-image.ljcdn.com/110000-inspection/pc1_zmHSuRWpx.jpg!m_fill,w_280,h_210,f_jpg?from=ke.com
20240914,西城,西直门,101126476640,西直门 交大东路 新上全明大两居 户型方正满五唯一新上,888万,83774元/平,中楼层 (共11层) 2室1厅 | 106平米 | 东北,https://ke-image.ljcdn.com/110000-inspection/pc1_ShCwFmUoP.jpg!m_fill,w_280,h_210,f_jpg?from=ke.com
20240914,西城,西直门,101126383956,交大东路48号院 南北朝向一居室 明厨卫。,290万,66975元/平,顶层 (共6层) | 1982年 | 2室1厅 | 43.3平米 | 南 北,https://ke-image.ljcdn.com/110000-inspection/pc1_voNQDkZfw.jpg!m_fill,w_280,h_210,f_jpg?from=ke.com
20240914,西城,西直门,101126371956,玉桃园二区    精装修   满五年唯一,1698万,134977元/平,顶层 (共5层) 4室2厅 | 125.8平米 | 南 北,https://ke-image.ljcdn.com/110000-inspection/pc1_aG8tc9VrE_1.jpg!m_fill,w_280,h_210,f_jpg?from=ke.com
20240914,西城,西直门,101126326449,交大东路4号院 1室1厅 南,398万,80017元/平,底层 (共14层) 1室1厅 | 49.74平米 | 南,https://ke-image.ljcdn.com/110000-inspection/pc1_5HV2l73W5.jpg!m_fill,w_280,h_210,f_jpg?from=ke.com
20240914,西城,西直门,101126250889,交大东路4号院 1室1厅 南,470万,94492元/平,高楼层 (共14层) 1室1厅 | 49.74平米 | 南,https://ke-image.ljcdn.com/110000-inspection/pc1_kRy6FHfCD.jpg!m_fill,w_280,h_210,f_jpg?from=ke.com
20240914,西城,西直门,101126236304,铁道部宿舍 3室1厅 南 东北,850万,91438元/平,中楼层 (共14层) | 1999年 | 3室1厅 | 92.96平米 | 南 东北,https://ke-image.ljcdn.com/110000-inspection/pc1_vtcGGJsxJ.jpg!m_fill,w_280,h_210,f_jpg?from=ke.com
20240914,西城,西直门,101126236062,长河湾临河一层 南北通透 采光好三居 百万精装,2198万,160321元/平,底层 (共8层) 3室2厅 | 137.1平米 | 南 北,https://ke-image.ljcdn.com/110000-inspection/pc1_iKxo4piWa.jpg!m_fill,w_280,h_210,f_jpg?from=ke.com
20240914,西城,西直门,101126215246,老西城区 展览路 满五年单位分房  随时签约,660万,111299元/平,高楼层 (共16层) 2室1厅 | 59.3平米 | 南,https://ke-image.ljcdn.com/110000-inspection/pc1_yjnWHcAOp.jpg!m_fill,w_280,h_210,f_jpg?from=ke.com
20240914,西城,西直门,101126203297,西直门新街口地铁+商品房+满5年+2021年精装修,520万,88738元/平,顶层 (共6层) 2室1厅 | 58.6平米 | 东 西,https://ke-image.ljcdn.com/110000-inspection/pc1_Ff1dhrMlY.jpg!m_fill,w_280,h_210,f_jpg?from=ke.com
20240914,西城,西直门,101126185044,西直门交大嘉园2003年商品房大两居人车分流可贷,790万,96026元/平,中楼层 (共19层) 2室1厅 | 82.27平米 | 西,https://ke-image.ljcdn.com/110000-inspection/pc1_TVBr1ZUuw.jpg!m_fill,w_280,h_210,f_jpg?from=ke.com
20240914,西城,西直门,101125950961,房子楼龄新03年商品房格局方正楼层高满五年,565万,93005元/平,顶层 (共19层) 2室1厅 | 60.75平米 | 北,https://ke-image.ljcdn.com/110000-inspection/pc1_L6xz2XRUN.jpg!m_fill,w_280,h_210,f_jpg?from=ke.com
20240914,西城,西直门,101125760621,楼龄新落地飘窗地铁西直门站,598万,73937元/平,高楼层 (共25层) | 2010年 | 2室1厅 | 80.88平米 | 西,https://ke-image.ljcdn.com/110000-inspection/pc1_ULu13NTRQ.jpg!m_fill,w_280,h_210,f_jpg?from=ke.com
20240914,西城,西直门,101125759535,交大东路31号院 电梯三居大客厅双阳台 安静位置,730万,80220元/平,低楼层 (共14层) 3室1厅 | 91平米 | 西南 北,https://ke-image.ljcdn.com/110000-inspection/pc1_vzsreB4MV.jpg!m_fill,w_280,h_210,f_jpg?from=ke.com
20240914,西城,西直门,101125724355,德宝新园 3室1厅 南 北,850万,106383元/平,顶层 (共6层) 3室1厅 | 79.9平米 | 南 北,https://ke-image.ljcdn.com/110000-inspection/pc1_lpaLgb5nA.jpg!m_fill,w_280,h_210,f_jpg?from=ke.com
20240914,西城,西直门,101125663421,西直门 自动化厂宿舍 交大东路 南北通透 低楼层,600万,104713元/平,底层 (共6层) 2室1厅 | 57.3平米 | 南 北,https://ke-image.ljcdn.com/110000-inspection/pc1_rdihvttJl.jpg!m_fill,w_280,h_210,f_jpg?from=ke.com
20240914,西城,西直门,101125618060,西直门 交大南门上园村三居 户型方正 交通便利,630万,98438元/平,底层 (共6层) 3室1厅 | 64平米 | 南 北,https://ke-image.ljcdn.com/110000-inspection/pc1_Ap2MLcbyF.jpg!m_fill,w_280,h_210,f_jpg?from=ke.com
20240914,西城,西直门,101125543950,学院南路60号院一层可以使用面积大两居室诚心出售,580万,121594元/平,底层 (共5层) 2室1厅 | 47.7平米 | 南,https://ke-image.ljcdn.com/110000-inspection/pc1_4yPeNMV8c.jpg!m_fill,w_280,h_210,f_jpg?from=ke.com
20240914,西城,西直门,101125476010,德宝新园 2室1厅 东 西,598万,101701元/平,高楼层 (共6层) | 1992年 | 2室1厅 | 58.8平米 | 东 西,https://ke-image.ljcdn.com/110000-inspection/pc1_ZAvJPeU6z.jpg!m_fill,w_280,h_210,f_jpg?from=ke.com
20240914,西城,西直门,101125365043,前桃园胡同小区 东西通透3居室 采光好 无遮挡,680万,92266元/平,顶层 (共6层) | 1990年 | 3室1厅 | 73.7平米 | 东 西,https://ke-image.ljcdn.com/110000-inspection/pc1_szgxjis03.jpg!m_fill,w_280,h_210,f_jpg?from=ke.com
20240914,西城,西直门,101125356715,交大嘉园 车位出售 靠谱卖 价格可谈,95万,79167元/平,地下室 1室0厅 | 12平米 | 南,https://ke-image.ljcdn.com/110000-inspection/pc1_CrNqyCH6L.jpg!m_fill,w_280,h_210,f_jpg?from=ke.com
20240914,西城,西直门,101125265152,马相西巷 2室1厅 东 西,560万,92716元/平,顶层 (共6层) | 1983年 | 2室1厅 | 60.4平米 | 东 西,https://ke-image.ljcdn.com/110000-inspection/pc1_sgmTAeTEI.jpg!m_fill,w_280,h_210,f_jpg?from=ke.com
20240914,西城,西直门,101125022951,铁科院 双南向 不临街 非顶层 采光无遮挡,565万,106504元/平,高楼层 (共6层) 2室1厅 | 53.05平米 | 南,https://ke-image.ljcdn.com/110000-inspection/pc1_I4rDTpe3B.jpg!m_fill,w_280,h_210,f_jpg?from=ke.com
20240914,西城,西直门,101124887970,长河湾 1室1厅 南,560万,92517元/平,中楼层 (共5层) | 2012年 | 1室1厅 | 60.53平米 | 南,https://ke-image.ljcdn.com/110000-inspection/pc1_un8wP0GQ7.jpg!m_fill,w_280,h_210,f_jpg?from=ke.com
20240914,西城,西直门,101124856019,学院南路城建集团家属院精装南北带客厅两居室环境好,570万,96447元/平,底层 (共6层) | 1993年 | 2室1厅 | 59.1平米 | 南 北,https://ke-image.ljcdn.com/110000-inspection/pc1_q8FRC1pYY.jpg!m_fill,w_280,h_210,f_jpg?from=ke.com
20240914,西城,西直门,101124808237,德宝新园东南向三居低楼层不临街配套齐全,938万,108565元/平,低楼层 (共6层) 3室1厅 | 86.4平米 | 东南,https://ke-image.ljcdn.com/110000-inspection/pc1_EOMsnYyv8.jpg!m_fill,w_280,h_210,f_jpg?from=ke.com
20240914,西城,西直门,101124791690,西直门交大南门上园村中间层南向两居安静不临街,420万,77491元/平,高楼层 (共6层) 2室1厅 | 54.2平米 | 西南,https://ke-image.ljcdn.com/110000-inspection/pc1_iNZ1C1rPf.jpg!m_fill,w_280,h_210,f_jpg?from=ke.com
20240914,西城,西直门,101124772124,西直门交大东路56号院  高楼层 满五唯一商品房,598万,90744元/平,高楼层 (共18层) 2室1厅 | 65.9平米 | 西南,https://ke-image.ljcdn.com/110000-inspection/pc1_niOo9ucwc.jpg!m_fill,w_280,h_210,f_jpg?from=ke.com
20240914,西城,西直门,101124742232,城建小区 南北通透 中间楼层 精装修 视野好,800万,135364元/平,中楼层 (共6层) | 1993年 | 2室1厅 | 59.1平米 | 南 北,https://ke-image.ljcdn.com/110000-inspection/pc1_ExfRdIN4A.jpg!m_fill,w_280,h_210,f_jpg?from=ke.com
20240914,西城,西直门,101124636457,玉桃园三区 复式 三居 采光好 无遮挡,925万,105836元/平,顶层 (共6层) 3室1厅 | 87.4平米 | 东 西,https://ke-image.ljcdn.com/110000-inspection/037c6daa-1f77-4620-8f69-98d5f80197a8_1000.jpg!m_fill,w_280,h_210,f_jpg?from=ke.com
20240914,西城,西直门,101124623655,交大东路31号院 98年电梯楼精装大客厅 满五唯一,830万,112772元/平,低楼层 (共16层) | 1998年 | 2室1厅 | 73.6平米 | 西南,https://ke-image.ljcdn.com/110000-inspection/pc1_fTpjEXx03_1.jpg!m_fill,w_280,h_210,f_jpg?from=ke.com
20240914,西城,西直门,101124481635,低楼层 二环边上位置好楼层好舒,349万,91602元/平,低楼层 (共6层) 2室1厅 | 38.1平米 | 南,https://ke-image.ljcdn.com/110000-inspection/pc1_JvBLAnVwf.jpg!m_fill,w_280,h_210,f_jpg?from=ke.com
20240914,西城,西直门,101124470491,交大东路4号院带电梯南北向,530万,72080元/平,中楼层 (共14层) 3室1厅 | 73.53平米 | 南 北,https://ke-image.ljcdn.com/110000-inspection/pc1_YNS6S5PLP.jpg!m_fill,w_280,h_210,f_jpg?from=ke.com
20240914,西城,西直门,101124439742,西直门交大东路 全明格局南北通透 中间楼层,470万,108546元/平,中楼层 (共6层) | 1982年 | 1室1厅 | 43.3平米 | 南 北,https://ke-image.ljcdn.com/110000-inspection/pc1_Y8C6hK4Vy.jpg!m_fill,w_280,h_210,f_jpg?from=ke.com
20240914,西城,西直门,101124299892,央企封闭管理小区 南北通透四居室双卫复式跃层房主自荐,1750万,145591元/平,顶层 (共6层) 4室2厅 | 120.2平米 | 南 北,https://ke-image.ljcdn.com/110000-inspection/90e263bb-3967-4363-b876-7ee0b78fa4be_1000.jpg!m_fill,w_280,h_210,f_jpg?from=ke.com
20240914,西城,西直门,101124236885,西直门 交通大学 交大东路50号院 满五唯一住宅可贷款,560万,78985元/平,底层 (共16层) 3室1厅 | 70.9平米 | 西北,https://ke-image.ljcdn.com/110000-inspection/pc1_9uaQp3k51.jpg!m_fill,w_280,h_210,f_jpg?from=ke.com
20240914,西城,西直门,101124231825,交大东路12号院 2016年精装一居电梯直达有停车位,450万,85487元/平,顶层 (共20层) | 2018年 | 1室1厅 | 52.64平米 | 东,https://ke-image.ljcdn.com/110000-inspection/pc1_O4VOb1sU3.jpg!m_fill,w_280,h_210,f_jpg?from=ke.com
20240914,西城,西直门,101124051594,广通苑 2室1厅 西南,810万,99509元/平,中楼层 (共18层) 2室1厅 | 81.4平米 | 西南,https://ke-image.ljcdn.com/110000-inspection/pc1_2o0TkOev7.jpg!m_fill,w_280,h_210,f_jpg?from=ke.com
20240914,西城,西直门,101123898460,高梁桥斜街乙40号院精装3居南北通透明厨明卫明厅房主自荐,630万,81396元/平,顶层 (共6层) 3室1厅 | 77.4平米 | 南 北,https://ke-image.ljcdn.com/110000-inspection/pc1_VOhowW4mE.jpg!m_fill,w_280,h_210,f_jpg?from=ke.com
20240914,西城,西直门,101123896933,前桃园1号 2室1厅 南 北房主自荐,635万,109295元/平,高楼层 (共6层) 2室1厅 | 58.1平米 | 南 北,https://ke-image.ljcdn.com/110000-inspection/pc1_uJYboLCcE.jpg!m_fill,w_280,h_210,f_jpg?from=ke.com
20240914,西城,西直门,101123858481,长河湾 12年建成交付楼龄新电梯直达,399万,84570元/平,顶层 (共5层) | 2012年 | 1室1厅 | 47.18平米 | 北,https://ke-image.ljcdn.com/110000-inspection/pc1_bWO8rhVhJ.jpg!m_fill,w_280,h_210,f_jpg?from=ke.com
20240914,西城,西直门,101123842031,西直门交通大学 舒至嘉园 精装大三居,1325万,86196元/平,低楼层 (共19层) | 2003年 | 3室1厅 | 153.72平米 | 东,https://ke-image.ljcdn.com/110000-inspection/f29d931a-2f0e-4b6b-b882-93dff0ae2691_1000.jpg!m_fill,w_280,h_210,f_jpg?from=ke.com
20240914,西城,西直门,101123741494,西城区大钱市胡同两居室满五年近地铁,563万,101259元/平,低楼层 (共16层) 2室1厅 | 55.6平米 | 西北,https://ke-image.ljcdn.com/110000-inspection/pc1_LxoEJjS9i.jpg!m_fill,w_280,h_210,f_jpg?from=ke.com
20240914,西城,西直门,101123719677,铁道科学研究院 电梯两居室 停车方便房主自荐,720万,96749元/平,低楼层 (共16层) 2室1厅 | 74.42平米 | 西南,https://ke-image.ljcdn.com/110000-inspection/pc1_n89H4qDXE.jpg!m_fill,w_280,h_210,f_jpg?from=ke.com
20240914,西城,西直门,101123256302,西城区 玉桃园二区  南北通透四居室 双卫,1699万,129695元/平,顶层 (共5层) 4室2厅 | 131平米 | 南 北,https://ke-image.ljcdn.com/110000-inspection/pc1_k7rAT6G6c.jpg!m_fill,w_280,h_210,f_jpg?from=ke.com
20240914,西城,西直门,101123143639,交大东路15号院 户型方正 采光好  看房方便,948万,88187元/平,低楼层 (共16层) | 1992年 | 2室2厅 | 107.5平米 | 西南,https://ke-image.ljcdn.com/110000-inspection/51ca948b-eb29-4de9-bd66-2245356dd84f_1000.jpg!m_fill,w_280,h_210,f_jpg?from=ke.com
20240914,西城,西直门,101123118986,卫生部小区 双卧室朝南近地铁,940万,114621元/平,底层 (共16层) | 1999年 | 3室1厅 | 82.01平米 | 东南,https://ke-image.ljcdn.com/110000-inspection/pc1_Rhn2X1Sbl.jpg!m_fill,w_280,h_210,f_jpg?from=ke.com
20240914,西城,西直门,101123083417,交大东路56号院 带电梯小三居,635万,95777元/平,顶层 (共17层) 2室1厅 | 66.3平米 | 东 北,https://ke-image.ljcdn.com/110000-inspection/pc1_Hyn1NiODQ.jpg!m_fill,w_280,h_210,f_jpg?from=ke.com
20240914,西城,西直门,101122989872,楼龄新南向带电梯小区环境好距离西直门地铁近房主自荐,895万,109147元/平,顶层 (共5层) | 2012年 | 2室1厅 | 82平米 | 南,https://ke-image.ljcdn.com/110000-inspection/pc1_cpnlCYpNF.jpg!m_fill,w_280,h_210,f_jpg?from=ke.com
20240914,西城,西直门,101122987006,交大西直门南北通透两居有客厅4层户型,568万,97478元/平,中楼层 (共6层) 2室1厅 | 58.27平米 | 南 北,https://ke-image.ljcdn.com/110000-inspection/pc1_Hw2izBwcL.jpg!m_fill,w_280,h_210,f_jpg?from=ke.com
20240914,西城,西直门,101122747697,德宝一居室中间楼层精装修拎包入住,460万,103604元/平,中楼层 (共6层) 1室1厅 | 44.4平米 | 东,https://ke-image.ljcdn.com/110000-inspection/pc1_9x7kCflws.jpg!m_fill,w_280,h_210,f_jpg?from=ke.com
20240914,西城,西直门,101122715469,西城展览路德宝新园好楼层一居室,373万,89022元/平,中楼层 (共6层) 1室1厅 | 41.9平米 | 南,https://ke-image.ljcdn.com/110000-inspection/pc1_MbU1tqXNE.jpg!m_fill,w_280,h_210,f_jpg?from=ke.com
20240914,西城,西直门,101122680089,西直门周边单价低带电梯两居看房比较方便。,430万,70033元/平,低楼层 (共9层) | 1994年 | 2室1厅 | 61.4平米 | 西南,https://ke-image.ljcdn.com/110000-inspection/pc1_llOZgI5Ly.jpg!m_fill,w_280,h_210,f_jpg?from=ke.com
20240914,西城,西直门,101122663259,玉桃园二区 精装修复式 好采光 视野开阔,1099万,123762元/平,顶层 (共6层) 3室1厅 | 88.8平米 | 南 北,https://ke-image.ljcdn.com/110000-inspection/pc1_t12am0KH0.jpg!m_fill,w_280,h_210,f_jpg?from=ke.com
20240914,西城,西直门,101122606005,长河湾新上三期朝南一居室不临街采光好,580万,95821元/平,中楼层 (共5层) | 2012年 | 1室0厅 | 60.53平米 | 南,https://ke-image.ljcdn.com/110000-inspection/pc1_kqYcFC4vG.jpg!m_fill,w_280,h_210,f_jpg?from=ke.com
20240914,西城,西直门,101122176221,铁科院 全明户型 大面宽 采光足房主自荐,595万,92824元/平,高楼层 (共6层) 2室1厅 | 64.1平米 | 南 北,https://ke-image.ljcdn.com/110000-inspection/e58c5171-9442-4e4e-9588-5fbfc67620e2_1000.jpg!m_fill,w_280,h_210,f_jpg?from=ke.com
20240914,西城,西直门,101122077392,交大东路4号院 东西通透 精装修,619万,79035元/平,中楼层 (共14层) 2室1厅 | 78.32平米 | 东 西,https://ke-image.ljcdn.com/110000-inspection/pc1_jIUC25iLL.jpg!m_fill,w_280,h_210,f_jpg?from=ke.com
20240914,西城,西直门,101122051678,店长推荐  城建家属楼 满五唯一 中间楼层 精装修,1280万,121443元/平,中楼层 (共5层) 3室1厅 | 105.4平米 | 南 北,https://ke-image.ljcdn.com/110000-inspection/pc1_G05mWKSKw.jpg!m_fill,w_280,h_210,f_jpg?from=ke.com
20240914,西城,西直门,101121798628,西直门 交大南门上园村小区 精装朝南一居,330万,80292元/平,高楼层 (共6层) 1室1厅 | 41.1平米 | 南,https://ke-image.ljcdn.com/110000-inspection/pc1_FQEiXBwY6.jpg!m_fill,w_280,h_210,f_jpg?from=ke.com
20240914,西城,西直门,101121714996,长河湾 2室1厅 南,1095万,130218元/平,高楼层 (共14层) | 2005年 | 2室1厅 | 84.09平米 | 南,https://ke-image.ljcdn.com/110000-inspection/pc1_OZSLBtGr6.jpg!m_fill,w_280,h_210,f_jpg?from=ke.com
20240914,西城,西直门,101121398783,交大东路21号院（北京邮电大学住宅楼）大三居室诚心卖,1086万,92869元/平,低楼层 (共15层) 3室1厅 | 116.94平米 | 东 南,https://ke-image.ljcdn.com/110000-inspection/pc1_ca239Vjcn.jpg!m_fill,w_280,h_210,f_jpg?from=ke.com
20240914,西城,西直门,101121115375,铁道部宿舍 98年带电梯两居室央产房,568万,73920元/平,底层 (共14层) | 1999年 | 2室1厅 | 76.84平米 | 东南,https://ke-image.ljcdn.com/110000-inspection/pc1_svhRjmIXc.jpg!m_fill,w_280,h_210,f_jpg?from=ke.com
20240914,西城,西直门,101121035030,店长推荐  铁科院  南北电梯三居室  楼龄新  两梯两户,1750万,168691元/平,中楼层 (共15层) 3室1厅 | 103.74平米 | 南 北,https://ke-image.ljcdn.com/110000-inspection/3929a9bc-0def-4d0b-aee9-559a9dd7ca9e_1000.jpg!m_fill,w_280,h_210,f_jpg?from=ke.com
20240914,西城,西直门,101120343732,玉桃园三区 三层 朝南 一居室,420万,97448元/平,中楼层 (共6层) 1室1厅 | 43.1平米 | 南,https://ke-image.ljcdn.com/110000-inspection/pc1_On5a69CWw.jpg!m_fill,w_280,h_210,f_jpg?from=ke.com
20240914,西城,西直门,101120236811,西城德宝精装复式   业主诚心出售,650万,89904元/平,顶层 (共6层) 3室1厅 | 72.3平米 | 东 西,https://ke-image.ljcdn.com/110000-inspection/pc1_wDNVHd94x.jpg!m_fill,w_280,h_210,f_jpg?from=ke.com
20240914,西城,西直门,101119903869,新上房源 西城区 精装修 视野开阔无遮挡 92年小区,590万,79730元/平,顶层 (共6层) | 1992年 | 2室1厅 | 74平米 | 西南,https://ke-image.ljcdn.com/110000-inspection/pc1_rW1tQiVDK.jpg!m_fill,w_280,h_210,f_jpg?from=ke.com
20240914,西城,西直门,101119810963,西直门 交大东路31 号院 央产社区,610万,96063元/平,底层 (共6层) 2室1厅 | 63.5平米 | 西南 北,https://ke-image.ljcdn.com/110000-inspection/pc1_xtZ8C9MCy_1.jpg!m_fill,w_280,h_210,f_jpg?from=ke.com
20240914,西城,西直门,101119519134,广通苑公摊小中间层没遮挡视野好正规三居室,1148万,111133元/平,中楼层 (共18层) 3室2厅 | 103.3平米 | 东 南 北,https://ke-image.ljcdn.com/110000-inspection/pc1_YmtN9WZqy.jpg!m_fill,w_280,h_210,f_jpg?from=ke.com
20240914,西城,西直门,101119251560,交大东路21号院 北邮领导楼 大户型两梯六户,1080万,92356元/平,高楼层 (共15层) 3室1厅 | 116.94平米 | 西,https://ke-image.ljcdn.com/110000-inspection/pc1_GKWjKkBH9_1.jpg!m_fill,w_280,h_210,f_jpg?from=ke.com
20240914,西城,西直门,101118848307,长河湾三期 70年产权住宅 有电梯 楼龄新,404万,91135元/平,顶层 (共5层) | 2012年 | 1室0厅 | 44.33平米 | 北,https://ke-image.ljcdn.com/110000-inspection/11622f7b-7257-4f43-9544-e85258f64d8d_1000.jpg!m_fill,w_280,h_210,f_jpg?from=ke.com
20240914,西城,西直门,101126577764,长河湾 2室2厅 南新上,998万,77908元/平,中楼层 (共5层) | 2012年 | 2室2厅 | 128.1平米 | 南,https://s1.ljcdn.com/pegasus/redskull/images/common/default_house_list.png?_v=20240826145726
20240914,西城,西直门,101126489159,交大嘉园 3室1厅 东南新上,1380万,101695元/平,顶层 (共19层) 3室1厅 | 135.7平米 | 东南,https://s1.ljcdn.com/pegasus/redskull/images/common/default_house_list.png?_v=20240826145726
20240914,西城,西直门,101126398429,东桃园 1室1厅 南,410万,96019元/平,高楼层 (共6层) 1室1厅 | 42.7平米 | 南,https://s1.ljcdn.com/pegasus/redskull/images/common/default_house_list.png?_v=20240826145726
20240914,西城,西直门,101126311537,长河湾 临河三居 南北通透 视野开阔 采光充足,1950万,129422元/平,低楼层 (共8层) 3室1厅 | 150.67平米 | 南 北,https://s1.ljcdn.com/pegasus/redskull/images/common/default_house_list.png?_v=20240826145726
20240914,西城,西直门,101126054911,交大嘉园 2居 高楼层 满五年,760万,92379元/平,高楼层 (共19层) 2室1厅 | 82.27平米 | 东,https://s1.ljcdn.com/pegasus/redskull/images/common/default_house_list.png?_v=20240826145726
20240914,西城,西直门,101125719959,西直门钻河公馆复式结构精装修。,308万,67932元/平,顶层 (共12层) 1室1厅 | 45.34平米 | 东,https://s1.ljcdn.com/pegasus/redskull/images/common/default_house_list.png?_v=20240826145726
20240914,西城,西直门,101125436588,长河湾 4室2厅 南 北,3547万,179869元/平,底层 (共6层) 4室2厅 | 197.2平米 | 南 北,https://s1.ljcdn.com/pegasus/redskull/images/common/default_house_list.png?_v=20240826145726
20240914,西城,西直门,101124986854,交大东路34号院 2室1厅 南 北,300万,57771元/平,地下室 (共6层) | 1990年 | 2室1厅 | 51.93平米 | 南 北,https://s1.ljcdn.com/pegasus/redskull/images/common/default_house_list.png?_v=20240826145726
20240914,西城,西直门,101124783911,长河湾北向一居室 带电梯 诚心出售,598万,81063元/平,顶层 (共6层) | 2005年 | 1室1厅 | 73.77平米 | 北,https://s1.ljcdn.com/pegasus/redskull/images/common/default_house_list.png?_v=20240826145726
20240914,西城,西直门,101124223656,西直门交大南门中间层三居带正规客厅业主诚售房主自荐,655万,94245元/平,中楼层 (共6层) 3室1厅 | 69.5平米 | 南 北,https://s1.ljcdn.com/pegasus/redskull/images/common/default_house_list.png?_v=20240826145726
20240914,西城,西直门,101122643211,长河湾 车位,39.8万,29769元/平,地下室 1室0厅 | 13.37平米 | 北,https://s1.ljcdn.com/pegasus/redskull/images/common/default_house_list.png?_v=20240826145726
20240914,西城,西直门,101122485075,交大东路12号院 电梯房 楼龄新 正规一室一厅,475万,94849元/平,低楼层 (共20层) | 2018年 | 1室1厅 | 50.08平米 | 东,https://s1.ljcdn.com/pegasus/redskull/images/common/default_house_list.png?_v=20240826145726
20240914,西城,西直门,101122365056,西直门  钻河公馆 对外采光好,198万,38931元/平,低楼层 (共12层) 1室1厅 | 50.86平米 | 西,https://s1.ljcdn.com/pegasus/redskull/images/common/default_house_list.png?_v=20240826145726
20240914,西城,西直门,101121745732,长河湾 车位,48万,34189元/平,地下室 厅室未知 | 14.04平米 | 南,https://s1.ljcdn.com/pegasus/redskull/images/common/default_house_list.png?_v=20240826145726
20240914,西城,西直门,101121589218,长河湾 1室1厅 西北,780万,107944元/平,高楼层 (共14层) | 2005年 | 1室1厅 | 72.26平米 | 西北,https://s1.ljcdn.com/pegasus/redskull/images/common/default_house_list.png?_v=20240826145726
20240914,西城,西直门,101121440788,钻河公馆 1室0厅 东,192万,42347元/平,中楼层 (共12层) 1室0厅 | 45.34平米 | 东,https://s1.ljcdn.com/pegasus/redskull/images/common/default_house_list.png?_v=20240826145726
20240914,西城,西直门,101117996131,西直门地铁附近钻河公馆朝东复式,320万,71429元/平,顶层 (共12层) 1室1厅 | 44.8平米 | 东,https://s1.ljcdn.com/pegasus/redskull/images/common/default_house_list.png?_v=20240826145726
20240914,西城,西直门,101117912414,西直门地铁365米优质底商带租约,290万,27387元/平,底层 (共25层) 1室0厅 | 105.89平米 | 东,https://s1.ljcdn.com/pegasus/redskull/images/common/default_house_list.png?_v=20240826145726
20240914,西城,西直门,101117574491,钻河公馆 1室1厅 南   低楼层,190万,38016元/平,低楼层 (共12层) 1室1厅 | 49.98平米 | 南,https://s1.ljcdn.com/pegasus/redskull/images/common/default_house_list.png?_v=20240826145726
20240914,西城,西直门,101117021679,钻河公馆2010年商业用房楼龄新带电梯交通方便,320万,49636元/平,低楼层 (共25层) 1室1厅 | 64.47平米 | 西,https://s1.ljcdn.com/pegasus/redskull/images/common/default_house_list.png?_v=20240826145726
20240914,西城,西直门,101117021667,钻河公馆2010年商业用房楼龄新带电梯交通方便,280万,49288元/平,低楼层 (共25层) 1室1厅 | 56.81平米 | 西,https://s1.ljcdn.com/pegasus/redskull/images/common/default_house_list.png?_v=20240826145726
20240914,西城,西直门,101116908574,熙府桃园+南北通透+采光好+交通便利,1850万,104846元/平,底层 (共13层) 3室2厅 | 176.45平米 | 南 北,https://s1.ljcdn.com/pegasus/redskull/images/common/default_house_list.png?_v=20240826145726
20240914,西城,西直门,101114910572,西直门地铁附近钻河公馆朝南小户型,230万,46806元/平,低楼层 (共12层) | 2010年 | 1室0厅 | 49.14平米 | 南,https://s1.ljcdn.com/pegasus/redskull/images/common/default_house_list.png?_v=20240826145726
