20240926,丰台,赵公口,101126610766,南三环 彩虹城一区 地铁680米 南北通透 高楼层必看好房,515万,56744元/平,高楼层 (共22层) 2室1厅 | 90.76平米 | 南 北,https://ke-image.ljcdn.com/110000-inspection/e6972163-22f4-4e8c-acab-d8c3f16e1ba2_1000.jpg!m_fill,w_280,h_210,f_jpg?from=ke.com
20240926,丰台,赵公口,101126607430,彩虹城二区精装修满五唯一商品房正对小区花园全天采光必看好房,530万,58095元/平,低楼层 (共13层) | 2004年 | 2室1厅 | 91.23平米 | 南,https://ke-image.ljcdn.com/110000-inspection/aae29162-0e11-4546-a596-d2a65fa6e108_1000.jpg!m_fill,w_280,h_210,f_jpg?from=ke.com
20240926,丰台,赵公口,101126500475,10号线石榴庄地铁南顶小区满五唯一商品房必看好房,239万,40393元/平,顶层 (共6层) 2室1厅 | 59.17平米 | 南 北,https://ke-image.ljcdn.com/110000-inspection/08a7482b-2d11-4191-be2a-bfaf161532e8_1000.jpg!m_fill,w_280,h_210,f_jpg?from=ke.com
20240926,丰台,赵公口,101126473268,彩虹城二区 满五年唯一 近地铁  观花园  诚意卖必看好房,239万,44740元/平,低楼层 (共13层) | 2004年 | 1室1厅 | 53.42平米 | 西北,https://ke-image.ljcdn.com/110000-inspection/6f2c5600-2797-4911-a00b-0bc09c3c7dd1_1000.jpg!m_fill,w_280,h_210,f_jpg?from=ke.com
20240926,丰台,赵公口,101126432518,彩虹城五区 南北通透 一梯两户 满五唯一 环境宜居必看好房,680万,56264元/平,中楼层 (共10层) 3室2厅 | 120.86平米 | 南 北,https://ke-image.ljcdn.com/110000-inspection/9c7285b4-8a67-4982-b295-6a7d484bf836_1000.jpg!m_fill,w_280,h_210,f_jpg?from=ke.com
20240926,丰台,赵公口,101126442840,南顶村邮政小区 南向一居室 精装修,189万,40672元/平,高楼层 (共6层) 1室1厅 | 46.47平米 | 南,https://ke-image.ljcdn.com/110000-inspection/4b40e6f7-dc73-433a-af96-db59145aa909_1000.jpg!m_fill,w_280,h_210,f_jpg?from=ke.com
20240926,丰台,赵公口,101126385540,彩虹城四区 南北通透两居 河景房 好楼层 精装修必看好房,515万,57963元/平,中楼层 (共22层) 2室1厅 | 88.85平米 | 南 北,https://ke-image.ljcdn.com/110000-inspection/pc1_tBNTxVqo6_1.jpg!m_fill,w_280,h_210,f_jpg?from=ke.com
20240926,丰台,赵公口,101126257044,十号线石榴庄站 可贷30年 中间层三居,312万,45681元/平,中楼层 (共5层) 3室1厅 | 68.3平米 | 南 北,https://ke-image.ljcdn.com/110000-inspection/ea29f756-126b-475b-b2c5-bd85468dde65_1000.jpg!m_fill,w_280,h_210,f_jpg?from=ke.com
20240926,丰台,赵公口,101126185555,南北通透两居 满五年唯一 高楼层视野好  正对花园必看好房,508万,56077元/平,高楼层 (共22层) | 2004年 | 2室1厅 | 90.59平米 | 南 北,https://ke-image.ljcdn.com/110000-inspection/751548b4-5e33-4cc9-9d63-c4a3e803d7c5_1000.jpg!m_fill,w_280,h_210,f_jpg?from=ke.com
20240926,丰台,赵公口,101126011937,世华水岸F区南北三居看河景次顶层 满五年唯一有车位必看好房,893万,62954元/平,中楼层 (共15层) 3室2厅 | 141.85平米 | 南 北,https://ke-image.ljcdn.com/110000-inspection/1260febe-366d-4af5-abee-d7d0cf7d3bd2_1000.jpg!m_fill,w_280,h_210,f_jpg?from=ke.com
20240926,丰台,赵公口,101125985971,彩虹城四区+南北通透+看房方便必看好房,515万,56575元/平,低楼层 (共22层) 2室1厅 | 91.03平米 | 南 北,https://ke-image.ljcdn.com/110000-inspection/7b630d27-11ed-4219-aa37-e668fd068695_1000.jpg!m_fill,w_280,h_210,f_jpg?from=ke.com
20240926,丰台,赵公口,101125969028,石榴庄南顶小区南北向三居室随时可以看必看好房,265万,38574元/平,顶层 (共5层) 3室1厅 | 68.7平米 | 南 北,https://ke-image.ljcdn.com/110000-inspection/fce9a41a-fbde-4519-bce9-3b8647a0e1ab_1000.jpg!m_fill,w_280,h_210,f_jpg?from=ke.com
20240926,丰台,赵公口,101125893034,石榴庄西街 南北通透 中间楼层两居 业主诚意出售必看好房,230万,42358元/平,中楼层 (共6层) 2室1厅 | 54.3平米 | 南 北,https://ke-image.ljcdn.com/110000-inspection/62b035e9-47e3-47a3-8ac1-9889f5f619d1_1000.jpg!m_fill,w_280,h_210,f_jpg?from=ke.com
20240926,丰台,赵公口,101125797148,组合贷30年 十号线和八号线 精装修南北两居必看好房,298万,50364元/平,低楼层 (共6层) 2室1厅 | 59.17平米 | 南 北,https://ke-image.ljcdn.com/110000-inspection/153ace8b-15ec-40bd-afd9-5573776d08a5_1000.jpg!m_fill,w_280,h_210,f_jpg?from=ke.com
20240926,丰台,赵公口,101125777753,彩虹城二区 近地铁精装1居 好楼层商品房必看好房,269万,49825元/平,高楼层 (共13层) | 2004年 | 1室1厅 | 53.99平米 | 西北,https://ke-image.ljcdn.com/110000-inspection/90f2a666-b486-44b2-ad45-8009d7f3ce1c_1000.jpg!m_fill,w_280,h_210,f_jpg?from=ke.com
20240926,丰台,赵公口,101125623339,彩虹城二区南北通透中间楼层满五唯一前后花园近地铁必看好房,528万,58446元/平,低楼层 (共12层) | 2004年 | 2室1厅 | 90.34平米 | 南 北,https://ke-image.ljcdn.com/110000-inspection/dd3f683e-f8fd-4c2d-8cca-dc1568bd78cb_1000.jpg!m_fill,w_280,h_210,f_jpg?from=ke.com
20240926,丰台,赵公口,101125493667,世华水岸C区  南北通透  格局好 视野开阔必看好房,979万,62445元/平,中楼层 (共15层) 3室2厅 | 156.78平米 | 南 北,https://ke-image.ljcdn.com/110000-inspection/697f9a04-e191-4f79-ac2e-f8a7dd5c3d94_1000.jpg!m_fill,w_280,h_210,f_jpg?from=ke.com
20240926,丰台,赵公口,101125314378,世华水岸C区 满五唯一 南北户 双明卫  一梯两户必看好房,652万,60243元/平,低楼层 (共11层) 2室2厅 | 108.23平米 | 南 北,https://ke-image.ljcdn.com/110000-inspection/11535aca-d403-414f-9261-1fa26af78de6_1000.jpg!m_fill,w_280,h_210,f_jpg?from=ke.com
20240926,丰台,赵公口,101125154524,近地铁电梯板楼临河洋房 精装诚心卖高档住宅必看好房,960万,61233元/平,高楼层 (共15层) 3室2厅 | 156.78平米 | 南 北,https://ke-image.ljcdn.com/110000-inspection/31711cb6-aa39-4d4a-904f-ac84e224cab2_1000.jpg!m_fill,w_280,h_210,f_jpg?from=ke.com
20240926,丰台,赵公口,101125124469,总高八层一梯两户南北通透满五唯一精装修房主自荐,540万,58121元/平,中楼层 (共8层) | 2009年 | 2室1厅 | 92.91平米 | 南 北,https://ke-image.ljcdn.com/110000-inspection/31535f8d-9675-4aa3-9bee-27ce5df6d04b_1000.jpg!m_fill,w_280,h_210,f_jpg?from=ke.com
20240926,丰台,赵公口,101124465039,石榴庄西街 东西通透 明厅中间楼层 精装修 近地铁,246万,44566元/平,中楼层 (共6层) 2室1厅 | 55.2平米 | 西 东,https://ke-image.ljcdn.com/110000-inspection/67c1f71b-5010-43b5-82a4-d57a888dc3b3_1000.jpg!m_fill,w_280,h_210,f_jpg?from=ke.com
20240926,丰台,赵公口,101124213760,南顶村邮政小区 10号线石榴庄地铁 南北通透必看好房,188万,40301元/平,中楼层 (共6层) 1室1厅 | 46.65平米 | 南 北,https://ke-image.ljcdn.com/110000-inspection/729a0b69-aeaa-4aa0-9dcd-ffffa079d6c8_1000.jpg!m_fill,w_280,h_210,f_jpg?from=ke.com
20240926,丰台,赵公口,101124185433,南顶村邮政小区 南北通透 明厨名卫必看好房,299万,45866元/平,底层 (共6层) 2室1厅 | 65.19平米 | 南 北,https://ke-image.ljcdn.com/110000-inspection/cd965b96-269a-4f22-9ef8-43dc85b35336_1000.jpg!m_fill,w_280,h_210,f_jpg?from=ke.com
20240926,丰台,赵公口,101124088712,彩虹城四区南向两居室近地铁视野好,478万,53017元/平,顶层 (共22层) | 2005年 | 2室1厅 | 90.16平米 | 南 西,https://ke-image.ljcdn.com/110000-inspection/8d42a322-16b1-473c-8975-a7a1eed50b62_1000.jpg!m_fill,w_280,h_210,f_jpg?from=ke.com
20240926,丰台,赵公口,101123406401,满五年唯一 精装修 近地铁 随时看房诚意出售 两居必看好房,372万,51439元/平,中楼层 (共20层) | 2001年 | 2室1厅 | 72.32平米 | 西南,https://ke-image.ljcdn.com/110000-inspection/2fe66e67-b8ec-42ef-acc7-6d459d04ad79_1000.jpg!m_fill,w_280,h_210,f_jpg?from=ke.com
20240926,丰台,赵公口,101120898565,彩虹城一区高楼层视野开阔满五唯一商品房近地铁必看好房,199万,42099元/平,高楼层 (共22层) 1室1厅 | 47.27平米 | 西北,https://ke-image.ljcdn.com/110000-inspection/9f4301a7-af9e-4cbc-8af9-48fe94d0f52e_1000.jpg!m_fill,w_280,h_210,f_jpg?from=ke.com
20240926,丰台,赵公口,101126705516,东南朝向中间楼层业主急售真急了随时签约必看好房,390万,38315元/平,中楼层 (共20层) | 2000年 | 2室1厅 | 101.79平米 | 东南,https://ke-image.ljcdn.com/110000-inspection/pc1_2DClU7C9O_2.jpg!m_fill,w_280,h_210,f_jpg?from=ke.com
20240926,丰台,赵公口,101126702191,彩虹城一区适合改善客户 满五年唯一商品房 客厅卧室必看好房,536万,55997元/平,低楼层 (共14层) 2室1厅 | 95.72平米 | 南,https://ke-image.ljcdn.com/110000-inspection/6b36bf1b-6b42-4b55-a382-ac59dc3399df_1000.jpg!m_fill,w_280,h_210,f_jpg?from=ke.com
20240926,丰台,赵公口,101126660191,东北两居室精装修 高楼层 视野好 满五唯一商品房必看好房,410万,49464元/平,高楼层 (共22层) 2室1厅 | 82.89平米 | 东北,https://ke-image.ljcdn.com/110000-inspection/6b8c0a35-9762-441e-874f-dbb83eec655b_1000.jpg!m_fill,w_280,h_210,f_jpg?from=ke.com
20240926,丰台,赵公口,101126522839,南三环大客厅商品房南北通透2居室中间楼层必看好房,299万,44574元/平,中楼层 (共6层) 2室1厅 | 67.08平米 | 南 北,https://ke-image.ljcdn.com/110000-inspection/e0d80987-4328-4b3d-915c-3b503ff577b2_1000.jpg!m_fill,w_280,h_210,f_jpg?from=ke.com
20240926,丰台,赵公口,101125824183,南三环 彩虹城 满五唯一中间楼层两居室地铁10号线必看好房,508万,56849元/平,中楼层 (共16层) | 2005年 | 2室1厅 | 89.36平米 | 南,https://ke-image.ljcdn.com/110000-inspection/585fb7ad-e6f5-4a41-b89a-d2d587da70f4_1000.jpg!m_fill,w_280,h_210,f_jpg?from=ke.com
20240926,丰台,赵公口,101125371237,组合贷30年 地铁石榴庄站 满五唯一 二层,249万,46369元/平,低楼层 (共6层) | 1984年 | 2室1厅 | 53.7平米 | 北 南,https://ke-image.ljcdn.com/110000-inspection/7b3c1219-aca8-4b82-a0a6-ca8199917110_1000.jpg!m_fill,w_280,h_210,f_jpg?from=ke.com
20240926,丰台,赵公口,101125298216,石榴庄 刘家窑 方庄 宋家庄 彩虹城 正规一室一厅,235万,43064元/平,顶层 (共13层) 1室1厅 | 54.57平米 | 西北,https://ke-image.ljcdn.com/110000-inspection/61fe29fb-0163-4cd2-b6a7-69bc5f5f88ef_1000.jpg!m_fill,w_280,h_210,f_jpg?from=ke.com
20240926,丰台,赵公口,101125047392,世华水岸B区 3室1厅 南 北必看好房,898万,65007元/平,底层 (共6层) | 2009年 | 3室1厅 | 138.14平米 | 南 北,https://ke-image.ljcdn.com/110000-inspection/def43169-4be8-4ed2-9401-c4734a7913e6_1000.jpg!m_fill,w_280,h_210,f_jpg?from=ke.com
20240926,丰台,赵公口,101124169081,满五唯一精装修 中间层 视野好可看凉水河必看好房,485万,54679元/平,中楼层 (共21层) 2室1厅 | 88.7平米 | 南,https://ke-image.ljcdn.com/110000-inspection/pc1_K4X2qhkr3_1.jpg!m_fill,w_280,h_210,f_jpg?from=ke.com
20240926,丰台,赵公口,101123715085,一梯两户电梯洋房全明格局中间楼层满五唯一必看好房,688万,60193元/平,中楼层 (共10层) | 2009年 | 2室1厅 | 114.3平米 | 南 北,https://ke-image.ljcdn.com/110000-inspection/919584f2-dea4-4825-be28-d44fb88222d9_1000.jpg!m_fill,w_280,h_210,f_jpg?from=ke.com
20240926,丰台,赵公口,101122328571,世华水岸F区 凉水河景观中间层精装修眼睛户型,916万,64576元/平,中楼层 (共15层) 3室2厅 | 141.85平米 | 南 北,https://ke-image.ljcdn.com/110000-inspection/c1c74879-716f-4c18-9e1e-a8313173eeff_1000.jpg!m_fill,w_280,h_210,f_jpg?from=ke.com
20240926,丰台,赵公口,101111538593,挑高三米四地铁10号线正对小区花园,125万,26636元/平,低楼层 (共16层) | 2005年 | 1室0厅 | 46.93平米 | 西,https://s1.ljcdn.com/pegasus/redskull/images/common/default_house_list.png?_v=20240826145726
20240926,丰台,赵公口,101126709793,大红门南里近地铁只有契税中间楼层南北向两居新上,256万,48893元/平,中楼层 (共6层) 2室1厅 | 52.36平米 | 南 北,https://ke-image.ljcdn.com/110000-inspection/39821a21-8385-4246-a3ae-5485bf8bc812_1000.jpg!m_fill,w_280,h_210,f_jpg?from=ke.com
20240926,丰台,赵公口,101126685298,康泽园 五年唯一的商品房 精装修 带电梯 视野好新上,620万,44198元/平,中楼层 (共19层) 3室2厅 | 140.28平米 | 西北,https://ke-image.ljcdn.com/110000-inspection/3784b308-c1ab-4f79-a0d0-e06d1918f8e5_1000.jpg!m_fill,w_280,h_210,f_jpg?from=ke.com
20240926,丰台,赵公口,101126650431,彩虹城一区 2室1厅 南新上,523万,57867元/平,中楼层 (共22层) 2室1厅 | 90.38平米 | 南,https://ke-image.ljcdn.com/110000-inspection/2a4dc18c-c61f-4f22-a87d-550f0bb1f547_1000.jpg!m_fill,w_280,h_210,f_jpg?from=ke.com
20240926,丰台,赵公口,101126632632,彩虹城四区 满五唯一商品房 精装修 居住舒适新上,520万,58645元/平,中楼层 (共20层) 2室2厅 | 88.67平米 | 南,https://ke-image.ljcdn.com/110000-inspection/pc1_QlSz9kM8u_1.jpg!m_fill,w_280,h_210,f_jpg?from=ke.com
20240926,丰台,赵公口,101126622276,南北通透两居室 高楼层视野好正对花园新上,535万,55957元/平,中楼层 (共22层) | 2005年 | 2室1厅 | 95.61平米 | 南 北,https://ke-image.ljcdn.com/110000-inspection/3c257606-aff1-4d37-98ee-11553abe3c8a_1000.jpg!m_fill,w_280,h_210,f_jpg?from=ke.com
20240926,丰台,赵公口,101126542911,彩虹城一区 温馨三居 中间楼层 小区观景房 新装修,758万,61586元/平,中楼层 (共22层) | 2004年 | 3室1厅 | 123.08平米 | 南 北,https://ke-image.ljcdn.com/110000-inspection/913852d0-5132-43e7-9a44-6d07656cb675_1000.jpg!m_fill,w_280,h_210,f_jpg?from=ke.com
20240926,丰台,赵公口,101126471026,南顶小区 2室1厅 东南,230万,44574元/平,中楼层 (共6层) 2室1厅 | 51.6平米 | 东南,https://ke-image.ljcdn.com/110000-inspection/1998ac77-9000-452e-9289-7a1795c15eea_1000.jpg!m_fill,w_280,h_210,f_jpg?from=ke.com
20240926,丰台,赵公口,101126466752,南顶小区 组合贷可以贷30年 中间楼层 满五唯一,199万,44321元/平,低楼层 (共6层) 1室1厅 | 44.9平米 | 南,https://ke-image.ljcdn.com/110000-inspection/69c3b040-1119-41cd-9912-80f08902674c_1000.jpg!m_fill,w_280,h_210,f_jpg?from=ke.com
20240926,丰台,赵公口,101126438932,中间楼层的 东南向2居室  采光好 视野棒,310万,54149元/平,中楼层 (共6层) 2室1厅 | 57.25平米 | 东南,https://ke-image.ljcdn.com/110000-inspection/1315b58b-913c-4c87-b76e-39f1464428ea_1000.jpg!m_fill,w_280,h_210,f_jpg?from=ke.com
20240926,丰台,赵公口,101126375580,南北通透全明格局拎包入住看房方便,242万,51876元/平,底层 (共6层) 1室1厅 | 46.65平米 | 南 北,https://ke-image.ljcdn.com/110000-inspection/e2b8c106-fcd3-4e78-8b34-2603cdb0787b_1000.jpg!m_fill,w_280,h_210,f_jpg?from=ke.com
20240926,丰台,赵公口,101126356774,西南向两居 满五年唯一 高楼层视野好 对花园,515万,56982元/平,中楼层 (共22层) 2室1厅 | 90.38平米 | 西南,https://ke-image.ljcdn.com/110000-inspection/961f2d24-7e4f-42ee-97ce-bf2e65f520a1_1000.jpg!m_fill,w_280,h_210,f_jpg?from=ke.com
20240926,丰台,赵公口,101126178816,南顶小区中间层南北通透两居室诚意出售！,235万,40728元/平,中楼层 (共6层) 2室1厅 | 57.7平米 | 南 北,https://ke-image.ljcdn.com/110000-inspection/6b43f61f-cbe7-4c8e-be96-7703af33e26b_1000.jpg!m_fill,w_280,h_210,f_jpg?from=ke.com
20240926,丰台,赵公口,101126172259,南顶小区中间楼层3居室精装修可组合贷30年,390万,55955元/平,中楼层 (共6层) 3室1厅 | 69.7平米 | 南 北,https://ke-image.ljcdn.com/110000-inspection/43dcff80-fdf0-4275-a8c7-4f383af25d2a_1000.jpg!m_fill,w_280,h_210,f_jpg?from=ke.com
20240926,丰台,赵公口,101126119861,南顶小区 可贷30年 精装修 南北两居,209万,34319元/平,顶层 (共6层) | 1992年 | 2室1厅 | 60.9平米 | 南 北,https://ke-image.ljcdn.com/110000-inspection/9aa4ea9b-c075-4103-896d-5e2fd106edc9_1000.jpg!m_fill,w_280,h_210,f_jpg?from=ke.com
20240926,丰台,赵公口,101126012902,南顶  精装修  3层  满五年 组合贷30年房主自荐,259万,47875元/平,中楼层 (共6层) 2室1厅 | 54.1平米 | 东南,https://ke-image.ljcdn.com/110000-inspection/e7a3ad0d-1629-42fc-99c7-100bb0fd2190_1000.jpg!m_fill,w_280,h_210,f_jpg?from=ke.com
20240926,丰台,赵公口,101126000789,光彩家园 地铁200米明厨明卫 格局方正诚心卖房主自荐,378万,50549元/平,低楼层 (共20层) | 2001年 | 2室1厅 | 74.78平米 | 西南,https://ke-image.ljcdn.com/110000-inspection/3b75c1a4-a3c6-414f-9cf5-9a2427172e27_1000.jpg!m_fill,w_280,h_210,f_jpg?from=ke.com
20240926,丰台,赵公口,101125999330,南顶小区 2室1厅 东 南 北,289万,49657元/平,中楼层 (共6层) 2室1厅 | 58.2平米 | 东 南 北,https://ke-image.ljcdn.com/110000-inspection/6a9c1409-83f2-472e-ade7-e5856b43e73c_1000.jpg!m_fill,w_280,h_210,f_jpg?from=ke.com
20240926,丰台,赵公口,101125980949,彩虹城二区 临地铁 赵公口 刘家窑 光彩路68号院,520万,60012元/平,低楼层 (共12层) 2室1厅 | 86.65平米 | 南,https://ke-image.ljcdn.com/110000-inspection/003a5acc-097f-4872-8de3-3f7f72eb7948_1000.jpg!m_fill,w_280,h_210,f_jpg?from=ke.com
20240926,丰台,赵公口,101125949790,彩虹城四区的一套优质三居这个户型比较少布局合理,650万,61513元/平,低楼层 (共16层) | 2005年 | 3室1厅 | 105.67平米 | 南 北,https://ke-image.ljcdn.com/110000-inspection/49546414-a712-4714-a251-f114d6b1b96e_1000.jpg!m_fill,w_280,h_210,f_jpg?from=ke.com
20240926,丰台,赵公口,101125779582,10号线大红门康泽园南向两居室满五唯一商品房,496万,51330元/平,高楼层 (共22层) | 2004年 | 2室1厅 | 96.63平米 | 南,https://ke-image.ljcdn.com/110000-inspection/61ed0738-2a98-4041-a7de-2840b127bae6_1000.jpg!m_fill,w_280,h_210,f_jpg?from=ke.com
20240926,丰台,赵公口,101125777842,高品质物业管理 低密电梯洋房 一梯两户 好楼层,960万,59451元/平,低楼层 (共6层) | 2009年 | 3室2厅 | 161.48平米 | 南 北,https://ke-image.ljcdn.com/110000-inspection/54bc47fd-dcac-4ccd-92e8-d31529550bd2_1000.jpg!m_fill,w_280,h_210,f_jpg?from=ke.com
20240926,丰台,赵公口,101125716012,南北通透中间楼层满五年唯一安静不临街近地铁,545万,62244元/平,中楼层 (共15层) 2室1厅 | 87.56平米 | 南 北,https://ke-image.ljcdn.com/110000-inspection/52259c65-e3fc-41dc-bf12-99a16c11a34d_1000.jpg!m_fill,w_280,h_210,f_jpg?from=ke.com
20240926,丰台,赵公口,101125705928,世华水岸F区 南北三居 眼镜户型 精装修 有车位,930万,61488元/平,高楼层 (共12层) | 2009年 | 3室2厅 | 151.25平米 | 南 北,https://ke-image.ljcdn.com/110000-inspection/1f529fc4-a972-421a-b147-412e7a017e77_1000.jpg!m_fill,w_280,h_210,f_jpg?from=ke.com
20240926,丰台,赵公口,101125699796,10号线 石榴庄 中间楼层 满五唯一 正规一居室,198万,44827元/平,中楼层 (共6层) 1室1厅 | 44.17平米 | 西南,https://ke-image.ljcdn.com/110000-inspection/e4764b9e-7eb1-4d5a-87c0-b9986b2abdaf_1000.jpg!m_fill,w_280,h_210,f_jpg?from=ke.com
20240926,丰台,赵公口,101125638462,世华水岸B区 3室2厅 南 北,958万,58734元/平,顶层 (共6层) 3室2厅 | 163.11平米 | 南 北,https://ke-image.ljcdn.com/110000-inspection/a6e6e30b-a09c-4b16-bc26-9251b5220295_1000.jpg!m_fill,w_280,h_210,f_jpg?from=ke.com
20240926,丰台,赵公口,101125633065,近地铁对花园电梯板楼精装时尚 难得好房房主自荐,735万,56683元/平,中楼层 (共9层) 3室2厅 | 129.67平米 | 南 北,https://ke-image.ljcdn.com/110000-inspection/1f839395-c712-437c-ab5f-743c1a63d862_1000.jpg!m_fill,w_280,h_210,f_jpg?from=ke.com
20240926,丰台,赵公口,101125608482,新上+彩虹城四区+一居室精装修,290万,55588元/平,高楼层 (共22层) | 2005年 | 1室1厅 | 52.17平米 | 东北,https://ke-image.ljcdn.com/110000-inspection/2c73cee4-5a2e-4a16-9a89-a8f14308d25e_1000.jpg!m_fill,w_280,h_210,f_jpg?from=ke.com
20240926,丰台,赵公口,101125589429,彩虹城二区 南北四居 普宅 精装修 户型方正,995万,69334元/平,底层 (共10层) 4室1厅 | 143.51平米 | 南 北,https://ke-image.ljcdn.com/110000-inspection/92b65027-dac8-43ec-a12d-41beea9c123d_1000.jpg!m_fill,w_280,h_210,f_jpg?from=ke.com
20240926,丰台,赵公口,101125573072,彩虹城一区精装中间楼层东北两居室,449万,54169元/平,中楼层 (共22层) | 2004年 | 2室1厅 | 82.89平米 | 东北,https://ke-image.ljcdn.com/110000-inspection/98996a1b-9f64-4b4b-921f-4a1b7acc1962_1000.jpg!m_fill,w_280,h_210,f_jpg?from=ke.com
20240926,丰台,赵公口,101125540145,10号线石榴庄地铁高楼层落地窗视野好采光好,410万,49268元/平,高楼层 (共22层) 2室1厅 | 83.22平米 | 西北,https://ke-image.ljcdn.com/110000-inspection/2314e9b2-7782-4ace-9760-b8f0c09f59c1_1000.jpg!m_fill,w_280,h_210,f_jpg?from=ke.com
20240926,丰台,赵公口,101125337595,看花园、正规两居 、满五唯一、2005年商品房小区,418万,64072元/平,低楼层 (共16层) | 2005年 | 2室1厅 | 65.24平米 | 东北,https://ke-image.ljcdn.com/110000-inspection/625d43a2-bfcf-4bf4-9eb6-bb69b2c1f459_1000.jpg!m_fill,w_280,h_210,f_jpg?from=ke.com
20240926,丰台,赵公口,101125263330,南北两居室 10号线地铁 石榴庄 京港城房主自荐,280万,50633元/平,高楼层 (共6层) 2室1厅 | 55.3平米 | 南 北,https://ke-image.ljcdn.com/110000-inspection/3a65bff2-a562-4d44-991d-62deb73b0d42_1000.jpg!m_fill,w_280,h_210,f_jpg?from=ke.com
20240926,丰台,赵公口,101125231469,彩虹城四区 满五年唯一 格局方正 朝花园,529万,60409元/平,中楼层 (共22层) | 2006年 | 2室1厅 | 87.57平米 | 南,https://ke-image.ljcdn.com/110000-inspection/13aae884-53c2-4a03-9a13-ae0c6931bec7_1000.jpg!m_fill,w_280,h_210,f_jpg?from=ke.com
20240926,丰台,赵公口,101125173343,康泽园正规两居  满五唯一 户型方正客厅带阳台,298万,46166元/平,高楼层 (共6层) 2室1厅 | 64.55平米 | 西北,https://ke-image.ljcdn.com/110000-inspection/9e1b1363-d92f-47d9-b709-3a495085d0cb_1000.jpg!m_fill,w_280,h_210,f_jpg?from=ke.com
20240926,丰台,赵公口,101125030570,10号线石榴庄康泽园中间层南北两居室精装修,348万,54890元/平,中楼层 (共6层) 2室1厅 | 63.4平米 | 南 北,https://ke-image.ljcdn.com/110000-inspection/5a1c0e8b-9a48-4f53-83f2-0d4b41989b13_1000.jpg!m_fill,w_280,h_210,f_jpg?from=ke.com
20240926,丰台,赵公口,101125022437,石榴庄南顶小区满五唯一两居公积金可贷30年,285万,48167元/平,高楼层 (共6层) 2室1厅 | 59.17平米 | 南 北,https://ke-image.ljcdn.com/110000-inspection/eaf2afef-2ec0-4cf2-b3a8-ba22d0e8c008_1000.jpg!m_fill,w_280,h_210,f_jpg?from=ke.com
20240926,丰台,赵公口,101124964913,2004年商品房小区安静车位充足,305万,40586元/平,高楼层 (共21层) 1室1厅 | 75.15平米 | 东北,https://ke-image.ljcdn.com/110000-inspection/96ee92e6-377f-4077-af73-5901e0dc57aa_1000.jpg!m_fill,w_280,h_210,f_jpg?from=ke.com
20240926,丰台,赵公口,101124853973,南向户型方正精装修无遮挡。,205万,44469元/平,中楼层 (共6层) | 1993年 | 1室1厅 | 46.1平米 | 南,https://ke-image.ljcdn.com/110000-inspection/49e1a3eb-a6d3-44aa-a6e2-6b19fd238ad5_1000.jpg!m_fill,w_280,h_210,f_jpg?from=ke.com
20240926,丰台,赵公口,101124853241,石榴庄站南顶小区3层南向公积金可贷30年,209万,46137元/平,中楼层 (共6层) | 1990年 | 1室1厅 | 45.3平米 | 南,https://ke-image.ljcdn.com/110000-inspection/pc1_UtINjeKsM.jpg!m_fill,w_280,h_210,f_jpg?from=ke.com
20240926,丰台,赵公口,101124851285,一梯两户南北通透满五唯一前后花园。位置安静,719万,62850元/平,高楼层 (共9层) 3室1厅 | 114.4平米 | 南 北,https://ke-image.ljcdn.com/110000-inspection/6801de42-fbdb-4950-ac20-59c5789bc31d_1000.jpg!m_fill,w_280,h_210,f_jpg?from=ke.com
20240926,丰台,赵公口,101124808223,光彩家园 2室1厅 西南,393万,46820元/平,低楼层 (共20层) | 2001年 | 2室1厅 | 83.94平米 | 西南,https://ke-image.ljcdn.com/110000-inspection/13897475-3018-44cc-9c2a-b4c41e40aa75_1000.jpg!m_fill,w_280,h_210,f_jpg?from=ke.com
20240926,丰台,赵公口,101124785162,满五唯一商品房  正规两居室 南北通透 精装修房主自荐,265万,45928元/平,低楼层 (共6层) 2室1厅 | 57.7平米 | 南 北,https://ke-image.ljcdn.com/110000-inspection/be65b279-301f-454f-ae5b-0c3a5284cf93_1000.jpg!m_fill,w_280,h_210,f_jpg?from=ke.com
20240926,丰台,赵公口,101124738003,裕隆园全南向满五年唯一诚意出售,500万,48319元/平,中楼层 (共21层) 2室1厅 | 103.48平米 | 南,https://ke-image.ljcdn.com/110000-inspection/ead23182-40df-4508-bb16-be4c49f492b8_1000.jpg!m_fill,w_280,h_210,f_jpg?from=ke.com
20240926,丰台,赵公口,101124673099,彩虹城四区 南北两居 户型方正 近地铁,579万,59704元/平,低楼层 (共22层) 2室1厅 | 96.98平米 | 南 北,https://ke-image.ljcdn.com/110000-inspection/efa552e1-844b-4b44-a80c-30404b75e5f3_1000.jpg!m_fill,w_280,h_210,f_jpg?from=ke.com
20240926,丰台,赵公口,101124624732,此房正对凉水河景观满五唯一楼层好视野开阔,520万,59186元/平,中楼层 (共20层) | 2005年 | 2室1厅 | 87.86平米 | 南,https://ke-image.ljcdn.com/110000-inspection/1aeaf58f-a732-4b55-b4a6-658664deb94d_1000.jpg!m_fill,w_280,h_210,f_jpg?from=ke.com
20240926,丰台,赵公口,101124481477,地铁十号线2001年电梯楼东南向中间楼层,399万,53357元/平,低楼层 (共20层) | 2001年 | 2室2厅 | 74.78平米 | 东南,https://ke-image.ljcdn.com/110000-inspection/16234528-2ce5-4a84-9a51-984aa4bcc5bf_1000.jpg!m_fill,w_280,h_210,f_jpg?from=ke.com
20240926,丰台,赵公口,101124423760,彩虹城三区 南北通透户型 楼层好 采光充足,539万,57883元/平,低楼层 (共16层) | 2005年 | 2室1厅 | 93.12平米 | 南 北,https://ke-image.ljcdn.com/110000-inspection/c1771ed8-971f-468f-a05b-1470d46652cc_1000.jpg!m_fill,w_280,h_210,f_jpg?from=ke.com
20240926,丰台,赵公口,101124404790,彩虹城四区 南北向三居室 河景房 满五唯一,647万,57635元/平,顶层 (共14层) 3室1厅 | 112.26平米 | 南 北,https://ke-image.ljcdn.com/110000-inspection/a5427e39-e81f-4187-acbc-be4646e612e6_1000.jpg!m_fill,w_280,h_210,f_jpg?from=ke.com
20240926,丰台,赵公口,101124389440,10号线石榴庄  跃城  南北三居 满五唯一商品房,680万,41901元/平,高楼层 (共20层) | 2005年 | 3室2厅 | 162.29平米 | 南 北,https://ke-image.ljcdn.com/110000-inspection/f097f455-2496-4205-8b2e-c873343fc78b_1000.jpg!m_fill,w_280,h_210,f_jpg?from=ke.com
20240926,丰台,赵公口,101124389360,世华水岸F区 南北高楼层 精装修 视野好 没有遮挡,725万,68701元/平,中楼层 (共12层) | 2009年 | 2室1厅 | 105.53平米 | 南 北,https://ke-image.ljcdn.com/110000-inspection/be357720-ef62-46a1-926c-8e1566206ee7_1000.jpg!m_fill,w_280,h_210,f_jpg?from=ke.com
20240926,丰台,赵公口,101124369499,南顶村邮政小区 精装一居室 全南向,260万,55951元/平,顶层 (共6层) 1室1厅 | 46.47平米 | 南,https://ke-image.ljcdn.com/110000-inspection/d577def8-f757-49c7-8501-ec30fe9d5eee_1000.jpg!m_fill,w_280,h_210,f_jpg?from=ke.com
20240926,丰台,赵公口,101124280569,组合贷贷30年  精装修 中间楼层 南向两居室房主自荐,298万,59010元/平,中楼层 (共5层) 2室1厅 | 50.5平米 | 南,https://ke-image.ljcdn.com/110000-inspection/e9ee69a6-7bde-44bc-959b-142d1fe6dcdd_1000.jpg!m_fill,w_280,h_210,f_jpg?from=ke.com
20240926,丰台,赵公口,101124274783,世华水岸F区 南北3居 中间楼层 没有遮挡视野好,950万,61326元/平,低楼层 (共9层) | 2009年 | 3室2厅 | 154.91平米 | 南 北,https://ke-image.ljcdn.com/110000-inspection/ff4bec4a-5d39-4323-b3fe-92307bff1d1e_1000.jpg!m_fill,w_280,h_210,f_jpg?from=ke.com
20240926,丰台,赵公口,101124239825,南顶村邮政小区 户型方正 全南,210万,49238元/平,顶层 (共6层) | 1991年 | 1室1厅 | 42.65平米 | 南,https://ke-image.ljcdn.com/110000-inspection/bf02acad-c8ec-433a-8e56-48b5c017e290_1000.jpg!m_fill,w_280,h_210,f_jpg?from=ke.com
20240926,丰台,赵公口,101124232819,高庄 南北通透2居 满五年唯一,299万,57622元/平,底层 (共6层) 2室1厅 | 51.89平米 | 南 北,https://ke-image.ljcdn.com/110000-inspection/b5edd25c-536f-49f2-b964-5dcc71f41850_1000.jpg!m_fill,w_280,h_210,f_jpg?from=ke.com
20240926,丰台,赵公口,101124193926,世华水岸C区满五唯一中高层临河市政公园双卫精装三居房主自荐,1100万,67098元/平,中楼层 (共15层) 3室2厅 | 163.94平米 | 南 北,https://ke-image.ljcdn.com/110000-inspection/b69d8751-2ab5-43ba-be41-d877e3deba35_1000.jpg!m_fill,w_280,h_210,f_jpg?from=ke.com
20240926,丰台,赵公口,101124138478,高庄中间层南北向两居室满五年诚意出售！,290万,51749元/平,中楼层 (共6层) 2室1厅 | 56.04平米 | 南 北,https://ke-image.ljcdn.com/110000-inspection/55e64787-f9d7-4ea9-a42f-98c077259b2e_1000.jpg!m_fill,w_280,h_210,f_jpg?from=ke.com
20240926,丰台,赵公口,101124126213,康泽园 正规大三居 2002年小区,630万,44558元/平,低楼层 (共22层) | 2004年 | 3室2厅 | 141.39平米 | 东北,https://ke-image.ljcdn.com/110000-inspection/47303571-e794-4a76-ac13-c525c69e3d23_1000.jpg!m_fill,w_280,h_210,f_jpg?from=ke.com
20240926,丰台,赵公口,101124090408,康泽园 1室1厅 西,240万,48077元/平,顶层 (共6层) 1室1厅 | 49.92平米 | 西,https://ke-image.ljcdn.com/110000-inspection/7556f1d6-33fd-4387-a804-8ea748176941_1000.jpg!m_fill,w_280,h_210,f_jpg?from=ke.com
20240926,丰台,赵公口,101123960323,彩虹城一区 南北三居室 电梯房 采光好 精装修,698万,57753元/平,低楼层 (共14层) 3室1厅 | 120.86平米 | 南 北,https://ke-image.ljcdn.com/110000-inspection/a09ad538-7953-41d3-b0ca-980463d09234_1000.jpg!m_fill,w_280,h_210,f_jpg?from=ke.com
20240926,丰台,赵公口,101123927300,世华水岸F区 3室2厅 南 北,1000万,63931元/平,低楼层 (共15层) 3室2厅 | 156.42平米 | 南 北,https://ke-image.ljcdn.com/110000-inspection/baa4ed31-21b2-4143-b3d4-d2d7da989cdf_1000.jpg!m_fill,w_280,h_210,f_jpg?from=ke.com
20240926,丰台,赵公口,101123923567,对小区花园 外飘窗 精装修 诚心卖房主自荐,260万,49809元/平,低楼层 (共16层) 1室1厅 | 52.2平米 | 西北,https://ke-image.ljcdn.com/110000-inspection/62cff355-e4c7-4ef2-a582-1fc6baf108b8_1000.jpg!m_fill,w_280,h_210,f_jpg?from=ke.com
20240926,丰台,赵公口,101123858558,世华水岸c区 南北三居 高楼层 视野好房主自荐,1180万,71978元/平,中楼层 (共15层) 3室2厅 | 163.94平米 | 南 北,https://ke-image.ljcdn.com/110000-inspection/abf2c398-5724-4191-9744-d7a9b32950a9_1000.jpg!m_fill,w_280,h_210,f_jpg?from=ke.com
20240926,丰台,赵公口,101123848842,彩虹城二区南北3居中间楼层格局好小区中间位置急售,728万,60151元/平,低楼层 (共10层) 3室1厅 | 121.03平米 | 南 北,https://ke-image.ljcdn.com/110000-inspection/8993c61b-dc7c-4a2e-80cf-20a6083fe178_1000.jpg!m_fill,w_280,h_210,f_jpg?from=ke.com
20240926,丰台,赵公口,101123832751,南顶小区中间楼层南北通透2居室客厅有窗,278万,48014元/平,中楼层 (共6层) | 1990年 | 2室1厅 | 57.9平米 | 南 北 西,https://ke-image.ljcdn.com/110000-inspection/d2331062-8036-4c7d-9b34-14fa34637614_1000.jpg!m_fill,w_280,h_210,f_jpg?from=ke.com
20240926,丰台,赵公口,101123768753,2001年电梯楼满五唯一商品房高楼层近地铁,386万,53374元/平,中楼层 (共20层) | 2001年 | 2室1厅 | 72.32平米 | 东南,https://ke-image.ljcdn.com/110000-inspection/4d530562-b5e9-4054-a3de-0a63ce3d9dda_1000.jpg!m_fill,w_280,h_210,f_jpg?from=ke.com
20240926,丰台,赵公口,101123598383,彩虹城四区 2梯2户 南北通透 满五年唯一 可观凉水河,745万,66364元/平,中楼层 (共14层) | 2005年 | 3室1厅 | 112.26平米 | 南 北,https://ke-image.ljcdn.com/110000-inspection/0b63abe2-278e-420e-8ef3-242d516ad335_1000.jpg!m_fill,w_280,h_210,f_jpg?from=ke.com
20240926,丰台,赵公口,101123596016,满五唯一康泽园南北通透双阳台,298万,46694元/平,顶层 (共6层) 2室1厅 | 63.82平米 | 南 北,https://ke-image.ljcdn.com/110000-inspection/pc1_GdCfOv7YY_1.jpg!m_fill,w_280,h_210,f_jpg?from=ke.com
20240926,丰台,赵公口,101123589165,彩虹城四区 中间楼层 格局方正 落地阳台 满五年唯一,375万,57481元/平,中楼层 (共16层) | 2005年 | 2室1厅 | 65.24平米 | 东北,https://ke-image.ljcdn.com/110000-inspection/f7737e89-3b58-449d-95d0-1705d1d4c234_1000.jpg!m_fill,w_280,h_210,f_jpg?from=ke.com
20240926,丰台,赵公口,101123533011,南顶村邮政小区全南一居采光好门口地铁10号线房主自荐,210万,44863元/平,中楼层 (共6层) 1室1厅 | 46.81平米 | 南,https://ke-image.ljcdn.com/110000-inspection/8be101ce-7b14-4dc4-aedc-8cbeb95ce03a_1000.jpg!m_fill,w_280,h_210,f_jpg?from=ke.com
20240926,丰台,赵公口,101123459839,彩虹城四区一居65.49平精装修采光棒棒！,339万,51764元/平,顶层 (共22层) | 2005年 | 1室1厅 | 65.49平米 | 西南,https://ke-image.ljcdn.com/110000-inspection/2229d209-c797-42af-8cf3-30ae74ddc662_1000.jpg!m_fill,w_280,h_210,f_jpg?from=ke.com
20240926,丰台,赵公口,101123423299,康泽园东南向大三层好楼层满五唯一诚意出售！房主自荐,649万,46265元/平,高楼层 (共19层) | 2004年 | 3室1厅 | 140.28平米 | 东南,https://ke-image.ljcdn.com/110000-inspection/2ae95886-1d8c-47bc-9335-371b78eebc71_1000.jpg!m_fill,w_280,h_210,f_jpg?from=ke.com
20240926,丰台,赵公口,101123411644,南四环内 2004年商品房 两梯四户板楼 看房随时房主自荐,525万,58114元/平,顶层 (共12层) | 2004年 | 2室1厅 | 90.34平米 | 南 北,https://ke-image.ljcdn.com/110000-inspection/2bd864b3-8437-4e8b-bcea-2aac0f9f0c6e_1000.jpg!m_fill,w_280,h_210,f_jpg?from=ke.com
20240926,丰台,赵公口,101123399658,2010年商品房 一梯两户 南北通透眼睛户型三居室房主自荐,1080万,65878元/平,低楼层 (共15层) 3室2厅 | 163.94平米 | 南 北,https://ke-image.ljcdn.com/110000-inspection/2fa3e53c-8a82-47e6-ae70-42040edd7301_1000.jpg!m_fill,w_280,h_210,f_jpg?from=ke.com
20240926,丰台,赵公口,101123374718,世华水岸B区  南北3居 中间楼层 电梯洋房 满五年房主自荐,950万,63931元/平,中楼层 (共4层) | 2009年 | 3室1厅 | 148.6平米 | 南 北,https://ke-image.ljcdn.com/110000-inspection/872e7fda-5cdd-45a9-b32d-af24e39e8229_1000.jpg!m_fill,w_280,h_210,f_jpg?from=ke.com
20240926,丰台,赵公口,101123347177,彩虹城二区朝南向 一层 满五年唯一 采光好房主自荐,385万,58070元/平,底层 (共16层) | 2004年 | 1室1厅 | 66.3平米 | 南,https://ke-image.ljcdn.com/110000-inspection/prod-e8b0d3df-17cd-4a86-9495-ee83b28f5eeb.jpg!m_fill,w_280,h_210,f_jpg?from=ke.com
20240926,丰台,赵公口,101123336928,2005年小区 满五唯一商品房  两梯五户  精装修 环境好,285万,50381元/平,低楼层 (共20层) 1室1厅 | 56.57平米 | 北,https://ke-image.ljcdn.com/110000-inspection/125af31b-f44f-4121-bdd2-c70ce1c544be_1000.jpg!m_fill,w_280,h_210,f_jpg?from=ke.com
20240926,丰台,赵公口,101123220146,石榴庄地铁康泽园南北向两居中楼层满五唯一,365万,54600元/平,中楼层 (共6层) 2室1厅 | 66.85平米 | 南 北,https://ke-image.ljcdn.com/110000-inspection/1a704aca-b0ae-4ac8-8ee1-ac11786ba1e1_1000.jpg!m_fill,w_280,h_210,f_jpg?from=ke.com
20240926,丰台,赵公口,101123217857,10号线地铁 2000年  全南向中间层正规一居,330万,55010元/平,中楼层 (共20层) | 2001年 | 1室1厅 | 59.99平米 | 南,https://ke-image.ljcdn.com/110000-inspection/5c292431-b64a-46e3-a119-de3b8f918a18_1000.jpg!m_fill,w_280,h_210,f_jpg?from=ke.com
20240926,丰台,赵公口,101123216683,南中轴 八号线十号线 康泽园 商品房社区,580万,41022元/平,中楼层 (共22层) | 2004年 | 3室2厅 | 141.39平米 | 东 北,https://ke-image.ljcdn.com/110000-inspection/6eed8456-983e-46a2-9656-a24a9d81dccf_1000.jpg!m_fill,w_280,h_210,f_jpg?from=ke.com
20240926,丰台,赵公口,101123121306,急售两居 每个房间都是落地飘窗 位置安静 只有契税,530万,54099元/平,中楼层 (共16层) | 2005年 | 2室1厅 | 97.97平米 | 西南,https://ke-image.ljcdn.com/110000-inspection/c0edeb5e-60f4-49c8-91c8-0277ecf3c4f6_1000.jpg!m_fill,w_280,h_210,f_jpg?from=ke.com
20240926,丰台,赵公口,101123104293,世华水岸F区 户型方正 两卧朝南,980万,63861元/平,高楼层 (共12层) | 2009年 | 3室2厅 | 153.46平米 | 南 北,https://ke-image.ljcdn.com/110000-inspection/9730ef12-f214-42e4-847d-9cfc04773146_1000.jpg!m_fill,w_280,h_210,f_jpg?from=ke.com
20240926,丰台,赵公口,101122805222,南顶村 满五唯一 南北通透 精装修 客厅带窗,290万,50523元/平,中楼层 (共6层) | 1990年 | 2室1厅 | 57.4平米 | 南 北,https://ke-image.ljcdn.com/110000-inspection/38a9578a-c86b-4417-96fc-ea733707eed5_1000.jpg!m_fill,w_280,h_210,f_jpg?from=ke.com
20240926,丰台,赵公口,101122799753,南三环 十号线 八号线 全南一居室 位置安静房主自荐,238万,51627元/平,中楼层 (共6层) | 1991年 | 1室1厅 | 46.1平米 | 南,https://ke-image.ljcdn.com/110000-inspection/3b57b69c-6ad0-4688-9199-4780b3a2d99a_1000.jpg!m_fill,w_280,h_210,f_jpg?from=ke.com
20240926,丰台,赵公口,101122595234,南顶村邮政小区 1室1厅 南 北,266万,57021元/平,中楼层 (共6层) 1室1厅 | 46.65平米 | 南 北,https://ke-image.ljcdn.com/110000-inspection/b08fe19e-727f-48ac-b34d-b5e1ed385ad2_1000.jpg!m_fill,w_280,h_210,f_jpg?from=ke.com
20240926,丰台,赵公口,101122200362,世华水岸C区一梯两户花园洋房满五唯一南北通透三居,1100万,69908元/平,高楼层 (共15层) 3室2厅 | 157.35平米 | 南 北,https://ke-image.ljcdn.com/110000-inspection/b067b0fb-e318-487e-b1e2-bdf9a6ed3533_1000.jpg!m_fill,w_280,h_210,f_jpg?from=ke.com
20240926,丰台,赵公口,101122156968,彩虹城四区 高楼层南北通透两居 采光视野好 精装修,618万,64638元/平,高楼层 (共22层) | 2005年 | 2室1厅 | 95.61平米 | 南 北,https://ke-image.ljcdn.com/110000-inspection/1e6931c7-1baf-4528-8f03-b1f63985af89_1000.jpg!m_fill,w_280,h_210,f_jpg?from=ke.com
20240926,丰台,赵公口,101122133171,彩虹城三区 南北通透两居 精装修 采光好 无遮挡,558万,60130元/平,中楼层 (共14层) | 2005年 | 2室1厅 | 92.8平米 | 南 北,https://ke-image.ljcdn.com/110000-inspection/a0ffb940-eebe-4695-894a-97e87ae8b1d0_1000.jpg!m_fill,w_280,h_210,f_jpg?from=ke.com
20240926,丰台,赵公口,101121977817,南顶村邮政小区 东南向2居室 明厨明卫房主自荐,330万,57723元/平,高楼层 (共6层) 2室1厅 | 57.17平米 | 东南,https://ke-image.ljcdn.com/110000-inspection/ecd92aa4-7c7a-489f-97bb-fd6d929794cd_1000.jpg!m_fill,w_280,h_210,f_jpg?from=ke.com
20240926,丰台,赵公口,101121975520,彩虹城四区 正规一居 近10号线地铁 精装修房主自荐,289万,50863元/平,中楼层 (共22层) | 2005年 | 1室1厅 | 56.82平米 | 东北,https://ke-image.ljcdn.com/110000-inspection/d604799d-7110-4e04-b5a7-bde49e195f99_1000.jpg!m_fill,w_280,h_210,f_jpg?from=ke.com
20240926,丰台,赵公口,101121951840,南顶小区中间层小两居满五唯一诚意出售！,230万,45635元/平,中楼层 (共6层) 2室1厅 | 50.4平米 | 东北,https://ke-image.ljcdn.com/110000-inspection/8a9898a9-89a3-461c-8d71-0e73ccc1c4fb_1000.jpg!m_fill,w_280,h_210,f_jpg?from=ke.com
20240926,丰台,赵公口,101121924335,电梯板楼2居一梯三户 户型方正 视野宽阔 好楼层,650万,68537元/平,顶层 (共9层) 2室1厅 | 94.84平米 | 南 北,https://ke-image.ljcdn.com/110000-inspection/c36723a3-7b25-43e3-9517-c07bcb0c594a_1000.jpg!m_fill,w_280,h_210,f_jpg?from=ke.com
20240926,丰台,赵公口,101121886474,赵公口  精装两居 正对花园  满五唯一 诚意出售房主自荐,625万,69322元/平,低楼层 (共22层) | 2005年 | 2室1厅 | 90.16平米 | 东南,https://ke-image.ljcdn.com/110000-inspection/d9f3f02b-d060-418a-9b04-36ccacda0076_1000.jpg!m_fill,w_280,h_210,f_jpg?from=ke.com
20240926,丰台,赵公口,101121882412,南三环2005年商品房  一梯两户 精装修南北通透两居室房主自荐,498万,56714元/平,顶层 (共10层) | 2004年 | 2室1厅 | 87.81平米 | 南 北,https://ke-image.ljcdn.com/110000-inspection/9e7f022d-930e-4232-8bb4-4542c3308368_1000.jpg!m_fill,w_280,h_210,f_jpg?from=ke.com
20240926,丰台,赵公口,101121717315,南顶小区南北通透3居室中间楼层可组合贷30年,330万,47278元/平,中楼层 (共6层) 3室1厅 | 69.8平米 | 南 北,https://ke-image.ljcdn.com/110000-inspection/3f36277b-13cd-4531-97f6-3d38af94ca72_1000.jpg!m_fill,w_280,h_210,f_jpg?from=ke.com
20240926,丰台,赵公口,101121507719,地铁10号线正规的一室一厅业主急售随时签约,279万,54270元/平,高楼层 (共6层) | 2000年 | 1室1厅 | 51.41平米 | 东 西,https://ke-image.ljcdn.com/110000-inspection/prod-37f90e33-9952-4c56-9ee0-e52286fdd88a.jpg!m_fill,w_280,h_210,f_jpg?from=ke.com
20240926,丰台,赵公口,101121356919,正规一居室高楼层 10号线近地铁,220万,46729元/平,高楼层 (共22层) 1室1厅 | 47.08平米 | 北,https://ke-image.ljcdn.com/110000-inspection/f6c0afb5-9e4e-4301-8927-f86991fc3036_1000.jpg!m_fill,w_280,h_210,f_jpg?from=ke.com
20240926,丰台,赵公口,101121267792,丰台区赵公口光彩体育馆南顶村邮政小区,265万,46353元/平,低楼层 (共6层) 2室1厅 | 57.17平米 | 东南,https://ke-image.ljcdn.com/110000-inspection/793c93d3-2de7-48f1-8323-1908ad747db6_1000.jpg!m_fill,w_280,h_210,f_jpg?from=ke.com
20240926,丰台,赵公口,101121227104,10号线石榴庄站南顶小区南北两居室精装修,295万,50775元/平,顶层 (共6层) 2室1厅 | 58.1平米 | 南 北,https://ke-image.ljcdn.com/110000-inspection/ca60ba06-7811-4f5e-92ed-16d461951ffe_1000.jpg!m_fill,w_280,h_210,f_jpg?from=ke.com
20240926,丰台,赵公口,101121181433,店长推荐：35万精装修  满五年唯一  高楼层 视野好房主自荐,539万,67124元/平,高楼层 (共16层) | 2005年 | 2室1厅 | 80.3平米 | 西南,https://ke-image.ljcdn.com/110000-inspection/8390626b-a850-4922-84b4-c6bcf8ad6edf_1000.jpg!m_fill,w_280,h_210,f_jpg?from=ke.com
20240926,丰台,赵公口,101120943709,此房满五年唯一 南北通透 楼层好 视野好 采光充足,1118万,69558元/平,底层 (共8层) 5室2厅 | 160.73平米 | 南 北,https://ke-image.ljcdn.com/110000-inspection/404bd149-bab0-4170-8b06-c7aa013e2d6f_1000.jpg!m_fill,w_280,h_210,f_jpg?from=ke.com
20240926,丰台,赵公口,101120868648,彩虹城四区正规大一局东南中楼层采光视野好,398万,60773元/平,中楼层 (共22层) | 2005年 | 1室1厅 | 65.49平米 | 东 南,https://ke-image.ljcdn.com/110000-inspection/1b48c994-5fd1-4dee-babe-f9def3274b33_1000.jpg!m_fill,w_280,h_210,f_jpg?from=ke.com
20240926,丰台,赵公口,101120800612,世华水岸B区  南北3居  满五年唯一 交易成本低,990万,72027元/平,底层 (共4层) 3室2厅 | 137.45平米 | 南 北,https://ke-image.ljcdn.com/110000-inspection/7278b615-6f12-46d6-aee2-4293a4bce3e0_1000.jpg!m_fill,w_280,h_210,f_jpg?from=ke.com
20240926,丰台,赵公口,101120762104,南三环 正规两居室 户型方正 板楼采光好房主自荐,610万,70472元/平,中楼层 (共13层) 2室1厅 | 86.56平米 | 西南,https://ke-image.ljcdn.com/110000-inspection/8b58520b-e30d-4c14-ad7e-78b5b58bec23_1000.jpg!m_fill,w_280,h_210,f_jpg?from=ke.com
20240926,丰台,赵公口,101120623291,世华水岸B区中间位置中间楼层满五唯一精装修花园洋房房主自荐,1135万,73625元/平,中楼层 (共6层) | 2009年 | 3室2厅 | 154.16平米 | 南 北,https://ke-image.ljcdn.com/110000-inspection/e2f8e66d-3753-405a-8f7b-8c7d6531a2a9_1000.jpg!m_fill,w_280,h_210,f_jpg?from=ke.com
20240926,丰台,赵公口,101120506913,满五年 随意可以看 南北通透 视野开阔 有车位,760万,61420元/平,低楼层 (共22层) 3室1厅 | 123.74平米 | 南 北,https://ke-image.ljcdn.com/110000-inspection/b60df9e1-cfe7-4bdf-83b8-8bc692f46fcc_1000.jpg!m_fill,w_280,h_210,f_jpg?from=ke.com
20240926,丰台,赵公口,101119612054,苗圃东里精装南向满五唯一两居近地铁大红门,370万,55782元/平,底层 (共22层) 2室1厅 | 66.33平米 | 南,https://ke-image.ljcdn.com/110000-inspection/ccbc0296-0e2c-4fa7-9330-83f0017ceaf6_1000.jpg!m_fill,w_280,h_210,f_jpg?from=ke.com
20240926,丰台,赵公口,101119591978,南三环南顶小区优质2居室随时能签约,229万,47709元/平,顶层 (共6层) | 1983年 | 2室1厅 | 48平米 | 东北,https://ke-image.ljcdn.com/110000-inspection/498c9124-0d2a-451b-8e65-adf85822a199_1000.jpg!m_fill,w_280,h_210,f_jpg?from=ke.com
20240926,丰台,赵公口,101119487018,康泽园 南三环 南四环之间 石榴庄地铁站,289万,55577元/平,顶层 (共6层) 1室1厅 | 52平米 | 南,https://ke-image.ljcdn.com/110000-inspection/6e33f8d1-9700-4dc6-98a8-9f06f098e317_1000.jpg!m_fill,w_280,h_210,f_jpg?from=ke.com
20240926,丰台,赵公口,101119181899,康泽园 满五唯一 电梯房 南三环南四环之间,498万,42718元/平,低楼层 (共20层) | 2001年 | 3室1厅 | 116.58平米 | 西 北,https://ke-image.ljcdn.com/110000-inspection/0b7295be-7053-491b-b5c1-0afd12128066_1000.jpg!m_fill,w_280,h_210,f_jpg?from=ke.com
20240926,丰台,赵公口,101119166675,南顶村邮政小区 精装修两居室 环境好,300万,45566元/平,顶层 (共18层) 2室1厅 | 65.84平米 | 西,https://ke-image.ljcdn.com/110000-inspection/63a03d04-8f3e-420c-8947-1ea77abc13b2_1000.jpg!m_fill,w_280,h_210,f_jpg?from=ke.com
20240926,丰台,赵公口,101119162876,彩虹城三区/正规一居室/有电梯/交通便利,280万,52298元/平,低楼层 (共14层) | 2005年 | 1室1厅 | 53.54平米 | 西北,https://ke-image.ljcdn.com/110000-inspection/53ff631e-86ff-49b3-b774-4a43d6854adf_1000.jpg!m_fill,w_280,h_210,f_jpg?from=ke.com
20240926,丰台,赵公口,101118494501,南三环石榴庄大红门宋家庄赵公口刘家窑全明格局一居室,228万,53459元/平,顶层 (共6层) 1室1厅 | 42.65平米 | 南,https://ke-image.ljcdn.com/110000-inspection/e7b2e794-fc55-4966-a455-4469c51fe472_1000.jpg!m_fill,w_280,h_210,f_jpg?from=ke.com
20240926,丰台,赵公口,101118042720,彩虹城四区 1室1厅 北,290万,55060元/平,中楼层 (共22层) | 2005年 | 1室1厅 | 52.67平米 | 北,https://ke-image.ljcdn.com/110000-inspection/d1c6e8cf-fde6-47da-ab55-678bd7ecc7ab_1000.jpg!m_fill,w_280,h_210,f_jpg?from=ke.com
20240926,丰台,赵公口,101126763095,彩虹城四区 全南两居 采光足 板楼电梯房 有钥匙,478万,54393元/平,低楼层 (共16层) | 2005年 | 2室1厅 | 87.88平米 | 南,https://ke-image.ljcdn.com/110000-inspection/025082fb-0cd6-424b-a0d7-2432b24487e9_1000.jpg!m_fill,w_280,h_210,f_jpg?from=ke.com
20240926,丰台,赵公口,101126748241,南顶村邮政小区  南北 全明格局 地铁10号线新上,309万,45395元/平,高楼层 (共6层) 2室1厅 | 68.07平米 | 北 南,https://ke-image.ljcdn.com/110000-inspection/pc1_XLjFtMXCQ_1.jpg!m_fill,w_280,h_210,f_jpg?from=ke.com
20240926,丰台,赵公口,101126748196,南顶村邮政小区 采光充足 地铁10号线 邮局家属院,365万,56695元/平,低楼层 (共18层) | 1997年 | 2室1厅 | 64.38平米 | 南,https://ke-image.ljcdn.com/110000-inspection/c3280350-18fc-4f52-be66-7790723d2c35_1000.jpg!m_fill,w_280,h_210,f_jpg?from=ke.com
20240926,丰台,赵公口,101126741977,南顶村邮政小区 正规两居室 采光充足 地铁10号线,239万,41806元/平,中楼层 (共6层) 2室1厅 | 57.17平米 | 东南,https://ke-image.ljcdn.com/110000-inspection/pc1_PtkIrHG3l.jpg!m_fill,w_280,h_210,f_jpg?from=ke.com
20240926,丰台,赵公口,101126738462,宋家庄石榴庄彩虹城三区  南北两居满五年唯一新上,535万,57484元/平,中楼层 (共16层) | 2005年 | 2室1厅 | 93.07平米 | 南 北,https://ke-image.ljcdn.com/110000-inspection/e45cc044-678a-4cdf-8a23-cbf3005648ec_1000.jpg!m_fill,w_280,h_210,f_jpg?from=ke.com
20240926,丰台,赵公口,101126705591,光彩家园 石榴庄地铁 精装修两居室 采光好视野好新上,399万,48665元/平,中楼层 (共20层) | 2000年 | 2室1厅 | 81.99平米 | 北 南 西,https://ke-image.ljcdn.com/110000-inspection/e628f0bc-cae7-43b1-aef8-826e97fe8d95_1000.jpg!m_fill,w_280,h_210,f_jpg?from=ke.com
20240926,丰台,赵公口,101126683328,康泽园 2室1厅 南新上,525万,54331元/平,中楼层 (共22层) | 2004年 | 2室1厅 | 96.63平米 | 南,https://ke-image.ljcdn.com/110000-inspection/2fb82b7e-b940-468b-aa26-a00071654965_1000.jpg!m_fill,w_280,h_210,f_jpg?from=ke.com
20240926,丰台,赵公口,101126622826,康泽园 次顶层 满五唯一 两梯六户新上,399万,39199元/平,高楼层 (共20层) 2室1厅 | 101.79平米 | 东南,https://ke-image.ljcdn.com/110000-inspection/631c01e1-33a0-4d18-b44d-1a5562bab119_1000.jpg!m_fill,w_280,h_210,f_jpg?from=ke.com
20240926,丰台,赵公口,101126622406,彩虹城二区  南北通透  中间楼层新上,548万,60660元/平,中楼层 (共13层) | 2004年 | 2室1厅 | 90.34平米 | 南 北,https://ke-image.ljcdn.com/110000-inspection/ec0f1734-35db-4e2f-a61e-413cbdb4a5ce_1000.jpg!m_fill,w_280,h_210,f_jpg?from=ke.com
20240926,丰台,赵公口,101126615076,石榴庄站南顶小区大客厅两居公积金可贷款30年新上,290万,49012元/平,高楼层 (共6层) 2室1厅 | 59.17平米 | 南 北,https://ke-image.ljcdn.com/110000-inspection/d7f74bd8-24a4-42a3-94f8-d1fb2ca2ed6f_1000.jpg!m_fill,w_280,h_210,f_jpg?from=ke.com
20240926,丰台,赵公口,101126592815,裕隆园 小区西侧规划三个公园 管理好 业主诚意出售,480万,46670元/平,高楼层 (共21层) 2室1厅 | 102.85平米 | 西南,https://ke-image.ljcdn.com/110000-inspection/96c1a018-6367-49b0-9db0-810d5862cfbf_1000.jpg!m_fill,w_280,h_210,f_jpg?from=ke.com
20240926,丰台,赵公口,101126582265,10号线石榴庄站跃城（城市时尚家园）满五唯一,245万,43310元/平,中楼层 (共20层) | 2005年 | 1室1厅 | 56.57平米 | 北,https://ke-image.ljcdn.com/110000-inspection/98a1aebb-fe43-4354-b8d8-305782d35b6c_1000.jpg!m_fill,w_280,h_210,f_jpg?from=ke.com
20240926,丰台,赵公口,101126580709,彩虹城一区 一层带下跃户型 满五年唯一商品房,930万,83920元/平,底层 (共22层) 3室1厅 | 110.82平米 | 南 北,https://ke-image.ljcdn.com/110000-inspection/f60397ce-d0f4-47f3-9c64-ea2a8b630abc_1000.jpg!m_fill,w_280,h_210,f_jpg?from=ke.com
20240926,丰台,赵公口,101126542789,南三环跃城05年商品房精装一居室随时可看,255万,45077元/平,低楼层 (共20层) | 2005年 | 1室0厅 | 56.57平米 | 西北,https://ke-image.ljcdn.com/110000-inspection/def7a979-f4d0-4c67-82e6-4aaef530ea40_1000.jpg!m_fill,w_280,h_210,f_jpg?from=ke.com
20240926,丰台,赵公口,101126515864,康泽园  满五唯一  边户  层高3米房主自荐,388万,38118元/平,顶层 (共20层) 2室1厅 | 101.79平米 | 西南,https://ke-image.ljcdn.com/110000-inspection/7097e5aa-8615-4449-af1f-1c265400ada9_1000.jpg!m_fill,w_280,h_210,f_jpg?from=ke.com
20240926,丰台,赵公口,101126475409,彩虹城三区 上下两层标准层高  好楼层 满五年唯一,1139万,60008元/平,顶层 (共11层) 4室2厅 | 189.81平米 | 西南,https://ke-image.ljcdn.com/110000-inspection/a9207cf1-d728-4469-a144-16c07982811d_1000.jpg!m_fill,w_280,h_210,f_jpg?from=ke.com
20240926,丰台,赵公口,101126465316,南顶村邮政小区 东南向带电梯的2居室 不临街房主自荐,310万,48152元/平,中楼层 (共18层) | 1997年 | 2室1厅 | 64.38平米 | 东南,https://ke-image.ljcdn.com/110000-inspection/a9ae8d31-519f-431a-84e0-0586c3db7535_1000.jpg!m_fill,w_280,h_210,f_jpg?from=ke.com
20240926,丰台,赵公口,101126462167,彩虹城二区 正规一居 满五年唯一 对花园 急售房主自荐,228万,46108元/平,中楼层 (共13层) | 2004年 | 1室1厅 | 49.45平米 | 东 北,https://ke-image.ljcdn.com/110000-inspection/2e2fc25d-d7a4-4d08-9142-d66aa43cedcb_1000.jpg!m_fill,w_280,h_210,f_jpg?from=ke.com
20240926,丰台,赵公口,101126460193,彩虹城三区 大四居 顶层复式 精装修 南北通透,1296万,67364元/平,顶层 (共11层) | 2005年 | 4室2厅 | 192.39平米 | 南 北,https://ke-image.ljcdn.com/110000-inspection/pc1_yfwIUu7IS_1.jpg!m_fill,w_280,h_210,f_jpg?from=ke.com
20240926,丰台,赵公口,101126456311,彩虹城四区楼层高 视野比较好 一室一厅格局好房主自荐,240万,46503元/平,顶层 (共16层) | 2005年 | 1室1厅 | 51.61平米 | 东南,https://ke-image.ljcdn.com/110000-inspection/pc1_qDFPQhDWp_1.jpg!m_fill,w_280,h_210,f_jpg?from=ke.com
20240926,丰台,赵公口,101126455412,精装修西南朝向的正规一居室全明格局满五年 临,175万,39620元/平,顶层 (共6层) 1室1厅 | 44.17平米 | 西南,https://ke-image.ljcdn.com/110000-inspection/7c7f2cf4-e82f-4bdf-8d43-0213653d3f56_1000.jpg!m_fill,w_280,h_210,f_jpg?from=ke.com
20240926,丰台,赵公口,101126429806,南北通透三居满五唯一 南北对花园 小区中间位置 楼,755万,59935元/平,高楼层 (共10层) 3室1厅 | 125.97平米 | 南 北,https://ke-image.ljcdn.com/110000-inspection/4019f888-9c24-45b0-b4cc-ac19ee05a574_1000.jpg!m_fill,w_280,h_210,f_jpg?from=ke.com
20240926,丰台,赵公口,101126324707,2005年商品房社区临河安静地铁方便,725万,60307元/平,中楼层 (共13层) 3室2厅 | 120.22平米 | 南 北,https://ke-image.ljcdn.com/110000-inspection/27e39b92-838e-44c3-a1fd-0d8d748df623_1000.jpg!m_fill,w_280,h_210,f_jpg?from=ke.com
20240926,丰台,赵公口,101126314182,苗圃东里  大红门地铁站400多米   满五唯一房主自荐,322万,48060元/平,中楼层 (共22层) 2室1厅 | 67平米 | 西南,https://ke-image.ljcdn.com/110000-inspection/c8726a82-6c38-40bd-847d-05486b896343_1000.jpg!m_fill,w_280,h_210,f_jpg?from=ke.com
20240926,丰台,赵公口,101126306543,彩虹城二区前庭院后花园一层带下跃并独享70平活动室房主自荐,645万,71397元/平,底层 (共12层) | 2004年 | 3室2厅 | 90.34平米 | 南 北,https://ke-image.ljcdn.com/110000-inspection/3914dec2-15c0-4d25-b769-7331499eff3d_1000.jpg!m_fill,w_280,h_210,f_jpg?from=ke.com
20240926,丰台,赵公口,101126304806,裕隆园   2004年商品房  车位充足 满五唯一房主自荐,579万,42199元/平,低楼层 (共21层) | 2004年 | 3室1厅 | 137.21平米 | 东北,https://ke-image.ljcdn.com/110000-inspection/3287eb83-a05a-46ad-9b0f-b2e08fa39fac_1000.jpg!m_fill,w_280,h_210,f_jpg?from=ke.com
20240926,丰台,赵公口,101126294339,裕隆园  04年bu队家属院  满五唯一 婚房装修房主自荐,498万,48373元/平,高楼层 (共21层) 2室1厅 | 102.95平米 | 东南,https://ke-image.ljcdn.com/110000-inspection/ac31a436-32d0-459c-84a8-f15a0f2a88fc_1000.jpg!m_fill,w_280,h_210,f_jpg?from=ke.com
20240926,丰台,赵公口,101126259486,世华水岸F区 南北四居室 临河观景 满五年唯一急售,1180万,62710元/平,中楼层 (共8层) 4室2厅 | 188.17平米 | 南 北,https://ke-image.ljcdn.com/110000-inspection/6b805e71-9880-4bb0-b104-ca98b788d6a6_1000.jpg!m_fill,w_280,h_210,f_jpg?from=ke.com
20240926,丰台,赵公口,101126253130,世华水岸F区 诚心出售一梯两户南北通透眼镜户型,1180万,76894元/平,低楼层 (共12层) | 2009年 | 3室2厅 | 153.46平米 | 南 北,https://ke-image.ljcdn.com/110000-inspection/e6dd53ab-6572-4003-8f01-5cceccee95ea_1000.jpg!m_fill,w_280,h_210,f_jpg?from=ke.com
20240926,丰台,赵公口,101126252097,彩虹城二区 3室2厅 南 北,690万,73233元/平,底层 (共13层) | 2004年 | 3室2厅 | 94.22平米 | 南 北,https://ke-image.ljcdn.com/110000-inspection/pc1_sOZdmbcqU_1.jpg!m_fill,w_280,h_210,f_jpg?from=ke.com
20240926,丰台,赵公口,101126250861,世华水岸 南北2居 高楼层 没有遮挡 视野好,650万,61594元/平,中楼层 (共12层) | 2009年 | 2室2厅 | 105.53平米 | 南 北,https://ke-image.ljcdn.com/110000-inspection/edd9532c-c860-4205-98a5-1cb8700d9311_1000.jpg!m_fill,w_280,h_210,f_jpg?from=ke.com
20240926,丰台,赵公口,101126220727,世华水岸C区 南北3居 一层带小花园,948万,69568元/平,底层 (共15层) | 2009年 | 3室1厅 | 136.27平米 | 南 北,https://ke-image.ljcdn.com/110000-inspection/169183fa-f760-4de7-b190-fd36c3cdaee3_1000.jpg!m_fill,w_280,h_210,f_jpg?from=ke.com
20240926,丰台,赵公口,101126204819,世华水岸F区一梯两户花园洋房满五唯一精装修带车位,688万,65195元/平,低楼层 (共12层) | 2009年 | 2室1厅 | 105.53平米 | 南 北,https://ke-image.ljcdn.com/110000-inspection/4b98125c-04c9-4259-8eb5-e0f8ce94f846_1000.jpg!m_fill,w_280,h_210,f_jpg?from=ke.com
20240926,丰台,赵公口,101126177431,眼镜户型 南北三居 南北对花园 满五唯一 临凉水河,1165万,77025元/平,中楼层 (共12层) | 2009年 | 3室2厅 | 151.25平米 | 南 北,https://ke-image.ljcdn.com/110000-inspection/12e4a15f-4ebf-4c82-ae92-46aa5220e312_1000.jpg!m_fill,w_280,h_210,f_jpg?from=ke.com
20240926,丰台,赵公口,101126173545,（新上）彩虹城三区 西北向正规一居 只契税 采光好,250万,46634元/平,高楼层 (共16层) | 2005年 | 1室1厅 | 53.61平米 | 西北,https://ke-image.ljcdn.com/110000-inspection/0577184a-9d68-4280-a1ba-806029893c6f_1000.jpg!m_fill,w_280,h_210,f_jpg?from=ke.com
20240926,丰台,赵公口,101126172460,（新上）彩虹城二区 一居 满五年唯一 无抵押,238万,48130元/平,底层 (共12层) | 2004年 | 1室1厅 | 49.45平米 | 西北,https://ke-image.ljcdn.com/110000-inspection/f2daca48-dd3d-4db6-b624-5b5ff7fff387_1000.jpg!m_fill,w_280,h_210,f_jpg?from=ke.com
20240926,丰台,赵公口,101126166513,此房满五唯一 小区中间位置安静 客厅带窗户,279万,48187元/平,顶层 (共6层) | 1990年 | 2室1厅 | 57.9平米 | 南 北,https://ke-image.ljcdn.com/110000-inspection/2ecbae8f-4716-4e95-a620-b2f6c26b0aa8_1000.jpg!m_fill,w_280,h_210,f_jpg?from=ke.com
20240926,丰台,赵公口,101126162487,此房满五唯一南北通透。高楼层无遮挡采光很好。,858万,62701元/平,高楼层 (共16层) 4室1厅 | 136.84平米 | 南 北,https://ke-image.ljcdn.com/110000-inspection/fd9478fc-857a-40bd-a043-1ed1250f7637_1000.jpg!m_fill,w_280,h_210,f_jpg?from=ke.com
20240926,丰台,赵公口,101126093191,彩虹城一区 车位,36万,28302元/平,地下室 (共1层) | 2006年 | 1室0厅 | 12.72平米 | 南,https://ke-image.ljcdn.com/110000-inspection/afa980bf-726a-4cac-94d8-2cbd95ecd034_1000.jpg!m_fill,w_280,h_210,f_jpg?from=ke.com
20240926,丰台,赵公口,101126081108,康泽园 南三环八号线十号线 商品房,449万,44111元/平,低楼层 (共20层) 3室1厅 | 101.79平米 | 西南,https://ke-image.ljcdn.com/110000-inspection/4a351803-11b3-4207-81fc-8f4edb758327_1000.jpg!m_fill,w_280,h_210,f_jpg?from=ke.com
20240926,丰台,赵公口,101126070885,两梯两户 南北通透 前后花园眼镜户型可看凉水河房主自荐,788万,58540元/平,高楼层 (共14层) | 2005年 | 3室1厅 | 134.61平米 | 南 北,https://ke-image.ljcdn.com/110000-inspection/1229dc22-c195-45bb-bda3-f2dc47713072_1000.jpg!m_fill,w_280,h_210,f_jpg?from=ke.com
20240926,丰台,赵公口,101126009478,10号线石榴庄跃城小区错层两居室满五唯一,455万,50674元/平,中楼层 (共20层) 2室1厅 | 89.79平米 | 东北,https://ke-image.ljcdn.com/110000-inspection/013f86bb-1da3-48b8-ab93-57cf6400e288_1000.jpg!m_fill,w_280,h_210,f_jpg?from=ke.com
20240926,丰台,赵公口,101125971639,10号线石榴庄地铁跃城（城市时尚家园）错层三居,850万,47912元/平,低楼层 (共20层) 3室2厅 | 177.41平米 | 东 北,https://ke-image.ljcdn.com/110000-inspection/a036c0c0-0de8-4779-980d-ebee65e52b7c_1000.jpg!m_fill,w_280,h_210,f_jpg?from=ke.com
20240926,丰台,赵公口,101125904391,2005年商品房少见的两居户型南北通透没缺角房主自荐,639万,65741元/平,低楼层 (共22层) | 2006年 | 2室1厅 | 97.2平米 | 南 北,https://ke-image.ljcdn.com/110000-inspection/74b4eb2e-2bac-4767-92e0-8399bfe9d14b_1000.jpg!m_fill,w_280,h_210,f_jpg?from=ke.com
20240926,丰台,赵公口,101125866955,高档商品房人车分流南北通透一梯两户有车位,1050万,67127元/平,中楼层 (共15层) | 2009年 | 3室2厅 | 156.42平米 | 南 北,https://ke-image.ljcdn.com/110000-inspection/6720a6b6-2819-4e4a-a3ce-ae7faea37c6f_1000.jpg!m_fill,w_280,h_210,f_jpg?from=ke.com
20240926,丰台,赵公口,101125795050,彩虹城二区  临地铁石榴园   光彩路68号院,580万,63147元/平,底层 (共15层) | 2004年 | 1室1厅 | 91.85平米 | 西南,https://ke-image.ljcdn.com/110000-inspection/pc1_ZI1SoyLFf_1.jpg!m_fill,w_280,h_210,f_jpg?from=ke.com
20240926,丰台,赵公口,101125794972,彩虹城三区  光彩路68号院  临地铁,865万,59966元/平,低楼层 (共9层) 4室1厅 | 144.25平米 | 西南 北,https://ke-image.ljcdn.com/110000-inspection/2c3068d6-f1e1-4b74-b997-28ccb8fa5375_1000.jpg!m_fill,w_280,h_210,f_jpg?from=ke.com
20240926,丰台,赵公口,101125788353,彩虹城二区 光彩路68号院西区 临地铁,550万,61798元/平,高楼层 (共16层) 2室1厅 | 89平米 | 南,https://ke-image.ljcdn.com/110000-inspection/4460c841-03d5-4192-a728-eb1833bc625b_1000.jpg!m_fill,w_280,h_210,f_jpg?from=ke.com
20240926,丰台,赵公口,101125710244,彩虹城再现洋房南北三居室一梯两户满五年唯一,629万,55630元/平,低楼层 (共10层) 3室1厅 | 113.07平米 | 南 北,https://ke-image.ljcdn.com/110000-inspection/4561bfcc-cce0-448c-a57d-ea859799a537_1000.jpg!m_fill,w_280,h_210,f_jpg?from=ke.com
20240926,丰台,赵公口,101125704376,四环内距离8号线大红门南站600多米小区安静,430万,57418元/平,高楼层 (共6层) | 1994年 | 3室1厅 | 74.89平米 | 南 北,https://ke-image.ljcdn.com/110000-inspection/f91209c0-1e9b-46ce-b6f3-d1f843383247_1000.jpg!m_fill,w_280,h_210,f_jpg?from=ke.com
20240926,丰台,赵公口,101125690244,10号线石榴庄跃城满五唯一商品房楼层高对着花,245万,43310元/平,高楼层 (共20层) | 2005年 | 1室1厅 | 56.57平米 | 西北,https://ke-image.ljcdn.com/110000-inspection/b176e773-ab97-47ff-a7da-04b0843395db_1000.jpg!m_fill,w_280,h_210,f_jpg?from=ke.com
20240926,丰台,赵公口,101125666144,全屋定制精装修 西南向大两居 小区好停车,445万,43718元/平,中楼层 (共20层) | 2000年 | 2室1厅 | 101.79平米 | 西南,https://ke-image.ljcdn.com/110000-inspection/2bd21fa9-fa3c-47ca-9363-e7d700320c2c_1000.jpg!m_fill,w_280,h_210,f_jpg?from=ke.com
20240926,丰台,赵公口,101125640370,康泽园不临街朝东商品房社区。,400万,46206元/平,中楼层 (共20层) 2室1厅 | 86.57平米 | 东北,https://ke-image.ljcdn.com/110000-inspection/82347f71-95e9-4502-9d27-ab42f76cfef3_1000.jpg!m_fill,w_280,h_210,f_jpg?from=ke.com
20240926,丰台,赵公口,101125633685,南顶小区南北通透两居南向大客厅带阳台满五唯一！,259万,43773元/平,顶层 (共6层) 2室1厅 | 59.17平米 | 南 北,https://ke-image.ljcdn.com/110000-inspection/6aab7e9a-b653-4ec0-b6c5-fb77bb0a008d_1000.jpg!m_fill,w_280,h_210,f_jpg?from=ke.com
20240926,丰台,赵公口,101125626418,世华水岸B区小区中间位置6层带电梯花园洋房双卫房主自荐,1020万,63292元/平,低楼层 (共6层) | 2009年 | 3室2厅 | 161.16平米 | 南 北,https://ke-image.ljcdn.com/110000-inspection/c2682aa2-df87-4827-9195-3947d3a8a4b4_1000.jpg!m_fill,w_280,h_210,f_jpg?from=ke.com
20240926,丰台,赵公口,101125618230,南顶村邮政小区 带电梯 朝东两居室,339万,51489元/平,中楼层 (共18层) 2室1厅 | 65.84平米 | 东,https://ke-image.ljcdn.com/110000-inspection/0677a8c6-4629-45e3-807b-7cebd9cce810_1000.jpg!m_fill,w_280,h_210,f_jpg?from=ke.com
20240926,丰台,赵公口,101125529118,10号线石榴庄跃城南北向客厅挑高满五唯一房主自荐,543万,48254元/平,低楼层 (共20层) 2室1厅 | 112.53平米 | 南 北,https://ke-image.ljcdn.com/110000-inspection/52accdd9-70c7-41a1-8d9e-2abb2a96f8e2_1000.jpg!m_fill,w_280,h_210,f_jpg?from=ke.com
20240926,丰台,赵公口,101125505841,苗圃东里 精装修 带电梯 采光好 随时签约,339万,48161元/平,中楼层 (共22层) 2室1厅 | 70.39平米 | 东南,https://ke-image.ljcdn.com/110000-inspection/eca44015-f6b5-40da-9650-ffb53959fc67_1000.jpg!m_fill,w_280,h_210,f_jpg?from=ke.com
20240926,丰台,赵公口,101125494270,苗圃东里 1室1厅 南,230万,45081元/平,高楼层 (共22层) | 1997年 | 1室1厅 | 51.02平米 | 南,https://ke-image.ljcdn.com/110000-inspection/d7855fb0-bb52-4c3b-8bae-4c37e1eda0e3_1000.jpg!m_fill,w_280,h_210,f_jpg?from=ke.com
20240926,丰台,赵公口,101125262124,康泽园 南中轴商品房社区 中间楼层 精装修房主自荐,230万,46334元/平,中楼层 (共6层) 1室1厅 | 49.64平米 | 东,https://ke-image.ljcdn.com/110000-inspection/010d280a-bb36-4fc2-88f9-2453fee6ddd3_1000.jpg!m_fill,w_280,h_210,f_jpg?from=ke.com
20240926,丰台,赵公口,101125239303,康泽园 南向精装修一居室 户型方正 采光好,249万,50202元/平,顶层 (共6层) 1室1厅 | 49.6平米 | 南,https://ke-image.ljcdn.com/110000-inspection/3b7eb4a5-71a5-462b-b11a-0975f9bed5a5_1000.jpg!m_fill,w_280,h_210,f_jpg?from=ke.com
20240926,丰台,赵公口,101125232282,世华水岸F区 车位,40万,13615元/平,地下室 (共8层) | 2009年 | 1室0厅 | 29.38平米 | 南,https://ke-image.ljcdn.com/110000-inspection/7271b2ae-d552-4578-b729-0d652ea373cb_1000.jpg!m_fill,w_280,h_210,f_jpg?from=ke.com
20240926,丰台,赵公口,101125123476,距离南中轴500米 2004年小区 裕隆园,558万,50530元/平,低楼层 (共21层) 2室1厅 | 110.43平米 | 东 南,https://ke-image.ljcdn.com/110000-inspection/65ede28e-7627-40b2-96a1-86545ea58ed0_1000.jpg!m_fill,w_280,h_210,f_jpg?from=ke.com
20240926,丰台,赵公口,101125114474,世华水岸F区一梯两户精装修南北通透三居满五唯一,820万,56650元/平,中楼层 (共12层) | 2009年 | 3室2厅 | 144.75平米 | 南 北,https://ke-image.ljcdn.com/110000-inspection/2fd533b8-5b1c-4a0a-822e-b9a770c6fee5_1000.jpg!m_fill,w_280,h_210,f_jpg?from=ke.com
20240926,丰台,赵公口,101124984096,南顶小区南北通透3居室随时能看可组合贷30年,319万,48569元/平,中楼层 (共6层) 3室1厅 | 65.68平米 | 南 北,https://ke-image.ljcdn.com/110000-inspection/30f187e0-e5bd-4227-8d19-58845938fa80_1000.jpg!m_fill,w_280,h_210,f_jpg?from=ke.com
20240926,丰台,赵公口,101124910612,南顶村邮政小区电梯3居室厨房卫生间都有窗户,460万,53520元/平,低楼层 (共18层) 3室1厅 | 85.95平米 | 东南,https://ke-image.ljcdn.com/110000-inspection/6c8aaf97-783c-4198-a441-6b20e4b2b16e_1000.jpg!m_fill,w_280,h_210,f_jpg?from=ke.com
20240926,丰台,赵公口,101124870456,10号线石榴庄站康泽园高楼层南向两居满五唯一,458万,48823元/平,高楼层 (共20层) | 2001年 | 2室1厅 | 93.81平米 | 南,https://ke-image.ljcdn.com/110000-inspection/12a75e3e-da3d-4be2-8c14-029f3db98750_1000.jpg!m_fill,w_280,h_210,f_jpg?from=ke.com
20240926,丰台,赵公口,101124821369,康泽园 精装修 满五唯一 南向房主自荐,449万,47940元/平,低楼层 (共20层) 2室1厅 | 93.66平米 | 南,https://ke-image.ljcdn.com/110000-inspection/fdb29a83-e988-4670-9309-c5d98611af2b_1000.jpg!m_fill,w_280,h_210,f_jpg?from=ke.com
20240926,丰台,赵公口,101124817740,南北通透两居室落地窗采光好中间楼层满五年唯一,530万,57137元/平,低楼层 (共16层) | 2005年 | 2室1厅 | 92.76平米 | 南 北,https://ke-image.ljcdn.com/110000-inspection/64f71b96-458e-4f7a-861c-6fcaea3ca8f4_1000.jpg!m_fill,w_280,h_210,f_jpg?from=ke.com
20240926,丰台,赵公口,101124763786,优选好房 南顶村邮政宿舍楼 精装修2居室 近地铁,318万,49395元/平,中楼层 (共18层) 2室1厅 | 64.38平米 | 西北,https://ke-image.ljcdn.com/110000-inspection/1840bef5-4d99-48c3-b7c1-f24101dfec51_1000.jpg!m_fill,w_280,h_210,f_jpg?from=ke.com
20240926,丰台,赵公口,101124757862,苗圃东里 1室1厅 西南,230万,45081元/平,中楼层 (共22层) 1室1厅 | 51.02平米 | 西南,https://ke-image.ljcdn.com/110000-inspection/5078c6a0-d0ab-4405-9238-29ce86692771_1000.jpg!m_fill,w_280,h_210,f_jpg?from=ke.com
20240926,丰台,赵公口,101124707339,彩虹城三区优质一居全南朝向一室一厅没有遮挡。房主自荐,469万,61084元/平,底层 (共16层) | 2005年 | 1室1厅 | 76.78平米 | 南,https://ke-image.ljcdn.com/110000-inspection/pc1_kwywdFcil_1.jpg!m_fill,w_280,h_210,f_jpg?from=ke.com
20240926,丰台,赵公口,101124620604,大红门苗圃东里 地铁边 有电梯 户型方正,319万,48882元/平,低楼层 (共22层) 2室1厅 | 65.26平米 | 东南,https://ke-image.ljcdn.com/110000-inspection/3d62c167-b74c-483f-9a8f-b3192a1adea4_1000.jpg!m_fill,w_280,h_210,f_jpg?from=ke.com
20240926,丰台,赵公口,101124613108,地铁10号线石榴庄 彩虹城一层有南向花园 全南户型,450万,57362元/平,底层 (共22层) | 2004年 | 1室2厅 | 78.45平米 | 南,https://ke-image.ljcdn.com/110000-inspection/28a4a249-269b-496e-9ea3-f855c5c14748_1000.jpg!m_fill,w_280,h_210,f_jpg?from=ke.com
20240926,丰台,赵公口,101124506042,世华水岸F区 南北2居 高楼层 视野好 满五年,780万,68242元/平,顶层 (共10层) | 2009年 | 3室1厅 | 114.3平米 | 南 北,https://ke-image.ljcdn.com/110000-inspection/e8e8646c-2c88-4d07-b2c5-81ea04dbd0bb_1000.jpg!m_fill,w_280,h_210,f_jpg?from=ke.com
20240926,丰台,赵公口,101124478669,全南向两居室落地窗采光好满五年唯一近地铁,500万,56389元/平,低楼层 (共20层) 2室1厅 | 88.67平米 | 南,https://ke-image.ljcdn.com/110000-inspection/daf00574-1533-40af-9e9f-39fabbae0c62_1000.jpg!m_fill,w_280,h_210,f_jpg?from=ke.com
20240926,丰台,赵公口,101124428288,10号线石榴庄站 南顶村邮政 西南带电梯 正规3居,480万,55847元/平,低楼层 (共18层) 3室1厅 | 85.95平米 | 西南,https://ke-image.ljcdn.com/110000-inspection/b13a303d-5727-4ffb-b60b-0814b75e4909_1000.jpg!m_fill,w_280,h_210,f_jpg?from=ke.com
20240926,丰台,赵公口,101124304549,彩虹城三区一梯两户南北通透次顶层满五唯一花园洋房,735万,60976元/平,高楼层 (共11层) | 2005年 | 3室1厅 | 120.54平米 | 南 北,https://ke-image.ljcdn.com/110000-inspection/8c0a285e-b472-4f73-b1fd-37a80cdeae84_1000.jpg!m_fill,w_280,h_210,f_jpg?from=ke.com
20240926,丰台,赵公口,101124275675,近地铁电梯房两居室精装修高楼层。,340万,52812元/平,高楼层 (共18层) 2室1厅 | 64.38平米 | 东北,https://ke-image.ljcdn.com/110000-inspection/038ead1a-0ec3-4899-89a9-6b57facf3b80_1000.jpg!m_fill,w_280,h_210,f_jpg?from=ke.com
20240926,丰台,赵公口,101124253496,总监推荐 2023年精装 拎包入住 省时省力省心,233万,52419元/平,高楼层 (共16层) | 2005年 | 1室0厅 | 44.45平米 | 东,https://ke-image.ljcdn.com/110000-inspection/c62e9a0f-7226-4c80-9e50-9b7b87c6f64a_1000.jpg!m_fill,w_280,h_210,f_jpg?from=ke.com
20240926,丰台,赵公口,101124239814,康泽园  东南向  精装修三年 拎包入住房主自荐,439万,43129元/平,低楼层 (共20层) 2室1厅 | 101.79平米 | 东南,https://ke-image.ljcdn.com/110000-inspection/d4eddcd4-fcb6-4fad-89aa-841b80090531_1000.jpg!m_fill,w_280,h_210,f_jpg?from=ke.com
20240926,丰台,赵公口,101124236702,彩虹城一区 南北三居 1梯2户 满五唯一 总监力荐,700万,57737元/平,低楼层 (共10层) 3室1厅 | 121.24平米 | 南 北,https://ke-image.ljcdn.com/110000-inspection/537cc2c1-3146-4a76-b537-cb2af5f88e6d_1000.jpg!m_fill,w_280,h_210,f_jpg?from=ke.com
20240926,丰台,赵公口,101124193377,十号线、精品方正两居室 正对小区大花园 满五唯一,379万,58606元/平,高楼层 (共22层) 2室1厅 | 64.67平米 | 东北,https://ke-image.ljcdn.com/110000-inspection/pc1_u4Vo3HneQ_1.jpg!m_fill,w_280,h_210,f_jpg?from=ke.com
20240926,丰台,赵公口,101124177529,光彩家园 近地铁十号线石榴庄站280米（自高德地图）房主自荐,445万,59508元/平,底层 (共20层) | 2001年 | 2室1厅 | 74.78平米 | 东南,https://ke-image.ljcdn.com/110000-inspection/e662f4cf-b98f-46d5-bcf3-f6bf67499e62_1000.jpg!m_fill,w_280,h_210,f_jpg?from=ke.com
20240926,丰台,赵公口,101124132648,满五唯一 高楼层采光视野好 可看凉水河 层净高3.1米房主自荐,449万,38578元/平,高楼层 (共20层) 3室1厅 | 116.39平米 | 西北,https://ke-image.ljcdn.com/110000-inspection/71c4737f-dac6-4074-ae03-ed960efd184f_1000.jpg!m_fill,w_280,h_210,f_jpg?from=ke.com
20240926,丰台,赵公口,101124083742,彩虹城二区 一层有地下 精装修 南北两居 急售房主自荐,666万,70867元/平,底层 (共15层) 3室2厅 | 93.98平米 | 南 北,https://ke-image.ljcdn.com/110000-inspection/1939bafe-e714-4041-9b1f-ba4b6e283ac3_1000.jpg!m_fill,w_280,h_210,f_jpg?from=ke.com
20240926,丰台,赵公口,101123990561,地铁10号线彩虹城正对小区花园优质一居业主急售。房主自荐,288万,53913元/平,低楼层 (共13层) | 2004年 | 1室1厅 | 53.42平米 | 东北,https://ke-image.ljcdn.com/110000-inspection/79f1da06-b259-40e4-b77e-3e3f7bf8acef_1000.jpg!m_fill,w_280,h_210,f_jpg?from=ke.com
20240926,丰台,赵公口,101123984209,世华水岸B区 一梯两户 南北通透 朝花园 格局方正,1100万,73407元/平,高楼层 (共6层) 3室1厅 | 149.85平米 | 南 北,https://ke-image.ljcdn.com/110000-inspection/b7db14df-1b20-4c77-8ab0-be78d1e50f84_1000.jpg!m_fill,w_280,h_210,f_jpg?from=ke.com
20240926,丰台,赵公口,101123977437,大红门地铁苗圃东里小区南北向两居室采光好,310万,46744元/平,低楼层 (共22层) 2室1厅 | 66.32平米 | 南 北,https://ke-image.ljcdn.com/110000-inspection/b01dc58e-e4c1-4c6d-a16e-b20980127c21_1000.jpg!m_fill,w_280,h_210,f_jpg?from=ke.com
20240926,丰台,赵公口,101123950643,裕隆园 04年封闭式小区  车位充足 满五唯一房主自荐,318万,42316元/平,高楼层 (共21层) | 2004年 | 1室1厅 | 75.15平米 | 西北,https://ke-image.ljcdn.com/110000-inspection/b74670bb-6575-4983-8baa-003153e92b4c_1000.jpg!m_fill,w_280,h_210,f_jpg?from=ke.com
20240926,丰台,赵公口,101123945976,高楼层视野好急售随时签约。房主自荐,489万,58994元/平,顶层 (共22层) | 2004年 | 2室1厅 | 82.89平米 | 西北,https://ke-image.ljcdn.com/110000-inspection/pc1_6IuHSJX4T_1.jpg!m_fill,w_280,h_210,f_jpg?from=ke.com
20240926,丰台,赵公口,101123901586,地铁10号线彩虹城精装大2居业主急售。,510万,52057元/平,低楼层 (共16层) | 2005年 | 2室1厅 | 97.97平米 | 西南 北,https://ke-image.ljcdn.com/110000-inspection/c6ad2edc-1d0e-4bce-992a-040ff03949ce_1000.jpg!m_fill,w_280,h_210,f_jpg?from=ke.com
20240926,丰台,赵公口,101123899996,正规两居室精装修 高楼层 视野好房主自荐,496万,59602元/平,高楼层 (共22层) 2室1厅 | 83.22平米 | 西北,https://ke-image.ljcdn.com/110000-inspection/12b90120-e304-43d6-9d73-90165fdfef6b_1000.jpg!m_fill,w_280,h_210,f_jpg?from=ke.com
20240926,丰台,赵公口,101123892139,南三环南顶小区南北通透双阳台2居室明厨明卫房主自荐,218万,34659元/平,顶层 (共6层) 2室1厅 | 62.9平米 | 南 北,https://ke-image.ljcdn.com/110000-inspection/71d441a1-43f3-4c83-9727-a72922fafbac_1000.jpg!m_fill,w_280,h_210,f_jpg?from=ke.com
20240926,丰台,赵公口,101123891771,彩虹城四区loft正对小区花园房主自荐,209万,44535元/平,高楼层 (共16层) | 2005年 | 1室1厅 | 46.93平米 | 西,https://ke-image.ljcdn.com/110000-inspection/3a130669-9c13-45ca-b5fd-e3fdf3b330fb_1000.jpg!m_fill,w_280,h_210,f_jpg?from=ke.com
20240926,丰台,赵公口,101123804191,彩虹城二区 南北通透 一梯两户 全明格局 近地铁,666万,54359元/平,低楼层 (共9层) | 2004年 | 3室2厅 | 122.52平米 | 南 北,https://ke-image.ljcdn.com/110000-inspection/pc1_fe607q2vn_1.jpg!m_fill,w_280,h_210,f_jpg?from=ke.com
20240926,丰台,赵公口,101123747422,教师家属楼 南顶小区  一层 组合贷30年,272万,55522元/平,底层 (共6层) 2室1厅 | 48.99平米 | 南 北,https://ke-image.ljcdn.com/110000-inspection/1248e683-097f-44ad-ad80-02d07bc3d225_1000.jpg!m_fill,w_280,h_210,f_jpg?from=ke.com
20240926,丰台,赵公口,101123630423,康泽园小区 低价三居 商品房管理好 地铁10号线石榴庄,520万,44678元/平,低楼层 (共20层) 3室1厅 | 116.39平米 | 东北,https://ke-image.ljcdn.com/110000-inspection/796036e5-391e-4d4c-91c1-bbcf222cf9cf_1000.jpg!m_fill,w_280,h_210,f_jpg?from=ke.com
20240926,丰台,赵公口,101123579292,大红门 赵公口  跃城  精装复式3居  墅质体验,760万,44385元/平,中楼层 (共20层) 3室2厅 | 171.23平米 | 东南,https://ke-image.ljcdn.com/110000-inspection/3c0f5b7a-a9be-4a6c-b543-e49db16b6703_1000.jpg!m_fill,w_280,h_210,f_jpg?from=ke.com
20240926,丰台,赵公口,101123480925,10号线石榴庄地铁南顶小区南向一居室满五唯一房主自荐,229万,50552元/平,高楼层 (共6层) | 1993年 | 1室1厅 | 45.3平米 | 南,https://ke-image.ljcdn.com/110000-inspection/4dbc0896-0c5a-451d-9097-3a0d9be02d02_1000.jpg!m_fill,w_280,h_210,f_jpg?from=ke.com
20240926,丰台,赵公口,101123463223,南顶村邮政小区   南向一居室  地铁10号线,189万,40376元/平,顶层 (共6层) | 1991年 | 1室1厅 | 46.81平米 | 南,https://ke-image.ljcdn.com/110000-inspection/eb1defff-4ddf-43d5-9aac-e86a81556072_1000.jpg!m_fill,w_280,h_210,f_jpg?from=ke.com
20240926,丰台,赵公口,101123461700,10号线石榴庄南顶小区2层精装两居满五唯一,265万,48984元/平,低楼层 (共6层) 2室1厅 | 54.1平米 | 东南,https://ke-image.ljcdn.com/110000-inspection/pc1_iGvFK3EpZ_1.jpg!m_fill,w_280,h_210,f_jpg?from=ke.com
20240926,丰台,赵公口,101123444395,跃城挑高3.8米满五唯一商品房户型方正诚意出售房主自荐,527万,45922元/平,中楼层 (共20层) 2室1厅 | 114.76平米 | 东北,https://ke-image.ljcdn.com/110000-inspection/pc1_ibvXp5PdX.jpg!m_fill,w_280,h_210,f_jpg?from=ke.com
20240926,丰台,赵公口,101123424794,10号线石榴庄康泽园南向一居室精装修不临街,286万,57662元/平,低楼层 (共6层) 1室1厅 | 49.6平米 | 南,https://ke-image.ljcdn.com/110000-inspection/e8fab42d-a33a-4840-9e95-9bd5399d6358_1000.jpg!m_fill,w_280,h_210,f_jpg?from=ke.com
20240926,丰台,赵公口,101123386108,大红门 赵公口 南顶小区 正规1居 精装修 诚意出售,189万,51781元/平,中楼层 (共5层) 1室1厅 | 36.5平米 | 南,https://ke-image.ljcdn.com/110000-inspection/6560f5af-3550-4c5c-95a9-977a6ce15f22_1000.jpg!m_fill,w_280,h_210,f_jpg?from=ke.com
20240926,丰台,赵公口,101123384852,彩虹城四区  东南向 正对小区花园 采光好 无遮挡,539万,59783元/平,低楼层 (共22层) | 2005年 | 2室1厅 | 90.16平米 | 东南,https://ke-image.ljcdn.com/110000-inspection/501e612e-0e3f-4d1f-88ae-e67ce30cae61_1000.jpg!m_fill,w_280,h_210,f_jpg?from=ke.com
20240926,丰台,赵公口,101123293992,彩虹城四区 高楼层南北通透三居 精装修  采光好无浪费,713万,57864元/平,高楼层 (共21层) 3室1厅 | 123.22平米 | 南 北,https://ke-image.ljcdn.com/110000-inspection/8890a29f-4deb-49f5-bcda-662b4b6341e6_1000.jpg!m_fill,w_280,h_210,f_jpg?from=ke.com
20240926,丰台,赵公口,101123292010,彩虹城四区 高楼层一居室 采光视野好 户型方正,278万,53155元/平,顶层 (共22层) 1室1厅 | 52.3平米 | 东北,https://ke-image.ljcdn.com/110000-inspection/3bd7d0bd-4dcd-4b87-9609-7c52671f711e_1000.jpg!m_fill,w_280,h_210,f_jpg?from=ke.com
20240926,丰台,赵公口,101123278620,彩虹城四区 精装一居室 楼层高 采光好,279万,49103元/平,高楼层 (共22层) | 2005年 | 1室1厅 | 56.82平米 | 东北,https://ke-image.ljcdn.com/110000-inspection/b720f029-b1a0-464d-81a3-92540e2f660e_1000.jpg!m_fill,w_280,h_210,f_jpg?from=ke.com
20240926,丰台,赵公口,101123277577,南顶两居 明厨明卫 精装修 满五唯一,279万,43868元/平,顶层 (共6层) 2室1厅 | 63.6平米 | 南 北,https://ke-image.ljcdn.com/110000-inspection/39086b0e-b159-40f5-882a-d0321514b10a_1000.jpg!m_fill,w_280,h_210,f_jpg?from=ke.com
20240926,丰台,赵公口,101123191372,10号线地铁石榴庄 跃城（城市时尚家园）满五年唯一,275万,48613元/平,高楼层 (共20层) 2室1厅 | 56.57平米 | 东北,https://ke-image.ljcdn.com/110000-inspection/ba082b16-a8a6-442f-9fee-030764d5eaf0_1000.jpg!m_fill,w_280,h_210,f_jpg?from=ke.com
20240926,丰台,赵公口,101123021502,南顶小区南北向两居满五唯一 位置安静采光好房主自荐,265万,45848元/平,高楼层 (共6层) 2室1厅 | 57.8平米 | 南 北,https://ke-image.ljcdn.com/110000-inspection/9570d696-f700-4f82-9a75-272cc401fee8_1000.jpg!m_fill,w_280,h_210,f_jpg?from=ke.com
20240926,丰台,赵公口,101122980036,康泽园中高层正规两居室户型方正业主诚意出售,399万,46090元/平,高楼层 (共20层) | 2000年 | 2室1厅 | 86.57平米 | 东北,https://ke-image.ljcdn.com/110000-inspection/9de75edc-44c2-4974-ba62-71dc8a83d889_1000.jpg!m_fill,w_280,h_210,f_jpg?from=ke.com
20240926,丰台,赵公口,101122967247,南顶村邮政小区精装修自住两居室,360万,54679元/平,中楼层 (共18层) 2室1厅 | 65.84平米 | 东南,https://ke-image.ljcdn.com/110000-inspection/c0625bd7-3fe7-468c-9cd8-f05334dd8680_1000.jpg!m_fill,w_280,h_210,f_jpg?from=ke.com
20240926,丰台,赵公口,101122963861,彩虹城四区 满五年唯一 高楼层视野好 交通便利房主自荐,595万,62376元/平,高楼层 (共22层) | 2006年 | 2室2厅 | 95.39平米 | 东南,https://ke-image.ljcdn.com/110000-inspection/0e07c770-991f-4259-8c22-6b10c1fa7f4b_1000.jpg!m_fill,w_280,h_210,f_jpg?from=ke.com
20240926,丰台,赵公口,101122797046,南中轴 8号线10号线 中间楼层 三居室,396万,48299元/平,中楼层 (共6层) | 1998年 | 3室1厅 | 81.99平米 | 东 西 南,https://ke-image.ljcdn.com/110000-inspection/pc1_grReOg5Aq_2.jpg!m_fill,w_280,h_210,f_jpg?from=ke.com
20240926,丰台,赵公口,101122656619,近地铁低价3居对花园水系洋房便宜好房,450万,53129元/平,中楼层 (共22层) 3室1厅 | 84.7平米 | 东南 北,https://ke-image.ljcdn.com/110000-inspection/pc1_wO7vTtWe5.jpg!m_fill,w_280,h_210,f_jpg?from=ke.com
20240926,丰台,赵公口,101122612995,光彩家园 满五年精装修 地铁十号线 中间楼层采光好,484万,62939元/平,中楼层 (共20层) | 2001年 | 2室1厅 | 76.9平米 | 南,https://ke-image.ljcdn.com/110000-inspection/988f1af2-7cd5-4769-bb78-69eb73f8c9fc_1000.jpg!m_fill,w_280,h_210,f_jpg?from=ke.com
20240926,丰台,赵公口,101122602482,带停车位 2000年小区 次顶层 满五唯一,455万,44626元/平,高楼层 (共20层) | 2001年 | 2室1厅 | 101.96平米 | 东 南,https://ke-image.ljcdn.com/110000-inspection/d51f3091-63b4-4302-8228-b76be902b9a6_1000.jpg!m_fill,w_280,h_210,f_jpg?from=ke.com
20240926,丰台,赵公口,101122589344,康泽园  东南向   高层  带租赁车位,420万,41193元/平,中楼层 (共20层) | 2001年 | 2室1厅 | 101.96平米 | 东南,https://ke-image.ljcdn.com/110000-inspection/8e8c3d36-2717-46bb-8d9f-c33c1d685de0_1000.jpg!m_fill,w_280,h_210,f_jpg?from=ke.com
20240926,丰台,赵公口,101122272811,光彩家园 满五年唯一 明厨明卫 高楼层视野好 交通便利房主自荐,449万,54763元/平,高楼层 (共20层) | 2001年 | 2室1厅 | 81.99平米 | 东北,https://ke-image.ljcdn.com/110000-inspection/0aaeee3a-79a8-48c6-bb73-d30e3f017500_1000.jpg!m_fill,w_280,h_210,f_jpg?from=ke.com
20240926,丰台,赵公口,101122230485,10号线石榴庄站南顶小区4层南北两居有车位,260万,44983元/平,中楼层 (共6层) 2室1厅 | 57.8平米 | 南 北,https://ke-image.ljcdn.com/110000-inspection/a7e239b2-95ba-42cf-8e83-7f07ab4dab30_1000.jpg!m_fill,w_280,h_210,f_jpg?from=ke.com
20240926,丰台,赵公口,101122116760,地铁10号线精装修拎包入住业主急售。,255万,55447元/平,高楼层 (共16层) | 2005年 | 1室1厅 | 45.99平米 | 西,https://ke-image.ljcdn.com/110000-inspection/adfb8dcb-0f93-4d55-abd4-beff86da55d6_1000.jpg!m_fill,w_280,h_210,f_jpg?from=ke.com
20240926,丰台,赵公口,101121946638,跃城UP365 高楼层 满五唯一  客厅层高3.8,890万,47110元/平,中楼层 (共20层) 4室2厅 | 188.92平米 | 南 北,https://ke-image.ljcdn.com/110000-inspection/3cf7999b-1365-49d0-a711-d323dab4300c_1000.jpg!m_fill,w_280,h_210,f_jpg?from=ke.com
20240926,丰台,赵公口,101121923913,10号线石榴庄彩虹城三区南北向四居室1梯两户,978万,67612元/平,中楼层 (共9层) 4室2厅 | 144.65平米 | 南 北 西,https://ke-image.ljcdn.com/110000-inspection/c6d5a4a2-56f8-456e-8129-0a285aaf9263_1000.jpg!m_fill,w_280,h_210,f_jpg?from=ke.com
20240926,丰台,赵公口,101121885384,彩虹城一区 车位,36万,27232元/平,地下室 (共1层) | 2006年 | 1室0厅 | 13.22平米 | 南,https://ke-image.ljcdn.com/110000-inspection/510b3cbb-a12d-4df5-ae3a-954c21749e9a_1000.jpg!m_fill,w_280,h_210,f_jpg?from=ke.com
20240926,丰台,赵公口,101121879673,满五唯一 跃城小区 大平层 户型稍有,850万,51224元/平,高楼层 (共20层) 3室1厅 | 165.94平米 | 东南 西,https://ke-image.ljcdn.com/110000-inspection/0fc16951-d745-4fc9-8955-f9f98eb832ca_1000.jpg!m_fill,w_280,h_210,f_jpg?from=ke.com
20240926,丰台,赵公口,101121841278,康泽园 2000年封闭式小区  三居室 西北向 高层,550万,47178元/平,中楼层 (共20层) | 2001年 | 3室1厅 | 116.58平米 | 西北,https://ke-image.ljcdn.com/110000-inspection/7dde1c37-0966-4b3a-a157-521fd8d2c2a6_1000.jpg!m_fill,w_280,h_210,f_jpg?from=ke.com
20240926,丰台,赵公口,101121654693,十号线精装房 净首付65万 全屋高品质定制家居,234万,50881元/平,高楼层 (共16层) | 2005年 | 1室1厅 | 45.99平米 | 西,https://ke-image.ljcdn.com/110000-inspection/ab2a45f6-97ad-43e0-87c4-ad3d83d4debc_1000.jpg!m_fill,w_280,h_210,f_jpg?from=ke.com
20240926,丰台,赵公口,101121589551,采光好无遮挡诚心出售随时签约,620万,71843元/平,底层 (共14层) | 2009年 | 2室1厅 | 86.3平米 | 南 北,https://ke-image.ljcdn.com/110000-inspection/pc1_QU49Uly6v_1.jpg!m_fill,w_280,h_210,f_jpg?from=ke.com
20240926,丰台,赵公口,101121362755,宋家庄彩虹城二区南北三居得房率81.67%一手业主,858万,62701元/平,低楼层 (共16层) 3室2厅 | 136.84平米 | 南 北,https://ke-image.ljcdn.com/110000-inspection/6f3a7d73-74d1-485d-990a-05cdc9ed0503_1000.jpg!m_fill,w_280,h_210,f_jpg?from=ke.com
20240926,丰台,赵公口,101121284930,满五唯一商品房视野开阔采光很好不临街安静,368万,41040元/平,顶层 (共20层) 2室1厅 | 89.67平米 | 东 北,https://ke-image.ljcdn.com/110000-inspection/a69e6b58-9f44-4662-84a6-889f8a864704_1000.jpg!m_fill,w_280,h_210,f_jpg?from=ke.com
20240926,丰台,赵公口,101121129674,精装修 南北通透 看小区花园 有地下产权车位,1050万,68422元/平,中楼层 (共8层) | 2009年 | 3室2厅 | 153.46平米 | 南 北,https://ke-image.ljcdn.com/110000-inspection/180e5826-b268-45bc-bb09-0195a89ae80c_1000.jpg!m_fill,w_280,h_210,f_jpg?from=ke.com
20240926,丰台,赵公口,101121064816,彩虹城三区优质南北两居位置优越不临街安静采光好房主自荐,530万,56971元/平,低楼层 (共16层) | 2005年 | 2室1厅 | 93.03平米 | 南 北,https://ke-image.ljcdn.com/110000-inspection/5d8f126f-56a2-4656-bd76-100c156472fa_1000.jpg!m_fill,w_280,h_210,f_jpg?from=ke.com
20240926,丰台,赵公口,101121041982,世华水岸F区南北通透一梯两户满五唯一精装婚房次顶层,710万,65025元/平,高楼层 (共14层) | 2009年 | 2室1厅 | 109.19平米 | 南 北,https://ke-image.ljcdn.com/110000-inspection/0a4651f6-b3fe-4bfd-969c-f82fe1074798_1000.jpg!m_fill,w_280,h_210,f_jpg?from=ke.com
20240926,丰台,赵公口,101120988790,彩虹城四区南北通透正规两居室格局方正,648万,69949元/平,底层 (共22层) | 2005年 | 2室1厅 | 92.64平米 | 南 北,https://ke-image.ljcdn.com/110000-inspection/pc1_urYOHSUaH_1.jpg!m_fill,w_280,h_210,f_jpg?from=ke.com
20240926,丰台,赵公口,101120885140,南三环 双地铁 东南带电梯两居室 全明格局房主自荐,336万,51002元/平,低楼层 (共22层) 2室1厅 | 65.88平米 | 东南,https://ke-image.ljcdn.com/110000-inspection/c1e1a7b2-6839-494b-9d0f-4f9194549743_1000.jpg!m_fill,w_280,h_210,f_jpg?from=ke.com
20240926,丰台,赵公口,101120884356,彩虹城一区  南北通透 三居室 不临街,712万,57849元/平,低楼层 (共22层) 3室2厅 | 123.08平米 | 南 北,https://ke-image.ljcdn.com/110000-inspection/72d0cb44-3bb3-4d0a-8f02-62713310f41b_1000.jpg!m_fill,w_280,h_210,f_jpg?from=ke.com
20240926,丰台,赵公口,101120849033,刘家窑宋家庄彩虹城五区正规两居室东南向,600万,64427元/平,低楼层 (共15层) | 2005年 | 2室1厅 | 93.13平米 | 东南,https://ke-image.ljcdn.com/110000-inspection/pc1_yglZhi0il_1.jpg!m_fill,w_280,h_210,f_jpg?from=ke.com
20240926,丰台,赵公口,101120740338,石榴庄西街 大客厅两居室 满五年唯一 精装修房主自荐,328万,52313元/平,顶层 (共6层) 2室1厅 | 62.7平米 | 南 东 西,https://ke-image.ljcdn.com/110000-inspection/dea744ff-9624-4d76-9f4a-686187af61d5_1000.jpg!m_fill,w_280,h_210,f_jpg?from=ke.com
20240926,丰台,赵公口,101120624620,彩虹城四区10号线700米西向朝花园一居视野好,240万,53692元/平,高楼层 (共16层) | 2005年 | 1室0厅 | 44.7平米 | 西,https://ke-image.ljcdn.com/110000-inspection/f670f109-1afb-4bd6-89ee-eb7e71c3e212_1000.jpg!m_fill,w_280,h_210,f_jpg?from=ke.com
20240926,丰台,赵公口,101120600023,正规两居室精装修 高楼层 视野好房主自荐,510万,61115元/平,顶层 (共14层) 2室1厅 | 83.45平米 | 东 南 北,https://ke-image.ljcdn.com/110000-inspection/3ac3bc1f-d5bf-4cd6-88d6-db49ae6d97b3_1000.jpg!m_fill,w_280,h_210,f_jpg?from=ke.com
20240926,丰台,赵公口,101120249954,满五年唯一 全明格局 视野开阔 有钥匙 随时看房主自荐,438万,53422元/平,中楼层 (共20层) | 2001年 | 2室1厅 | 81.99平米 | 南 北 西,https://ke-image.ljcdn.com/110000-inspection/12e4b584-46dd-43d7-bc0b-9086ec98c9c4_1000.jpg!m_fill,w_280,h_210,f_jpg?from=ke.com
20240926,丰台,赵公口,101120146091,南顶村邮政小区 石榴庄 大红门 南北 一居室 低楼层房主自荐,230万,49304元/平,底层 (共6层) 1室1厅 | 46.65平米 | 南,https://ke-image.ljcdn.com/110000-inspection/0671f86e-2197-4019-8a5c-e37abbe1a34a_1000.jpg!m_fill,w_280,h_210,f_jpg?from=ke.com
20240926,丰台,赵公口,101119951274,此房满五年唯一 楼层好 视野好 采光充足 交通便利,415万,49868元/平,高楼层 (共22层) | 1997年 | 3室1厅 | 83.22平米 | 西南 北,https://ke-image.ljcdn.com/110000-inspection/8873ac56-dde7-4215-9e89-91abbf917211_1000.jpg!m_fill,w_280,h_210,f_jpg?from=ke.com
20240926,丰台,赵公口,101119391431,地下多50平 南侧无遮挡一层有绿地 南北通透三居室,830万,71602元/平,底层 (共10层) 3室2厅 | 115.92平米 | 南 北,https://ke-image.ljcdn.com/110000-inspection/a1aec97a-7598-4680-be5e-b1db0e524777_1000.jpg!m_fill,w_280,h_210,f_jpg?from=ke.com
20240926,丰台,赵公口,101119134041,丰台区光彩路光彩体育馆南顶邮局宿舍,320万,48603元/平,低楼层 (共18层) 2室1厅 | 65.84平米 | 东南,https://ke-image.ljcdn.com/110000-inspection/9d8dd46e-75a3-4aa4-a9fa-1ed95aa43711_1000.jpg!m_fill,w_280,h_210,f_jpg?from=ke.com
20240926,丰台,赵公口,101119119039,彩虹城五区南北通透三居精装修两卫满五唯一拎包即住房主自荐,860万,71411元/平,底层 (共9层) 3室1厅 | 120.43平米 | 南 北,https://ke-image.ljcdn.com/110000-inspection/6dd61287-328e-4f9f-8e49-5a77dda33624_1000.jpg!m_fill,w_280,h_210,f_jpg?from=ke.com
20240926,丰台,赵公口,101118737649,世华水岸F区  南北2居 中间楼层 采光好  无遮挡,660万,61185元/平,中楼层 (共12层) | 2009年 | 2室1厅 | 107.87平米 | 南 北,https://ke-image.ljcdn.com/110000-inspection/pc1_oATV5qttv_2.jpg!m_fill,w_280,h_210,f_jpg?from=ke.com
20240926,丰台,赵公口,101117971160,大红门首都商务新区南北通透小三居地铁8号线满五年,316万,56389元/平,底层 (共5层) 3室1厅 | 56.04平米 | 南 北,https://ke-image.ljcdn.com/110000-inspection/f7fd2b19-f699-4997-972a-deba773ea31a_1000.jpg!m_fill,w_280,h_210,f_jpg?from=ke.com
20240926,丰台,赵公口,101114732821,彩虹城五区的一套东南朝向两居没有遮挡采光充足。,730万,77127元/平,底层 (共10层) | 2005年 | 2室1厅 | 94.65平米 | 东南,https://ke-image.ljcdn.com/110000-inspection/edf31199-6d25-4888-94c0-286760f4400e_1000.jpg!m_fill,w_280,h_210,f_jpg?from=ke.com
20240926,丰台,赵公口,101126757373,南顶村邮政小区 2室1厅 西新上,298万,45262元/平,高楼层 (共18层) 2室1厅 | 65.84平米 | 西,https://s1.ljcdn.com/pegasus/redskull/images/common/default_house_list.png?_v=20240826145726
20240926,丰台,赵公口,101126677455,彩虹城优质三居南北通透户型方正新上,680万,56413元/平,中楼层 (共11层) | 2005年 | 3室2厅 | 120.54平米 | 南 北,https://s1.ljcdn.com/pegasus/redskull/images/common/default_house_list.png?_v=20240826145726
20240926,丰台,赵公口,101126651660,世华水岸F区 车位,35万,11913元/平,地下室 | 2009年 | 1室0厅 | 29.38平米 | 南,https://s1.ljcdn.com/pegasus/redskull/images/common/default_house_list.png?_v=20240826145726
20240926,丰台,赵公口,101126636728,跃城 3室2厅 东南新上,800万,44017元/平,高楼层 (共20层) 3室2厅 | 181.75平米 | 东南,https://s1.ljcdn.com/pegasus/redskull/images/common/default_house_list.png?_v=20240826145726
20240926,丰台,赵公口,101126552113,彩虹城四区 东南两居 满五年唯一 高楼层好视野,530万,55562元/平,顶层 (共22层) | 2006年 | 2室1厅 | 95.39平米 | 东南,https://s1.ljcdn.com/pegasus/redskull/images/common/default_house_list.png?_v=20240826145726
20240926,丰台,赵公口,101126416309,石榴庄地铁站 十号线  公积金三十年 南顶小区,278万,48181元/平,中楼层 (共6层) 2室1厅 | 57.7平米 | 南 北,https://s1.ljcdn.com/pegasus/redskull/images/common/default_house_list.png?_v=20240826145726
20240926,丰台,赵公口,101126271108,大红门10号线苗圃东里改造后久敬庄新房,515万,73362元/平,高楼层 (共6层) | 1985年 | 3室1厅 | 70.2平米 | 东 西,https://s1.ljcdn.com/pegasus/redskull/images/common/default_house_list.png?_v=20240826145726
20240926,丰台,赵公口,101126237906,跃城 眼镜户型 全明格局 满五唯一,670万,38736元/平,低楼层 (共20层) 3室1厅 | 172.97平米 | 南,https://s1.ljcdn.com/pegasus/redskull/images/common/default_house_list.png?_v=20240826145726
20240926,丰台,赵公口,101126112130,南顶村邮政小区 地铁10号线 石榴庄,308万,47841元/平,中楼层 (共18层) 2室1厅 | 64.38平米 | 南,https://s1.ljcdn.com/pegasus/redskull/images/common/default_house_list.png?_v=20240826145726
20240926,丰台,赵公口,101126098546,10号线+8号线大红门站康泽园三居室满五唯一,550万,39208元/平,高楼层 (共19层) 3室2厅 | 140.28平米 | 东北,https://s1.ljcdn.com/pegasus/redskull/images/common/default_house_list.png?_v=20240826145726
20240926,丰台,赵公口,101125515565,大红门地铁康泽园东南向三居室满五唯一商品房,600万,42436元/平,高楼层 (共22层) | 2004年 | 3室1厅 | 141.39平米 | 东南,https://s1.ljcdn.com/pegasus/redskull/images/common/default_house_list.png?_v=20240826145726
20240926,丰台,赵公口,101125418874,世华水岸F区临河三居南北通透一梯两户位置优越,1050万,67577元/平,低楼层 (共15层) 3室2厅 | 155.38平米 | 南 北,https://s1.ljcdn.com/pegasus/redskull/images/common/default_house_list.png?_v=20240826145726
20240926,丰台,赵公口,101125366499,此房满五年唯一 对小区花园正规一居室房主自荐,516万,69272元/平,底层 (共22层) | 2005年 | 1室1厅 | 74.49平米 | 南,https://s1.ljcdn.com/pegasus/redskull/images/common/default_house_list.png?_v=20240826145726
20240926,丰台,赵公口,101125049107,彩虹城二区对花园满五年唯一正规三居 采光好 急售房主自荐,729万,60308元/平,底层 (共10层) 3室1厅 | 120.88平米 | 南 北,https://s1.ljcdn.com/pegasus/redskull/images/common/default_house_list.png?_v=20240826145726
20240926,丰台,赵公口,101124743793,大红门苗圃东里10号线8号线交汇满五唯一,460万,83591元/平,中楼层 (共5层) 2室1厅 | 55.03平米 | 南 北,https://s1.ljcdn.com/pegasus/redskull/images/common/default_house_list.png?_v=20240826145726
20240926,丰台,赵公口,101124548628,南顶一层南向有车位无遮挡,230万,54118元/平,底层 (共6层) 1室1厅 | 42.5平米 | 南,https://s1.ljcdn.com/pegasus/redskull/images/common/default_house_list.png?_v=20240826145726
20240926,丰台,赵公口,101124334566,南顶村邮政小区 2室1厅 南 北,309万,45395元/平,底层 (共6层) 2室1厅 | 68.07平米 | 南 北,https://s1.ljcdn.com/pegasus/redskull/images/common/default_house_list.png?_v=20240826145726
20240926,丰台,赵公口,101124157154,彩虹城四区 3室1厅 南,326万,23581元/平,中楼层 (共4层) 3室1厅 | 138.25平米 | 南,https://s1.ljcdn.com/pegasus/redskull/images/common/default_house_list.png?_v=20240826145726
20240926,丰台,赵公口,101122106671,彩虹城四区 近地铁 采光好 挑高4.8,220万,31083元/平,底层 (共4层) 2室1厅 | 70.78平米 | 东,https://s1.ljcdn.com/pegasus/redskull/images/common/default_house_list.png?_v=20240826145726
20240926,丰台,赵公口,101118784674,世华水岸F区优质四居位置不错不临街中间层视野好,1500万,80326元/平,中楼层 (共8层) | 2009年 | 4室2厅 | 186.74平米 | 东 南 北,https://s1.ljcdn.com/pegasus/redskull/images/common/default_house_list.png?_v=20240826145726
