20240926,西城,天宁寺,101126652100,车站东街15号院 3室1厅 南 北必看好房,598万,81773元/平,底层 (共6层) | 1979年 | 3室1厅 | 73.13平米 | 南 北,https://ke-image.ljcdn.com/110000-inspection/pc1_Btq1rfs9l_1.jpg!m_fill,w_280,h_210,f_jpg?from=ke.com
20240926,西城,天宁寺,101126491914,西城  田字格三居室 南北通透 户型方正必看好房,550万,87664元/平,中楼层 (共5层) 3室1厅 | 62.74平米 | 南 北,https://ke-image.ljcdn.com/110000-inspection/pc1_HvvBXinar_1.jpg!m_fill,w_280,h_210,f_jpg?from=ke.com
20240926,西城,天宁寺,101126356912,车站东街15号院中间楼层全明格局的二居室必看好房,460万,79215元/平,中楼层 (共6层) 2室1厅 | 58.07平米 | 南 北,https://ke-image.ljcdn.com/110000-inspection/pc1_YQdtefRgA_1.jpg!m_fill,w_280,h_210,f_jpg?from=ke.com
20240926,西城,天宁寺,101126231555,金融街附近 天宁寺东里 正规南北2居必看好房,413万,86802元/平,中楼层 (共5层) 2室1厅 | 47.58平米 | 南 北,https://ke-image.ljcdn.com/110000-inspection/pc1_jGd5U6gvG_1.jpg!m_fill,w_280,h_210,f_jpg?from=ke.com
20240926,西城,天宁寺,101125623058,白云桥南 中间楼层 南北通透 满五年央产房成本低必看好房,639万,80226元/平,中楼层 (共6层) 3室1厅 | 79.65平米 | 南 北,https://ke-image.ljcdn.com/110000-inspection/pc1_bpHZXIljD_2.jpg!m_fill,w_280,h_210,f_jpg?from=ke.com
20240926,西城,天宁寺,101126349072,西二环 广安门 天宁寺西里朝东一居室 中间楼层,340万,76354元/平,中楼层 (共6层) 1室1厅 | 44.53平米 | 东,https://ke-image.ljcdn.com/110000-inspection/pc1_erWI2r2zi_1.jpg!m_fill,w_280,h_210,f_jpg?from=ke.com
20240926,西城,天宁寺,101126241084,天宁寺东里 低楼层 南北通透两居室 没有遮挡必看好房,410万,85169元/平,中楼层 (共5层) 2室1厅 | 48.14平米 | 南 北,https://ke-image.ljcdn.com/110000-inspection/pc1_GODDw9Syu_1.jpg!m_fill,w_280,h_210,f_jpg?from=ke.com
20240926,西城,天宁寺,101126175079,西二环 广安门 店长推 天宁寺南北三居 客厅把边,808万,82898元/平,高楼层 (共6层) 3室2厅 | 97.47平米 | 南 北,https://ke-image.ljcdn.com/110000-inspection/pc1_2zd5aICuR_1.jpg!m_fill,w_280,h_210,f_jpg?from=ke.com
20240926,西城,天宁寺,101126110796,车东1524广外椿树馆南北通透小两居换房满五唯一,388万,71495元/平,顶层 (共6层) 2室1厅 | 54.27平米 | 南 北,https://ke-image.ljcdn.com/110000-inspection/pc1_8iOgwtDA2_1.jpg!m_fill,w_280,h_210,f_jpg?from=ke.com
20240926,西城,天宁寺,101125444876,南北通透 不临街 高层采光好 满五年唯一成本低,790万,80728元/平,高楼层 (共6层) | 1992年 | 3室1厅 | 97.86平米 | 南 北,https://ke-image.ljcdn.com/110000-inspection/pc1_bKdeWExRq_1.jpg!m_fill,w_280,h_210,f_jpg?from=ke.com
20240926,西城,天宁寺,101124796454,满五年唯一南北通透两居室 业主诚心出售,426万,73108元/平,高楼层 (共6层) 2室1厅 | 58.27平米 | 南 北,https://ke-image.ljcdn.com/110000-inspection/pc1_Lv9sBHC9u_1.jpg!m_fill,w_280,h_210,f_jpg?from=ke.com
20240926,西城,天宁寺,101124299082,广安门 天宁寺 270°全天候采光 户型方正 精装修必看好房,568万,67935元/平,顶层 (共6层) | 1991年 | 3室1厅 | 83.61平米 | 南 西 北,https://ke-image.ljcdn.com/110000-inspection/pc1_MRzfkCqtN_1.jpg!m_fill,w_280,h_210,f_jpg?from=ke.com
20240926,西城,天宁寺,101124097487,西城二环边  南北通透  中间楼层  全明格局必看好房,420万,68606元/平,中楼层 (共5层) 2室1厅 | 61.22平米 | 南 北,https://ke-image.ljcdn.com/110000-inspection/pc1_WnN4RgC8V_1.jpg!m_fill,w_280,h_210,f_jpg?from=ke.com
20240926,西城,天宁寺,101120436980,天宁寺东里 1室1厅 东,380万,99660元/平,顶层 (共6层) 1室1厅 | 38.13平米 | 东,https://ke-image.ljcdn.com/110000-inspection/pc1_nwrRitDh8_1.jpg!m_fill,w_280,h_210,f_jpg?from=ke.com
20240926,西城,天宁寺,101120082644,广外南街50号院 2室1厅 西南,538万,79130元/平,中楼层 (共22层) 2室1厅 | 67.99平米 | 西南,https://ke-image.ljcdn.com/110000-inspection/pc1_h5zBm2P1s.jpg!m_fill,w_280,h_210,f_jpg?from=ke.com
20240926,西城,天宁寺,101119360470,广安门外南街 房改房 1998年带电梯必看好房,398万,66801元/平,中楼层 (共12层) | 1998年 | 1室1厅 | 59.58平米 | 东,https://ke-image.ljcdn.com/110000-inspection/pc1_E77CTRggi_1.jpg!m_fill,w_280,h_210,f_jpg?from=ke.com
20240926,西城,天宁寺,101118501103,椿树馆街 小三居 楼龄新 采光好 满五唯一广外南街67号必看好房,497万,80265元/平,高楼层 (共6层) | 1991年 | 3室0厅 | 61.92平米 | 南 北,https://ke-image.ljcdn.com/110000-inspection/pc1_68diocDEG_1.jpg!m_fill,w_280,h_210,f_jpg?from=ke.com
20240926,西城,天宁寺,101117402420,西城椿树馆 96年小板楼  单位房 环境好房主自荐,579万,105889元/平,底层 (共6层) | 1996年 | 2室1厅 | 54.68平米 | 东 西,https://ke-image.ljcdn.com/110000-inspection/pc1_PQN0elTJq_1.jpg!m_fill,w_280,h_210,f_jpg?from=ke.com
20240926,西城,天宁寺,101126594848,99年带电梯满五年家庭一套住房精装修拎包入住必看好房,885万,92477元/平,中楼层 (共22层) 3室1厅 | 95.7平米 | 东 南 北,https://ke-image.ljcdn.com/110000-inspection/pc1_UmEvSFYU1_1.jpg!m_fill,w_280,h_210,f_jpg?from=ke.com
20240926,西城,天宁寺,101126248833,椿树馆街35号院 全明格局 层高2.72米,469万,75903元/平,中楼层 (共6层) 2室1厅 | 61.79平米 | 东 西,https://ke-image.ljcdn.com/110000-inspection/pc1_YmCr3MJ9p_1.jpg!m_fill,w_280,h_210,f_jpg?from=ke.com
20240926,西城,天宁寺,101125537618,西城南北朝向板楼有电梯无遮挡精装修湾子地铁必看好房,530万,76579元/平,中楼层 (共12层) 3室1厅 | 69.21平米 | 北 南 东,https://ke-image.ljcdn.com/110000-inspection/pc1_j3V2rOKGT.jpg!m_fill,w_280,h_210,f_jpg?from=ke.com
20240926,西城,天宁寺,101124412334,本楼在小区很好的位置南北通透中间楼层采光通必看好房,600万,76414元/平,中楼层 (共6层) 2室2厅 | 78.52平米 | 南 北,https://ke-image.ljcdn.com/110000-inspection/pc1_VOyfzHOy8_1.jpg!m_fill,w_280,h_210,f_jpg?from=ke.com
20240926,西城,天宁寺,101126412884,天宁寺~中间楼层~满五唯一 三居室必看好房,550万,87136元/平,中楼层 (共5层) 3室1厅 | 63.12平米 | 南 北,https://s1.ljcdn.com/pegasus/redskull/images/common/default_house_list.png?_v=20240826145726
20240926,西城,天宁寺,101126621501,车站东街15号院 椿树馆35号院 白菜湾 南北,535万,92931元/平,中楼层 (共6层) 2室1厅 | 57.57平米 | 南 北,https://ke-image.ljcdn.com/110000-inspection/pc1_Hx7YvSsQG_1.jpg!m_fill,w_280,h_210,f_jpg?from=ke.com
20240926,西城,天宁寺,101126599384,西城二环边 广南小区 电梯房 西南向一室一厅,415万,85656元/平,中楼层 (共13层) | 1998年 | 1室1厅 | 48.45平米 | 西南,https://ke-image.ljcdn.com/110000-inspection/pc1_YZ6rkU3FY_1.jpg!m_fill,w_280,h_210,f_jpg?from=ke.com
20240926,西城,天宁寺,101126505406,天宁寺前街 2室1厅 东 西,600万,91744元/平,中楼层 (共6层) 2室1厅 | 65.4平米 | 东 西,https://ke-image.ljcdn.com/110000-inspection/pc1_cbEJELKaZ_1.jpg!m_fill,w_280,h_210,f_jpg?from=ke.com
20240926,西城,天宁寺,101126481964,西二环 广安门 天宁寺北滨河路朝南一居室,330万,83061元/平,中楼层 (共14层) 1室1厅 | 39.73平米 | 南,https://ke-image.ljcdn.com/110000-inspection/pc1_2wHuHigVc_1.jpg!m_fill,w_280,h_210,f_jpg?from=ke.com
20240926,西城,天宁寺,101126449382,天宁寺西里 0室0厅 东 东南,460万,83258元/平,高楼层 (共6层) 厅室未知 | 55.25平米 | 东 东南,https://ke-image.ljcdn.com/110000-inspection/pc1_aOderbAq5_1.jpg!m_fill,w_280,h_210,f_jpg?from=ke.com
20240926,西城,天宁寺,101126429190,椿树馆街35号院 南向优质一居 诚售 可谈,380万,90155元/平,顶层 (共6层) 1室1厅 | 42.15平米 | 南,https://ke-image.ljcdn.com/110000-inspection/pc1_j2JjrUcPg_1.jpg!m_fill,w_280,h_210,f_jpg?from=ke.com
20240926,西城,天宁寺,101126375923,广外南街63号院 2室1厅 南,568万,86745元/平,低楼层 (共20层) 2室1厅 | 65.48平米 | 南,https://ke-image.ljcdn.com/110000-inspection/pc1_8vqiK7Jru_1.jpg!m_fill,w_280,h_210,f_jpg?from=ke.com
20240926,西城,天宁寺,101126371500,广南小区 2室1厅 东 西,610万,79781元/平,中楼层 (共13层) 2室1厅 | 76.46平米 | 东 西,https://ke-image.ljcdn.com/110000-inspection/pc1_hNXVxWKPX_2.jpg!m_fill,w_280,h_210,f_jpg?from=ke.com
20240926,西城,天宁寺,101126353311,西城、天宁寺、精装修大两居满五唯一环境好房主自荐,715万,91620元/平,高楼层 (共6层) 2室2厅 | 78.04平米 | 东 南 西,https://ke-image.ljcdn.com/110000-inspection/pc1_TbjVl6g57_1.jpg!m_fill,w_280,h_210,f_jpg?from=ke.com
20240926,西城,天宁寺,101126287110,西二环 广安门长椿街 天宁寺前街南里 南北通透两居,670万,85755元/平,中楼层 (共6层) 2室2厅 | 78.13平米 | 南 北,https://ke-image.ljcdn.com/110000-inspection/pc1_Ycv5PQRaT_1.jpg!m_fill,w_280,h_210,f_jpg?from=ke.com
20240926,西城,天宁寺,101126231681,白菜湾四巷17号院 3室1厅 南 北,690万,103791元/平,中楼层 (共6层) 3室1厅 | 66.48平米 | 南 北,https://ke-image.ljcdn.com/110000-inspection/pc1_IH93UdEVw_1.jpg!m_fill,w_280,h_210,f_jpg?from=ke.com
20240926,西城,天宁寺,101126191318,车站东街15号院  南北两居室 低楼层采光好,479万,82487元/平,低楼层 (共6层) 2室1厅 | 58.07平米 | 南 北,https://ke-image.ljcdn.com/110000-inspection/pc1_ppWOhvAED_1.jpg!m_fill,w_280,h_210,f_jpg?from=ke.com
20240926,西城,天宁寺,101126133002,中间层不临街双卧朝南98年板楼,530万,82452元/平,中楼层 (共6层) 2室1厅 | 64.28平米 | 南,https://ke-image.ljcdn.com/110000-inspection/pc1_f9ZxfbvoD_1.jpg!m_fill,w_280,h_210,f_jpg?from=ke.com
20240926,西城,天宁寺,101126119889,天宁寺西里 1室1厅 东 西,410万,92011元/平,中楼层 (共6层) 1室1厅 | 44.56平米 | 东 西,https://ke-image.ljcdn.com/110000-inspection/pc1_xFr5mOvs5_1.jpg!m_fill,w_280,h_210,f_jpg?from=ke.com
20240926,西城,天宁寺,101126113106,广外 天宁寺西里 低楼层 南北通透精装两居室。,728万,88051元/平,底层 (共6层) 2室1厅 | 82.68平米 | 南 北,https://ke-image.ljcdn.com/110000-inspection/pc1_3jcgyoPpo_1.jpg!m_fill,w_280,h_210,f_jpg?from=ke.com
20240926,西城,天宁寺,101126074622,天宁寺前街南里 3室1厅 南 北,880万,90285元/平,中楼层 (共6层) 3室1厅 | 97.47平米 | 南 北,https://ke-image.ljcdn.com/110000-inspection/pc1_h9XdlCBPT_1.jpg!m_fill,w_280,h_210,f_jpg?from=ke.com
20240926,西城,天宁寺,101126065479,车东15777广外椿树馆阳光两居 大客厅满五年唯一,477万,80466元/平,顶层 (共6层) 2室1厅 | 59.28平米 | 南 北,https://ke-image.ljcdn.com/110000-inspection/pc1_8ogfXx3Xl_1.jpg!m_fill,w_280,h_210,f_jpg?from=ke.com
20240926,西城,天宁寺,101126011841,广安门外南街 2室1厅 东 西,550万,101871元/平,中楼层 (共6层) 2室1厅 | 53.99平米 | 东 西,https://ke-image.ljcdn.com/110000-inspection/da9395ad-d14a-43dc-bbcf-574e72a65b83_1000.jpg!m_fill,w_280,h_210,f_jpg?from=ke.com
20240926,西城,天宁寺,101125998144,15147广外椿树馆通透小三居全天采光 满五年唯一,460万,81086元/平,顶层 (共5层) 3室1厅 | 56.73平米 | 东 南 西,https://ke-image.ljcdn.com/110000-inspection/pc1_GHRyBH9TX_1.jpg!m_fill,w_280,h_210,f_jpg?from=ke.com
20240926,西城,天宁寺,101125983160,白菜湾四巷17号院 3室1厅 东 西,550万,82720元/平,中楼层 (共6层) 3室1厅 | 66.49平米 | 东 西,https://ke-image.ljcdn.com/110000-inspection/pc1_SxDS3E8LE_1.jpg!m_fill,w_280,h_210,f_jpg?from=ke.com
20240926,西城,天宁寺,101125934447,西二环 广安门天宁寺东里三居室 南北通透房主自荐,528万,73816元/平,顶层 (共6层) 3室1厅 | 71.53平米 | 南 北,https://ke-image.ljcdn.com/110000-inspection/pc1_ZqOfRVIsq_1.jpg!m_fill,w_280,h_210,f_jpg?from=ke.com
20240926,西城,天宁寺,101125904256,广安门外车站东街 1室1厅 南,379万,90779元/平,中楼层 (共6层) | 1993年 | 1室1厅 | 41.75平米 | 南,https://ke-image.ljcdn.com/110000-inspection/pc1_7oyhpFXiU_1.jpg!m_fill,w_280,h_210,f_jpg?from=ke.com
20240926,西城,天宁寺,101125872159,白菜湾四巷17号院 2室1厅 南 北,520万,96709元/平,高楼层 (共6层) | 1988年 | 2室1厅 | 53.77平米 | 南 北,https://ke-image.ljcdn.com/110000-inspection/pc1_DpvO3FogT_1.jpg!m_fill,w_280,h_210,f_jpg?from=ke.com
20240926,西城,天宁寺,101125842087,白云桥南 南北通透 中间楼层 采光好无遮挡,660万,84056元/平,中楼层 (共6层) | 1992年 | 2室2厅 | 78.52平米 | 南 北,https://ke-image.ljcdn.com/110000-inspection/pc1_U2uWUugIk_1.jpg!m_fill,w_280,h_210,f_jpg?from=ke.com
20240926,西城,天宁寺,101125754161,广安门外大街湾子地铁口电梯两居室南北通透带客厅,589万,85104元/平,高楼层 (共12层) 2室1厅 | 69.21平米 | 南 北,https://ke-image.ljcdn.com/110000-inspection/pc1_naaRC7Kr4_1.jpg!m_fill,w_280,h_210,f_jpg?from=ke.com
20240926,西城,天宁寺,101125737550,车站东街15号院 椿树馆楼龄新 高楼层,539万,78515元/平,顶层 (共6层) | 1996年 | 2室1厅 | 68.65平米 | 南 北,https://ke-image.ljcdn.com/110000-inspection/pc1_DNXkd11Ll_1.jpg!m_fill,w_280,h_210,f_jpg?from=ke.com
20240926,西城,天宁寺,101125666346,广安门外南街优质两居中间楼层东西通透,606万,96837元/平,中楼层 (共6层) 2室1厅 | 62.58平米 | 东 西,https://ke-image.ljcdn.com/110000-inspection/pc1_CD3Vv16WD_1.jpg!m_fill,w_280,h_210,f_jpg?from=ke.com
20240926,西城,天宁寺,101125663267,鸭子桥北里 2室1厅 东 西,420万,85785元/平,底层 (共5层) 2室1厅 | 48.96平米 | 东 西,https://ke-image.ljcdn.com/110000-inspection/pc1_4OlIbkFCX_1.jpg!m_fill,w_280,h_210,f_jpg?from=ke.com
20240926,西城,天宁寺,101125619808,天宁寺前街北里三居室南北通透业主诚心出售,850万,103963元/平,高楼层 (共6层) 3室1厅 | 81.76平米 | 南 北,https://ke-image.ljcdn.com/110000-inspection/pc1_EMo4nI8rM_1.jpg!m_fill,w_280,h_210,f_jpg?from=ke.com
20240926,西城,天宁寺,101125616464,广安门外大街 精装修 两居室 采光好,540万,106237元/平,低楼层 (共18层) 2室1厅 | 50.83平米 | 东,https://ke-image.ljcdn.com/110000-inspection/pc1_7USwY0SlD_1.jpg!m_fill,w_280,h_210,f_jpg?from=ke.com
20240926,西城,天宁寺,101125615620,广外南街67号院 椿树馆街 广安门外南街 广安门外,410万,76422元/平,顶层 (共6层) | 1991年 | 2室1厅 | 53.65平米 | 东 西,https://ke-image.ljcdn.com/110000-inspection/pc1_CfU9w6SIx_1.jpg!m_fill,w_280,h_210,f_jpg?from=ke.com
20240926,西城,天宁寺,101125546166,天宁寺东里 3室1厅 南 北,598万,83602元/平,中楼层 (共6层) 3室1厅 | 71.53平米 | 南 北,https://ke-image.ljcdn.com/110000-inspection/pc1_FSQX2Uj0X_1.jpg!m_fill,w_280,h_210,f_jpg?from=ke.com
20240926,西城,天宁寺,101125533504,天宁寺东里 2室1厅 南 北,267万,50848元/平,地下室 (共6层) 2室1厅 | 52.51平米 | 南 北,https://ke-image.ljcdn.com/110000-inspection/164f10f2-a70f-4df9-b663-35966c95648f_1000.jpg!m_fill,w_280,h_210,f_jpg?from=ke.com
20240926,西城,天宁寺,101125501238,天宁寺西里 满五唯一南北三居室 小区院里不临街,620万,81968元/平,顶层 (共6层) 3室1厅 | 75.64平米 | 南 北,https://ke-image.ljcdn.com/110000-inspection/pc1_GQzDlYQQX_1.jpg!m_fill,w_280,h_210,f_jpg?from=ke.com
20240926,西城,天宁寺,101125452350,椿树馆 满五年唯一商品房 南北通透  明厨明卫,450万,77373元/平,底层 (共6层) | 1983年 | 2室1厅 | 58.16平米 | 南 北,https://ke-image.ljcdn.com/110000-inspection/pc1_TdAnUh9pP_1.jpg!m_fill,w_280,h_210,f_jpg?from=ke.com
20240926,西城,天宁寺,101125450072,长椿街附近 双南向 低楼层无遮挡 满五年唯一房主自荐,430万,78353元/平,中楼层 (共5层) 2室1厅 | 54.88平米 | 南,https://ke-image.ljcdn.com/110000-inspection/a7de4789-f8a2-4e81-9cda-db58ca7c7729_1000.jpg!m_fill,w_280,h_210,f_jpg?from=ke.com
20240926,西城,天宁寺,101125358770,车站东街15号院 椿树馆楼龄新 高楼层房主自荐,658万,84904元/平,顶层 (共6层) | 1982年 | 3室1厅 | 77.5平米 | 东 南 北,https://ke-image.ljcdn.com/110000-inspection/pc1_uGwmvSTCr_1.jpg!m_fill,w_280,h_210,f_jpg?from=ke.com
20240926,西城,天宁寺,101125343884,老旧小区改造模范东西通透户型方正业主诚心出售,488万,84371元/平,中楼层 (共6层) 2室1厅 | 57.84平米 | 东 西,https://ke-image.ljcdn.com/110000-inspection/pc1_x3A5S0mrw_1.jpg!m_fill,w_280,h_210,f_jpg?from=ke.com
20240926,西城,天宁寺,101125314832,贵都国际 1室1厅 西,525万,46696元/平,中楼层 (共20层) | 2007年 | 1室1厅 | 112.43平米 | 西,https://ke-image.ljcdn.com/110000-inspection/pc1_ryOtVMSDX_1.jpg!m_fill,w_280,h_210,f_jpg?from=ke.com
20240926,西城,天宁寺,101125307106,新居东里一居楼龄新交通便利房主自荐,428万,94796元/平,顶层 (共6层) 2室1厅 | 45.15平米 | 南 北,https://ke-image.ljcdn.com/110000-inspection/pc1_ZazeKnTsg_1.jpg!m_fill,w_280,h_210,f_jpg?from=ke.com
20240926,西城,天宁寺,101125258093,广安门天宁寺前街南里 满五年 业主唯一住房,349万,87755元/平,中楼层 (共5层) 1室1厅 | 39.77平米 | 西,https://ke-image.ljcdn.com/110000-inspection/pc1_Hsq01DLcb_1.jpg!m_fill,w_280,h_210,f_jpg?from=ke.com
20240926,西城,天宁寺,101125227847,广安门外大街397号楼总高12层房主自荐,436万,77858元/平,低楼层 (共12层) 2室1厅 | 56平米 | 南,https://ke-image.ljcdn.com/110000-inspection/pc1_HHpcvYu1a_1.jpg!m_fill,w_280,h_210,f_jpg?from=ke.com
20240926,西城,天宁寺,101125191437,贵都国际 1室1厅 北,436万,40067元/平,高楼层 (共20层) | 2007年 | 1室1厅 | 108.82平米 | 北,https://ke-image.ljcdn.com/110000-inspection/pc1_1wNLzXvSw_1.jpg!m_fill,w_280,h_210,f_jpg?from=ke.com
20240926,西城,天宁寺,101125077635,广安门外车站东街南北通透中间楼层不临街无遮挡,520万,89087元/平,中楼层 (共6层) | 1992年 | 2室1厅 | 58.37平米 | 南 北,https://ke-image.ljcdn.com/110000-inspection/pc1_Aso3eb5tX_1.jpg!m_fill,w_280,h_210,f_jpg?from=ke.com
20240926,西城,天宁寺,101125046492,西二环 广安门天宁寺前街南里 南北通透两居室,536万,81870元/平,顶层 (共6层) 2室1厅 | 65.47平米 | 南 北,https://ke-image.ljcdn.com/110000-inspection/pc1_kSYafwKJw_1.jpg!m_fill,w_280,h_210,f_jpg?from=ke.com
20240926,西城,天宁寺,101124974891,西二环  广安门 天宁寺 东西通透采光充足房主自荐,568万,63549元/平,顶层 (共6层) | 1985年 | 4室1厅 | 89.38平米 | 东 南 西,https://ke-image.ljcdn.com/110000-inspection/pc1_OHLtvnYRZ_1.jpg!m_fill,w_280,h_210,f_jpg?from=ke.com
20240926,西城,天宁寺,101124956858,天宁寺东里 3室1厅 南 北,596万,85979元/平,顶层 (共6层) 3室1厅 | 69.32平米 | 南 北,https://ke-image.ljcdn.com/110000-inspection/pc1_TaqhdEOs2_1.jpg!m_fill,w_280,h_210,f_jpg?from=ke.com
20240926,西城,天宁寺,101124922835,西南两面窗楼层好视野开阔采光充足。,570万,42681元/平,低楼层 (共20层) | 2007年 | 3室1厅 | 133.55平米 | 南 西,https://ke-image.ljcdn.com/110000-inspection/pc1_nM44br6gS_1.jpg!m_fill,w_280,h_210,f_jpg?from=ke.com
20240926,西城,天宁寺,101124881775,贵都国际 1室1厅 北,433万,40426元/平,高楼层 (共20层) | 2007年 | 1室1厅 | 107.11平米 | 北,https://ke-image.ljcdn.com/110000-inspection/pc1_J9ekT1TDa_1.jpg!m_fill,w_280,h_210,f_jpg?from=ke.com
20240926,西城,天宁寺,101124866000,车站东街15号院 椿树馆楼龄新 高楼层,600万,95588元/平,高楼层 (共6层) 2室1厅 | 62.77平米 | 南 北,https://ke-image.ljcdn.com/110000-inspection/2506e9a9-2ca2-4272-8c49-3cd5b6b8e5f3_1000.jpg!m_fill,w_280,h_210,f_jpg?from=ke.com
20240926,西城,天宁寺,101124809776,广安苑一期 南北两居 诚心出售 精装修,745万,105945元/平,低楼层 (共14层) | 1999年 | 2室1厅 | 70.32平米 | 南 北,https://ke-image.ljcdn.com/110000-inspection/pc1_sHIJhQ696_1.jpg!m_fill,w_280,h_210,f_jpg?from=ke.com
20240926,西城,天宁寺,101124786523,车站东街15号院 2室1厅 南,420万,83950元/平,高楼层 (共6层) 2室1厅 | 50.03平米 | 南,https://ke-image.ljcdn.com/110000-inspection/0044cd97-5f57-4b56-9b07-6d04f87f941e_1000.jpg!m_fill,w_280,h_210,f_jpg?from=ke.com
20240926,西城,天宁寺,101124745581,白云桥南 东西通透 低楼层无遮挡 楼下就是公园,954万,89958元/平,中楼层 (共4层) | 1996年 | 3室1厅 | 106.05平米 | 东 西,https://ke-image.ljcdn.com/110000-inspection/pc1_8P7nzHgY2.jpg!m_fill,w_280,h_210,f_jpg?from=ke.com
20240926,西城,天宁寺,101124711037,椿树馆街35号院 2室1厅 西 东,566万,91601元/平,顶层 (共6层) 2室1厅 | 61.79平米 | 西 东,https://ke-image.ljcdn.com/110000-inspection/pc1_lgejY5c21_1.jpg!m_fill,w_280,h_210,f_jpg?from=ke.com
20240926,西城,天宁寺,101124707379,精装两居室  明厨明卫 南北通透 封闭式小区,375万,78077元/平,顶层 (共5层) 2室1厅 | 48.03平米 | 南 北,https://ke-image.ljcdn.com/110000-inspection/pc1_vQiYmP2MP_1.jpg!m_fill,w_280,h_210,f_jpg?from=ke.com
20240926,西城,天宁寺,101124649780,西城椿树馆 有车位 有充电桩 有花园,620万,96454元/平,底层 (共6层) 2室1厅 | 64.28平米 | 南 北,https://ke-image.ljcdn.com/110000-inspection/pc1_cQ1jzsCxr_1.jpg!m_fill,w_280,h_210,f_jpg?from=ke.com
20240926,西城,天宁寺,101124598615,白菜湾四巷17号院 2室1厅 东 西,440万,81846元/平,顶层 (共6层) 2室1厅 | 53.76平米 | 东 西,https://ke-image.ljcdn.com/110000-inspection/pc1_GSxOQH2dF_1.jpg!m_fill,w_280,h_210,f_jpg?from=ke.com
20240926,西城,天宁寺,101124575184,天宁寺西里 精装修 正规三居室 户型方正 格局好房主自荐,470万,75893元/平,顶层 (共6层) | 1979年 | 3室1厅 | 61.93平米 | 东 西 北,https://ke-image.ljcdn.com/110000-inspection/pc1_SFNMYRjwr_1.jpg!m_fill,w_280,h_210,f_jpg?from=ke.com
20240926,西城,天宁寺,101124547624,广安门外大街 2室1厅 南,548万,95106元/平,低楼层 (共12层) | 1982年 | 2室1厅 | 57.62平米 | 南,https://ke-image.ljcdn.com/110000-inspection/pc1_wzO5mZPm6_1.jpg!m_fill,w_280,h_210,f_jpg?from=ke.com
20240926,西城,天宁寺,101124493410,贵都国际 3室2厅 西,525万,44746元/平,中楼层 (共20层) | 2007年 | 3室2厅 | 117.33平米 | 西,https://ke-image.ljcdn.com/110000-inspection/pc1_eRVcGKiDj_1.jpg!m_fill,w_280,h_210,f_jpg?from=ke.com
20240926,西城,天宁寺,101124492560,真正的小两居室 客厅20平有窗 精装 大卫生间,620万,91703元/平,中楼层 (共22层) | 1999年 | 2室1厅 | 67.61平米 | 东南,https://ke-image.ljcdn.com/110000-inspection/pc1_vbQVEMArQ.jpg!m_fill,w_280,h_210,f_jpg?from=ke.com
20240926,西城,天宁寺,101124315054,椿树馆 南向一层两居 商品房 满五唯一,480万,99072元/平,底层 (共6层) 2室1厅 | 48.45平米 | 南,https://ke-image.ljcdn.com/110000-inspection/pc1_zMz82uR6S_1.jpg!m_fill,w_280,h_210,f_jpg?from=ke.com
20240926,西城,天宁寺,101124174985,天宁寺西里 2室1厅 南 北,518万,79742元/平,底层 (共6层) 2室1厅 | 64.96平米 | 南 北,https://ke-image.ljcdn.com/110000-inspection/pc1_yNZdQ1Gnj_1.jpg!m_fill,w_280,h_210,f_jpg?from=ke.com
20240926,西城,天宁寺,101124145129,天宁寺东里 1室1厅 东,330万,92360元/平,中楼层 (共5层) 1室1厅 | 35.73平米 | 东,https://ke-image.ljcdn.com/110000-inspection/pc1_V1fwJaVWv_1.jpg!m_fill,w_280,h_210,f_jpg?from=ke.com
20240926,西城,天宁寺,101124071950,西南二环边广南小区优质南北3居室,750万,77424元/平,低楼层 (共14层) 3室1厅 | 96.87平米 | 南 北,https://ke-image.ljcdn.com/110000-inspection/pc1_c52yxWfyM_1.jpg!m_fill,w_280,h_210,f_jpg?from=ke.com
20240926,西城,天宁寺,101124022879,西二环 广安门 天宁寺东里南北通透两居,476万,100043元/平,中楼层 (共5层) 2室1厅 | 47.58平米 | 南 北,https://ke-image.ljcdn.com/110000-inspection/pc1_dArBO0PIQ_1.jpg!m_fill,w_280,h_210,f_jpg?from=ke.com
20240926,西城,天宁寺,101123938659,广安门外南街67号院 2室1厅 南 北,538万,99612元/平,高楼层 (共6层) | 1991年 | 2室1厅 | 54.01平米 | 南 北,https://ke-image.ljcdn.com/110000-inspection/pc1_1evNBUjkj_1.jpg!m_fill,w_280,h_210,f_jpg?from=ke.com
20240926,西城,天宁寺,101123899170,车站东街甲9号院 东西三居 中间楼层 95年房龄,660万,95376元/平,中楼层 (共6层) 3室1厅 | 69.2平米 | 东 西,https://ke-image.ljcdn.com/110000-inspection/pc1_1n80jNq4E_1.jpg!m_fill,w_280,h_210,f_jpg?from=ke.com
20240926,西城,天宁寺,101123863712,鸭子桥北里 东西两居 诚心出售 价格可议,455万,79532元/平,顶层 (共5层) 2室1厅 | 57.21平米 | 东 西,https://ke-image.ljcdn.com/110000-inspection/pc1_Duq6BPnO2_1.jpg!m_fill,w_280,h_210,f_jpg?from=ke.com
20240926,西城,天宁寺,101123818106,椿树馆街35号院 2室1厅 南 北,558万,95893元/平,低楼层 (共6层) 2室1厅 | 58.19平米 | 南 北,https://ke-image.ljcdn.com/110000-inspection/pc1_psLttkzpJ_1.jpg!m_fill,w_280,h_210,f_jpg?from=ke.com
20240926,西城,天宁寺,101123755599,车站东街15号院 椿树馆楼龄新 高楼层,620万,104589元/平,顶层 (共6层) 2室1厅 | 59.28平米 | 南 北,https://ke-image.ljcdn.com/110000-inspection/pc1_xoh7pcqan_1.jpg!m_fill,w_280,h_210,f_jpg?from=ke.com
20240926,西城,天宁寺,101123593831,广安门外车站东街 小区环境棒棒的 有坡屋顶,820万,102925元/平,顶层 (共6层) | 1993年 | 3室1厅 | 79.67平米 | 南 西南 北,https://ke-image.ljcdn.com/110000-inspection/pc1_0AOYocgLQ_1.jpg!m_fill,w_280,h_210,f_jpg?from=ke.com
20240926,西城,天宁寺,101123592278,源屋曲一室一厅  电梯直达 环境优雅,560万,100865元/平,中楼层 (共21层) | 2005年 | 1室1厅 | 55.52平米 | 北,https://ke-image.ljcdn.com/110000-inspection/f684f52f-b898-447d-b535-2c9b66b53eda_1000.jpg!m_fill,w_280,h_210,f_jpg?from=ke.com
20240926,西城,天宁寺,101123568249,广安门外车站东街 2室1厅 南 北,550万,95586元/平,低楼层 (共6层) | 1993年 | 2室1厅 | 57.54平米 | 南 北,https://ke-image.ljcdn.com/110000-inspection/pc1_00BrjaIYJ_1.jpg!m_fill,w_280,h_210,f_jpg?from=ke.com
20240926,西城,天宁寺,101123567844,广外南街63号院 东南角好户型精装修拎包入住房主自荐,746万,108399元/平,中楼层 (共20层) 2室1厅 | 68.82平米 | 东南,https://ke-image.ljcdn.com/110000-inspection/pc1_u1b6AubRg_1.jpg!m_fill,w_280,h_210,f_jpg?from=ke.com
20240926,西城,天宁寺,101123514981,车站东街15号院 3室1厅 南,525万,83480元/平,顶层 (共6层) 3室1厅 | 62.89平米 | 南,https://ke-image.ljcdn.com/110000-inspection/pc1_09nb70BHO_1.jpg!m_fill,w_280,h_210,f_jpg?from=ke.com
20240926,西城,天宁寺,101123471252,广安门外南街 1室1厅 南,425万,105617元/平,中楼层 (共5层) 1室1厅 | 40.24平米 | 南,https://ke-image.ljcdn.com/110000-inspection/pc1_2G8TZ6YtE_1.jpg!m_fill,w_280,h_210,f_jpg?from=ke.com
20240926,西城,天宁寺,101123413381,西二环 广安门天宁寺西里南北通透三居室房主自荐,836万,99989元/平,中楼层 (共6层) 3室1厅 | 83.61平米 | 南 北,https://ke-image.ljcdn.com/110000-inspection/pc1_FLXUekOCj_1.jpg!m_fill,w_280,h_210,f_jpg?from=ke.com
20240926,西城,天宁寺,101123391129,广外南街50号院 3室1厅 东南,1020万,90506元/平,高楼层 (共22层) 3室1厅 | 112.7平米 | 东南,https://ke-image.ljcdn.com/110000-inspection/pc1_HyRNvGoXh.jpg!m_fill,w_280,h_210,f_jpg?from=ke.com
20240926,西城,天宁寺,101123355027,西城区 广安门外 天宁寺前街南里 正规一居室,379万,95298元/平,中楼层 (共5层) 1室1厅 | 39.77平米 | 西北,https://ke-image.ljcdn.com/110000-inspection/pc1_ulA77elog_1.jpg!m_fill,w_280,h_210,f_jpg?from=ke.com
20240926,西城,天宁寺,101123328541,天宁寺前街北里 3室1厅 南 北,595万,83124元/平,底层 (共6层) 3室1厅 | 71.58平米 | 南 北,https://ke-image.ljcdn.com/110000-inspection/pc1_KDPJ6d7s6_1.jpg!m_fill,w_280,h_210,f_jpg?from=ke.com
20240926,西城,天宁寺,101123310177,西城三居南北朝向没有遮挡视野开阔中间层,548万,78963元/平,中楼层 (共6层) 3室1厅 | 69.4平米 | 南 北,https://ke-image.ljcdn.com/110000-inspection/pc1_NE8t05yCe_1.jpg!m_fill,w_280,h_210,f_jpg?from=ke.com
20240926,西城,天宁寺,101123279054,南北通透两居室 视野开阔没有遮挡 采光充足,498万,85465元/平,顶层 (共6层) 2室1厅 | 58.27平米 | 南 北,https://ke-image.ljcdn.com/110000-inspection/pc1_u3HgQefoP_1.jpg!m_fill,w_280,h_210,f_jpg?from=ke.com
20240926,西城,天宁寺,101123248568,车站东街15号院有透光房有固定车位还有储物间,650万,103553元/平,底层 (共6层) 2室1厅 | 62.77平米 | 南 北,https://ke-image.ljcdn.com/110000-inspection/pc1_hpBgkzDG5_1.jpg!m_fill,w_280,h_210,f_jpg?from=ke.com
20240926,西城,天宁寺,101123173888,天宁寺前街南里 低楼层 三居室 小区中间位置 无遮挡,790万,80728元/平,底层 (共6层) 3室2厅 | 97.86平米 | 南 北,https://ke-image.ljcdn.com/110000-inspection/pc1_WTeJVTDX5_1.jpg!m_fill,w_280,h_210,f_jpg?from=ke.com
20240926,西城,天宁寺,101123158045,天宁寺前街南里正规三居室满五年精装修房主自荐,836万,88993元/平,顶层 (共6层) 3室2厅 | 93.94平米 | 南 北,https://ke-image.ljcdn.com/110000-inspection/pc1_OAzl2gXlq_1.jpg!m_fill,w_280,h_210,f_jpg?from=ke.com
20240926,西城,天宁寺,101123069932,车站东街15号院 2室1厅 东,430万,83805元/平,高楼层 (共6层) 2室1厅 | 51.31平米 | 东,https://ke-image.ljcdn.com/110000-inspection/pc1_2uiFRrOhF.jpg!m_fill,w_280,h_210,f_jpg?from=ke.com
20240926,西城,天宁寺,101123034757,车站东街15号院 椿树馆楼龄新 中间楼层,610万,96063元/平,中楼层 (共6层) 2室1厅 | 63.5平米 | 南,https://ke-image.ljcdn.com/110000-inspection/b7c5b921-afd7-41c1-9b67-eea3b4f34cf3_1000.jpg!m_fill,w_280,h_210,f_jpg?from=ke.com
20240926,西城,天宁寺,101122994375,天宁寺东里 正规一居室 次顶层 业主诚售 交通便利,380万,86403元/平,高楼层 (共7层) 1室1厅 | 43.98平米 | 东,https://ke-image.ljcdn.com/110000-inspection/pc1_iaPGTXywk_1.jpg!m_fill,w_280,h_210,f_jpg?from=ke.com
20240926,西城,天宁寺,101122977858,广安门外东站东街15号院中间层一居室商品房房本,380万,92865元/平,中楼层 (共6层) 1室1厅 | 40.92平米 | 南,https://ke-image.ljcdn.com/110000-inspection/pc1_QN4bQs3ul_1.jpg!m_fill,w_280,h_210,f_jpg?from=ke.com
20240926,西城,天宁寺,101122967678,广安门外大街 1室1厅 南房主自荐,430万,106886元/平,低楼层 (共6层) 1室1厅 | 40.23平米 | 南,https://ke-image.ljcdn.com/110000-inspection/pc1_Yb4OcWWzf_1.jpg!m_fill,w_280,h_210,f_jpg?from=ke.com
20240926,西城,天宁寺,101122822258,白菜湾社区 1室1厅 西,375万,87433元/平,高楼层 (共6层) | 1992年 | 1室1厅 | 42.89平米 | 西,https://ke-image.ljcdn.com/110000-inspection/pc1_FMegTCPMm_1.jpg!m_fill,w_280,h_210,f_jpg?from=ke.com
20240926,西城,天宁寺,101122819906,天宁寺北里两居环境好楼龄新,580万,100364元/平,底层 (共6层) 2室1厅 | 57.79平米 | 南 北,https://ke-image.ljcdn.com/110000-inspection/pc1_nHbTBoI1B_1.jpg!m_fill,w_280,h_210,f_jpg?from=ke.com
20240926,西城,天宁寺,101122756875,鸭子桥北里  全南两居  中间层采光好 交通便利,445万,87893元/平,中楼层 (共6层) 2室1厅 | 50.63平米 | 南,https://ke-image.ljcdn.com/110000-inspection/pc1_Ch68hYwLK_1.jpg!m_fill,w_280,h_210,f_jpg?from=ke.com
20240926,西城,天宁寺,101122721290,天宁寺东里 南北通透 中间楼层 田字格户型 全明格局,650万,102881元/平,中楼层 (共5层) 3室1厅 | 63.18平米 | 西 南 北,https://ke-image.ljcdn.com/110000-inspection/pc1_xW1RSfgUT_1.jpg!m_fill,w_280,h_210,f_jpg?from=ke.com
20240926,西城,天宁寺,101122717613,西二环 广安门 天宁寺西里方正两居,458万,82896元/平,高楼层 (共6层) 2室1厅 | 55.25平米 | 东,https://ke-image.ljcdn.com/110000-inspection/pc1_9qy9nphhK_1.jpg!m_fill,w_280,h_210,f_jpg?from=ke.com
20240926,西城,天宁寺,101122662258,鸭子桥北里 满五唯一商品 诚心出售,499万,87223元/平,中楼层 (共5层) 3室0厅 | 57.21平米 | 东 西,https://ke-image.ljcdn.com/110000-inspection/pc1_pupqzt78K_1.jpg!m_fill,w_280,h_210,f_jpg?from=ke.com
20240926,西城,天宁寺,101122574397,西里北院 楼龄96年 东南北大两居视野好房主自荐,620万,84251元/平,中楼层 (共7层) | 1996年 | 2室1厅 | 73.59平米 | 东 南 北,https://ke-image.ljcdn.com/110000-inspection/pc1_WpJm1DGMT_1.jpg!m_fill,w_280,h_210,f_jpg?from=ke.com
20240926,西城,天宁寺,101122567963,立恒名苑 3室2厅 西南,1600万,90806元/平,中楼层 (共25层) | 2002年 | 3室2厅 | 176.2平米 | 西南,https://ke-image.ljcdn.com/110000-inspection/pc1_Jeyyr7PbY_1.jpg!m_fill,w_280,h_210,f_jpg?from=ke.com
20240926,西城,天宁寺,101122519734,车站东街15号院 2室2厅 南 北,550万,87622元/平,中楼层 (共6层) 2室2厅 | 62.77平米 | 南 北,https://ke-image.ljcdn.com/110000-inspection/pc1_sATmqYwG3_1.jpg!m_fill,w_280,h_210,f_jpg?from=ke.com
20240926,西城,天宁寺,101122405459,贵都国际2005年建成带电梯东侧是西二环,477万,39494元/平,中楼层 (共20层) | 2007年 | 1室1厅 | 120.78平米 | 西,https://ke-image.ljcdn.com/110000-inspection/pc1_DQTTfc1Dp_1.jpg!m_fill,w_280,h_210,f_jpg?from=ke.com
20240926,西城,天宁寺,101122320623,西城区 椿树馆 东南大平层高楼层视野好采光好诚售房主自荐,1290万,73213元/平,高楼层 (共23层) 3室1厅 | 176.2平米 | 东 东南,https://ke-image.ljcdn.com/110000-inspection/pc1_spbhWN5gW_1.jpg!m_fill,w_280,h_210,f_jpg?from=ke.com
20240926,西城,天宁寺,101122236707,贵都国际 1室1厅 东北,730万,40608元/平,低楼层 (共20层) | 2007年 | 1室1厅 | 179.77平米 | 东北,https://ke-image.ljcdn.com/110000-inspection/ab4c619b-b4c3-4dde-b260-301c894c0074_1000.jpg!m_fill,w_280,h_210,f_jpg?from=ke.com
20240926,西城,天宁寺,101122033339,广外南街63号院  广安门天宁寺 东南高层电梯两居室,760万,110434元/平,高楼层 (共20层) 2室1厅 | 68.82平米 | 东南,https://ke-image.ljcdn.com/110000-inspection/pc1_NLANY1JVj_1.jpg!m_fill,w_280,h_210,f_jpg?from=ke.com
20240926,西城,天宁寺,101121921588,新居西里 全南 两居室 中间楼层,450万,87261元/平,中楼层 (共5层) 2室1厅 | 51.57平米 | 南,https://ke-image.ljcdn.com/110000-inspection/pc1_Rgg9sSIXo_1.jpg!m_fill,w_280,h_210,f_jpg?from=ke.com
20240926,西城,天宁寺,101121917146,椿树馆 正规一居室 户型方正 靠谱出售房主自荐,380万,90434元/平,顶层 (共6层) | 1989年 | 1室1厅 | 42.02平米 | 南,https://ke-image.ljcdn.com/110000-inspection/pc1_gjrKo1v0y_1.jpg!m_fill,w_280,h_210,f_jpg?from=ke.com
20240926,西城,天宁寺,101121907703,白菜湾四巷17号院 3室1厅 南 北,555万,83484元/平,顶层 (共6层) 3室1厅 | 66.48平米 | 南 北,https://ke-image.ljcdn.com/110000-inspection/pc1_G91iknPWb_1.jpg!m_fill,w_280,h_210,f_jpg?from=ke.com
20240926,西城,天宁寺,101121904213,白菜湾社区 3室1厅 东南,780万,94500元/平,顶层 (共6层) | 1992年 | 3室1厅 | 82.54平米 | 东南,https://ke-image.ljcdn.com/110000-inspection/pc1_U97PcoPT4_1.jpg!m_fill,w_280,h_210,f_jpg?from=ke.com
20240926,西城,天宁寺,101121891717,明厨明卫 精装修 有正规客厅 东侧对小区院儿里,350万,78265元/平,顶层 (共6层) | 1991年 | 1室1厅 | 44.72平米 | 东 西,https://ke-image.ljcdn.com/110000-inspection/pc1_tFzHM5LXr_1.jpg!m_fill,w_280,h_210,f_jpg?from=ke.com
20240926,西城,天宁寺,101121712541,96年明厨明卫正规1居13平大客厅东西向中间层房主自荐,429.75万,90000元/平,中楼层 (共6层) 1室1厅 | 47.75平米 | 东 西,https://ke-image.ljcdn.com/110000-inspection/pc1_zhJgUNkFY.jpg!m_fill,w_280,h_210,f_jpg?from=ke.com
20240926,西城,天宁寺,101121487456,立恒名苑 3室2厅 南 西 北,1520万,103268元/平,高楼层 (共24层) | 2002年 | 3室2厅 | 147.19平米 | 南 西 北,https://ke-image.ljcdn.com/110000-inspection/pc1_sXFvZfHxY_1.jpg!m_fill,w_280,h_210,f_jpg?from=ke.com
20240926,西城,天宁寺,101121385706,贵都国际 1室1厅 南,618万,43004元/平,高楼层 (共20层) | 2007年 | 1室1厅 | 143.71平米 | 南,https://ke-image.ljcdn.com/110000-inspection/pc1_for0C6Duw_1.jpg!m_fill,w_280,h_210,f_jpg?from=ke.com
20240926,西城,天宁寺,101121385685,贵都国际 1室1厅 东南,535万,40997元/平,高楼层 (共20层) | 2007年 | 1室1厅 | 130.5平米 | 东南,https://ke-image.ljcdn.com/110000-inspection/pc1_nZ7DnEfkW_1.jpg!m_fill,w_280,h_210,f_jpg?from=ke.com
20240926,西城,天宁寺,101121385657,贵都国际 1室1厅 东,708万,42975元/平,高楼层 (共20层) | 2007年 | 1室1厅 | 164.75平米 | 东,https://ke-image.ljcdn.com/110000-inspection/pc1_0xbe6r8yZ_1.jpg!m_fill,w_280,h_210,f_jpg?from=ke.com
20240926,西城,天宁寺,101121329897,车站东街15号院 椿树馆楼龄新 高楼层,499万,85931元/平,顶层 (共6层) 2室1厅 | 58.07平米 | 南 北,https://ke-image.ljcdn.com/110000-inspection/f342f425-be38-4e64-bab5-e1cd5248ead4_1000.jpg!m_fill,w_280,h_210,f_jpg?from=ke.com
20240926,西城,天宁寺,101121298265,采光充足无遮挡2000年带电梯央产房单独小区管理房主自荐,650万,99267元/平,中楼层 (共20层) 1室1厅 | 65.48平米 | 南,https://ke-image.ljcdn.com/110000-inspection/pc1_girScXKFC_1.jpg!m_fill,w_280,h_210,f_jpg?from=ke.com
20240926,西城,天宁寺,101121283972,满五年唯一商品房 南北通透格局好 视野宽阔 采光充足,490万,85159元/平,底层 (共6层) | 1993年 | 2室1厅 | 57.54平米 | 南 北,https://ke-image.ljcdn.com/110000-inspection/37e8f5b3-6c07-46d3-93aa-66e7b5cdae28_1000.jpg!m_fill,w_280,h_210,f_jpg?from=ke.com
20240926,西城,天宁寺,101121056089,西城椿树馆 南北通透两居室 满五年唯一,550万,102174元/平,顶层 (共6层) | 1994年 | 2室1厅 | 53.83平米 | 南 北,https://ke-image.ljcdn.com/110000-inspection/0bcf23e9-0621-4942-b790-06ef3cecebaf_1000.jpg!m_fill,w_280,h_210,f_jpg?from=ke.com
20240926,西城,天宁寺,101121025972,广安门外南街 东西三居  低楼层上下楼方便,825万,104523元/平,低楼层 (共6层) | 1992年 | 3室1厅 | 78.93平米 | 西 东,https://ke-image.ljcdn.com/110000-inspection/pc1_9llPStcE2.jpg!m_fill,w_280,h_210,f_jpg?from=ke.com
20240926,西城,天宁寺,101121009504,天宁寺前街南里 满五年南北通透两居室 业主诚心出售房主自荐,600万,76414元/平,顶层 (共6层) 2室2厅 | 78.52平米 | 南 北,https://ke-image.ljcdn.com/110000-inspection/pc1_VUVqQIpxc_1.jpg!m_fill,w_280,h_210,f_jpg?from=ke.com
20240926,西城,天宁寺,101120940832,车站东街15号院南北通透两居满五年单位分房,500万,86851元/平,顶层 (共6层) 2室1厅 | 57.57平米 | 南 北,https://ke-image.ljcdn.com/110000-inspection/pc1_Z57grXl9Q_1.jpg!m_fill,w_280,h_210,f_jpg?from=ke.com
20240926,西城,天宁寺,101120894105,白菜湾社区 采光棒 小区中间 对着花园 上有坡屋顶房主自荐,558万,95044元/平,顶层 (共6层) | 1992年 | 2室1厅 | 58.71平米 | 南 北,https://ke-image.ljcdn.com/110000-inspection/pc1_jjBdn3tuE_1.jpg!m_fill,w_280,h_210,f_jpg?from=ke.com
20240926,西城,天宁寺,101120891568,天宁寺 满五年 央产房 精装修 南北通透,658万,81055元/平,高楼层 (共6层) 2室1厅 | 81.18平米 | 南 北,https://ke-image.ljcdn.com/110000-inspection/pc1_qclmp7nWT_1.jpg!m_fill,w_280,h_210,f_jpg?from=ke.com
20240926,西城,天宁寺,101120799896,贵都国际 2室1厅 南,650万,56006元/平,低楼层 (共20层) | 2007年 | 2室1厅 | 116.06平米 | 南,https://ke-image.ljcdn.com/110000-inspection/pc1_cOZpnFTTo_1.jpg!m_fill,w_280,h_210,f_jpg?from=ke.com
20240926,西城,天宁寺,101120741858,椿树馆南向中间楼层正规一居室满五年采光好,488万,115231元/平,中楼层 (共6层) 1室1厅 | 42.35平米 | 南,https://ke-image.ljcdn.com/110000-inspection/pc1_9YteUPI8i_1.jpg!m_fill,w_280,h_210,f_jpg?from=ke.com
20240926,西城,天宁寺,101120636555,天宁寺西里正南向一居室商品房无遮挡采光足,478万,112102元/平,中楼层 (共6层) | 1987年 | 1室1厅 | 42.64平米 | 南,https://ke-image.ljcdn.com/110000-inspection/pc1_yfoqlzO0R.jpg!m_fill,w_280,h_210,f_jpg?from=ke.com
20240926,西城,天宁寺,101120495616,广安苑一期 二环边两居 满五唯一商品房 诚心出售房主自荐,595万,101779元/平,低楼层 (共6层) 2室1厅 | 58.46平米 | 西北,https://ke-image.ljcdn.com/110000-inspection/pc1_OSFA4trr7_1.jpg!m_fill,w_280,h_210,f_jpg?from=ke.com
20240926,西城,天宁寺,101120352467,广安苑二期 3室1厅 西南房主自荐,1345万,110120元/平,高楼层 (共23层) 3室1厅 | 122.14平米 | 西南,https://ke-image.ljcdn.com/110000-inspection/pc1_4gOKqyyRF_1.jpg!m_fill,w_280,h_210,f_jpg?from=ke.com
20240926,西城,天宁寺,101120209443,贵都国际 纯商品房 户型方正 采光充足,699万,42884元/平,高楼层 (共20层) | 2007年 | 3室1厅 | 163平米 | 东北,https://ke-image.ljcdn.com/110000-inspection/pc1_vskLQAU8c_1.jpg!m_fill,w_280,h_210,f_jpg?from=ke.com
20240926,西城,天宁寺,101120125260,车站东街15号院 椿树馆楼龄新1996年 中间楼层,660万,105146元/平,中楼层 (共6层) 2室1厅 | 62.77平米 | 南 北,https://ke-image.ljcdn.com/110000-inspection/pc1_D6ftvHZMx_1.jpg!m_fill,w_280,h_210,f_jpg?from=ke.com
20240926,西城,天宁寺,101120106859,广外南街50号院 1室1厅 东 南,538万,83115元/平,中楼层 (共22层) | 1999年 | 1室1厅 | 64.73平米 | 东 南,https://ke-image.ljcdn.com/110000-inspection/b45a316e-d70b-4cae-8bb4-5c4ffc98fabb_1000.jpg!m_fill,w_280,h_210,f_jpg?from=ke.com
20240926,西城,天宁寺,101120005083,天宁寺东里眼镜户型中间层二热单位分两居室,480万,94377元/平,中楼层 (共5层) 2室1厅 | 50.86平米 | 南,https://ke-image.ljcdn.com/110000-inspection/pc1_EniR66Vn8_1.jpg!m_fill,w_280,h_210,f_jpg?from=ke.com
20240926,西城,天宁寺,101119947554,南北通透中间楼层满五年业主诚心出售房主自荐,638万,114031元/平,中楼层 (共6层) 2室1厅 | 55.95平米 | 南 北,https://ke-image.ljcdn.com/110000-inspection/pc1_vFbqtErgJ_1.jpg!m_fill,w_280,h_210,f_jpg?from=ke.com
20240926,西城,天宁寺,101119807606,天宁寺前街南里 中间层两居士 配套完善,815万,104314元/平,中楼层 (共6层) 2室2厅 | 78.13平米 | 南 北,https://ke-image.ljcdn.com/110000-inspection/pc1_e3GJbprEf_1.jpg!m_fill,w_280,h_210,f_jpg?from=ke.com
20240926,西城,天宁寺,101119602416,贵都国际 3室1厅 东北,820万,39141元/平,低楼层 (共20层) | 2007年 | 3室1厅 | 209.5平米 | 东北,https://ke-image.ljcdn.com/110000-inspection/8dc7feb3-686a-452c-915a-6ffc4abd3e37_1000.jpg!m_fill,w_280,h_210,f_jpg?from=ke.com
20240926,西城,天宁寺,101119575288,椿树馆 单独管理小区 低楼层 小区环境好,360万,87977元/平,底层 (共6层) 1室1厅 | 40.92平米 | 南,https://ke-image.ljcdn.com/110000-inspection/pc1_RRSCdtV27_1.jpg!m_fill,w_280,h_210,f_jpg?from=ke.com
20240926,西城,天宁寺,101119376836,天宁寺南里      低楼层     1居室,420万,105608元/平,底层 (共5层) | 1991年 | 1室1厅 | 39.77平米 | 西,https://ke-image.ljcdn.com/110000-inspection/pc1_fyhM8PNPm.jpg!m_fill,w_280,h_210,f_jpg?from=ke.com
20240926,西城,天宁寺,101119361282,鸭子桥北里政府改造示范小区满五年唯一采光好,520万,91245元/平,顶层 (共5层) 3室1厅 | 56.99平米 | 东 西,https://ke-image.ljcdn.com/110000-inspection/pc1_RIgUlC1KB_1.jpg!m_fill,w_280,h_210,f_jpg?from=ke.com
20240926,西城,天宁寺,101119341558,鸭子桥北里 改造模范小区 环境好房主自荐,399万,109736元/平,中楼层 (共5层) 1室1厅 | 36.36平米 | 南,https://ke-image.ljcdn.com/110000-inspection/pc1_cZeSPo25x_1.jpg!m_fill,w_280,h_210,f_jpg?from=ke.com
20240926,西城,天宁寺,101119273365,长椿街附近 东西通透 超低单价 费用成本低,480万,78702元/平,顶层 (共7层) 2室1厅 | 60.99平米 | 东 西,https://ke-image.ljcdn.com/110000-inspection/pc1_ophOj5pYm_1.jpg!m_fill,w_280,h_210,f_jpg?from=ke.com
20240926,西城,天宁寺,101119217047,广外 椿树馆 南北通透 低楼层 满五年唯一 明厨明卫房主自荐,570万,98006元/平,底层 (共6层) 2室1厅 | 58.16平米 | 南 北,https://ke-image.ljcdn.com/110000-inspection/pc1_T3MoRTtTj_1.jpg!m_fill,w_280,h_210,f_jpg?from=ke.com
20240926,西城,天宁寺,101119196021,白菜湾社区  户型方正 无遮挡 满五唯一,750万,90866元/平,高楼层 (共6层) | 1992年 | 3室1厅 | 82.54平米 | 西南,https://ke-image.ljcdn.com/110000-inspection/pc1_vu9RIgTN2_1.jpg!m_fill,w_280,h_210,f_jpg?from=ke.com
20240926,西城,天宁寺,101119119341,立恒名苑 全东向正规一居室  彩光好,585万,75582元/平,低楼层 (共25层) | 2002年 | 1室1厅 | 77.4平米 | 西,https://ke-image.ljcdn.com/110000-inspection/6103cbfb-c77f-48d0-96b0-20ddccf52575_1000.jpg!m_fill,w_280,h_210,f_jpg?from=ke.com
20240926,西城,天宁寺,101119030071,源屋曲 人车分流 带电梯 精装修 有固定车位房主自荐,698万,114370元/平,中楼层 (共21层) 1室1厅 | 61.03平米 | 南,https://ke-image.ljcdn.com/110000-inspection/pc1_HoTX27Vzd_1.jpg!m_fill,w_280,h_210,f_jpg?from=ke.com
20240926,西城,天宁寺,101118955368,车站东街15号院 椿树馆街 广安门外南街 广安门外大街,399万,126869元/平,底层 (共5层) 1室1厅 | 31.45平米 | 东,https://ke-image.ljcdn.com/110000-inspection/3eebf507-fbea-4f73-9a83-caea9b01f8ee_1000.jpg!m_fill,w_280,h_210,f_jpg?from=ke.com
20240926,西城,天宁寺,101118909463,椿树馆 中间楼层 满五年唯一 精装修 随时可看可签约房主自荐,575万,106502元/平,中楼层 (共6层) 2室1厅 | 53.99平米 | 东 西,https://ke-image.ljcdn.com/110000-inspection/pc1_M6VhfhmkC_1.jpg!m_fill,w_280,h_210,f_jpg?from=ke.com
20240926,西城,天宁寺,101118729816,白菜湾四巷17号院小区环境好有绿化房主自荐,620万,99599元/平,顶层 (共6层) 3室1厅 | 62.25平米 | 南 北,https://ke-image.ljcdn.com/110000-inspection/pc1_X10PFhpPc_1.jpg!m_fill,w_280,h_210,f_jpg?from=ke.com
20240926,西城,天宁寺,101118726979,车站东街15号院 椿树馆街 广安门外南街 广安门外大街,569万,112785元/平,中楼层 (共5层) 2室1厅 | 50.45平米 | 南,https://ke-image.ljcdn.com/110000-inspection/pc1_d6uv4VPZm.jpg!m_fill,w_280,h_210,f_jpg?from=ke.com
20240926,西城,天宁寺,101118368971,椿树馆南北通透中高楼层精装修可拎包入住房主自荐,570万,99062元/平,高楼层 (共6层) | 1993年 | 2室1厅 | 57.54平米 | 南 北,https://ke-image.ljcdn.com/110000-inspection/pc1_3ihA9KmD9_1.jpg!m_fill,w_280,h_210,f_jpg?from=ke.com
20240926,西城,天宁寺,101118183827,西城椿树馆 92年 南北通透 老业主 产权清晰,450万,95400元/平,底层 (共6层) 1室1厅 | 47.17平米 | 南 北,https://ke-image.ljcdn.com/110000-inspection/pc1_EVHc9vclI_1.jpg!m_fill,w_280,h_210,f_jpg?from=ke.com
20240926,西城,天宁寺,101118116191,椿树馆  南北通透两居  不临街,565万,95504元/平,顶层 (共6层) 2室1厅 | 59.16平米 | 南 北,https://ke-image.ljcdn.com/110000-inspection/pc1_UkI98XFuM_1.jpg!m_fill,w_280,h_210,f_jpg?from=ke.com
20240926,西城,天宁寺,101117900136,车站东街15号院 满五年 稳定签约,600万,106252元/平,中楼层 (共6层) 2室1厅 | 56.47平米 | 西北,https://ke-image.ljcdn.com/110000-inspection/pc1_uSg8iBp8X_1.jpg!m_fill,w_280,h_210,f_jpg?from=ke.com
20240926,西城,天宁寺,101117832619,广安门外南街 车站东街15号院 椿树馆街 广安门外大街,610万,102625元/平,高楼层 (共6层) | 1992年 | 2室1厅 | 59.44平米 | 南 北,https://ke-image.ljcdn.com/110000-inspection/pc1_LaH7HQ1N7_1.jpg!m_fill,w_280,h_210,f_jpg?from=ke.com
20240926,西城,天宁寺,101117452993,西城椿树馆 98年钢混 电梯直达房主自荐,565万,94831元/平,高楼层 (共12层) | 1998年 | 2室1厅 | 59.58平米 | 东,https://ke-image.ljcdn.com/110000-inspection/pc1_frq6478pa_1.jpg!m_fill,w_280,h_210,f_jpg?from=ke.com
20240926,西城,天宁寺,101117244642,鸭子桥北里 车站东街15号院 椿树馆街 广安门外南街,410万,92656元/平,中楼层 (共5层) 2室1厅 | 44.25平米 | 南 北,https://ke-image.ljcdn.com/110000-inspection/181e950c-c273-488d-96e7-a3a2e5571fc2_1000.jpg!m_fill,w_280,h_210,f_jpg?from=ke.com
20240926,西城,天宁寺,101117131008,白菜湾社区 两居室 南北通透 采光棒,639万,106821元/平,高楼层 (共6层) | 1991年 | 2室1厅 | 59.82平米 | 南 北,https://ke-image.ljcdn.com/110000-inspection/pc1_ZjgymDcnX_1.jpg!m_fill,w_280,h_210,f_jpg?from=ke.com
20240926,西城,天宁寺,101117049125,西城椿树馆   东西通透正规两居室 采光好房主自荐,499万,91644元/平,顶层 (共6层) 2室1厅 | 54.45平米 | 东 西,https://ke-image.ljcdn.com/110000-inspection/pc1_HVqVjDgOO_1.jpg!m_fill,w_280,h_210,f_jpg?from=ke.com
20240926,西城,天宁寺,101116270599,满五唯一户型方正带电梯诚意出售。,518万,47602元/平,中楼层 (共20层) | 2007年 | 1室1厅 | 108.82平米 | 北,https://ke-image.ljcdn.com/110000-inspection/pc1_NIiiiLy9N_1.jpg!m_fill,w_280,h_210,f_jpg?from=ke.com
20240926,西城,天宁寺,101115771843,贵都国际 带电梯 住宅性质 2005年建成,568万,42531元/平,中楼层 (共20层) | 2007年 | 3室1厅 | 133.55平米 | 西南,https://ke-image.ljcdn.com/110000-inspection/pc1_1MxccvcCz_1.jpg!m_fill,w_280,h_210,f_jpg?from=ke.com
20240926,西城,天宁寺,101114694597,车站东街15号院 椿树馆街 广安门外南街 广安门外大街,500万,99543元/平,底层 (共6层) 2室1厅 | 50.23平米 | 南 北,https://ke-image.ljcdn.com/110000-inspection/f660b6bf-7d96-4022-afe9-776c7650133e_1000.jpg!m_fill,w_280,h_210,f_jpg?from=ke.com
20240926,西城,天宁寺,101114656633,车站东街15号院东南向正规二居室,450万,87720元/平,中楼层 (共6层) 2室1厅 | 51.3平米 | 东南,https://ke-image.ljcdn.com/110000-inspection/b9b02f9a-e418-491f-bc15-75fa86025694_1000.jpg!m_fill,w_280,h_210,f_jpg?from=ke.com
20240926,西城,天宁寺,101114560056,广安门外南街 低楼层 椿树馆街 广安门外大街房主自荐,639万,112342元/平,中楼层 (共5层) | 1980年 | 3室1厅 | 56.88平米 | 南 北,https://ke-image.ljcdn.com/110000-inspection/pc1_FCxxEaiqp_1.jpg!m_fill,w_280,h_210,f_jpg?from=ke.com
20240926,西城,天宁寺,101114342163,本房低楼层无遮挡保持不错。,350万,98370元/平,底层 (共5层) | 1976年 | 1室1厅 | 35.58平米 | 东,https://ke-image.ljcdn.com/110000-inspection/pc1_4IKV8jY2t_1.jpg!m_fill,w_280,h_210,f_jpg?from=ke.com
20240926,西城,天宁寺,101113026322,天宁寺 正规三居 南北通透 生活方便,405万,56329元/平,地下室 (共6层) | 1984年 | 3室1厅 | 71.9平米 | 南 北,https://ke-image.ljcdn.com/110000-inspection/pc1_HzIOJwN3z.jpg!m_fill,w_280,h_210,f_jpg?from=ke.com
20240926,西城,天宁寺,101111656525,广安门车站东街13号院 满五年 西户型 楼龄新,596万,98709元/平,顶层 (共23层) 1室1厅 | 60.38平米 | 西南,https://ke-image.ljcdn.com/110000-inspection/pc1_1mQmE2WUc_1.jpg!m_fill,w_280,h_210,f_jpg?from=ke.com
20240926,西城,天宁寺,101126777803,车站东街15号院 满五年 朝南 精装一居室新上,340万,82625元/平,低楼层 (共6层) 1室1厅 | 41.15平米 | 南,https://ke-image.ljcdn.com/110000-inspection/pc1_beplJbO6c_1.jpg!m_fill,w_280,h_210,f_jpg?from=ke.com
20240926,西城,天宁寺,101126775961,鸭子桥北里 低楼层 精装修 户型好 满五年新上,530万,93327元/平,中楼层 (共5层) | 1980年 | 2室1厅 | 56.79平米 | 南 北,https://ke-image.ljcdn.com/110000-inspection/pc1_bN4flkLcW_1.jpg!m_fill,w_280,h_210,f_jpg?from=ke.com
20240926,西城,天宁寺,101126769357,满五年唯一 低楼层 朝南  户型方正 一居室新上,380万,90112元/平,低楼层 (共6层) | 1991年 | 1室1厅 | 42.17平米 | 南,https://ke-image.ljcdn.com/110000-inspection/pc1_ktg056C8R_1.jpg!m_fill,w_280,h_210,f_jpg?from=ke.com
20240926,西城,天宁寺,101126754274,永居胡同 朝南一居  非顶成本低新上,328万,81471元/平,高楼层 (共6层) | 1986年 | 1室1厅 | 40.26平米 | 南,https://ke-image.ljcdn.com/110000-inspection/pc1_aX0adSMzm_1.jpg!m_fill,w_280,h_210,f_jpg?from=ke.com
20240926,西城,天宁寺,101126723620,车站东街15号院 满五年唯一商品房 南北通透两居新上,530万,77204元/平,顶层 (共6层) 2室1厅 | 68.65平米 | 南 北,https://ke-image.ljcdn.com/110000-inspection/d5ab0b32-e235-4062-a033-1dd285f32d00_1000.jpg!m_fill,w_280,h_210,f_jpg?from=ke.com
20240926,西城,天宁寺,101126567904,椿树馆 满五唯一商品房 双朝南 采光好 明厨明卫,465万,87489元/平,中楼层 (共6层) 2室1厅 | 53.15平米 | 南,https://ke-image.ljcdn.com/110000-inspection/pc1_9UjSwIC1y.jpg!m_fill,w_280,h_210,f_jpg?from=ke.com
20240926,西城,天宁寺,101126552380,西城 客厅卫生间带窗 南北通透两居室全明格局,586万,99054元/平,低楼层 (共6层) 2室1厅 | 59.16平米 | 南 北,https://ke-image.ljcdn.com/110000-inspection/8cc8b377-f4e7-4de9-a8f0-e2a80423fcd7_1000.jpg!m_fill,w_280,h_210,f_jpg?from=ke.com
20240926,西城,天宁寺,101126464470,立恒名苑 1室1厅 西,630万,81396元/平,中楼层 (共25层) | 2002年 | 1室1厅 | 77.4平米 | 西,https://ke-image.ljcdn.com/110000-inspection/pc1_zxpPcFMJC_1.jpg!m_fill,w_280,h_210,f_jpg?from=ke.com
20240926,西城,天宁寺,101126440493,广安苑一期 椿树馆 南向一居 采光充足,349万,91147元/平,中楼层 (共6层) 1室1厅 | 38.29平米 | 南,https://ke-image.ljcdn.com/110000-inspection/pc1_26Ec2IEls_1.jpg!m_fill,w_280,h_210,f_jpg?from=ke.com
20240926,西城,天宁寺,101126388306,立恒名苑 8室2厅 东 南 北,3200万,60058元/平,高楼层 (共24层) | 2002年 | 8室2厅 | 532.82平米 | 东 南 北,https://ke-image.ljcdn.com/110000-inspection/pc1_pAp2toG7n_1.jpg!m_fill,w_280,h_210,f_jpg?from=ke.com
20240926,西城,天宁寺,101126302980,车站东街甲9号院 3室1厅 东 西,578万,85643元/平,中楼层 (共6层) | 1995年 | 3室1厅 | 67.49平米 | 东 西,https://ke-image.ljcdn.com/110000-inspection/pc1_94UEaNeYI_1.jpg!m_fill,w_280,h_210,f_jpg?from=ke.com
20240926,西城,天宁寺,101126298345,广安门外大街 2室1厅 东北,365万,74612元/平,顶层 (共6层) | 1984年 | 2室1厅 | 48.92平米 | 东北,https://ke-image.ljcdn.com/110000-inspection/pc1_7wMmxRZNW_1.jpg!m_fill,w_280,h_210,f_jpg?from=ke.com
20240926,西城,天宁寺,101126285302,西二环 广安门 天宁寺东里 东西通透两居室,398万,65257元/平,高楼层 (共7层) | 1985年 | 2室1厅 | 60.99平米 | 东 西,https://ke-image.ljcdn.com/110000-inspection/pc1_jkftksC5W_1.jpg!m_fill,w_280,h_210,f_jpg?from=ke.com
20240926,西城,天宁寺,101126249594,广安门外大街  东向电梯直达  交通便利 随时看房,490万,96400元/平,低楼层 (共18层) 2室1厅 | 50.83平米 | 东,https://ke-image.ljcdn.com/110000-inspection/b183f803-2307-4b87-b4b4-9f6585a44a83_1000.jpg!m_fill,w_280,h_210,f_jpg?from=ke.com
20240926,西城,天宁寺,101126248782,双卧朝南塔楼田字格户型餐客分离大阳台,685万,98675元/平,低楼层 (共18层) 2室2厅 | 69.42平米 | 东南,https://ke-image.ljcdn.com/110000-inspection/pc1_hkhgqkKAN_1.jpg!m_fill,w_280,h_210,f_jpg?from=ke.com
20240926,西城,天宁寺,101126246965,鸭子桥北里 3室1厅 南 北,567万,99842元/平,中楼层 (共5层) | 1980年 | 3室1厅 | 56.79平米 | 南 北,https://ke-image.ljcdn.com/110000-inspection/pc1_dZoRx05Pr_1.jpg!m_fill,w_280,h_210,f_jpg?from=ke.com
20240926,西城,天宁寺,101126204744,满五年唯一购房成本低精装修可直接入住,795万,81380元/平,高楼层 (共6层) 3室1厅 | 97.69平米 | 东 西,https://ke-image.ljcdn.com/110000-inspection/a37e5e08-7f34-42fe-88e1-cccc0d9edbb3_1000.jpg!m_fill,w_280,h_210,f_jpg?from=ke.com
20240926,西城,天宁寺,101126148448,广安门外车站东街 2室1厅 南 北,589万,105273元/平,中楼层 (共6层) 2室1厅 | 55.95平米 | 南 北,https://ke-image.ljcdn.com/110000-inspection/pc1_pUzJKzBTi_1.jpg!m_fill,w_280,h_210,f_jpg?from=ke.com
20240926,西城,天宁寺,101126142191,广安门外南街 3室1厅 西北,680万,92568元/平,低楼层 (共6层) | 1992年 | 3室1厅 | 73.46平米 | 西北,https://ke-image.ljcdn.com/110000-inspection/pc1_VayLkLNu6_1.jpg!m_fill,w_280,h_210,f_jpg?from=ke.com
20240926,西城,天宁寺,101126059146,西城广安门天宁寺永居胡同精装一居室房主自荐,358万,88923元/平,中楼层 (共6层) | 1985年 | 1室1厅 | 40.26平米 | 南,https://ke-image.ljcdn.com/110000-inspection/pc1_5WiVAMS5i.jpg!m_fill,w_280,h_210,f_jpg?from=ke.com
20240926,西城,天宁寺,101125888947,人车分流花园洋房六层板楼带电梯业主诚心出售,1240万,105559元/平,顶层 (共6层) | 2005年 | 2室1厅 | 117.47平米 | 南,https://ke-image.ljcdn.com/110000-inspection/pc1_guce00lPj_1.jpg!m_fill,w_280,h_210,f_jpg?from=ke.com
20240926,西城,天宁寺,101125810438,广安门外大街 1室1厅 东,488万,89805元/平,高楼层 (共18层) 1室1厅 | 54.34平米 | 东,https://ke-image.ljcdn.com/110000-inspection/pc1_juZwGJ0P8_1.jpg!m_fill,w_280,h_210,f_jpg?from=ke.com
20240926,西城,天宁寺,101125500717,椿树馆精装修 小两居有厅 户型方正 非顶层,450万,83706元/平,高楼层 (共6层) 2室1厅 | 53.76平米 | 东 西,https://ke-image.ljcdn.com/110000-inspection/pc1_OdQPjohRI_1.jpg!m_fill,w_280,h_210,f_jpg?from=ke.com
20240926,西城,天宁寺,101125468336,西城椿树馆 南北通透两居室 满五年唯一,520万,96727元/平,顶层 (共6层) 2室1厅 | 53.76平米 | 南 北,https://ke-image.ljcdn.com/110000-inspection/pc1_eKol3s1UN_1.jpg!m_fill,w_280,h_210,f_jpg?from=ke.com
20240926,西城,天宁寺,101125457728,源屋曲 3室2厅 南 北,1649万,151675元/平,底层 (共6层) | 2005年 | 3室2厅 | 108.72平米 | 南 北,https://ke-image.ljcdn.com/110000-inspection/pc1_HHN8EVMVJ.jpg!m_fill,w_280,h_210,f_jpg?from=ke.com
20240926,西城,天宁寺,101125448405,广外南街50号院 2室1厅 东南,550万,81349元/平,底层 (共22层) 2室1厅 | 67.61平米 | 东南,https://ke-image.ljcdn.com/110000-inspection/pc1_mnZPDr3u0_1.jpg!m_fill,w_280,h_210,f_jpg?from=ke.com
20240926,西城,天宁寺,101125413292,广安门外南街 86年 满五年 东西通透,460万,95436元/平,高楼层 (共6层) 2室1厅 | 48.2平米 | 东 西,https://ke-image.ljcdn.com/110000-inspection/pc1_raRE0EbZT_1.jpg!m_fill,w_280,h_210,f_jpg?from=ke.com
20240926,西城,天宁寺,101125412917,满五年唯一南北通透格局大客厅有边窗光线好,558万,81046元/平,顶层 (共6层) | 1988年 | 2室1厅 | 68.85平米 | 南 北 东,https://ke-image.ljcdn.com/110000-inspection/pc1_XRdCXcPUu_1.jpg!m_fill,w_280,h_210,f_jpg?from=ke.com
20240926,西城,天宁寺,101125181799,椿树馆有电梯高楼层采光好新装修拎包入住房主自荐,574万,90623元/平,顶层 (共18层) | 1995年 | 2室1厅 | 63.34平米 | 东 北,https://ke-image.ljcdn.com/110000-inspection/pc1_EcJO0GTXG_1.jpg!m_fill,w_280,h_210,f_jpg?from=ke.com
20240926,西城,天宁寺,101125122034,白菜湾社区 2室1厅 南 北,565万,96253元/平,低楼层 (共6层) 2室1厅 | 58.7平米 | 南 北,https://ke-image.ljcdn.com/110000-inspection/pc1_77glS632u_1.jpg!m_fill,w_280,h_210,f_jpg?from=ke.com
20240926,西城,天宁寺,101125063452,广安苑一期 低楼层  南北通透两居室 无遮挡,775万,107684元/平,低楼层 (共11层) | 1999年 | 2室1厅 | 71.97平米 | 南 北,https://ke-image.ljcdn.com/110000-inspection/pc1_U5wwT11KT_1.jpg!m_fill,w_280,h_210,f_jpg?from=ke.com
20240926,西城,天宁寺,101124908124,广安门外车站东街 满二年 采光好 上有坡屋顶,508万,87032元/平,顶层 (共6层) | 1992年 | 2室1厅 | 58.37平米 | 南 北,https://ke-image.ljcdn.com/110000-inspection/pc1_jVshMwtv9_1.jpg!m_fill,w_280,h_210,f_jpg?from=ke.com
20240926,西城,天宁寺,101124651850,此房满五家庭北京一套 高楼层东南朝向采光视,710万,102424元/平,高楼层 (共18层) 2室1厅 | 69.32平米 | 南,https://ke-image.ljcdn.com/110000-inspection/pc1_oiWFrNKYb_2.jpg!m_fill,w_280,h_210,f_jpg?from=ke.com
20240926,西城,天宁寺,101124651174,广安苑一期 精装两居 诚心出售 价格可议,468万,80055元/平,顶层 (共6层) 2室1厅 | 58.46平米 | 东北,https://ke-image.ljcdn.com/110000-inspection/pc1_2WNTNFMkB_1.jpg!m_fill,w_280,h_210,f_jpg?from=ke.com
20240926,西城,天宁寺,101124350613,湾子地铁口电梯直达有管理南北两居室,460万,79834元/平,顶层 (共12层) 2室0厅 | 57.62平米 | 南 北,https://ke-image.ljcdn.com/110000-inspection/pc1_p0n4qLa5j.jpg!m_fill,w_280,h_210,f_jpg?from=ke.com
20240926,西城,天宁寺,101124283474,椿树馆楼龄新有电梯满五年业主诚心出售,665万,95932元/平,高楼层 (共18层) 2室1厅 | 69.32平米 | 南 西,https://ke-image.ljcdn.com/110000-inspection/pc1_2pM7v0SCn_1.jpg!m_fill,w_280,h_210,f_jpg?from=ke.com
20240926,西城,天宁寺,101124152428,立恒名苑 南北通透四居复式 户型方正,1600万,59546元/平,低楼层 (共25层) | 2002年 | 4室1厅 | 268.7平米 | 南 北,https://ke-image.ljcdn.com/110000-inspection/pc1_1TNJb7bNc.jpg!m_fill,w_280,h_210,f_jpg?from=ke.com
20240926,西城,天宁寺,101124135790,天宁寺南里 中间楼层 采光视野无遮挡 成本低,490万,89613元/平,中楼层 (共5层) 2室1厅 | 54.68平米 | 西,https://ke-image.ljcdn.com/110000-inspection/pc1_7pFbc3bKm.jpg!m_fill,w_280,h_210,f_jpg?from=ke.com
20240926,西城,天宁寺,101123951645,白菜湾社区 3室1厅 西北,728万,84436元/平,低楼层 (共6层) | 1992年 | 3室1厅 | 86.22平米 | 西北,https://ke-image.ljcdn.com/110000-inspection/pc1_nWk1E7NID_1.jpg!m_fill,w_280,h_210,f_jpg?from=ke.com
20240926,西城,天宁寺,101123847790,天宁寺前街北里 低楼层两居室 有小区环境 诚心出售,750万,92388元/平,低楼层 (共6层) 2室1厅 | 81.18平米 | 南 北,https://ke-image.ljcdn.com/110000-inspection/pc1_E0wdhEkk7_1.jpg!m_fill,w_280,h_210,f_jpg?from=ke.com
20240926,西城,天宁寺,101123555256,西城区  永居胡同 南北通透 采光好,450万,78466元/平,顶层 (共6层) | 1985年 | 2室1厅 | 57.35平米 | 南 北,https://ke-image.ljcdn.com/110000-inspection/pc1_czTrjh9i2_1.jpg!m_fill,w_280,h_210,f_jpg?from=ke.com
20240926,西城,天宁寺,101123411858,广安苑一期南北向精装修正规两居室。,800万,111158元/平,低楼层 (共11层) | 1999年 | 2室1厅 | 71.97平米 | 南 北,https://ke-image.ljcdn.com/110000-inspection/pc1_ATqVAYlaH_1.jpg!m_fill,w_280,h_210,f_jpg?from=ke.com
20240926,西城,天宁寺,101123360674,广南小区 5室3厅 东南 西,1630万,74624元/平,顶层 (共12层) | 1998年 | 5室3厅 | 218.43平米 | 东南 西,https://ke-image.ljcdn.com/110000-inspection/pc1_nVJ2pb5vV_1.jpg!m_fill,w_280,h_210,f_jpg?from=ke.com
20240926,西城,天宁寺,101123324694,天宁寺西里一居中楼层无遮挡,400万,89767元/平,中楼层 (共6层) 1室1厅 | 44.56平米 | 东 西,https://ke-image.ljcdn.com/110000-inspection/pc1_3xveP3Z2K_1.jpg!m_fill,w_280,h_210,f_jpg?from=ke.com
20240926,西城,天宁寺,101123264117,立恒名苑 5室2厅 南 北,2080万,69755元/平,高楼层 (共25层) | 2002年 | 5室2厅 | 298.19平米 | 南 北,https://ke-image.ljcdn.com/110000-inspection/pc1_pv8tMKtxx_1.jpg!m_fill,w_280,h_210,f_jpg?from=ke.com
20240926,西城,天宁寺,101123241513,天宁寺满五年唯一南北通透四居室 没有遮挡,1200万,82959元/平,高楼层 (共6层) 4室2厅 | 144.65平米 | 南 北,https://ke-image.ljcdn.com/110000-inspection/pc1_lChFpvlDC_1.jpg!m_fill,w_280,h_210,f_jpg?from=ke.com
20240926,西城,天宁寺,101123029428,满五年。看房方便精装修装修布局合理,380万,72368元/平,地下室 (共6层) 2室1厅 | 52.51平米 | 南 北,https://ke-image.ljcdn.com/110000-inspection/pc1_vgzZ9yScQ_1.jpg!m_fill,w_280,h_210,f_jpg?from=ke.com
20240926,西城,天宁寺,101122832662,广安门、广安门外大街197号楼、南向一居、出行方便房主自荐,433万,102195元/平,低楼层 (共6层) 1室1厅 | 42.37平米 | 南,https://ke-image.ljcdn.com/110000-inspection/pc1_lbulP6TjZ.jpg!m_fill,w_280,h_210,f_jpg?from=ke.com
20240926,西城,天宁寺,101122796761,立恒名苑 南滨河路23号 户型方正,690万,71756元/平,低楼层 (共24层) | 2002年 | 2室1厅 | 96.16平米 | 东 南 北,https://ke-image.ljcdn.com/110000-inspection/pc1_ldU8OzbzM_1.jpg!m_fill,w_280,h_210,f_jpg?from=ke.com
20240926,西城,天宁寺,101122709850,广安门外大街411号楼满五年、唯一 南北2居、诚意出售房主自荐,425万,76993元/平,低楼层 (共6层) | 1982年 | 2室1厅 | 55.2平米 | 南 北,https://ke-image.ljcdn.com/110000-inspection/pc1_EpsACgmGN_1.jpg!m_fill,w_280,h_210,f_jpg?from=ke.com
20240926,西城,天宁寺,101122658605,椿树馆附近电梯直达面积大总价合适,440万,74388元/平,高楼层 (共13层) | 1998年 | 1室1厅 | 59.15平米 | 东,https://ke-image.ljcdn.com/110000-inspection/pc1_HUSq4W3Uu_1.jpg!m_fill,w_280,h_210,f_jpg?from=ke.com
20240926,西城,天宁寺,101122422286,广安门 天宁寺 小区绿化面积高 楼龄新刚可以交易,668万,80794元/平,顶层 (共6层) 2室1厅 | 82.68平米 | 南 北,https://ke-image.ljcdn.com/110000-inspection/pc1_DTfLVdg2O_1.jpg!m_fill,w_280,h_210,f_jpg?from=ke.com
20240926,西城,天宁寺,101122389883,广外南街63号院  广安门天宁寺 高层电梯三居室 视野好,879万,87289元/平,顶层 (共20层) | 2001年 | 3室2厅 | 100.7平米 | 西南 北,https://ke-image.ljcdn.com/110000-inspection/pc1_WGejn3tx1_1.jpg!m_fill,w_280,h_210,f_jpg?from=ke.com
20240926,西城,天宁寺,101122369509,立恒名苑 4室2厅 南 北,1880万,66952元/平,中楼层 (共25层) | 2002年 | 4室2厅 | 280.8平米 | 南 北,https://ke-image.ljcdn.com/110000-inspection/0466ee03-993b-4379-b7b8-1ac8105677ad_1000.jpg!m_fill,w_280,h_210,f_jpg?from=ke.com
20240926,西城,天宁寺,101122366556,满五唯一 中间楼层 精装修 小区管理好 带免费车位,468万,92018元/平,中楼层 (共5层) 2室0厅 | 50.86平米 | 南,https://ke-image.ljcdn.com/110000-inspection/pc1_jYkYAjmlT_1.jpg!m_fill,w_280,h_210,f_jpg?from=ke.com
20240926,西城,天宁寺,101122336276,白云桥 南北通透 中间三层 央产房可多贷款,720万,91697元/平,中楼层 (共6层) | 1992年 | 2室1厅 | 78.52平米 | 南 北,https://ke-image.ljcdn.com/110000-inspection/pc1_sfEX4N9S8_1.jpg!m_fill,w_280,h_210,f_jpg?from=ke.com
20240926,西城,天宁寺,101122289356,白菜湾四巷17号院正规一居室诚心出售,385万,102041元/平,底层 (共6层) 1室1厅 | 37.73平米 | 南,https://ke-image.ljcdn.com/110000-inspection/pc1_2h0az9gs7_1.jpg!m_fill,w_280,h_210,f_jpg?from=ke.com
20240926,西城,天宁寺,101122273304,源屋曲 平层三居室 采光充足 视野开阔,1549万,115365元/平,低楼层 (共21层) | 2005年 | 3室2厅 | 134.27平米 | 南 北,https://ke-image.ljcdn.com/110000-inspection/pc1_SkbmPZqdn_1.jpg!m_fill,w_280,h_210,f_jpg?from=ke.com
20240926,西城,天宁寺,101122220808,电建央产房 单价低8.1万/平米 满五年唯一成本低,520万,79511元/平,顶层 (共6层) 2室1厅 | 65.4平米 | 西,https://ke-image.ljcdn.com/110000-inspection/pc1_NcW5Fx1Ot.jpg!m_fill,w_280,h_210,f_jpg?from=ke.com
20240926,西城,天宁寺,101122120657,天宁寺东里两居全明格局无遮挡,450万,94997元/平,顶层 (共5层) 2室1厅 | 47.37平米 | 东 西,https://ke-image.ljcdn.com/110000-inspection/pc1_R4FnzqjVu_1.jpg!m_fill,w_280,h_210,f_jpg?from=ke.com
20240926,西城,天宁寺,101122112558,广安门 天宁寺 南北通透两居采光好,510万,88913元/平,中楼层 (共6层) | 1984年 | 2室1厅 | 57.36平米 | 南 北,https://ke-image.ljcdn.com/110000-inspection/pc1_QY07p6RWW_1.jpg!m_fill,w_280,h_210,f_jpg?from=ke.com
20240926,西城,天宁寺,101122105463,此近地铁明厨明卫两车位其中1充电桩已经安装好了,860万,97088元/平,中楼层 (共18层) 3室1厅 | 88.58平米 | 西南 北,https://ke-image.ljcdn.com/110000-inspection/pc1_n2VNvrO0i_1.jpg!m_fill,w_280,h_210,f_jpg?from=ke.com
20240926,西城,天宁寺,101122088627,广安门 天宁寺 面积大方正 对小区花园 视野好,350万,78599元/平,高楼层 (共6层) 1室1厅 | 44.53平米 | 东,https://ke-image.ljcdn.com/110000-inspection/pc1_iedjsJFYb_1.jpg!m_fill,w_280,h_210,f_jpg?from=ke.com
20240926,西城,天宁寺,101122022931,源屋曲 3室2厅 南 北,2400万,175439元/平,底层 (共6层) 3室2厅 | 136.8平米 | 南 北,https://ke-image.ljcdn.com/110000-inspection/9745671b-ec89-46d0-8125-b42c1e727f2f_1000.jpg!m_fill,w_280,h_210,f_jpg?from=ke.com
20240926,西城,天宁寺,101121940178,天宁寺前街南里 南北通透 满五年单位分房,600万,74841元/平,顶层 (共6层) 2室1厅 | 80.17平米 | 北 南,https://ke-image.ljcdn.com/110000-inspection/pc1_qg0cKxsIN_1.jpg!m_fill,w_280,h_210,f_jpg?from=ke.com
20240926,西城,天宁寺,101121857506,白云桥天宁寺正规一居低总 价满五唯一有钥匙。,335万,75180元/平,中楼层 (共6层) 1室1厅 | 44.56平米 | 东 西,https://ke-image.ljcdn.com/110000-inspection/pc1_Z7XTe7vz6_1.jpg!m_fill,w_280,h_210,f_jpg?from=ke.com
20240926,西城,天宁寺,101121800234,椿树馆 房改房 2002年有电梯 两居 车位相对充足,950万,103599元/平,中楼层 (共23层) | 2002年 | 2室1厅 | 91.7平米 | 西南,https://ke-image.ljcdn.com/110000-inspection/pc1_oud6pf5J8_1.jpg!m_fill,w_280,h_210,f_jpg?from=ke.com
20240926,西城,天宁寺,101121503286,椿树馆 精装修  东西小两居  广外南街,499万,93429元/平,底层 (共6层) | 1980年 | 2室1厅 | 53.41平米 | 东 西,https://ke-image.ljcdn.com/110000-inspection/pc1_n6DiispCD_1.jpg!m_fill,w_280,h_210,f_jpg?from=ke.com
20240926,西城,天宁寺,101121445995,广安门外南街 低楼层 椿树馆街 广安门外大街,505万,88597元/平,中楼层 (共6层) 2室1厅 | 57平米 | 东 西,https://ke-image.ljcdn.com/110000-inspection/pc1_flnVSgqFQ_1.jpg!m_fill,w_280,h_210,f_jpg?from=ke.com
20240926,西城,天宁寺,101121346962,店长推荐 广安门外南街 环境好 楼龄新 总价不高,504万,84863元/平,顶层 (共6层) | 1992年 | 2室1厅 | 59.39平米 | 东 西,https://ke-image.ljcdn.com/110000-inspection/pc1_847kkxlRj_1.jpg!m_fill,w_280,h_210,f_jpg?from=ke.com
20240926,西城,天宁寺,101121191070,广安门 天宁寺东里 半地下两居 购房成本低,320万,60941元/平,地下室 (共6层) | 1984年 | 2室1厅 | 52.51平米 | 南 北,https://ke-image.ljcdn.com/110000-inspection/pc1_m2mGpfIkw.jpg!m_fill,w_280,h_210,f_jpg?from=ke.com
20240926,西城,天宁寺,101121096953,本房楼龄新、带电梯、单价低正规四居室,1666万,66423元/平,低楼层 (共24层) | 2002年 | 4室2厅 | 250.82平米 | 东南,https://ke-image.ljcdn.com/110000-inspection/pc1_Vs2P0uvC0_1.jpg!m_fill,w_280,h_210,f_jpg?from=ke.com
20240926,西城,天宁寺,101120960964,西城椿树馆   东西通透 楼龄新 采光好,499万,99107元/平,顶层 (共6层) | 1992年 | 1室1厅 | 50.35平米 | 东 西,https://ke-image.ljcdn.com/110000-inspection/pc1_LVrfLCPAi_1.jpg!m_fill,w_280,h_210,f_jpg?from=ke.com
20240926,西城,天宁寺,101120941834,车站东街15号院椿树馆单片南北通透中高楼层,450万,78166元/平,高楼层 (共6层) 2室1厅 | 57.57平米 | 南 北,https://ke-image.ljcdn.com/110000-inspection/b773aafb-256d-443f-999f-5a04b12f1c11_1000.jpg!m_fill,w_280,h_210,f_jpg?from=ke.com
20240926,西城,天宁寺,101120800183,贵都国际 3室0厅 东,570万,39947元/平,低楼层 (共20层) | 2007年 | 3室0厅 | 142.69平米 | 东,https://ke-image.ljcdn.com/110000-inspection/pc1_xlf0XJyBe_1.jpg!m_fill,w_280,h_210,f_jpg?from=ke.com
20240926,西城,天宁寺,101120746065,椿树馆广安门住宅小区南北通透96年板楼,599万,96241元/平,高楼层 (共6层) 2室1厅 | 62.24平米 | 南 北,https://ke-image.ljcdn.com/110000-inspection/pc1_BtQn8sJOJ_1.jpg!m_fill,w_280,h_210,f_jpg?from=ke.com
20240926,西城,天宁寺,101119780866,田字格户型  精装修  封闭式小区,688万,100733元/平,底层 (共5层) 3室1厅 | 68.3平米 | 南 北,https://ke-image.ljcdn.com/110000-inspection/pc1_7FF2rfDDi_1.jpg!m_fill,w_280,h_210,f_jpg?from=ke.com
20240926,西城,天宁寺,101119766087,西城广安门外南街 椿树馆单片 中间楼层,545万,100870元/平,中楼层 (共6层) 2室1厅 | 54.03平米 | 东 西,https://ke-image.ljcdn.com/110000-inspection/pc1_4ehXc7kNf_1.jpg!m_fill,w_280,h_210,f_jpg?from=ke.com
20240926,西城,天宁寺,101119653277,西城区西二环边椿树馆街道全南大平层视野好采光好诚售,1330万,75483元/平,低楼层 (共23层) 3室2厅 | 176.2平米 | 东 东南 南,https://ke-image.ljcdn.com/110000-inspection/pc1_LUJ6SK6y7_1.jpg!m_fill,w_280,h_210,f_jpg?from=ke.com
20240926,西城,天宁寺,101119306518,贵都国际 1室1厅 西南,520万,38937元/平,中楼层 (共20层) | 2007年 | 1室1厅 | 133.55平米 | 西南,https://ke-image.ljcdn.com/110000-inspection/pc1_YEteu4fkq_1.jpg!m_fill,w_280,h_210,f_jpg?from=ke.com
20240926,西城,天宁寺,101119068929,椿树馆街 有电梯 满二年 东向正规一居室 装修好,558万,98954元/平,高楼层 (共12层) | 1998年 | 1室1厅 | 56.39平米 | 东,https://ke-image.ljcdn.com/110000-inspection/pc1_4NXeZpcXH.jpg!m_fill,w_280,h_210,f_jpg?from=ke.com
20240926,西城,天宁寺,101118868745,椿树馆 小三居 房改房 带租赁车位,458万,90964元/平,底层 (共6层) 3室1厅 | 50.35平米 | 东北,https://ke-image.ljcdn.com/110000-inspection/5467f111-61ef-4f46-b236-39387c70d638_1000.jpg!m_fill,w_280,h_210,f_jpg?from=ke.com
20240926,西城,天宁寺,101118701462,椿树馆街35号院车站东街椿树馆街广安门外南街,618万,100017元/平,高楼层 (共6层) 2室1厅 | 61.79平米 | 南 北,https://ke-image.ljcdn.com/110000-inspection/pc1_zEpWCXqB2_1.jpg!m_fill,w_280,h_210,f_jpg?from=ke.com
20240926,西城,天宁寺,101118626343,西城椿树馆 南北双通透格局 精装 明厨明卫,832万,106996元/平,低楼层 (共6层) | 1983年 | 3室1厅 | 77.76平米 | 南 北,https://ke-image.ljcdn.com/110000-inspection/pc1_qI5qiQyON.jpg!m_fill,w_280,h_210,f_jpg?from=ke.com
20240926,西城,天宁寺,101118460211,广外南街67号院 椿树馆街 广安门外南街 广安门外大街,480万,88873元/平,高楼层 (共6层) | 1991年 | 1室1厅 | 54.01平米 | 南 北,https://ke-image.ljcdn.com/110000-inspection/pc1_Dij7p5JVc_1.jpg!m_fill,w_280,h_210,f_jpg?from=ke.com
20240926,西城,天宁寺,101118135138,带电梯 住宅性质 2007年建成,828万,39523元/平,中楼层 (共20层) | 2007年 | 1室1厅 | 209.5平米 | 东 北,https://ke-image.ljcdn.com/110000-inspection/pc1_xdkRZY4LU_1.jpg!m_fill,w_280,h_210,f_jpg?from=ke.com
20240926,西城,天宁寺,101118025217,老旧小区改造模范南北通透户型方正诚心出售,559万,96864元/平,高楼层 (共6层) 2室1厅 | 57.71平米 | 南 北,https://ke-image.ljcdn.com/110000-inspection/pc1_ME4Jg06dU.jpg!m_fill,w_280,h_210,f_jpg?from=ke.com
20240926,西城,天宁寺,101117786749,立恒名苑 4室2厅 南 北,1788.67万,68000元/平,低楼层 (共23层) | 2002年 | 4室2厅 | 263.04平米 | 南 北,https://ke-image.ljcdn.com/110000-inspection/pc1_u3AT4UVNb_1.jpg!m_fill,w_280,h_210,f_jpg?from=ke.com
20240926,西城,天宁寺,101117703894,此房满五唯一湾子地铁口电梯直达有管理南北两居室,470万,79851元/平,低楼层 (共12层) 2室1厅 | 58.86平米 | 南 北,https://ke-image.ljcdn.com/110000-inspection/pc1_YE0u6LwEu_1.jpg!m_fill,w_280,h_210,f_jpg?from=ke.com
20240926,西城,天宁寺,101126554574,白云桥南 南北通透 中间楼层 小区中间位置,798万,81546元/平,中楼层 (共6层) | 1990年 | 3室2厅 | 97.86平米 | 南 北,https://s1.ljcdn.com/pegasus/redskull/images/common/default_house_list.png?_v=20240826145726
20240926,西城,天宁寺,101126483909,西城   天宁寺   朝东一居室,349万,97678元/平,顶层 (共5层) 1室1厅 | 35.73平米 | 东,https://s1.ljcdn.com/pegasus/redskull/images/common/default_house_list.png?_v=20240826145726
20240926,西城,天宁寺,101126313584,广安门外南街 3室2厅 西房主自荐,528万,74503元/平,顶层 (共3层) 3室2厅 | 70.87平米 | 西,https://s1.ljcdn.com/pegasus/redskull/images/common/default_house_list.png?_v=20240826145726
20240926,西城,天宁寺,101126118442,精选广外大街南北两居交通便利户型方正视野好,640万,92473元/平,中楼层 (共12层) 2室1厅 | 69.21平米 | 北 南 东,https://s1.ljcdn.com/pegasus/redskull/images/common/default_house_list.png?_v=20240826145726
20240926,西城,天宁寺,101125753120,西二环 椿树馆 2000以后建成 带电梯,820万,89423元/平,低楼层 (共23层) 2室2厅 | 91.7平米 | 西南,https://s1.ljcdn.com/pegasus/redskull/images/common/default_house_list.png?_v=20240826145726
20240926,西城,天宁寺,101125600475,天宁寺北里  南北2居  全明格局  双卧朝南,525万,79921元/平,顶层 (共5层) | 1991年 | 2室1厅 | 65.69平米 | 南 北,https://s1.ljcdn.com/pegasus/redskull/images/common/default_house_list.png?_v=20240826145726
20240926,西城,天宁寺,101125218747,车站东街15号院 2室1厅 东南,409万,77389元/平,高楼层 (共6层) 2室1厅 | 52.85平米 | 东南,https://s1.ljcdn.com/pegasus/redskull/images/common/default_house_list.png?_v=20240826145726
20240926,西城,天宁寺,101123664235,西二环 广安门天宁寺西里南北通透两居,743万,90544元/平,顶层 (共6层) 2室1厅 | 82.06平米 | 南 北,https://s1.ljcdn.com/pegasus/redskull/images/common/default_house_list.png?_v=20240826145726
20240926,西城,天宁寺,101123381907,广南小区 2室1厅 东 西,588万,79968元/平,中楼层 (共13层) 2室1厅 | 73.53平米 | 东 西,https://s1.ljcdn.com/pegasus/redskull/images/common/default_house_list.png?_v=20240826145726
20240926,西城,天宁寺,101122349160,天宁寺东里 1室1厅 东,330万,93037元/平,中楼层 (共5层) 1室1厅 | 35.47平米 | 东,https://s1.ljcdn.com/pegasus/redskull/images/common/default_house_list.png?_v=20240826145726
20240926,西城,天宁寺,101121618982,天宁寺西里  南北2居  中间楼层  小区中间,580万,99537元/平,中楼层 (共6层) 2室1厅 | 58.27平米 | 南 北,https://s1.ljcdn.com/pegasus/redskull/images/common/default_house_list.png?_v=20240826145726
20240926,西城,天宁寺,101121385743,贵都国际 带电梯  住宅 2006年建成,519万,42971元/平,高楼层 (共20层) | 2007年 | 1室0厅 | 120.78平米 | 西,https://s1.ljcdn.com/pegasus/redskull/images/common/default_house_list.png?_v=20240826145726
20240926,西城,天宁寺,101121385640,贵都国际  2006年建成  带电梯 住宅性质,780万,42950元/平,高楼层 (共20层) | 2007年 | 1室1厅 | 181.61平米 | 东北,https://s1.ljcdn.com/pegasus/redskull/images/common/default_house_list.png?_v=20240826145726
20240926,西城,天宁寺,101120193581,房子满五年南北通透96年板楼不临街不临铁路,565万,89983元/平,高楼层 (共6层) 2室1厅 | 62.79平米 | 南 北,https://s1.ljcdn.com/pegasus/redskull/images/common/default_house_list.png?_v=20240826145726
20240926,西城,天宁寺,101119306465,贵都国际 1室1厅 东,470万,44517元/平,中楼层 (共20层) | 2007年 | 1室1厅 | 105.58平米 | 东,https://s1.ljcdn.com/pegasus/redskull/images/common/default_house_list.png?_v=20240826145726
20240926,西城,天宁寺,101118924228,贵都国际 西向一居 视野开阔 户型方正 采光充足,459万,64767元/平,高楼层 (共20层) | 2007年 | 2室1厅 | 70.87平米 | 西,https://s1.ljcdn.com/pegasus/redskull/images/common/default_house_list.png?_v=20240826145726
20240926,西城,天宁寺,101118669414,北京铁路局分房满五年户型方正业主诚心出售,480万,84627元/平,中楼层 (共6层) 2室1厅 | 56.72平米 | 西北,https://s1.ljcdn.com/pegasus/redskull/images/common/default_house_list.png?_v=20240826145726
