20240910,海淀,军博,101126027474,此房满五年唯一明厨明卫小区环境好人文素质高必看好房,318万,90341元/平,底层 (共6层) | 1990年 | 1室1厅 | 35.2平米 | 南,https://ke-image.ljcdn.com/110000-inspection/pc1_3DVKvsi88_1.jpg!m_fill,w_280,h_210,f_jpg?from=ke.com
20240910,海淀,军博,101125870459,北蜂窝63号院 一居室 满五唯一 随时签约必看好房,283万,73545元/平,顶层 (共6层) 1室1厅 | 38.48平米 | 东,https://ke-image.ljcdn.com/110000-inspection/d4dd4ce7-f695-4856-b6d4-8b92f7d049d1_1000.jpg!m_fill,w_280,h_210,f_jpg?from=ke.com
20240910,海淀,军博,101125821547,北蜂窝 南向两居 采光好 中间层 出行便利必看好房,355万,84888元/平,中楼层 (共5层) 2室1厅 | 41.82平米 | 南,https://ke-image.ljcdn.com/110000-inspection/pc1_U8ixvN96C_1.jpg!m_fill,w_280,h_210,f_jpg?from=ke.com
20240910,海淀,军博,101125690154,羊坊店路3号院新华社小区电梯房两居室 南向采光视野必看好房,600万,91422元/平,中楼层 (共11层) | 1989年 | 2室1厅 | 65.63平米 | 南 北,https://ke-image.ljcdn.com/110000-inspection/pc1_WtaI2xMJm_2.jpg!m_fill,w_280,h_210,f_jpg?from=ke.com
20240910,海淀,军博,101125510443,1%服务费 军博地铁站 新华社单位 电梯两居室必看好房,460万,80773元/平,顶层 (共14层) 2室1厅 | 56.95平米 | 东,https://ke-image.ljcdn.com/110000-inspection/pc1_si7htvdKL_1.jpg!m_fill,w_280,h_210,f_jpg?from=ke.com
20240910,海淀,军博,101126398103,电信小区必看好房,480万,84181元/平,中楼层 (共5层) | 1979年 | 2室1厅 | 57.02平米 | 南 北,https://ke-image.ljcdn.com/110000-inspection/pc1_uzCVWaWIp_1.jpg!m_fill,w_280,h_210,f_jpg?from=ke.com
20240910,海淀,军博,101126307487,羊坊店电信宿舍西北明厨采光视野号看房方便必看好房,325万,58349元/平,顶层 (共6层) 2室1厅 | 55.7平米 | 西北,https://ke-image.ljcdn.com/110000-inspection/pc1_Ukv9c2n2j_1.jpg!m_fill,w_280,h_210,f_jpg?from=ke.com
20240910,海淀,军博,101125927471,北蜂窝中路8号院中间楼层东西通透必看好房,528万,79699元/平,低楼层 (共6层) 3室1厅 | 66.25平米 | 东 西,https://ke-image.ljcdn.com/110000-inspection/pc1_Y7i7q8ocC_1.jpg!m_fill,w_280,h_210,f_jpg?from=ke.com
20240910,海淀,军博,101125824642,满五年唯一 南北通透三居室 全明格局房主自荐,660万,95239元/平,高楼层 (共6层) 3室1厅 | 69.3平米 | 南 北,https://ke-image.ljcdn.com/110000-inspection/a6aa62ea-a120-4897-a55f-15ddc1e464e9_1000.jpg!m_fill,w_280,h_210,f_jpg?from=ke.com
20240910,海淀,军博,101125768785,会城门 发改委 新上三居 带电梯 双阳台 满五唯一,688万,83597元/平,顶层 (共15层) | 1991年 | 3室1厅 | 82.3平米 | 东 西 北,https://ke-image.ljcdn.com/110000-inspection/022bca8d-a227-4811-b42a-7f55b62ecfb1_1000.jpg!m_fill,w_280,h_210,f_jpg?from=ke.com
20240910,海淀,军博,101125643325,北蜂窝路15号院 带电梯 楼龄新 采光充足房主自荐,450万,87720元/平,中楼层 (共19层) | 1997年 | 1室1厅 | 51.3平米 | 东,https://ke-image.ljcdn.com/110000-inspection/492a3932-82c0-4be0-a7c1-6b74e1b9da23_1000.jpg!m_fill,w_280,h_210,f_jpg?from=ke.com
20240910,海淀,军博,101125586891,市政宿舍 2室1厅 南 北必看好房,460万,84404元/平,低楼层 (共6层) 2室1厅 | 54.5平米 | 南 北,https://ke-image.ljcdn.com/110000-inspection/pc1_YHnc0nIs6_1.jpg!m_fill,w_280,h_210,f_jpg?from=ke.com
20240910,海淀,军博,101125472416,铁路医院家属院中间楼层精装修三居室必看好房,620万,89081元/平,中楼层 (共6层) 3室1厅 | 69.6平米 | 南 北,https://ke-image.ljcdn.com/110000-inspection/pc1_zZqrPlTHy_1.jpg!m_fill,w_280,h_210,f_jpg?from=ke.com
20240910,海淀,军博,101125372045,会城门小区南北通透两居室满五年成本价购房必看好房,430万,70147元/平,顶层 (共6层) | 1991年 | 2室1厅 | 61.3平米 | 南 北 东,https://ke-image.ljcdn.com/110000-inspection/953ead6a-1a88-4dec-8b18-99d242dd03e2_1000.jpg!m_fill,w_280,h_210,f_jpg?from=ke.com
20240910,海淀,军博,101125294533,新华社小区电梯房精装修南向大一居室 采光视野好,458万,93853元/平,中楼层 (共11层) | 1990年 | 1室1厅 | 48.8平米 | 南 北,https://ke-image.ljcdn.com/110000-inspection/pc1_JNJzLQBEE_1.jpg!m_fill,w_280,h_210,f_jpg?from=ke.com
20240910,海淀,军博,101125214665,水科院 中楼层 全南两居 全明格局 有花园必看好房,559万,106073元/平,中楼层 (共6层) 2室1厅 | 52.7平米 | 南,https://ke-image.ljcdn.com/110000-inspection/245fea79-8c32-42d0-9328-e3730bc983f8_1000.jpg!m_fill,w_280,h_210,f_jpg?from=ke.com
20240910,海淀,军博,101124801131,北蜂窝路5号院满五年唯一商品房楼龄新精装修必看好房,1068万,134968元/平,中楼层 (共17层) 2室1厅 | 79.13平米 | 南,https://ke-image.ljcdn.com/110000-inspection/1c6bde12-1615-48e1-817a-245ee7aa1d9c_1000.jpg!m_fill,w_280,h_210,f_jpg?from=ke.com
20240910,海淀,军博,101124675647,北蜂窝中路2号院 南北通透  双阳台 三居室必看好房,780万,99490元/平,中楼层 (共7层) | 1992年 | 3室1厅 | 78.4平米 | 南 西 北,https://ke-image.ljcdn.com/110000-inspection/pc1_VPq54PKUv.jpg!m_fill,w_280,h_210,f_jpg?from=ke.com
20240910,海淀,军博,101124652516,北蜂窝路5号院 全明格局 三居 一梯两户,1475万,135421元/平,中楼层 (共16层) 3室1厅 | 108.92平米 | 南 北,https://ke-image.ljcdn.com/110000-inspection/72d87dd8-8de8-4239-8916-9fb334eba182_1000.jpg!m_fill,w_280,h_210,f_jpg?from=ke.com
20240910,海淀,军博,101124086762,玉渊潭南路9号院 南北通透 前后花园 满五年央产房必看好房,1560万,145672元/平,底层 (共9层) 2室1厅 | 107.09平米 | 北 南,https://ke-image.ljcdn.com/110000-inspection/pc1_pDYn3oNFh_1.jpg!m_fill,w_280,h_210,f_jpg?from=ke.com
20240910,海淀,军博,101123716296,博望园东南向大四居中间楼层无遮挡必看好房,1578万,81132元/平,低楼层 (共16层) | 2002年 | 4室1厅 | 194.5平米 | 东 南,https://ke-image.ljcdn.com/110000-inspection/pc1_ivjCku8Dj_1.jpg!m_fill,w_280,h_210,f_jpg?from=ke.com
20240910,海淀,军博,101123354877,茂林居小区电梯两居已做改造西长安街沿线,730万,99864元/平,高楼层 (共18层) | 1998年 | 2室1厅 | 73.1平米 | 南,https://ke-image.ljcdn.com/110000-inspection/d539ec37-3fba-414b-9616-9b03eb6a1249_1000.jpg!m_fill,w_280,h_210,f_jpg?from=ke.com
20240910,海淀,军博,101123031415,复兴路乙6号院 满五唯一 不临街 精装修必看好房,580万,95395元/平,高楼层 (共16层) | 1986年 | 2室1厅 | 60.8平米 | 东南,https://ke-image.ljcdn.com/110000-inspection/pc1_38ZsrvP1k_1.jpg!m_fill,w_280,h_210,f_jpg?from=ke.com
20240910,海淀,军博,101126221241,1993年钢混结构 24小时热水 花园小区,896万,112000元/平,底层 (共15层) 3室1厅 | 80平米 | 南 北,https://ke-image.ljcdn.com/110000-inspection/pc1_6GFDFQgtb_1.jpg!m_fill,w_280,h_210,f_jpg?from=ke.com
20240910,海淀,军博,101126111908,莲花池东路9号院 2室1厅  75.58平米 精装必看好房,598万,79122元/平,底层 (共19层) 2室1厅 | 75.58平米 | 西北,https://ke-image.ljcdn.com/110000-inspection/pc1_7J1AXP24E_1.jpg!m_fill,w_280,h_210,f_jpg?from=ke.com
20240910,海淀,军博,101126098749,羊坊店路3号院2015年电梯房四居室 采光视野好,1580万,117333元/平,中楼层 (共6层) 4室2厅 | 134.66平米 | 南 北,https://ke-image.ljcdn.com/110000-inspection/710b13bf-8683-4d7d-ab82-264245fb37e4_1000.jpg!m_fill,w_280,h_210,f_jpg?from=ke.com
20240910,海淀,军博,101126009594,什坊院3号院满五年唯一楼层好视野棒,465万,80145元/平,中楼层 (共6层) 2室1厅 | 58.02平米 | 东北,https://ke-image.ljcdn.com/110000-inspection/3458e4db-80cf-49f3-bb50-a87b18031da1_1000.jpg!m_fill,w_280,h_210,f_jpg?from=ke.com
20240910,海淀,军博,101125915517,羊坊店电信宿舍一句低楼层看好房子诚心出售必看好房,326万,78744元/平,底层 (共6层) | 1989年 | 1室1厅 | 41.4平米 | 南,https://ke-image.ljcdn.com/110000-inspection/pc1_pTIAd7eOi_1.jpg!m_fill,w_280,h_210,f_jpg?from=ke.com
20240910,海淀,军博,101125900802,此房子中间楼层采光好布局合理无浪费无遮挡必看好房,410万,81511元/平,中楼层 (共6层) 2室1厅 | 50.3平米 | 南,https://ke-image.ljcdn.com/110000-inspection/a8228760-742b-4389-8f7a-48458c3b3f70_1000.jpg!m_fill,w_280,h_210,f_jpg?from=ke.com
20240910,海淀,军博,101125465636,北小马厂 新上南北通透明厨明卫精装两居随时看房必看好房,399万,80934元/平,中楼层 (共5层) 2室1厅 | 49.3平米 | 南 北,https://ke-image.ljcdn.com/110000-inspection/pc1_IPl8fDS0i_1.jpg!m_fill,w_280,h_210,f_jpg?from=ke.com
20240910,海淀,军博,101124034745,铁东小区 南北通透 全明格局 一居 中间层 满五唯一房主自荐,395万,95874元/平,中楼层 (共6层) 1室1厅 | 41.2平米 | 南 北,https://ke-image.ljcdn.com/110000-inspection/119a3c5f-6e10-45e8-bec0-ec3f5063810d_1000.jpg!m_fill,w_280,h_210,f_jpg?from=ke.com
20240910,海淀,军博,101117813084,北蜂窝63号院 精装修 满五年 随时签约 小区刚改造,538万,98698元/平,顶层 (共6层) | 1986年 | 2室1厅 | 54.51平米 | 东,https://ke-image.ljcdn.com/110000-inspection/pc1_pg23YvtJH_1.jpg!m_fill,w_280,h_210,f_jpg?from=ke.com
20240910,海淀,军博,101126358715,北京瑞海大厦 1室0厅 西必看好房,135万,26052元/平,低楼层 (共18层) 1室0厅 | 51.82平米 | 西,https://s1.ljcdn.com/pegasus/redskull/images/common/default_house_list.png?_v=20240826145726
20240910,海淀,军博,101126474451,铁东小区 2室0厅 东 西新上,470万,81035元/平,低楼层 (共6层) 2室0厅 | 58平米 | 东 西,https://ke-image.ljcdn.com/110000-inspection/b5a6f527-691f-4670-89bd-d2a75aa188d2_1000.jpg!m_fill,w_280,h_210,f_jpg?from=ke.com
20240910,海淀,军博,101126463224,信悦华庭 2室1厅 西新上,850万,97646元/平,中楼层 (共11层) | 2009年 | 2室1厅 | 87.05平米 | 西,https://ke-image.ljcdn.com/110000-inspection/75da3b32-e9f7-4990-94c8-0de61ce22c34_1000.jpg!m_fill,w_280,h_210,f_jpg?from=ke.com
20240910,海淀,军博,101126407737,博望园2002年西南向正规两居室新上,1025万,102062元/平,低楼层 (共24层) 2室1厅 | 100.43平米 | 西南,https://ke-image.ljcdn.com/110000-inspection/pc1_Fb7VWi6jn_1.jpg!m_fill,w_280,h_210,f_jpg?from=ke.com
20240910,海淀,军博,101126395340,会城门小区 2室1厅 东 西新上,538万,86775元/平,中楼层 (共15层) | 1991年 | 2室1厅 | 62平米 | 东 西,https://ke-image.ljcdn.com/110000-inspection/pc1_f7CUk7ENN_1.jpg!m_fill,w_280,h_210,f_jpg?from=ke.com
20240910,海淀,军博,101126362738,羊坊店路16号院 满五 地铁口 楼层高 视野宽阔新上,530万,78636元/平,顶层 (共18层) 2室1厅 | 67.4平米 | 东 西,https://ke-image.ljcdn.com/110000-inspection/pc1_M8h78ejCC_1.jpg!m_fill,w_280,h_210,f_jpg?from=ke.com
20240910,海淀,军博,101126326759,玉渊潭公园楼上 彩电小区（电视台家属院）人员素质高新上,539万,106733元/平,中楼层 (共24层) 2室1厅 | 50.5平米 | 东 南,https://ke-image.ljcdn.com/110000-inspection/pc1_1mblQ4cSP_1.jpg!m_fill,w_280,h_210,f_jpg?from=ke.com
20240910,海淀,军博,101126326128,玉渊潭南路9号院财政部总局宿舍南北通透大三居房主自荐,2300万,154456元/平,中楼层 (共5层) 3室2厅 | 148.91平米 | 南 北,https://ke-image.ljcdn.com/110000-inspection/3cdd59ee-cd01-4d6b-8ae7-81941aec803c_1000.jpg!m_fill,w_280,h_210,f_jpg?from=ke.com
20240910,海淀,军博,101126323205,铁西小区,310万,78881元/平,中楼层 (共5层) 1室1厅 | 39.3平米 | 南,https://ke-image.ljcdn.com/110000-inspection/595f65e5-e4fb-4d25-a401-603f055df2b6_1000.jpg!m_fill,w_280,h_210,f_jpg?from=ke.com
20240910,海淀,军博,101126304156,北蜂窝中路甲8号院带电梯两室一厅满五唯一,698万,94452元/平,低楼层 (共22层) 2室1厅 | 73.9平米 | 南,https://ke-image.ljcdn.com/110000-inspection/pc1_brBWyJgSB_1.jpg!m_fill,w_280,h_210,f_jpg?from=ke.com
20240910,海淀,军博,101126261936,军博 铁医路1号院（电视台家属院）50万品牌装修,1095万,91175元/平,中楼层 (共6层) 4室2厅 | 120.1平米 | 东 西,https://ke-image.ljcdn.com/110000-inspection/pc1_mYUpIvtYm_1.jpg!m_fill,w_280,h_210,f_jpg?from=ke.com
20240910,海淀,军博,101126244484,南北通透明厨明卫 一梯两户 中间层采光好不遮挡,360万,89776元/平,中楼层 (共6层) 1室1厅 | 40.1平米 | 南 北,https://ke-image.ljcdn.com/110000-inspection/pc1_eE9KAtdvR_1.jpg!m_fill,w_280,h_210,f_jpg?from=ke.com
20240910,海淀,军博,101126239577,海淀羊坊店 新华社家属院  环境好 电梯南向一居,480万,98361元/平,中楼层 (共11层) | 1989年 | 1室1厅 | 48.8平米 | 南,https://ke-image.ljcdn.com/110000-inspection/pc1_8KhD4Hr43_1.jpg!m_fill,w_280,h_210,f_jpg?from=ke.com
20240910,海淀,军博,101126235404,铁西小区全明全南视野采光好,330万,82090元/平,顶层 (共6层) | 1990年 | 1室1厅 | 40.2平米 | 南,https://ke-image.ljcdn.com/110000-inspection/314a1bf3-9f21-494b-8de1-f0f817f6e5a4_1000.jpg!m_fill,w_280,h_210,f_jpg?from=ke.com
20240910,海淀,军博,101126205477,海淀区军博电梯房北蜂窝路5号院铁道部住宅,2400万,139600元/平,中楼层 (共18层) 5室2厅 | 171.92平米 | 南 西 北,https://ke-image.ljcdn.com/110000-inspection/450eda5c-f6c1-4f81-9ff3-71c82502a0ad_1000.jpg!m_fill,w_280,h_210,f_jpg?from=ke.com
20240910,海淀,军博,101126180680,北蜂窝66号院楼龄新采光视野好,535万,94590元/平,顶层 (共6层) 2室1厅 | 56.56平米 | 南 北,https://ke-image.ljcdn.com/110000-inspection/pc1_ReiM52s0C_1.jpg!m_fill,w_280,h_210,f_jpg?from=ke.com
20240910,海淀,军博,101126172262,铁道部2000年央社区新上南北通透大三居南北通,1050万,102160元/平,低楼层 (共14层) 3室2厅 | 102.78平米 | 南 北,https://ke-image.ljcdn.com/110000-inspection/pc1_Dst9OyxEL_1.jpg!m_fill,w_280,h_210,f_jpg?from=ke.com
20240910,海淀,军博,101126092876,羊坊店路3号院高楼层采光好环境好无遮,578万,88801元/平,顶层 (共12层) 2室1厅 | 65.09平米 | 东,https://ke-image.ljcdn.com/110000-inspection/54aaae28-929e-486c-b651-a1ee1da4dae1_1000.jpg!m_fill,w_280,h_210,f_jpg?from=ke.com
20240910,海淀,军博,101126035722,房子中间层采光视野好满五年,340万,82726元/平,中楼层 (共6层) | 1989年 | 1室1厅 | 41.1平米 | 南,https://ke-image.ljcdn.com/110000-inspection/44af0e28-505c-4a8a-ac0f-1c8c3933412a_1000.jpg!m_fill,w_280,h_210,f_jpg?from=ke.com
20240910,海淀,军博,101125986665,北小马厂 南向中间层一居室 户型方正,320万,88643元/平,中楼层 (共5层) 1室1厅 | 36.1平米 | 南,https://ke-image.ljcdn.com/110000-inspection/a0461b1e-8d86-419d-924a-f2dadc42d973_1000.jpg!m_fill,w_280,h_210,f_jpg?from=ke.com
20240910,海淀,军博,101125952000,羊坊店居民楼 1室1厅 南,298万,78836元/平,顶层 (共6层) 1室1厅 | 37.8平米 | 南,https://ke-image.ljcdn.com/110000-inspection/2405f70a-277a-4261-bbc0-f964d3d7525e_1000.jpg!m_fill,w_280,h_210,f_jpg?from=ke.com
20240910,海淀,军博,101125872412,会城门小区南向一居近会城门公园,378万,92196元/平,低楼层 (共6层) 1室1厅 | 41平米 | 南,https://ke-image.ljcdn.com/110000-inspection/pc1_KYExunKf1_1.jpg!m_fill,w_280,h_210,f_jpg?from=ke.com
20240910,海淀,军博,101125867896,北蜂窝路5号院 带电梯近地铁 诚心出售 随时签约,1195万,124922元/平,中楼层 (共16层) | 2009年 | 2室1厅 | 95.66平米 | 南 西,https://ke-image.ljcdn.com/110000-inspection/91860839-8e77-474f-aa37-1cf7e1110dc5_1000.jpg!m_fill,w_280,h_210,f_jpg?from=ke.com
20240910,海淀,军博,101125851386,北蜂窝中路8号院 电信小区 精装修 南北通透诚心卖房主自荐,498万,92911元/平,中楼层 (共5层) 2室1厅 | 53.6平米 | 南 北,https://ke-image.ljcdn.com/110000-inspection/ebfe546c-31b9-4ef2-af18-bd335de41fab_1000.jpg!m_fill,w_280,h_210,f_jpg?from=ke.com
20240910,海淀,军博,101125817023,海淀军博财政部小区南北通透双卫两居室,1499万,139390元/平,底层 (共6层) 2室1厅 | 107.54平米 | 南 北,https://ke-image.ljcdn.com/110000-inspection/9be632db-82a6-4c7a-a44d-4ee0b99a524d_1000.jpg!m_fill,w_280,h_210,f_jpg?from=ke.com
20240910,海淀,军博,101125794600,会城门小区朝西中间楼层无遮挡商品房,380万,81897元/平,中楼层 (共15层) | 1991年 | 1室1厅 | 46.4平米 | 西,https://ke-image.ljcdn.com/110000-inspection/ee9a8925-9734-4d11-ad51-ee8c02d1738a_1000.jpg!m_fill,w_280,h_210,f_jpg?from=ke.com
20240910,海淀,军博,101125727772,西木楼                 铁道部宿舍,435万,68895元/平,底层 (共4层) 2室1厅 | 63.14平米 | 东 西 东北,https://ke-image.ljcdn.com/110000-inspection/d3503f4b-0173-4723-89f4-d6671f92cfd1_1000.jpg!m_fill,w_280,h_210,f_jpg?from=ke.com
20240910,海淀,军博,101125725198,海淀军博茂林居 电梯一居室 近地铁 诚心出售,429万,101901元/平,低楼层 (共18层) 1室1厅 | 42.1平米 | 南 北,https://ke-image.ljcdn.com/110000-inspection/pc1_DJlBSjICX_1.jpg!m_fill,w_280,h_210,f_jpg?from=ke.com
20240910,海淀,军博,101125705835,市政宿舍 2室1厅 南,449万,82085元/平,中楼层 (共6层) 2室1厅 | 54.7平米 | 南,https://ke-image.ljcdn.com/110000-inspection/b1d0e693-fae3-461d-a1a6-c1ada96ac76c_1000.jpg!m_fill,w_280,h_210,f_jpg?from=ke.com
20240910,海淀,军博,101125677450,北蜂窝路5号院 南北通透两居 满五唯一采光没问题,1249万,135688元/平,低楼层 (共16层) | 2010年 | 2室1厅 | 92.05平米 | 南 北,https://ke-image.ljcdn.com/110000-inspection/pc1_i5yNzbmYT_1.jpg!m_fill,w_280,h_210,f_jpg?from=ke.com
20240910,海淀,军博,101125674546,北小马厂3号院中间楼层南北向带电梯两居室带地下车库,820万,99274元/平,中楼层 (共8层) 2室2厅 | 82.6平米 | 南 北,https://ke-image.ljcdn.com/110000-inspection/pc1_aZ0fYZBZV_1.jpg!m_fill,w_280,h_210,f_jpg?from=ke.com
20240910,海淀,军博,101125660098,军博 铁西小区 中间楼层 南北通透,520万,89348元/平,中楼层 (共6层) 2室1厅 | 58.2平米 | 南 北,https://ke-image.ljcdn.com/110000-inspection/pc1_4Xas78PqA_1.jpg!m_fill,w_280,h_210,f_jpg?from=ke.com
20240910,海淀,军博,101125635777,羊坊店路3号院 2室1厅 东 西,579万,84674元/平,顶层 (共14层) 2室1厅 | 68.38平米 | 东 西,https://ke-image.ljcdn.com/110000-inspection/pc1_KBsdJ7TGE_1.jpg!m_fill,w_280,h_210,f_jpg?from=ke.com
20240910,海淀,军博,101125617804,军博中间楼层2居室朝南诚心出售,577万,74936元/平,中楼层 (共5层) 2室0厅 | 77平米 | 南,https://ke-image.ljcdn.com/110000-inspection/cd575953-202c-4ed9-855f-f38bf60f7948_1000.jpg!m_fill,w_280,h_210,f_jpg?from=ke.com
20240910,海淀,军博,101125584664,北蜂窝路5号院 3室1厅 南 北,1400万,145788元/平,中楼层 (共17层) 3室1厅 | 96.03平米 | 南 北,https://ke-image.ljcdn.com/110000-inspection/8bb732a1-66f1-457e-8e46-893dc26b15b7_1000.jpg!m_fill,w_280,h_210,f_jpg?from=ke.com
20240910,海淀,军博,101125499117,海淀军博会城门小区南北通透两居室,428万,69707元/平,顶层 (共6层) 2室1厅 | 61.4平米 | 南 北,https://ke-image.ljcdn.com/110000-inspection/pc1_PYtoe85kT_1.jpg!m_fill,w_280,h_210,f_jpg?from=ke.com
20240910,海淀,军博,101125379160,羊坊店路3号院 南北精装两居室 户型方正 采光好,680万,105036元/平,中楼层 (共12层) 2室1厅 | 64.74平米 | 南 北,https://ke-image.ljcdn.com/110000-inspection/pc1_iE8BgdX6i_1.jpg!m_fill,w_280,h_210,f_jpg?from=ke.com
20240910,海淀,军博,101125372903,有色院西区南北通透三居室前后无遮挡视野采光好。,615万,69808元/平,顶层 (共5层) 3室1厅 | 88.1平米 | 南 北,https://ke-image.ljcdn.com/110000-inspection/pc1_7pz03O7Vl_1.jpg!m_fill,w_280,h_210,f_jpg?from=ke.com
20240910,海淀,军博,101125359200,高档社区中联部新上南北通透明厨明卫精装小两居,830万,131956元/平,低楼层 (共6层) 2室1厅 | 62.9平米 | 南 北,https://ke-image.ljcdn.com/110000-inspection/pc1_o0gbx7skZ_1.jpg!m_fill,w_280,h_210,f_jpg?from=ke.com
20240910,海淀,军博,101125358903,军博电信小区南北向两居室1990年,530万,85182元/平,底层 (共6层) | 1992年 | 2室1厅 | 62.22平米 | 南 北,https://ke-image.ljcdn.com/110000-inspection/pc1_kGXA8zIUB_1.jpg!m_fill,w_280,h_210,f_jpg?from=ke.com
20240910,海淀,军博,101125353953,南北通透大三居大客厅户型好很方正有产权车位,1425万,98808元/平,中楼层 (共10层) | 2010年 | 3室1厅 | 144.22平米 | 南 北,https://ke-image.ljcdn.com/110000-inspection/46f48735-adcf-439a-8e0a-5f1a6a909d31_1000.jpg!m_fill,w_280,h_210,f_jpg?from=ke.com
20240910,海淀,军博,101125233750,玉渊潭南路9号 小区中间位置  前后花园 满五唯一房主自荐,1556万,146214元/平,中楼层 (共6层) 2室1厅 | 106.42平米 | 南 北,https://ke-image.ljcdn.com/110000-inspection/pc1_rnxHyzNrO_1.jpg!m_fill,w_280,h_210,f_jpg?from=ke.com
20240910,海淀,军博,101125189893,2008年新小区中间楼栋带电梯前后不临街,1088万,137496元/平,高楼层 (共17层) 2室1厅 | 79.13平米 | 南,https://ke-image.ljcdn.com/110000-inspection/pc1_2ZwxOg8SE_1.jpg!m_fill,w_280,h_210,f_jpg?from=ke.com
20240910,海淀,军博,101125183077,满五唯一 70年产权住宅  有钥匙 看房随时,312万,53720元/平,中楼层 (共26层) 1室1厅 | 58.08平米 | 北,https://ke-image.ljcdn.com/110000-inspection/8f288947-6150-416f-8af5-8e509015fc6d_1000.jpg!m_fill,w_280,h_210,f_jpg?from=ke.com
20240910,海淀,军博,101125178009,铁东小区电梯双南两居看房随时诚心出售,600万,100335元/平,中楼层 (共16层) 2室1厅 | 59.8平米 | 南,https://ke-image.ljcdn.com/110000-inspection/pc1_IqyOHUarB.jpg!m_fill,w_280,h_210,f_jpg?from=ke.com
20240910,海淀,军博,101125166446,2008年新小区中间楼栋带电梯前后不临街,1090万,137749元/平,中楼层 (共17层) 2室1厅 | 79.13平米 | 东南,https://ke-image.ljcdn.com/110000-inspection/d0a91552-a893-46cd-9f15-270e496c6699_1000.jpg!m_fill,w_280,h_210,f_jpg?from=ke.com
20240910,海淀,军博,101125105612,会城门南向一居室 满五唯一 无遮挡房主自荐,360万,89109元/平,底层 (共6层) 1室1厅 | 40.4平米 | 南,https://ke-image.ljcdn.com/110000-inspection/7ac46ab5-3259-430f-8097-36de3ea5b071_1000.jpg!m_fill,w_280,h_210,f_jpg?from=ke.com
20240910,海淀,军博,101125085848,新上！博望园三居室02年小区满五年商品房！,1210万,109951元/平,底层 (共24层) | 2002年 | 3室1厅 | 110.05平米 | 东北,https://ke-image.ljcdn.com/110000-inspection/7241c5c5-3e0c-415f-a886-c2146535e227_1000.jpg!m_fill,w_280,h_210,f_jpg?from=ke.com
20240910,海淀,军博,101125032816,新上！！！博望园南向一居室02年小区近地铁,700万,106969元/平,低楼层 (共24层) | 2002年 | 1室1厅 | 65.44平米 | 南,https://ke-image.ljcdn.com/110000-inspection/7e98658d-4706-4dad-abc7-8f2551ba36c7_1000.jpg!m_fill,w_280,h_210,f_jpg?from=ke.com
20240910,海淀,军博,101125022154,2009年 铁道部住宅区 带电梯朝南向两室一厅,1100万,142303元/平,高楼层 (共18层) 2室1厅 | 77.3平米 | 南,https://ke-image.ljcdn.com/110000-inspection/22c8f2f3-272f-4dbb-b4e1-7dbaf9a27286_1000.jpg!m_fill,w_280,h_210,f_jpg?from=ke.com
20240910,海淀,军博,101125000803,乔建里 带电梯舒适三居室管理好 配套齐全,820万,96699元/平,高楼层 (共20层) 3室1厅 | 84.8平米 | 东南,https://ke-image.ljcdn.com/110000-inspection/pc1_P7bRzPjwS.jpg!m_fill,w_280,h_210,f_jpg?from=ke.com
20240910,海淀,军博,101124997106,铁东小区 带电梯 精装修2居室  视野好,699万,113475元/平,中楼层 (共16层) 2室1厅 | 61.6平米 | 西北,https://ke-image.ljcdn.com/110000-inspection/e063c338-d462-45a4-aca8-edad68ff8489_1000.jpg!m_fill,w_280,h_210,f_jpg?from=ke.com
20240910,海淀,军博,101124986827,水科院电梯房南向大一居室 采光视野好,625万,134990元/平,中楼层 (共16层) | 1993年 | 1室1厅 | 46.3平米 | 南,https://ke-image.ljcdn.com/110000-inspection/cbe8f73b-99a4-4e7d-84d5-fbbf24098747_1000.jpg!m_fill,w_280,h_210,f_jpg?from=ke.com
20240910,海淀,军博,101124944230,羊坊店路3号院电梯东南两居已做改造房主自荐,580万,101275元/平,中楼层 (共12层) 2室1厅 | 57.27平米 | 东南,https://ke-image.ljcdn.com/110000-inspection/0069eb3d-9e9a-45da-a04d-b53f31c13d88_1000.jpg!m_fill,w_280,h_210,f_jpg?from=ke.com
20240910,海淀,军博,101124908081,中联部 带电梯2室一厅 客厅大,790万,123245元/平,高楼层 (共16层) 2室1厅 | 64.1平米 | 西 北,https://ke-image.ljcdn.com/110000-inspection/ee227c66-45a0-4b5a-87ba-095d49759d83_1000.jpg!m_fill,w_280,h_210,f_jpg?from=ke.com
20240910,海淀,军博,101124893718,铁东小区 精装 南北通透两居 业主诚心出售,500万,93284元/平,顶层 (共6层) 2室1厅 | 53.6平米 | 南 北,https://ke-image.ljcdn.com/110000-inspection/8561710c-71c4-40a5-8bc7-b09dc0d3125c_1000.jpg!m_fill,w_280,h_210,f_jpg?from=ke.com
20240910,海淀,军博,101124889283,茂林居 带电梯 精装修 南北两居室 近地铁 诚心卖,630万,97524元/平,中楼层 (共18层) 2室1厅 | 64.6平米 | 南 北,https://ke-image.ljcdn.com/110000-inspection/264c8989-ddf7-4631-8005-5f2cb3dfc20c_1000.jpg!m_fill,w_280,h_210,f_jpg?from=ke.com
20240910,海淀,军博,101124886249,满五唯一 商品房  有正规客厅 东南 有电梯,560万,89315元/平,低楼层 (共19层) | 1997年 | 2室1厅 | 62.7平米 | 东南,https://ke-image.ljcdn.com/110000-inspection/27d3adb3-e81b-4df8-976c-af9119d3a81f_1000.jpg!m_fill,w_280,h_210,f_jpg?from=ke.com
20240910,海淀,军博,101124835588,乔建里中间楼层三居室精装修这个户型第一次出售。,699万,94844元/平,中楼层 (共6层) 3室1厅 | 73.7平米 | 南 北,https://ke-image.ljcdn.com/110000-inspection/34eaa279-6df2-4d9b-ac24-5583fb430bb0_1000.jpg!m_fill,w_280,h_210,f_jpg?from=ke.com
20240910,海淀,军博,101124723542,水科院小区 南向两居 满五唯一 小区环境好 近地铁,570万,104588元/平,低楼层 (共6层) | 1983年 | 2室1厅 | 54.5平米 | 南,https://ke-image.ljcdn.com/110000-inspection/83198483-7218-4c42-8487-7489eeef9207_1000.jpg!m_fill,w_280,h_210,f_jpg?from=ke.com
20240910,海淀,军博,101124583488,铁东小区 会城门公园旁边 中间层南北通透2居,560万,94277元/平,中楼层 (共6层) 2室1厅 | 59.4平米 | 南 北,https://ke-image.ljcdn.com/110000-inspection/pc1_7BdxoPnfE_1.jpg!m_fill,w_280,h_210,f_jpg?from=ke.com
20240910,海淀,军博,101124579354,南北通透 精装修 带电梯 无遮挡 对着花园 环境好,2150万,149931元/平,低楼层 (共21层) | 2021年 | 3室1厅 | 143.4平米 | 南 北,https://ke-image.ljcdn.com/110000-inspection/pc1_VTXgawii6_1.jpg!m_fill,w_280,h_210,f_jpg?from=ke.com
20240910,海淀,军博,101124472980,北蜂窝30号院 南北通透 楼层好 视野宽阔 满五,530万,86461元/平,中楼层 (共4层) 2室1厅 | 61.3平米 | 南 北,https://ke-image.ljcdn.com/110000-inspection/32b88bbd-8933-478c-ab2e-fb3b59dd5ca8_1000.jpg!m_fill,w_280,h_210,f_jpg?from=ke.com
20240910,海淀,军博,101124472693,小区楼龄新户型方正南北通透诚心卖,1380万,90102元/平,高楼层 (共10层) | 2010年 | 3室1厅 | 153.16平米 | 南 北,https://ke-image.ljcdn.com/110000-inspection/pc1_gFy7S4PjQ_1.jpg!m_fill,w_280,h_210,f_jpg?from=ke.com
20240910,海淀,军博,101124442626,北小马厂3号院 带电梯 户型方正 两居室,849万,105322元/平,顶层 (共8层) 2室1厅 | 80.61平米 | 南,https://ke-image.ljcdn.com/110000-inspection/444f2da6-e5d5-4a7e-9e14-2142432cf19a_1000.jpg!m_fill,w_280,h_210,f_jpg?from=ke.com
20240910,海淀,军博,101124390924,乔建里电梯东南三居室楼层好无遮挡业主诚心出售,820万,92405元/平,高楼层 (共20层) 3室1厅 | 88.74平米 | 东南,https://ke-image.ljcdn.com/110000-inspection/de8093c4-eb03-43e0-ae1c-f11de738019b_1000.jpg!m_fill,w_280,h_210,f_jpg?from=ke.com
20240910,海淀,军博,101124354539,明厨明卫明厅 双阳台 精装修 满五年唯一,640万,79504元/平,高楼层 (共6层) | 1987年 | 3室1厅 | 80.5平米 | 东 西 北,https://ke-image.ljcdn.com/110000-inspection/pc1_rBPGmhWUL_1.jpg!m_fill,w_280,h_210,f_jpg?from=ke.com
20240910,海淀,军博,101124293874,满五年不唯一有电梯采光很好诚心出售,521万,85271元/平,底层 (共16层) | 1998年 | 2室1厅 | 61.1平米 | 东南,https://ke-image.ljcdn.com/110000-inspection/pc1_To8yfexiQ_1.jpg!m_fill,w_280,h_210,f_jpg?from=ke.com
20240910,海淀,军博,101124249522,铁西小区东西向2居室满五年唯一不临街,360万,58920元/平,地下室 (共6层) | 1998年 | 2室1厅 | 61.1平米 | 东 西,https://ke-image.ljcdn.com/110000-inspection/pc1_PzL8WK1np.jpg!m_fill,w_280,h_210,f_jpg?from=ke.com
20240910,海淀,军博,101124225808,军博地铁 博望园 2003年花园小区 满五年商品房,785万,111238元/平,高楼层 (共24层) | 2002年 | 1室1厅 | 70.57平米 | 东南,https://ke-image.ljcdn.com/110000-inspection/f3c841c8-7499-4eff-a061-80a3f3970541_1000.jpg!m_fill,w_280,h_210,f_jpg?from=ke.com
20240910,海淀,军博,101124165094,铁道部央产1997年电梯房南向一室一大厅,445万,89718元/平,高楼层 (共19层) | 1997年 | 1室1厅 | 49.6平米 | 南,https://ke-image.ljcdn.com/110000-inspection/038ec4cd-debc-4bd6-a963-42457abbd3ad_1000.jpg!m_fill,w_280,h_210,f_jpg?from=ke.com
20240910,海淀,军博,101124095355,铁东优质两居 无浪费面积 舒适方便 近公园河边,439万,85910元/平,中楼层 (共5层) | 1979年 | 2室1厅 | 51.1平米 | 东,https://ke-image.ljcdn.com/110000-inspection/4188c431-f154-4f8d-be6e-958eacb64b4d_1000.jpg!m_fill,w_280,h_210,f_jpg?from=ke.com
20240910,海淀,军博,101124086472,铁医路1号院 满五唯一 1998年 南北向4居室,980万,86497元/平,高楼层 (共6层) 4室1厅 | 113.3平米 | 南 北,https://ke-image.ljcdn.com/110000-inspection/75b8c11c-2dd6-4912-8add-e63982704b44_1000.jpg!m_fill,w_280,h_210,f_jpg?from=ke.com
20240910,海淀,军博,101124032383,中间层电梯房两居近地铁看房方便,566万,83977元/平,中楼层 (共18层) 2室1厅 | 67.4平米 | 东,https://ke-image.ljcdn.com/110000-inspection/498b9682-8901-41f8-94b8-7b6cf9ecafea_1000.jpg!m_fill,w_280,h_210,f_jpg?from=ke.com
20240910,海淀,军博,101124027096,满五唯一 精装修 1997年 正南向 拎包入住房主自荐,480万,96580元/平,低楼层 (共19层) | 1997年 | 1室1厅 | 49.7平米 | 南,https://ke-image.ljcdn.com/110000-inspection/bac88ba6-432a-48e0-b77e-c46d09674afc_1000.jpg!m_fill,w_280,h_210,f_jpg?from=ke.com
20240910,海淀,军博,101124009531,海淀 军博 铁西小区 中间层 一居室 采光好 户型方正,288万,87010元/平,中楼层 (共6层) 1室1厅 | 33.1平米 | 东 北,https://ke-image.ljcdn.com/110000-inspection/pc1_hEBSzYFhu_1.jpg!m_fill,w_280,h_210,f_jpg?from=ke.com
20240910,海淀,军博,101124002437,北蜂窝路30号院  南北中楼层两居室 明厨明卫房主自荐,435万,90437元/平,中楼层 (共4层) 2室1厅 | 48.1平米 | 东 南 西,https://ke-image.ljcdn.com/110000-inspection/007537b9-0316-4327-a469-079981fa614f_1000.jpg!m_fill,w_280,h_210,f_jpg?from=ke.com
20240910,海淀,军博,101123999737,乔建里精装电梯3居满五年高层视野采光好,865万,98296元/平,高楼层 (共20层) 3室1厅 | 88平米 | 东北,https://ke-image.ljcdn.com/110000-inspection/91a248a3-07a2-4f7b-a2cd-2e7ba7cda289_1000.jpg!m_fill,w_280,h_210,f_jpg?from=ke.com
20240910,海淀,军博,101123944145,军博电信小区精装修南北向两居室配套齐全,500万,86371元/平,高楼层 (共6层) | 1989年 | 2室1厅 | 57.89平米 | 南 北,https://ke-image.ljcdn.com/110000-inspection/pc1_wwfzpmWbk_1.jpg!m_fill,w_280,h_210,f_jpg?from=ke.com
20240910,海淀,军博,101123927849,会城门小区 中高层南向一居室 采光好 户型方正,390万,96535元/平,高楼层 (共6层) 1室1厅 | 40.4平米 | 南,https://ke-image.ljcdn.com/110000-inspection/pc1_1Q1EgyBBA_1.jpg!m_fill,w_280,h_210,f_jpg?from=ke.com
20240910,海淀,军博,101123903673,会城门小区 发改委 电梯 一居 小区管理完善 看房方便,385万,82975元/平,低楼层 (共15层) | 1991年 | 1室1厅 | 46.4平米 | 西,https://ke-image.ljcdn.com/110000-inspection/pc1_Sso2ekTWn_1.jpg!m_fill,w_280,h_210,f_jpg?from=ke.com
20240910,海淀,军博,101123890568,中联部 户型方正一居室 全名格局,520万,120650元/平,底层 (共6层) 1室1厅 | 43.1平米 | 南,https://ke-image.ljcdn.com/110000-inspection/pc1_gisTEiAw2.jpg!m_fill,w_280,h_210,f_jpg?from=ke.com
20240910,海淀,军博,101123889079,博望园 2003年 近地铁 带电梯三居室 满五年,1299万,108377元/平,低楼层 (共16层) | 2002年 | 3室1厅 | 119.86平米 | 东 西 北,https://ke-image.ljcdn.com/110000-inspection/pc1_yl6ysI8Ia.jpg!m_fill,w_280,h_210,f_jpg?from=ke.com
20240910,海淀,军博,101123838081,茂林居 2室1厅 南,780万,107735元/平,低楼层 (共16层) | 1986年 | 2室1厅 | 72.4平米 | 南,https://ke-image.ljcdn.com/110000-inspection/pc1_hPb1hPy6C_1.jpg!m_fill,w_280,h_210,f_jpg?from=ke.com
20240910,海淀,军博,101123642792,有色金属院  南北 高楼层 电梯三居  视野好采光好,740万,86248元/平,顶层 (共18层) | 1988年 | 3室1厅 | 85.8平米 | 南 北,https://ke-image.ljcdn.com/110000-inspection/85b1c475-7f77-484c-8f11-70a01c801efe_1000.jpg!m_fill,w_280,h_210,f_jpg?from=ke.com
20240910,海淀,军博,101123624557,莲花池东路9号院 有电梯三居室,900万,97954元/平,高楼层 (共19层) 3室2厅 | 91.88平米 | 西北,https://ke-image.ljcdn.com/110000-inspection/pc1_i5fxzrV5T_1.jpg!m_fill,w_280,h_210,f_jpg?from=ke.com
20240910,海淀,军博,101123473637,海淀军博 铁医路1号院（电视台家属院）南向三居双卫,930万,87654元/平,底层 (共6层) 3室1厅 | 106.1平米 | 南 西 北,https://ke-image.ljcdn.com/110000-inspection/e406e8bb-3fde-4c45-a4b0-e70390592c73_1000.jpg!m_fill,w_280,h_210,f_jpg?from=ke.com
20240910,海淀,军博,101123460960,北蜂窝中路甲8号院 带电梯 有车位 满五唯一,956万,99990元/平,高楼层 (共22层) 3室1厅 | 95.61平米 | 西 北,https://ke-image.ljcdn.com/110000-inspection/5ccc296c-d76c-4871-8159-81c3e7b1b4e1_1000.jpg!m_fill,w_280,h_210,f_jpg?from=ke.com
20240910,海淀,军博,101123394743,房子满五年南北通透户型好近地铁。,710万,80591元/平,中楼层 (共5层) 3室1厅 | 88.1平米 | 南 北,https://ke-image.ljcdn.com/110000-inspection/pc1_z3elIHFJ5.jpg!m_fill,w_280,h_210,f_jpg?from=ke.com
20240910,海淀,军博,101123346848,北蜂窝路15号院 东南两居室 满五年唯一,650万,87249元/平,高楼层 (共19层) | 1997年 | 2室1厅 | 74.5平米 | 东南,https://ke-image.ljcdn.com/110000-inspection/cc0645a4-865d-4b0a-bba4-6719be9516d5_1000.jpg!m_fill,w_280,h_210,f_jpg?from=ke.com
20240910,海淀,军博,101123210360,乔健里电梯楼东南向大一居中间楼层机械部央产,420万,84678元/平,中楼层 (共20层) 1室1厅 | 49.6平米 | 南,https://ke-image.ljcdn.com/110000-inspection/6905356d-46fe-481b-8926-ee9e00cf60c7_1000.jpg!m_fill,w_280,h_210,f_jpg?from=ke.com
20240910,海淀,军博,101123173691,南向 精装修 满五年 采光充足 视野宽阔 交通便利,380万,96693元/平,顶层 (共5层) 1室1厅 | 39.3平米 | 南,https://ke-image.ljcdn.com/110000-inspection/f108b50c-31cc-47df-ae92-d860b3eab576_1000.jpg!m_fill,w_280,h_210,f_jpg?from=ke.com
20240910,海淀,军博,101123128205,有色金属院西南朝向大两居 采光好 户型好 地铁口 次新,990万,114148元/平,中楼层 (共18层) 2室1厅 | 86.73平米 | 南,https://ke-image.ljcdn.com/110000-inspection/f8d081ab-03fd-4b1a-bb5d-1e0cb65e7ff2_1000.jpg!m_fill,w_280,h_210,f_jpg?from=ke.com
20240910,海淀,军博,101123125452,会城门小区  南北通透两居 户型方正 看房方便,528万,87418元/平,中楼层 (共6层) 2室1厅 | 60.4平米 | 南 北,https://ke-image.ljcdn.com/110000-inspection/pc1_c0MxPErJU_1.jpg!m_fill,w_280,h_210,f_jpg?from=ke.com
20240910,海淀,军博,101123115867,乔建里 南向三居 格局方正 视野采光好,520万,71429元/平,顶层 (共6层) 3室1厅 | 72.8平米 | 南 北,https://ke-image.ljcdn.com/110000-inspection/9200ff1b-f771-45dd-84eb-edb9de16edd9_1000.jpg!m_fill,w_280,h_210,f_jpg?from=ke.com
20240910,海淀,军博,101123092412,铁东小区铁路局单位 精装修 有电梯,569万,79138元/平,中楼层 (共11层) 2室1厅 | 71.9平米 | 西 北,https://ke-image.ljcdn.com/110000-inspection/aff97f02-2523-40b9-9dab-5365f21a061a_1000.jpg!m_fill,w_280,h_210,f_jpg?from=ke.com
20240910,海淀,军博,101123011049,会城门小区 一居室 精装修  采光好房主自荐,365万,89681元/平,低楼层 (共6层) 1室1厅 | 40.7平米 | 东,https://ke-image.ljcdn.com/110000-inspection/aa22cb97-e9c5-47f6-bc04-ac81fa9b0955_1000.jpg!m_fill,w_280,h_210,f_jpg?from=ke.com
20240910,海淀,军博,101122997559,北蜂窝路5号院 南北通透大四居 全明格局 满五年唯一,1995万,142562元/平,高楼层 (共16层) 4室1厅 | 139.94平米 | 东南 北,https://ke-image.ljcdn.com/110000-inspection/8e89af18-e5ba-45b0-bdce-0717d10de70e_1000.jpg!m_fill,w_280,h_210,f_jpg?from=ke.com
20240910,海淀,军博,101122577208,铁东小区 满五唯一 中间层 精装修两居室,538万,91497元/平,中楼层 (共6层) 2室1厅 | 58.8平米 | 东 西,https://ke-image.ljcdn.com/110000-inspection/6d092c5e-dfb5-48c7-ac4e-7e08d81831fa_1000.jpg!m_fill,w_280,h_210,f_jpg?from=ke.com
20240910,海淀,军博,101122563259,铁东此房中间楼层采光好布局合理无浪费无遮挡,510万,101392元/平,高楼层 (共6层) 2室1厅 | 50.3平米 | 南,https://ke-image.ljcdn.com/110000-inspection/9ff85b12-eed6-4bcd-b337-4573f7f166cb_1000.jpg!m_fill,w_280,h_210,f_jpg?from=ke.com
20240910,海淀,军博,101122515636,电信小区军博电信小区南北向两居室配套齐全,465万,88741元/平,中楼层 (共6层) 2室1厅 | 52.4平米 | 南 北,https://ke-image.ljcdn.com/110000-inspection/pc1_6HUKTkuLc_1.jpg!m_fill,w_280,h_210,f_jpg?from=ke.com
20240910,海淀,军博,101122512137,1%服务费 临军博地铁站  新华社单位皇亭子小区,700万,90815元/平,底层 (共6层) 3室1厅 | 77.08平米 | 南 北,https://ke-image.ljcdn.com/110000-inspection/pc1_jCAWekKzY_1.jpg!m_fill,w_280,h_210,f_jpg?from=ke.com
20240910,海淀,军博,101122241111,冶金宿舍  中间层 南北通透三居 满五年,650万,87366元/平,中楼层 (共5层) 3室1厅 | 74.4平米 | 南 北,https://ke-image.ljcdn.com/110000-inspection/pc1_ergDZJGTX_1.jpg!m_fill,w_280,h_210,f_jpg?from=ke.com
20240910,海淀,军博,101121968947,会城门小区 正规一居 精装修 不临街,388万,95332元/平,底层 (共6层) | 1990年 | 1室1厅 | 40.7平米 | 东,https://ke-image.ljcdn.com/110000-inspection/0b5ee1bc-24a9-491f-9151-9ad233f24f8d_1000.jpg!m_fill,w_280,h_210,f_jpg?from=ke.com
20240910,海淀,军博,101121830848,北蜂窝100号院 方正三居室 户型合理无浪费,660万,88472元/平,高楼层 (共6层) 3室1厅 | 74.6平米 | 南 北,https://ke-image.ljcdn.com/110000-inspection/32ea9f8f-42f7-45e6-bc9a-05f3973239cc_1000.jpg!m_fill,w_280,h_210,f_jpg?from=ke.com
20240910,海淀,军博,101121631894,博望园东南向电梯房高楼层两居室 采光视野好,1040万,121241元/平,高楼层 (共24层) | 2002年 | 2室1厅 | 85.78平米 | 东南,https://ke-image.ljcdn.com/110000-inspection/eb82522c-d99e-4bca-a943-ee4580b12f29_1000.jpg!m_fill,w_280,h_210,f_jpg?from=ke.com
20240910,海淀,军博,101121617208,海淀军博 新华社宿舍 电梯精装一居室 环境好 管理好,420万,85124元/平,低楼层 (共12层) 1室1厅 | 49.34平米 | 东,https://ke-image.ljcdn.com/110000-inspection/dc5b13b4-93e2-4b46-9b05-d2cd90fb9630_1000.jpg!m_fill,w_280,h_210,f_jpg?from=ke.com
20240910,海淀,军博,101121521313,满五年唯一采光好南北通透单独管理近地铁,506万,81351元/平,顶层 (共6层) | 1986年 | 3室1厅 | 62.2平米 | 南 北,https://ke-image.ljcdn.com/110000-inspection/pc1_rBzLfGIaW.jpg!m_fill,w_280,h_210,f_jpg?from=ke.com
20240910,海淀,军博,101120997670,北蜂窝100号院 南北通透田字格三居室 诚心出售,699万,93325元/平,顶层 (共6层) 3室1厅 | 74.9平米 | 南 北,https://ke-image.ljcdn.com/110000-inspection/1113dcf7-a396-456b-bb49-8952ce33f522_1000.jpg!m_fill,w_280,h_210,f_jpg?from=ke.com
20240910,海淀,军博,101120940533,铁东小区满五年 有电梯 双南向 不遮挡 不临街,630万,105352元/平,中楼层 (共16层) | 1998年 | 2室1厅 | 59.8平米 | 南,https://ke-image.ljcdn.com/110000-inspection/pc1_wTUSC12VD_1.jpg!m_fill,w_280,h_210,f_jpg?from=ke.com
20240910,海淀,军博,101120779726,房子满五年 东南朝向 户型好 家庭唯一,638万,94941元/平,顶层 (共18层) 2室1厅 | 67.2平米 | 东 南,https://ke-image.ljcdn.com/110000-inspection/1d54460b-ffac-45e2-8f24-d9c8f26b7de4_1000.jpg!m_fill,w_280,h_210,f_jpg?from=ke.com
20240910,海淀,军博,101120284838,中雅大厦  70年产权住宅  民水民电有燃气 精装会所,1050万,69125元/平,中楼层 (共16层) 2室1厅 | 151.9平米 | 西北,https://ke-image.ljcdn.com/110000-inspection/52bd8b9a-a589-42e9-8c77-16ca9bdbb412_1000.jpg!m_fill,w_280,h_210,f_jpg?from=ke.com
20240910,海淀,军博,101120242992,会城门小区 南北通透 2居室 看房有钥匙,498万,85863元/平,顶层 (共6层) | 1991年 | 2室1厅 | 58平米 | 南 北,https://ke-image.ljcdn.com/110000-inspection/c3a2f2ec-a843-460b-ac3d-7ff352c280dc_1000.jpg!m_fill,w_280,h_210,f_jpg?from=ke.com
20240910,海淀,军博,101119968765,乔建里  东南朝向 精装修带电梯  舒适一居室,490万,97610元/平,中楼层 (共20层) 1室1厅 | 50.2平米 | 南,https://ke-image.ljcdn.com/110000-inspection/pc1_bRu2BeuHo_1.jpg!m_fill,w_280,h_210,f_jpg?from=ke.com
20240910,海淀,军博,101119848915,1%服务费 新华社小区 军博地铁站旁 婚房精装修,390万,99036元/平,顶层 (共5层) 1室1厅 | 39.38平米 | 南,https://ke-image.ljcdn.com/110000-inspection/pc1_hr5smttug_1.jpg!m_fill,w_280,h_210,f_jpg?from=ke.com
20240910,海淀,军博,101119691724,电信小区南北通透两居室 精装修采光视野好,530万,91553元/平,顶层 (共6层) | 1989年 | 2室1厅 | 57.89平米 | 南 北,https://ke-image.ljcdn.com/110000-inspection/pc1_2wRr7q9m6_1.jpg!m_fill,w_280,h_210,f_jpg?from=ke.com
20240910,海淀,军博,101119616797,1%服务费 军博地铁站 新华社单位 南北通透方正三居室,780万,110576元/平,底层 (共5层) 3室1厅 | 70.54平米 | 南 北,https://ke-image.ljcdn.com/110000-inspection/pc1_EmX9iRjWq_1.jpg!m_fill,w_280,h_210,f_jpg?from=ke.com
20240910,海淀,军博,101119531460,中联部宿舍 2008年小区 前后不临街 南北通透,2399万,167295元/平,中楼层 (共21层) 3室2厅 | 143.4平米 | 南 北,https://ke-image.ljcdn.com/110000-inspection/pc1_pFQtUIjgh_1.jpg!m_fill,w_280,h_210,f_jpg?from=ke.com
20240910,海淀,军博,101119457505,1%服务费 什坊院3号院 南向一居 满五年 莲花桥地铁站,299万,78109元/平,顶层 (共6层) 1室1厅 | 38.28平米 | 南,https://ke-image.ljcdn.com/110000-inspection/c9ed4918-ac25-4f76-93ff-5ee1591a134a_1000.jpg!m_fill,w_280,h_210,f_jpg?from=ke.com
20240910,海淀,军博,101119414718,北蜂窝路5号院1955年房子改善型住宅满五年,1250万,105122元/平,中楼层 (共4层) | 1954年 | 4室1厅 | 118.91平米 | 东 西,https://ke-image.ljcdn.com/110000-inspection/3ed03e56-1f00-4816-b53c-aea72f9ff429_1000.jpg!m_fill,w_280,h_210,f_jpg?from=ke.com
20240910,海淀,军博,101119178284,北京市测绘院宿舍 1号线9号线军博站 南北小三居,555万,91585元/平,顶层 (共5层) 3室0厅 | 60.6平米 | 南 北,https://ke-image.ljcdn.com/110000-inspection/a05cedbc-8f5c-4ca1-9afd-4f1c1e814379_1000.jpg!m_fill,w_280,h_210,f_jpg?from=ke.com
20240910,海淀,军博,101118894271,1%服务费 华天大厦 70年产权住宅  可以贷款,460万,43144元/平,中楼层 (共26层) 1室0厅 | 106.62平米 | 北,https://ke-image.ljcdn.com/110000-inspection/55da1ed6-0600-4e02-9cc9-3834865e6e8b_1000.jpg!m_fill,w_280,h_210,f_jpg?from=ke.com
20240910,海淀,军博,101118455380,北小马厂带电梯2000年户型方正一居室,540万,101907元/平,低楼层 (共14层) 1室1厅 | 52.99平米 | 西,https://ke-image.ljcdn.com/110000-inspection/pc1_LnV3PgCOC.jpg!m_fill,w_280,h_210,f_jpg?from=ke.com
20240910,海淀,军博,101117804848,有色金属院 南北高板 带电梯 军博地铁站,995万,115833元/平,低楼层 (共18层) 3室1厅 | 85.9平米 | 南 北,https://ke-image.ljcdn.com/110000-inspection/2a871ca1-f0c6-4fd9-a416-a556b6fc10c9_1000.jpg!m_fill,w_280,h_210,f_jpg?from=ke.com
20240910,海淀,军博,101117728642,房子满五年南北通透户型好近地铁。,748万,84904元/平,顶层 (共5层) 3室1厅 | 88.1平米 | 南 北,https://ke-image.ljcdn.com/110000-inspection/pc1_iw6rqdLfn_1.jpg!m_fill,w_280,h_210,f_jpg?from=ke.com
20240910,海淀,军博,101117117158,黄亭子小区新华社宿舍 南北三居 精装修 中间层 有电梯,960万,121596元/平,中楼层 (共12层) | 1984年 | 3室1厅 | 78.95平米 | 南 北,https://ke-image.ljcdn.com/110000-inspection/pc1_b6Qum619L.jpg!m_fill,w_280,h_210,f_jpg?from=ke.com
20240910,海淀,军博,101115866882,华天大厦 大一居 70年住宅 可以看房签约,480万,45020元/平,中楼层 (共26层) | 2004年 | 1室0厅 | 106.62平米 | 北,https://ke-image.ljcdn.com/110000-inspection/pc1_M56quTdAV.jpg!m_fill,w_280,h_210,f_jpg?from=ke.com
20240910,海淀,军博,101126461493,乔建里电梯一居室精装修一居室业主诚心出售。新上,435万,86931元/平,低楼层 (共20层) 1室1厅 | 50.04平米 | 东 南,https://ke-image.ljcdn.com/110000-inspection/8cfff162-068a-481c-9695-3ad9c626693b_1000.jpg!m_fill,w_280,h_210,f_jpg?from=ke.com
20240910,海淀,军博,101126446751,羊坊店路3号院精装修中间楼层出行方便东西向新上,380万,80526元/平,中楼层 (共6层) | 1989年 | 1室1厅 | 47.19平米 | 东 西,https://ke-image.ljcdn.com/110000-inspection/pc1_MjXt6hqmy_1.jpg!m_fill,w_280,h_210,f_jpg?from=ke.com
20240910,海淀,军博,101126441617,新上！电信小区南北通透两居室中间层满五唯一新上,458万,79653元/平,中楼层 (共6层) 2室1厅 | 57.5平米 | 南 北,https://ke-image.ljcdn.com/110000-inspection/pc1_rR4SknMfO_1.jpg!m_fill,w_280,h_210,f_jpg?from=ke.com
20240910,海淀,军博,101126429673,信悦华庭2010年南北向大两居室 采光视野好新上,1070万,96016元/平,中楼层 (共10层) | 2010年 | 2室1厅 | 111.44平米 | 南 北,https://ke-image.ljcdn.com/110000-inspection/pc1_opeUR6tBo_1.jpg!m_fill,w_280,h_210,f_jpg?from=ke.com
20240910,海淀,军博,101126349280,乔建里塔楼两居室一厅有钥匙看房方便满五年。新上,649万,90390元/平,低楼层 (共20层) 2室1厅 | 71.8平米 | 东南,https://ke-image.ljcdn.com/110000-inspection/33d22b9f-2ef9-461b-b77a-17dc66782ce2_1000.jpg!m_fill,w_280,h_210,f_jpg?from=ke.com
20240910,海淀,军博,101126299317,博望园东向2居有电梯小区环境好出行便利,985万,112418元/平,高楼层 (共16层) | 2002年 | 2室1厅 | 87.62平米 | 东,https://ke-image.ljcdn.com/110000-inspection/pc1_ZEK7LzyS6_1.jpg!m_fill,w_280,h_210,f_jpg?from=ke.com
20240910,海淀,军博,101126232938,光耀东方,231万,30715元/平,中楼层 (共14层) 1室1厅 | 75.21平米 | 南,https://ke-image.ljcdn.com/110000-inspection/ba8d1e02-7ea4-4e51-9980-e503995571d0_1000.jpg!m_fill,w_280,h_210,f_jpg?from=ke.com
20240910,海淀,军博,101126223992,电梯房高楼层采光视野好近地铁出现方便,520万,77152元/平,高楼层 (共18层) 2室1厅 | 67.4平米 | 东,https://ke-image.ljcdn.com/110000-inspection/pc1_SsRJ9sPDi_1.jpg!m_fill,w_280,h_210,f_jpg?from=ke.com
20240910,海淀,军博,101126210738,电信小区房子南北向低楼层采光视野好无遮挡！,499万,80226元/平,低楼层 (共6层) | 1992年 | 2室1厅 | 62.2平米 | 南 北,https://ke-image.ljcdn.com/110000-inspection/de95e951-855a-4250-b151-7cd6b147bd74_1000.jpg!m_fill,w_280,h_210,f_jpg?from=ke.com
20240910,海淀,军博,101126207263,满五年唯一田字格户型全明格局南北精装,639万,79085元/平,顶层 (共6层) 3室1厅 | 80.8平米 | 南 北,https://ke-image.ljcdn.com/110000-inspection/pc1_ZMEeZGIM7_1.jpg!m_fill,w_280,h_210,f_jpg?from=ke.com
20240910,海淀,军博,101126184819,铁西小区视野开阔明厨明卫全明格局。,498万,87986元/平,顶层 (共6层) 2室1厅 | 56.6平米 | 东北,https://ke-image.ljcdn.com/110000-inspection/795573cc-13e8-4f7c-a78d-12e1d7fe6aa7_1000.jpg!m_fill,w_280,h_210,f_jpg?from=ke.com
20240910,海淀,军博,101126161090,北蜂窝路5号院2009年小区正中间南北三居室,1230万,128085元/平,底层 (共17层) 3室1厅 | 96.03平米 | 南 北,https://ke-image.ljcdn.com/110000-inspection/54d796a1-52e4-4b97-a353-a2c12502eb6e_1000.jpg!m_fill,w_280,h_210,f_jpg?from=ke.com
20240910,海淀,军博,101126097827,复兴路甲1号中二区电梯南向一居室有正规客厅,498万,107560元/平,高楼层 (共16层) | 1993年 | 1室1厅 | 46.3平米 | 东南,https://ke-image.ljcdn.com/110000-inspection/514f8806-ec14-4d56-814a-ae17702c40dd_1000.jpg!m_fill,w_280,h_210,f_jpg?from=ke.com
20240910,海淀,军博,101126073650,茂林居 海淀 军博 近地铁诚心出售,425万,95506元/平,顶层 (共16层) 1室1厅 | 44.5平米 | 东 西,https://ke-image.ljcdn.com/110000-inspection/58b893c9-f2e1-41a6-a474-353d8a8a2771_1000.jpg!m_fill,w_280,h_210,f_jpg?from=ke.com
20240910,海淀,军博,101126044015,铁东小区 双卧朝南采光充足配套完善交通便利,450万,89464元/平,高楼层 (共6层) | 1998年 | 2室1厅 | 50.3平米 | 南,https://ke-image.ljcdn.com/110000-inspection/4aabb66a-b255-4732-a21c-4fb42fe26115_1000.jpg!m_fill,w_280,h_210,f_jpg?from=ke.com
20240910,海淀,军博,101125975394,北蜂窝路5号院南北通透三居室户型方正诚心出售,1930万,137602元/平,高楼层 (共16层) | 2010年 | 3室1厅 | 140.26平米 | 南 北,https://ke-image.ljcdn.com/110000-inspection/aeae482b-4f61-4212-af9a-c9ec1c912d32_1000.jpg!m_fill,w_280,h_210,f_jpg?from=ke.com
20240910,海淀,军博,101125959108,海淀军博五号院带电梯南北通透南北三居室,1268万,133883元/平,低楼层 (共17层) 3室1厅 | 94.71平米 | 南 北,https://ke-image.ljcdn.com/110000-inspection/pc1_Tkv7Xk9NS_1.jpg!m_fill,w_280,h_210,f_jpg?from=ke.com
20240910,海淀,军博,101125951215,铁东小区 一居 中间层 正南朝向 采光好,400万,90703元/平,中楼层 (共6层) | 1998年 | 1室1厅 | 44.1平米 | 南,https://ke-image.ljcdn.com/110000-inspection/3a8054e9-e16a-4032-8b16-932eea21642c_1000.jpg!m_fill,w_280,h_210,f_jpg?from=ke.com
20240910,海淀,军博,101125945790,军博地铁站 新华社南北3居室看房随时服务费1%,778万,85411元/平,底层 (共12层) 3室1厅 | 91.09平米 | 南 北,https://ke-image.ljcdn.com/110000-inspection/pc1_2qWwnkCt3_1.jpg!m_fill,w_280,h_210,f_jpg?from=ke.com
20240910,海淀,军博,101125924512,北蜂窝中路8号院中间楼层正规三居室,650万,88017元/平,中楼层 (共6层) | 1992年 | 3室1厅 | 73.85平米 | 东南,https://ke-image.ljcdn.com/110000-inspection/pc1_oAQ0sxsIb_1.jpg!m_fill,w_280,h_210,f_jpg?from=ke.com
20240910,海淀,军博,101125901521,楼龄新南北通透房型方正有车位,1534万,130387元/平,底层 (共6层) 3室1厅 | 117.65平米 | 南 北,https://ke-image.ljcdn.com/110000-inspection/pc1_2f0Tda7qU_1.jpg!m_fill,w_280,h_210,f_jpg?from=ke.com
20240910,海淀,军博,101125891740,北小马厂铁道部央产房楼龄新户型好,899万,93471元/平,中楼层 (共14层) | 1999年 | 3室2厅 | 96.18平米 | 东南,https://ke-image.ljcdn.com/110000-inspection/bec82fdf-efd6-4a50-8b4a-056d8bb0a066_1000.jpg!m_fill,w_280,h_210,f_jpg?from=ke.com
20240910,海淀,军博,101125858150,正规一居室精装修2010年建成采光充足高楼,576万,91010元/平,中楼层 (共11层) | 2009年 | 1室1厅 | 63.29平米 | 西,https://ke-image.ljcdn.com/110000-inspection/58a7b3d9-05b6-4ea7-bcd6-565851e51101_1000.jpg!m_fill,w_280,h_210,f_jpg?from=ke.com
20240910,海淀,军博,101125838326,新华社家属院 中间楼层 南向一居室 临地铁交通便利,408万,94010元/平,中楼层 (共6层) | 1989年 | 1室1厅 | 43.4平米 | 南,https://ke-image.ljcdn.com/110000-inspection/pc1_3OHzaFvnK.jpg!m_fill,w_280,h_210,f_jpg?from=ke.com
20240910,海淀,军博,101125740629,北蜂窝路15号院 电梯房 舒适三居室 配套齐全,850万,95399元/平,中楼层 (共19层) | 1997年 | 3室1厅 | 89.1平米 | 南 北,https://ke-image.ljcdn.com/110000-inspection/de66ede9-634f-44b6-a8b5-c0f37d5bc3fe_1000.jpg!m_fill,w_280,h_210,f_jpg?from=ke.com
20240910,海淀,军博,101125654794,南北通透70万精装修落地大阳台前后不临街,2000万,146178元/平,中楼层 (共19层) | 2008年 | 3室1厅 | 136.82平米 | 南 北,https://ke-image.ljcdn.com/110000-inspection/pc1_Q8ayFb8Zt_1.jpg!m_fill,w_280,h_210,f_jpg?from=ke.com
20240910,海淀,军博,101125493202,中联部2008年新小区 环境好 朝南落地窗 不遮挡,1388万,129623元/平,高楼层 (共19层) 2室2厅 | 107.08平米 | 南,https://ke-image.ljcdn.com/110000-inspection/pc1_VigTrBSTv_1.jpg!m_fill,w_280,h_210,f_jpg?from=ke.com
20240910,海淀,军博,101125492847,满五年唯一楼龄新 带电梯高楼层事业采光好,698万,111949元/平,高楼层 (共22层) 3室1厅 | 62.35平米 | 东北,https://ke-image.ljcdn.com/110000-inspection/pc1_T27wGuRsX_1.jpg!m_fill,w_280,h_210,f_jpg?from=ke.com
20240910,海淀,军博,101125469097,测绘院双南两居室中间楼层地铁和生活配套全。,386万,87134元/平,中楼层 (共5层) | 1977年 | 2室1厅 | 44.3平米 | 南,https://ke-image.ljcdn.com/110000-inspection/2a030b0a-8746-4462-9fd7-dfdcda62a1c9_1000.jpg!m_fill,w_280,h_210,f_jpg?from=ke.com
20240910,海淀,军博,101125439198,铁道部2009年南北3居交通便利户型方正,1455万,134523元/平,中楼层 (共18层) 3室1厅 | 108.16平米 | 南 北,https://ke-image.ljcdn.com/110000-inspection/11b6cdb1-77da-4a00-8807-57fd6e9c5342_1000.jpg!m_fill,w_280,h_210,f_jpg?from=ke.com
20240910,海淀,军博,101125189874,有色西区1996年南北向带电梯正规两室一厅,820万,95572元/平,中楼层 (共14层) | 1996年 | 2室2厅 | 85.8平米 | 南 北,https://ke-image.ljcdn.com/110000-inspection/pc1_dCiwpxnq1_1.jpg!m_fill,w_280,h_210,f_jpg?from=ke.com
20240910,海淀,军博,101125167404,此房户型方正没有浪费有正规客厅,409万,76023元/平,顶层 (共5层) | 1981年 | 2室1厅 | 53.8平米 | 东 西,https://ke-image.ljcdn.com/110000-inspection/pc1_LIDuKZtt0_1.jpg!m_fill,w_280,h_210,f_jpg?from=ke.com
20240910,海淀,军博,101124836646,复兴路乙6号院 2室1厅 西 北,600万,92593元/平,中楼层 (共16层) | 1986年 | 2室1厅 | 64.8平米 | 西 北,https://ke-image.ljcdn.com/110000-inspection/pc1_hHOlB2rKt.jpg!m_fill,w_280,h_210,f_jpg?from=ke.com
20240910,海淀,军博,101124832808,房子户型好南向满五近玉渊潭公园业主随时签约,512万,109872元/平,低楼层 (共24层) 2室1厅 | 46.6平米 | 南,https://ke-image.ljcdn.com/110000-inspection/e2f0c991-bf64-4760-9441-8887095f95f6_1000.jpg!m_fill,w_280,h_210,f_jpg?from=ke.com
20240910,海淀,军博,101124809513,中雅大厦70年产权住宅大户型单价低带电梯楼龄新,1100万,74441元/平,低楼层 (共16层) | 2004年 | 1室1厅 | 147.77平米 | 西北,https://ke-image.ljcdn.com/110000-inspection/pc1_xxPVZzu7w_1.jpg!m_fill,w_280,h_210,f_jpg?from=ke.com
20240910,海淀,军博,101124686371,北蜂窝中路甲8号院 精装修三室一厅 楼层高视野开,998万,104219元/平,顶层 (共22层) 3室1厅 | 95.76平米 | 东,https://ke-image.ljcdn.com/110000-inspection/pc1_PC8ovp3xF_1.jpg!m_fill,w_280,h_210,f_jpg?from=ke.com
20240910,海淀,军博,101124679329,华天大厦70年产权住宅民水民电集中供暖,460万,43144元/平,中楼层 (共26层) 1室1厅 | 106.62平米 | 北,https://ke-image.ljcdn.com/110000-inspection/b4015c28-870a-42a4-9a7d-c23ca786c8dc_1000.jpg!m_fill,w_280,h_210,f_jpg?from=ke.com
20240910,海淀,军博,101124622516,海天中心房子楼龄新交通方便有租赁车位。房主自荐,805万,87254元/平,底层 (共21层) | 2002年 | 2室1厅 | 92.26平米 | 东南,https://ke-image.ljcdn.com/110000-inspection/pc1_X4cfwfbyJ_1.jpg!m_fill,w_280,h_210,f_jpg?from=ke.com
20240910,海淀,军博,101124559498,南北通透 全明格局 楼层高 楼层高 视野好 精装修,450万,80790元/平,顶层 (共6层) 2室1厅 | 55.7平米 | 南 北,https://ke-image.ljcdn.com/110000-inspection/pc1_DFoU5i7k4_1.jpg!m_fill,w_280,h_210,f_jpg?from=ke.com
20240910,海淀,军博,101124547642,北小马厂全南向低楼层两居室,424.8万,100189元/平,中楼层 (共5层) 2室1厅 | 42.4平米 | 南,https://ke-image.ljcdn.com/110000-inspection/pc1_d131TKOmj_1.jpg!m_fill,w_280,h_210,f_jpg?from=ke.com
20240910,海淀,军博,101124431734,玉渊潭改善4居室 满五年唯一 一梯两户 有电梯,2705万,171019元/平,低楼层 (共9层) 4室2厅 | 158.17平米 | 南 北,https://ke-image.ljcdn.com/110000-inspection/pc1_ZtPvdot2S_1.jpg!m_fill,w_280,h_210,f_jpg?from=ke.com
20240910,海淀,军博,101124365774,海淀军博乔建里 电梯一居室 前东南 满五年 诚心卖,399万,79769元/平,高楼层 (共20层) 1室1厅 | 50.02平米 | 东南,https://ke-image.ljcdn.com/110000-inspection/9b808b46-166e-47de-a4f2-eb6e330deb7b_1000.jpg!m_fill,w_280,h_210,f_jpg?from=ke.com
20240910,海淀,军博,101124224322,羊坊店西路12号院1995年建成满五唯一商品房,2280万,89977元/平,底层 (共5层) 6室2厅 | 253.4平米 | 南 北,https://ke-image.ljcdn.com/110000-inspection/5018ac3b-1aba-4384-a920-28608744c5d8_1000.jpg!m_fill,w_280,h_210,f_jpg?from=ke.com
20240910,海淀,军博,101124204662,北蜂窝路5号院 三居两卫 满五唯一 视野好,1960万,139881元/平,高楼层 (共16层) 3室1厅 | 140.12平米 | 南 北,https://ke-image.ljcdn.com/110000-inspection/pc1_KIVnXadr2.jpg!m_fill,w_280,h_210,f_jpg?from=ke.com
20240910,海淀,军博,101124192046,2003年高档社区博望园精装修大一居次顶层满五唯一房主自荐,699万,90886元/平,高楼层 (共16层) | 2002年 | 1室1厅 | 76.91平米 | 西 南 北,https://ke-image.ljcdn.com/110000-inspection/88bb3bcc-b948-4c3e-989d-f1f0517b0f8c_1000.jpg!m_fill,w_280,h_210,f_jpg?from=ke.com
20240910,海淀,军博,101124185596,房子满五唯一楼龄新交通方便好停车。,910万,92087元/平,底层 (共21层) | 2002年 | 2室1厅 | 98.82平米 | 南 西,https://ke-image.ljcdn.com/110000-inspection/pc1_kpRlMhw63.jpg!m_fill,w_280,h_210,f_jpg?from=ke.com
20240910,海淀,军博,101124185495,房子满五唯一楼龄新交通方便好停车。,908万,80092元/平,底层 (共21层) | 2002年 | 2室1厅 | 113.37平米 | 东,https://ke-image.ljcdn.com/110000-inspection/pc1_KwPd2hGDx_1.jpg!m_fill,w_280,h_210,f_jpg?from=ke.com
20240910,海淀,军博,101124124894,皇亭子新华社小区 南北通透两居室 近地铁 小区环境好,599万,98699元/平,顶层 (共6层) | 1989年 | 2室1厅 | 60.69平米 | 南 北,https://ke-image.ljcdn.com/110000-inspection/b12acce9-eafe-40d8-9b7c-d2666d0cadea_1000.jpg!m_fill,w_280,h_210,f_jpg?from=ke.com
20240910,海淀,军博,101124114031,会城门小区 朝南一居室 满五唯一,398万,95904元/平,低楼层 (共6层) | 1990年 | 1室1厅 | 41.5平米 | 南,https://ke-image.ljcdn.com/110000-inspection/pc1_XXLyybi4h.jpg!m_fill,w_280,h_210,f_jpg?from=ke.com
20240910,海淀,军博,101124104680,会城门小区 发改委两居 中高层 带电梯 无遮挡 采光好,530万,85484元/平,高楼层 (共15层) | 1991年 | 2室1厅 | 62平米 | 东 西,https://ke-image.ljcdn.com/110000-inspection/pc1_SyanpwAbx_1.jpg!m_fill,w_280,h_210,f_jpg?from=ke.com
20240910,海淀,军博,101124096502,铁东小区 满五年唯一 带电梯2居 中间楼层 无遮挡,598万,97236元/平,中楼层 (共16层) | 1998年 | 2室1厅 | 61.5平米 | 西北,https://ke-image.ljcdn.com/110000-inspection/318a65d9-dc84-4338-a954-db021573e5fa_1000.jpg!m_fill,w_280,h_210,f_jpg?from=ke.com
20240910,海淀,军博,101124092083,铁东中间楼层采光好布局合理无浪费无遮挡,529万,98695元/平,中楼层 (共6层) 2室1厅 | 53.6平米 | 南 北,https://ke-image.ljcdn.com/110000-inspection/pc1_Lrzo0dbIY_1.jpg!m_fill,w_280,h_210,f_jpg?from=ke.com
20240910,海淀,军博,101124043900,满五年南北通透户型方正全明格局采光无遮挡,650万,109061元/平,中楼层 (共5层) | 1982年 | 2室1厅 | 59.6平米 | 南 北,https://ke-image.ljcdn.com/110000-inspection/pc1_eoyGWn0rF_1.jpg!m_fill,w_280,h_210,f_jpg?from=ke.com
20240910,海淀,军博,101124027795,北蜂窝中路2号院 南北通透2居室 低楼层,559万,95720元/平,低楼层 (共7层) 2室1厅 | 58.4平米 | 南 北,https://ke-image.ljcdn.com/110000-inspection/pc1_XLMgBCi4V_1.jpg!m_fill,w_280,h_210,f_jpg?from=ke.com
20240910,海淀,军博,101124027614,南北通透 三居室 户型方正 小区安静,2036万,149894元/平,中楼层 (共21层) 3室1厅 | 135.83平米 | 南 北,https://ke-image.ljcdn.com/110000-inspection/3e85cb2f-e63f-4e53-8038-12f55a164599_1000.jpg!m_fill,w_280,h_210,f_jpg?from=ke.com
20240910,海淀,军博,101123944831,莲花池东路9号院 南北通透三居室 公摊少利用率高,880万,100114元/平,低楼层 (共19层) | 1997年 | 3室1厅 | 87.9平米 | 南 北,https://ke-image.ljcdn.com/110000-inspection/333eb46c-8a2a-4983-aac3-fd4b23f8d67e_1000.jpg!m_fill,w_280,h_210,f_jpg?from=ke.com
20240910,海淀,军博,101123881548,铁西小区低楼层朝南向正规一居室,262万,66667元/平,地下室 (共5层) 1室1厅 | 39.3平米 | 南,https://ke-image.ljcdn.com/110000-inspection/2624c274-82f3-4242-8c82-8d790205399c_1000.jpg!m_fill,w_280,h_210,f_jpg?from=ke.com
20240910,海淀,军博,101123815945,博望园西向两居室楼龄新无遮挡,915万,104429元/平,低楼层 (共16层) | 2002年 | 2室1厅 | 87.62平米 | 西,https://ke-image.ljcdn.com/110000-inspection/b9b01597-f2ae-4d03-8727-e2f9fbb47886_1000.jpg!m_fill,w_280,h_210,f_jpg?from=ke.com
20240910,海淀,军博,101123783489,此房精装修可拎包入住采光视野好业主诚心出售,858万,100000元/平,顶层 (共14层) 2室2厅 | 85.8平米 | 南,https://ke-image.ljcdn.com/110000-inspection/a6a7980a-8f0b-4903-af50-e1f1c1b97755_1000.jpg!m_fill,w_280,h_210,f_jpg?from=ke.com
20240910,海淀,军博,101123768841,乔建里 有电梯 全明格局两居室房主自荐,688万,98146元/平,中楼层 (共20层) | 1991年 | 2室1厅 | 70.1平米 | 东 北,https://ke-image.ljcdn.com/110000-inspection/3574e74b-062a-4b64-8255-0979c0456dec_1000.jpg!m_fill,w_280,h_210,f_jpg?from=ke.com
20240910,海淀,军博,101123762163,乔建里 满五唯一南向一居室采光视野好,338万,69691元/平,顶层 (共6层) 1室1厅 | 48.5平米 | 南 北,https://ke-image.ljcdn.com/110000-inspection/pc1_wCGgkOm1X_1.jpg!m_fill,w_280,h_210,f_jpg?from=ke.com
20240910,海淀,军博,101123658838,中联部宿舍南向满五年唯一全明格局一居室房主自荐,499万,115778元/平,低楼层 (共6层) 1室1厅 | 43.1平米 | 南,https://ke-image.ljcdn.com/110000-inspection/pc1_sZqTJgXjT_1.jpg!m_fill,w_280,h_210,f_jpg?from=ke.com
20240910,海淀,军博,101123465886,军博带电梯精装修东南朝向 全明格局,455万,91183元/平,低楼层 (共20层) 1室1厅 | 49.9平米 | 东南,https://ke-image.ljcdn.com/110000-inspection/62140dc7-c9e0-491a-b344-15f9d0d8f578_1000.jpg!m_fill,w_280,h_210,f_jpg?from=ke.com
20240910,海淀,军博,101123419944,北蜂窝路30号院全明三居室满五唯一随时签约房主自荐,510万,81379元/平,顶层 (共5层) 3室1厅 | 62.67平米 | 东 西,https://ke-image.ljcdn.com/110000-inspection/pc1_BwIOAmbiu_1.jpg!m_fill,w_280,h_210,f_jpg?from=ke.com
20240910,海淀,军博,101123274576,满五唯一户型方正中间层带电梯精装修近地铁,560万,83087元/平,中楼层 (共18层) 2室1厅 | 67.4平米 | 东,https://ke-image.ljcdn.com/110000-inspection/407dd587-0135-48f9-948d-4572d84da509_1000.jpg!m_fill,w_280,h_210,f_jpg?from=ke.com
20240910,海淀,军博,101123064960,中联部 东南北朝向 三居室 视野好,1879万,137435元/平,顶层 (共21层) 3室1厅 | 136.72平米 | 南 东 北,https://ke-image.ljcdn.com/110000-inspection/c8385456-4f5e-4e18-bfe3-8fdf554815b9_1000.jpg!m_fill,w_280,h_210,f_jpg?from=ke.com
20240910,海淀,军博,101122876247,什坊院3号院中间层南向一居室不吵闹,330万,86207元/平,中楼层 (共6层) 1室1厅 | 38.28平米 | 南,https://ke-image.ljcdn.com/110000-inspection/pc1_Cwyh9tarc.jpg!m_fill,w_280,h_210,f_jpg?from=ke.com
20240910,海淀,军博,101122242807,军博电信小区南北向两居室配套齐全挨着地铁,460万,91817元/平,低楼层 (共6层) | 1988年 | 2室1厅 | 50.1平米 | 南,https://ke-image.ljcdn.com/110000-inspection/pc1_bGYThBIXb.jpg!m_fill,w_280,h_210,f_jpg?from=ke.com
20240910,海淀,军博,101121922751,光耀东方一居交通便利可注册办公。,155万,25968元/平,中楼层 (共14层) 1室0厅 | 59.69平米 | 北,https://ke-image.ljcdn.com/110000-inspection/2722d0fa-efaf-4eb4-9b16-ad3b9d1a1efe_1000.jpg!m_fill,w_280,h_210,f_jpg?from=ke.com
20240910,海淀,军博,101121510200,光耀东方 2室1厅 西,320万,27687元/平,中楼层 (共14层) 2室1厅 | 115.58平米 | 西,https://ke-image.ljcdn.com/110000-inspection/pc1_ip3GgwBCQ_1.jpg!m_fill,w_280,h_210,f_jpg?from=ke.com
20240910,海淀,军博,101121392858,中雅大厦 70年产权商品房 住宅 民水民电有燃气 有钥匙,880万,57933元/平,中楼层 (共16层) | 2007年 | 3室2厅 | 151.9平米 | 西北,https://ke-image.ljcdn.com/110000-inspection/pc1_Voqqd0HDN_1.jpg!m_fill,w_280,h_210,f_jpg?from=ke.com
20240910,海淀,军博,101121364727,铁东小区 南北通透 三居室 户型方正 格局好 位置佳,615万,94471元/平,高楼层 (共6层) 3室1厅 | 65.1平米 | 南 北,https://ke-image.ljcdn.com/110000-inspection/2448f406-fa30-4e9a-bfe7-3e974deaaa15_1000.jpg!m_fill,w_280,h_210,f_jpg?from=ke.com
20240910,海淀,军博,101121218387,铁西小区南北向把边户型全明三居室,750万,95542元/平,中楼层 (共5层) 3室1厅 | 78.5平米 | 东 南 北,https://ke-image.ljcdn.com/110000-inspection/test-2276f929-ce4f-4548-9219-272b0a124f97.png!m_fill,w_280,h_210,f_jpg?from=ke.com
20240910,海淀,军博,101120164584,铁东小区 东西通透 全明格局 价格可谈,490万,107222元/平,底层 (共6层) 1室1厅 | 45.7平米 | 东 西,https://ke-image.ljcdn.com/110000-inspection/a75dc8d8-fd1a-4f65-be82-8d52fa2292fb_1000.jpg!m_fill,w_280,h_210,f_jpg?from=ke.com
20240910,海淀,军博,101118542217,测绘院宿舍  中间层精装修  采光好  业主诚意出售房主自荐,512万,101186元/平,中楼层 (共5层) 2室1厅 | 50.6平米 | 南,https://ke-image.ljcdn.com/110000-inspection/pc1_qCSUDzdH7.jpg!m_fill,w_280,h_210,f_jpg?from=ke.com
20240910,海淀,军博,101117666065,2000年新小区南向复式电梯直达大三居两厅两卫,1411万,110235元/平,顶层 (共8层) | 2000年 | 3室2厅 | 128平米 | 南,https://ke-image.ljcdn.com/110000-inspection/pc1_MUiSGkWzR_1.jpg!m_fill,w_280,h_210,f_jpg?from=ke.com
20240910,海淀,军博,101126520826,北小马厂 3室1厅 南 北,1080万,105100元/平,低楼层 (共14层) 3室1厅 | 102.76平米 | 南 北,https://s1.ljcdn.com/pegasus/redskull/images/common/default_house_list.png?_v=20240826145726
20240910,海淀,军博,101126417862,羊坊店路3号院新华社电梯房两居室 采光视野好新上,568万,87668元/平,中楼层 (共12层) 2室1厅 | 64.79平米 | 东,https://s1.ljcdn.com/pegasus/redskull/images/common/default_house_list.png?_v=20240826145726
20240910,海淀,军博,101126387929,会城门小区 2室1厅 东 西新上,488万,83849元/平,中楼层 (共6层) 2室1厅 | 58.2平米 | 东 西,https://s1.ljcdn.com/pegasus/redskull/images/common/default_house_list.png?_v=20240826145726
20240910,海淀,军博,101126366256,南北通透 没有遮挡 双南卧室采光好 小区环境好新上,720万,98093元/平,中楼层 (共6层) 3室1厅 | 73.4平米 | 南 北,https://s1.ljcdn.com/pegasus/redskull/images/common/default_house_list.png?_v=20240826145726
20240910,海淀,军博,101126366005,铁西小区南北2居满五年产权清晰新上,467万,80936元/平,顶层 (共6层) 2室1厅 | 57.7平米 | 南 北,https://s1.ljcdn.com/pegasus/redskull/images/common/default_house_list.png?_v=20240826145726
20240910,海淀,军博,101126280821,光耀东方 2室1厅 南,245万,24636元/平,中楼层 (共14层) 2室1厅 | 99.45平米 | 南,https://s1.ljcdn.com/pegasus/redskull/images/common/default_house_list.png?_v=20240826145726
20240910,海淀,军博,101126216454,有色院西区2-1-1-1 53.40㎡427.2万,427.2万,80000元/平,中楼层 (共5层) 2室1厅 | 53.4平米 | 东 西,https://s1.ljcdn.com/pegasus/redskull/images/common/default_house_list.png?_v=20240826145726
20240910,海淀,军博,101126078106,华天大厦中楼层可贷款大一居室70年住宅诚心出售,290万,53134元/平,中楼层 (共26层) 1室1厅 | 54.58平米 | 西,https://s1.ljcdn.com/pegasus/redskull/images/common/default_house_list.png?_v=20240826145726
20240910,海淀,军博,101125750701,北小马厂2005年左右建成的楼70年产权住宅,220万,40308元/平,中楼层 (共26层) | 2004年 | 1室1厅 | 54.58平米 | 东,https://s1.ljcdn.com/pegasus/redskull/images/common/default_house_list.png?_v=20240826145726
20240910,海淀,军博,101125744623,海淀 羊坊店路3号院 电梯南北一居室 精装修,452万,92133元/平,中楼层 (共11层) | 1989年 | 1室1厅 | 49.06平米 | 北 南,https://s1.ljcdn.com/pegasus/redskull/images/common/default_house_list.png?_v=20240826145726
20240910,海淀,军博,101125456377,北蜂窝30号院通透层高3米中间位置,320万,85791元/平,底层 (共4层) 1室1厅 | 37.3平米 | 南,https://s1.ljcdn.com/pegasus/redskull/images/common/default_house_list.png?_v=20240826145726
20240910,海淀,军博,101124891018,北蜂窝路22号院带电梯东向低楼层一居,368万,99729元/平,低楼层 (共11层) 1室1厅 | 36.9平米 | 东,https://s1.ljcdn.com/pegasus/redskull/images/common/default_house_list.png?_v=20240826145726
20240910,海淀,军博,101124178480,北京瑞海大厦 1室1厅 西,128万,27328元/平,低楼层 (共18层) 1室1厅 | 46.84平米 | 西,https://s1.ljcdn.com/pegasus/redskull/images/common/default_house_list.png?_v=20240826145726
20240910,海淀,军博,101123798037,华天大厦 70年产权住宅 可以贷款,275万,50385元/平,低楼层 (共26层) | 2004年 | 1室1厅 | 54.58平米 | 东,https://s1.ljcdn.com/pegasus/redskull/images/common/default_house_list.png?_v=20240826145726
20240910,海淀,军博,101123628543,华天大厦 西向无遮挡  高楼层视野好 采光好,260万,47637元/平,中楼层 (共26层) 1室1厅 | 54.58平米 | 西,https://ke-image.ljcdn.com/110000-inspection/pc1_q0A3g3sal_1.jpg!m_fill,w_280,h_210,f_jpg?from=ke.com
20240910,海淀,军博,101123628515,华天大厦 西向无遮挡  高楼层视野好 采光好,260万,47637元/平,中楼层 (共26层) 1室1厅 | 54.58平米 | 西,https://ke-image.ljcdn.com/110000-inspection/pc1_9axgCRxTC_1.jpg!m_fill,w_280,h_210,f_jpg?from=ke.com
20240910,海淀,军博,101123622708,羊坊店东路5号院 3室1厅 南 北,540万,80238元/平,中楼层 (共6层) 3室1厅 | 67.3平米 | 南 北,https://s1.ljcdn.com/pegasus/redskull/images/common/default_house_list.png?_v=20240826145726
20240910,海淀,军博,101121954492,光耀东方南向一居室无遮挡采光好可注册办公房主自荐,170万,26542元/平,中楼层 (共14层) 1室1厅 | 64.05平米 | 南,https://s1.ljcdn.com/pegasus/redskull/images/common/default_house_list.png?_v=20240826145726
20240910,海淀,军博,101120001231,光耀东方商业办公类可注册公司,162万,25215元/平,中楼层 (共14层) 1室1厅 | 64.25平米 | 北,https://s1.ljcdn.com/pegasus/redskull/images/common/default_house_list.png?_v=20240826145726
