20240918,朝阳,高碑店,101126535130,兴隆家园二期     西南两居室    满五唯一必看好房,438万,58951元/平,中楼层 (共24层) | 2001年 | 2室1厅 | 74.3平米 | 西南,https://ke-image.ljcdn.com/110000-inspection/c3f4b837-3b04-4051-b1d3-3f351c382409_1000.jpg!m_fill,w_280,h_210,f_jpg?from=ke.com
20240918,朝阳,高碑店,101126410302,全南2居在高层 无遮挡 视野开阔通风好 全天采光必看好房,389万,48607元/平,高楼层 (共28层) | 2013年 | 2室1厅 | 80.03平米 | 南,https://ke-image.ljcdn.com/110000-inspection/pc1_1ZXiHhvcJ_1.jpg!m_fill,w_280,h_210,f_jpg?from=ke.com
20240918,朝阳,高碑店,101126368887,金隅汇星苑南北两居室  位置好必看好房,425万,53935元/平,低楼层 (共29层) 2室1厅 | 78.8平米 | 南 北,https://ke-image.ljcdn.com/110000-inspection/pc1_DqcK8LfYT_1.jpg!m_fill,w_280,h_210,f_jpg?from=ke.com
20240918,朝阳,高碑店,101126317458,金隅汇星苑 东向没有遮挡 视野采光好 诚意出售必看好房,320万,48346元/平,低楼层 (共26层) | 2016年 | 1室1厅 | 66.19平米 | 东,https://ke-image.ljcdn.com/110000-inspection/pc1_anDE2Ubu1_1.jpg!m_fill,w_280,h_210,f_jpg?from=ke.com
20240918,朝阳,高碑店,101126283990,2013年金隅泰和园大悦城旁青年路无遮挡、满五唯一必看好房,358万,44975元/平,底层 (共29层) | 2013年 | 2室1厅 | 79.6平米 | 南,https://ke-image.ljcdn.com/110000-inspection/pc1_UVkEX04oY_1.jpg!m_fill,w_280,h_210,f_jpg?from=ke.com
20240918,朝阳,高碑店,101126485684,兴隆家园  北区大三居 电梯房 卧室客厅朝南必看好房,625万,46239元/平,低楼层 (共24层) | 2002年 | 3室2厅 | 135.17平米 | 南,https://ke-image.ljcdn.com/110000-inspection/6b73620d-1534-4030-b049-f6b8c2a9bcdc_1000.jpg!m_fill,w_280,h_210,f_jpg?from=ke.com
20240918,朝阳,高碑店,101126391126,此房满五唯一 南北通透30万精装修可拎包入住必看好房,400万,55641元/平,中楼层 (共6层) | 2000年 | 2室1厅 | 71.89平米 | 南 北,https://ke-image.ljcdn.com/110000-inspection/178e4284-a41b-44c5-afbe-670cfe65cb74_1000.jpg!m_fill,w_280,h_210,f_jpg?from=ke.com
20240918,朝阳,高碑店,101126214703,东四环 经典东南小两居室 无遮挡 业主诚意出售必看好房,375万,56819元/平,高楼层 (共24层) | 2001年 | 2室1厅 | 66平米 | 东南,https://ke-image.ljcdn.com/110000-inspection/bbbc8e2f-238e-41a4-a1d3-1f6a0e7c4e8f_1000.jpg!m_fill,w_280,h_210,f_jpg?from=ke.com
20240918,朝阳,高碑店,101126195519,高碑店兴隆家园西南两居室面对小区花园安静无打扰必看好房,408万,55084元/平,低楼层 (共24层) 2室1厅 | 74.07平米 | 西南,https://ke-image.ljcdn.com/110000-inspection/d5d33014-4270-462e-9ebe-92a23c870813_1000.jpg!m_fill,w_280,h_210,f_jpg?from=ke.com
20240918,朝阳,高碑店,101126026184,兴隆家园西南向一居室看房方便必看好房,285万,47892元/平,中楼层 (共24层) | 2001年 | 1室1厅 | 59.51平米 | 西南,https://ke-image.ljcdn.com/110000-inspection/pc1_XJ5FpyE0H.jpg!m_fill,w_280,h_210,f_jpg?from=ke.com
20240918,朝阳,高碑店,101125944155,2016年 金隅汇星苑 精装修房源 楼龄新必看好房,330万,49865元/平,低楼层 (共26层) | 2016年 | 1室1厅 | 66.18平米 | 西,https://ke-image.ljcdn.com/110000-inspection/pc1_64Z07iTtt_1.jpg!m_fill,w_280,h_210,f_jpg?from=ke.com
20240918,朝阳,高碑店,101125877295,兴隆家园1居有钥匙有电梯房首付35万,175万,48263元/平,顶层 (共24层) 1室0厅 | 36.26平米 | 北,https://ke-image.ljcdn.com/110000-inspection/f2863446-f61c-4cf8-96be-733de3b76928_1000.jpg!m_fill,w_280,h_210,f_jpg?from=ke.com
20240918,朝阳,高碑店,101125787473,兴隆家园三期满五唯一落地阳台观花园一居室,306万,45871元/平,中楼层 (共24层) | 2005年 | 1室1厅 | 66.71平米 | 东 西,https://ke-image.ljcdn.com/110000-inspection/f7bdc78e-99aa-43a8-8c3b-c5e8bb0d8709_1000.jpg!m_fill,w_280,h_210,f_jpg?from=ke.com
20240918,朝阳,高碑店,101125715693,兴隆家园双卫西向2居 满5年唯一 有钥匙必看好房,515万,48834元/平,中楼层 (共24层) | 2002年 | 2室1厅 | 105.46平米 | 西,https://ke-image.ljcdn.com/110000-inspection/ad0c8c69-610e-47bf-89b2-9544f695fe1d_1000.jpg!m_fill,w_280,h_210,f_jpg?from=ke.com
20240918,朝阳,高碑店,101125618815,朝青 金隅汇星苑 南北通透2+1户型高楼层,456万,51848元/平,高楼层 (共21层) | 2016年 | 2室1厅 | 87.95平米 | 南 北,https://ke-image.ljcdn.com/110000-inspection/d7711fbe-886f-4d68-a7e8-426a892441d0_1000.jpg!m_fill,w_280,h_210,f_jpg?from=ke.com
20240918,朝阳,高碑店,101125485546,板楼南北通透双卫三居满五年唯一交通便利必看好房,539万,49459元/平,中楼层 (共7层) 3室1厅 | 108.98平米 | 南 北,https://ke-image.ljcdn.com/110000-inspection/ef27299c-3dd6-4f9b-a8dc-192bd57f845b_1000.jpg!m_fill,w_280,h_210,f_jpg?from=ke.com
20240918,朝阳,高碑店,101125478461,金隅泰和园低板楼全南2居  位置好  不临街必看好房,385万,52632元/平,中楼层 (共11层) | 2013年 | 2室1厅 | 73.15平米 | 南,https://ke-image.ljcdn.com/110000-inspection/81ef6848-45dd-47b4-8f88-6eca80c86f6a_1000.jpg!m_fill,w_280,h_210,f_jpg?from=ke.com
20240918,朝阳,高碑店,101125171112,东四环西南两居室 高层视野开阔可观景 满五唯一,475万,52755元/平,高楼层 (共24层) 2室1厅 | 90.04平米 | 西南,https://ke-image.ljcdn.com/110000-inspection/pc1_s3arSJGba.jpg!m_fill,w_280,h_210,f_jpg?from=ke.com
20240918,朝阳,高碑店,101125032943,此房满五年唯一无遮挡采光足精装修必看好房,425万,51466元/平,低楼层 (共29层) | 2016年 | 2室1厅 | 82.58平米 | 南,https://ke-image.ljcdn.com/110000-inspection/37281f69-7774-4dda-8d1a-b0467ddcc7ba_1000.jpg!m_fill,w_280,h_210,f_jpg?from=ke.com
20240918,朝阳,高碑店,101124970312,金隅汇星苑 看房方便 精装修 视野好必看好房,435万,55029元/平,高楼层 (共29层) 2室1厅 | 79.05平米 | 南 北,https://ke-image.ljcdn.com/110000-inspection/998d00f4-075f-4969-906e-f136531a8f8c_1000.jpg!m_fill,w_280,h_210,f_jpg?from=ke.com
20240918,朝阳,高碑店,101124912092,兴隆家园 全南向两居室交通方便看房随时,385万,44137元/平,底层 (共24层) | 2001年 | 2室1厅 | 87.23平米 | 南,https://ke-image.ljcdn.com/110000-inspection/pc1_KjEy2Yeiq_1.jpg!m_fill,w_280,h_210,f_jpg?from=ke.com
20240918,朝阳,高碑店,101124719045,步行450米到高碑店地铁站五环内南北两居室,189万,34968元/平,低楼层 (共6层) 2室1厅 | 54.05平米 | 南 北,https://ke-image.ljcdn.com/110000-inspection/628779f4-1bac-4f1b-a5ab-c6a815d9368e_1000.jpg!m_fill,w_280,h_210,f_jpg?from=ke.com
20240918,朝阳,高碑店,101124669048,全南向观景房前方无任何遮挡视野开阔,720万,53267元/平,中楼层 (共24层) | 2002年 | 3室1厅 | 135.17平米 | 南,https://ke-image.ljcdn.com/110000-inspection/ad070ad1-6c34-48e9-b936-458e32e1d9c3_1000.jpg!m_fill,w_280,h_210,f_jpg?from=ke.com
20240918,朝阳,高碑店,101124652028,阿曼寓所 2室1厅 东南必看好房,611万,63646元/平,高楼层 (共15层) | 2007年 | 2室1厅 | 96平米 | 东南,https://ke-image.ljcdn.com/110000-inspection/pc1_pDLKRVt1w.jpg!m_fill,w_280,h_210,f_jpg?from=ke.com
20240918,朝阳,高碑店,101124613089,16年新社区环境优质全南格局 无遮挡装修好必看好房,375万,46211元/平,底层 (共21层) | 2016年 | 2室1厅 | 81.15平米 | 南,https://ke-image.ljcdn.com/110000-inspection/pc1_J0Q6OAX5S_2.jpg!m_fill,w_280,h_210,f_jpg?from=ke.com
20240918,朝阳,高碑店,101124590273,兴隆家园 三期 南向两居 双卧带落地阳台 人车分流房主自荐,525万,54068元/平,中楼层 (共23层) | 2005年 | 2室1厅 | 97.1平米 | 西南,https://ke-image.ljcdn.com/110000-inspection/2b636b9b-b308-4851-b283-727fb9f5b226_1000.jpg!m_fill,w_280,h_210,f_jpg?from=ke.com
20240918,朝阳,高碑店,101123508301,朝阳大悦城 富华家园 西南2居 户型方正 总价优惠必看好房,358万,50077元/平,中楼层 (共24层) | 2001年 | 2室1厅 | 71.49平米 | 西南,https://ke-image.ljcdn.com/110000-inspection/d612572f-047e-4ca7-b5de-56ff885b49b4_1000.jpg!m_fill,w_280,h_210,f_jpg?from=ke.com
20240918,朝阳,高碑店,101123456457,户型方正无遮挡业主诚意度高 正对小区花园必看好房,528万,58975元/平,中楼层 (共29层) | 2016年 | 3室1厅 | 89.53平米 | 南 北,https://ke-image.ljcdn.com/110000-inspection/pc1_QWym39zsz_1.jpg!m_fill,w_280,h_210,f_jpg?from=ke.com
20240918,朝阳,高碑店,101123223313,金隅泰和园 2居室  五环内次新房必看好房,320万,41820元/平,低楼层 (共29层) | 2013年 | 2室1厅 | 76.52平米 | 东 西,https://ke-image.ljcdn.com/110000-inspection/pc1_XA4fewaLc.jpg!m_fill,w_280,h_210,f_jpg?from=ke.com
20240918,朝阳,高碑店,101123136307,金隅汇星苑三居室保持好看房方便必看好房,419万,47010元/平,低楼层 (共21层) | 2016年 | 3室1厅 | 89.13平米 | 南 北,https://ke-image.ljcdn.com/110000-inspection/31093f4e-892b-42a9-9426-b1fad93fefc3_1000.jpg!m_fill,w_280,h_210,f_jpg?from=ke.com
20240918,朝阳,高碑店,101123056061,南太平庄北巷 婚房装修两居 南北通透 双阳台看房方便必看好房,248万,43184元/平,中楼层 (共6层) 2室1厅 | 57.43平米 | 南 北,https://ke-image.ljcdn.com/110000-inspection/b260af4a-0e50-44ca-b930-2b587613fa14_1000.jpg!m_fill,w_280,h_210,f_jpg?from=ke.com
20240918,朝阳,高碑店,101120185949,满五年唯一 高楼层视野好无遮挡房主自荐,465万,52354元/平,高楼层 (共26层) | 2016年 | 2室1厅 | 88.82平米 | 东 西,https://ke-image.ljcdn.com/110000-inspection/415b337c-d580-4495-a5d6-11d5da9387a3_1000.jpg!m_fill,w_280,h_210,f_jpg?from=ke.com
20240918,朝阳,高碑店,101119412014,南太平庄北巷满五唯一3层南北通透房主自荐,220万,40449元/平,中楼层 (共5层) 2室1厅 | 54.39平米 | 南 北,https://ke-image.ljcdn.com/110000-inspection/pc1_f5ZEQO7wL.jpg!m_fill,w_280,h_210,f_jpg?from=ke.com
20240918,朝阳,高碑店,101126537797,全明格局中间楼层无遮挡视野好满五唯一诚意出必看好房,399万,44852元/平,高楼层 (共28层) | 2013年 | 3室1厅 | 88.96平米 | 东南 北,https://ke-image.ljcdn.com/110000-inspection/e8069dd6-280b-4464-bb1e-02e1315be01f_1000.jpg!m_fill,w_280,h_210,f_jpg?from=ke.com
20240918,朝阳,高碑店,101126421339,金隅泰和园 1室1厅 东必看好房,269万,46380元/平,中楼层 (共29层) | 2013年 | 1室1厅 | 58平米 | 东,https://ke-image.ljcdn.com/110000-inspection/a91506a1-897a-47df-b7f5-8205466dd0a8_1000.jpg!m_fill,w_280,h_210,f_jpg?from=ke.com
20240918,朝阳,高碑店,101126289987,22号线甘露园站 南北通透三居 板楼使用率高必看好房,688万,50704元/平,低楼层 (共18层) 3室1厅 | 135.69平米 | 南 北,https://ke-image.ljcdn.com/110000-inspection/pc1_Yefso1RvS_1.jpg!m_fill,w_280,h_210,f_jpg?from=ke.com
20240918,朝阳,高碑店,101126189139,金隅泰和园 2室1厅 东 西必看好房,328万,43034元/平,低楼层 (共29层) | 2013年 | 2室1厅 | 76.22平米 | 东 西,https://ke-image.ljcdn.com/110000-inspection/bd4c34ce-9fe9-49b9-97df-5abf451a19b5_1000.jpg!m_fill,w_280,h_210,f_jpg?from=ke.com
20240918,朝阳,高碑店,101126145426,南北格局小区前排无遮挡视野开阔通风好全天采光必看好房,429万,54297元/平,中楼层 (共29层) | 2016年 | 2室1厅 | 79.01平米 | 南 北,https://ke-image.ljcdn.com/110000-inspection/7d87d91a-2597-4c2b-b9c6-e27bede378cd_1000.jpg!m_fill,w_280,h_210,f_jpg?from=ke.com
20240918,朝阳,高碑店,101126129081,兴隆家园三期    满五唯一    不临街必看好房,325万,58527元/平,中楼层 (共19层) 1室1厅 | 55.53平米 | 北,https://ke-image.ljcdn.com/110000-inspection/pc1_NTwqWVfyw_1.jpg!m_fill,w_280,h_210,f_jpg?from=ke.com
20240918,朝阳,高碑店,101125936342,兴隆家园优质小户型两居室随时看房,379万,57338元/平,低楼层 (共24层) | 2001年 | 2室1厅 | 66.1平米 | 东南,https://ke-image.ljcdn.com/110000-inspection/34151255-412c-4b88-bc92-d6b93ffae65f_1000.jpg!m_fill,w_280,h_210,f_jpg?from=ke.com
20240918,朝阳,高碑店,101125915122,兴隆南北通透2居室满五唯一配套齐全交通便利必看好房,429万,49237元/平,底层 (共7层) 2室1厅 | 87.13平米 | 南 北,https://ke-image.ljcdn.com/110000-inspection/pc1_vKnbKM06X.jpg!m_fill,w_280,h_210,f_jpg?from=ke.com
20240918,朝阳,高碑店,101125683202,兴隆家园顶层复式单价低看房方便必看好房,480万,41223元/平,顶层 (共6层) 3室2厅 | 116.44平米 | 南 北,https://ke-image.ljcdn.com/110000-inspection/517bdb38-3baf-4645-9bde-f7fb828fdf33_1000.jpg!m_fill,w_280,h_210,f_jpg?from=ke.com
20240918,朝阳,高碑店,101125406716,板楼南北通透 格局方正高层视野开阔 无遮挡必看好房,598万,52507元/平,顶层 (共19层) 2室1厅 | 113.89平米 | 南 北,https://ke-image.ljcdn.com/110000-inspection/9d3b939f-d3f3-42f3-b86c-f441f2853f9a_1000.jpg!m_fill,w_280,h_210,f_jpg?from=ke.com
20240918,朝阳,高碑店,101125057941,朝阳大悦城旁 正规大两居 满五年 高楼层 落地窗必看好房,405万,42289元/平,高楼层 (共24层) 2室1厅 | 95.77平米 | 东北,https://ke-image.ljcdn.com/110000-inspection/pc1_f6f1rnj7F_1.jpg!m_fill,w_280,h_210,f_jpg?from=ke.com
20240918,朝阳,高碑店,101124969041,兴隆家园精装修楼龄新采光好 满五唯一无抵押必看好房,339万,52796元/平,中楼层 (共22层) | 2005年 | 1室1厅 | 64.21平米 | 东北,https://ke-image.ljcdn.com/110000-inspection/c27cdbb2-74a7-4805-b0cb-c401c287dd02_1000.jpg!m_fill,w_280,h_210,f_jpg?from=ke.com
20240918,朝阳,高碑店,101124887851,美丽亚洲假日花园 满五年唯一 三居双卫 别墅洋房,620万,44663元/平,顶层 (共3层) 3室2厅 | 138.82平米 | 南 北,https://ke-image.ljcdn.com/110000-inspection/0585144f-deef-44ca-9763-6f1bcb845e49_1000.jpg!m_fill,w_280,h_210,f_jpg?from=ke.com
20240918,朝阳,高碑店,101124553841,满五唯一 商品房 高楼层 采光视野好必看好房,288万,40286元/平,高楼层 (共24层) | 2001年 | 2室1厅 | 71.49平米 | 西南,https://ke-image.ljcdn.com/110000-inspection/f7fb50ad-2c43-446b-a783-bc877a30831f_1000.jpg!m_fill,w_280,h_210,f_jpg?from=ke.com
20240918,朝阳,高碑店,101124318455,兴隆家园 南北通透2居满五年唯一,368万,51190元/平,高楼层 (共6层) 2室1厅 | 71.89平米 | 南 北,https://ke-image.ljcdn.com/110000-inspection/pc1_1chkutaRJ_1.jpg!m_fill,w_280,h_210,f_jpg?from=ke.com
20240918,朝阳,高碑店,101123346043,美丽亚洲假日花园东南向精装三居挑高3米必看好房,610万,45618元/平,高楼层 (共9层) | 1994年 | 3室2厅 | 133.72平米 | 东南,https://ke-image.ljcdn.com/110000-inspection/pc1_QURHJotiA_1.jpg!m_fill,w_280,h_210,f_jpg?from=ke.com
20240918,朝阳,高碑店,101122703913,富华家园 东南两居室 店长推荐 商品房,439万,48805元/平,中楼层 (共22层) | 2004年 | 2室1厅 | 89.95平米 | 东南,https://ke-image.ljcdn.com/110000-inspection/pc1_SdncJSYBw.jpg!m_fill,w_280,h_210,f_jpg?from=ke.com
20240918,朝阳,高碑店,101126609554,此房满五唯一业主诚意出售高楼层格局方正新上,348万,43484元/平,顶层 (共28层) | 2013年 | 2室1厅 | 80.03平米 | 南,https://ke-image.ljcdn.com/110000-inspection/70f0e0c4-538e-41a0-a272-6fa9d4f85f0d_1000.jpg!m_fill,w_280,h_210,f_jpg?from=ke.com
20240918,朝阳,高碑店,101126591478,方家村 2室2厅 东 西新上,310万,31627元/平,中楼层 (共6层) 2室2厅 | 98.02平米 | 东 西,https://ke-image.ljcdn.com/110000-inspection/12592681-f78e-4f62-a804-0dd5b111121c_1000.jpg!m_fill,w_280,h_210,f_jpg?from=ke.com
20240918,朝阳,高碑店,101126579945,金隅汇星苑 2室1厅 东 西新上,435万,48993元/平,中楼层 (共26层) | 2016年 | 2室1厅 | 88.79平米 | 东 西,https://ke-image.ljcdn.com/110000-inspection/79fa1e75-60eb-464d-b9bb-3534fd28621e_1000.jpg!m_fill,w_280,h_210,f_jpg?from=ke.com
20240918,朝阳,高碑店,101126560816,高碑店地铁 南北通透 南侧正对小区花园新上,200万,37930元/平,顶层 (共5层) | 1978年 | 2室1厅 | 52.73平米 | 北 南,https://ke-image.ljcdn.com/110000-inspection/pc1_gk5NG5tfx.jpg!m_fill,w_280,h_210,f_jpg?from=ke.com
20240918,朝阳,高碑店,101126489843,南太平庄北巷 2室1厅 南 北新上,350万,50418元/平,中楼层 (共6层) 2室1厅 | 69.42平米 | 南 北,https://ke-image.ljcdn.com/110000-inspection/pc1_diE15RrUb_1.jpg!m_fill,w_280,h_210,f_jpg?from=ke.com
20240918,朝阳,高碑店,101126458372,板楼中间楼层 满五年唯一业主自住干净整洁,389万,52991元/平,中楼层 (共11层) | 2013年 | 2室2厅 | 73.41平米 | 南,https://ke-image.ljcdn.com/110000-inspection/c1d4291d-534e-41bf-9d58-143868705eb7_1000.jpg!m_fill,w_280,h_210,f_jpg?from=ke.com
20240918,朝阳,高碑店,101126440622,金隅泰和园满五唯一朝阳大悦城青年路站高层无遮挡,375万,46377元/平,高楼层 (共29层) | 2013年 | 2室1厅 | 80.86平米 | 南,https://ke-image.ljcdn.com/110000-inspection/da7ce7d1-61a9-4d31-a8f0-ebc9481f6d9c_1000.jpg!m_fill,w_280,h_210,f_jpg?from=ke.com
20240918,朝阳,高碑店,101126427214,兴隆家园南北观景三居双卫满五年唯一看房方便,628万,45067元/平,高楼层 (共24层) 3室2厅 | 139.35平米 | 北 南,https://ke-image.ljcdn.com/110000-inspection/pc1_CIuAp0mz7_1.jpg!m_fill,w_280,h_210,f_jpg?from=ke.com
20240918,朝阳,高碑店,101126365832,兴隆家园三期   东南两居室   满五唯一,570万,58745元/平,低楼层 (共23层) | 2005年 | 2室1厅 | 97.03平米 | 东 南,https://ke-image.ljcdn.com/110000-inspection/a72ff959-8905-439d-9152-6f59fc2a945d_1000.jpg!m_fill,w_280,h_210,f_jpg?from=ke.com
20240918,朝阳,高碑店,101126334454,兴隆家园 2室1厅 东 西,375万,53064元/平,高楼层 (共6层) | 2000年 | 2室1厅 | 70.67平米 | 东 西,https://ke-image.ljcdn.com/110000-inspection/f203c702-3e12-4844-a873-a1a1feeec901_1000.jpg!m_fill,w_280,h_210,f_jpg?from=ke.com
20240918,朝阳,高碑店,101126328556,可贷款 70年商品房 东向无遮挡房主自荐,460万,32202元/平,中楼层 (共11层) | 2006年 | 3室2厅 | 142.85平米 | 东 北,https://ke-image.ljcdn.com/110000-inspection/pc1_7TrMhOlwx.jpg!m_fill,w_280,h_210,f_jpg?from=ke.com
20240918,朝阳,高碑店,101126270563,兴隆样板楼 高层无遮挡 小区配套齐全  交通便利房主自荐,490万,48362元/平,中楼层 (共24层) | 2003年 | 2室1厅 | 101.32平米 | 东北,https://ke-image.ljcdn.com/110000-inspection/pc1_vYgk0OTpu_1.jpg!m_fill,w_280,h_210,f_jpg?from=ke.com
20240918,朝阳,高碑店,101126224238,兴隆家园三期西南向两居 落地窗 不临街满五唯一,535万,56074元/平,中楼层 (共24层) | 2005年 | 2室1厅 | 95.41平米 | 西南,https://ke-image.ljcdn.com/110000-inspection/33055b51-0d49-44e8-89c5-bb74b718deca_1000.jpg!m_fill,w_280,h_210,f_jpg?from=ke.com
20240918,朝阳,高碑店,101126207383,此房满五年唯一中低楼层无遮挡采光足精装修,455万,53834元/平,中楼层 (共29层) | 2016年 | 2室1厅 | 84.52平米 | 西南,https://ke-image.ljcdn.com/110000-inspection/2aeb575f-1a48-4f22-9360-cc7921ba67cc_1000.jpg!m_fill,w_280,h_210,f_jpg?from=ke.com
20240918,朝阳,高碑店,101126128752,兴隆家园16号楼正规一居室户型方正。,265万,54126元/平,中楼层 (共24层) 1室0厅 | 48.96平米 | 西 北,https://ke-image.ljcdn.com/110000-inspection/580f5d33-0056-4e33-bbbf-541aec4f1292_1000.jpg!m_fill,w_280,h_210,f_jpg?from=ke.com
20240918,朝阳,高碑店,101126126329,二期 开间 满五唯一 阳台带落地窗 小区成熟 交通,180万,49642元/平,低楼层 (共24层) 1室0厅 | 36.26平米 | 北,https://ke-image.ljcdn.com/110000-inspection/c0d96797-ddb0-4a1c-b021-09948a860a62_1000.jpg!m_fill,w_280,h_210,f_jpg?from=ke.com
20240918,朝阳,高碑店,101126071602,满五年唯一中高楼层前后不临街。,458万,55462元/平,中楼层 (共29层) | 2016年 | 2室1厅 | 82.58平米 | 南,https://ke-image.ljcdn.com/110000-inspection/816d752e-db35-40a8-a6ac-845779481a12_1000.jpg!m_fill,w_280,h_210,f_jpg?from=ke.com
20240918,朝阳,高碑店,101125933664,兴隆家园板楼低楼层满五唯一东西通透两居室,415万,59456元/平,底层 (共6层) 2室1厅 | 69.8平米 | 东 西,https://ke-image.ljcdn.com/110000-inspection/pc1_b8bO840ZM.jpg!m_fill,w_280,h_210,f_jpg?from=ke.com
20240918,朝阳,高碑店,101125932212,兴隆家园 业主诚意出售 户型好,380万,50994元/平,中楼层 (共24层) | 2003年 | 2室1厅 | 74.52平米 | 西,https://ke-image.ljcdn.com/110000-inspection/acbbc477-3036-4b2f-9190-d8d4b57a6c3f_1000.jpg!m_fill,w_280,h_210,f_jpg?from=ke.com
20240918,朝阳,高碑店,101125875032,2000年楼龄、中间楼层看房方便诚心出售,315万,46080元/平,中楼层 (共6层) 2室1厅 | 68.36平米 | 东 西,https://ke-image.ljcdn.com/110000-inspection/pc1_l6LNxrRsg.jpg!m_fill,w_280,h_210,f_jpg?from=ke.com
20240918,朝阳,高碑店,101125791944,金隅泰和园 2室1厅 南,359万,45312元/平,顶层 (共29层) | 2013年 | 2室1厅 | 79.23平米 | 南,https://ke-image.ljcdn.com/110000-inspection/pc1_1XJTe2dLu.jpg!m_fill,w_280,h_210,f_jpg?from=ke.com
20240918,朝阳,高碑店,101125760265,南太平庄北巷 2室1厅 南 北,299万,45483元/平,中楼层 (共6层) 2室1厅 | 65.74平米 | 南 北,https://ke-image.ljcdn.com/110000-inspection/a6744874-6fe6-417b-9f4a-3c6479298513_1000.jpg!m_fill,w_280,h_210,f_jpg?from=ke.com
20240918,朝阳,高碑店,101125727450,金隅汇星苑 视野开阔前后花园格局方正房主自荐,418万,47696元/平,中楼层 (共26层) | 2016年 | 2室1厅 | 87.64平米 | 东 西,https://ke-image.ljcdn.com/110000-inspection/995c1b81-8ae6-4e3b-8fa1-57921af58ee0_1000.jpg!m_fill,w_280,h_210,f_jpg?from=ke.com
20240918,朝阳,高碑店,101125724992,金隅汇星苑  社区新 环境好 户型方正,462万,52530元/平,高楼层 (共21层) | 2016年 | 2室1厅 | 87.95平米 | 南 北,https://ke-image.ljcdn.com/110000-inspection/71378459-ffa4-4177-9688-e1452dd2327e_1000.jpg!m_fill,w_280,h_210,f_jpg?from=ke.com
20240918,朝阳,高碑店,101125630973,2000年楼龄、中间楼层看房方便诚心出售,290万,41217元/平,中楼层 (共6层) 2室1厅 | 70.36平米 | 东 西,https://ke-image.ljcdn.com/110000-inspection/pc1_pr5HSYcj9_1.jpg!m_fill,w_280,h_210,f_jpg?from=ke.com
20240918,朝阳,高碑店,101125621212,方家村满五唯一中高楼层无遮挡视野好,330万,33667元/平,高楼层 (共6层) | 1996年 | 2室1厅 | 98.02平米 | 东 西,https://ke-image.ljcdn.com/110000-inspection/pc1_zyJiWl9Ms_1.jpg!m_fill,w_280,h_210,f_jpg?from=ke.com
20240918,朝阳,高碑店,101125595909,此房满五年唯一商品房、正对小区花园,280万,47587元/平,低楼层 (共29层) 1室1厅 | 58.84平米 | 东,https://ke-image.ljcdn.com/110000-inspection/c48b45c5-f432-49c0-9bac-7266fbd0f034_1000.jpg!m_fill,w_280,h_210,f_jpg?from=ke.com
20240918,朝阳,高碑店,101125589081,朝青 叠墅低密洋房满五年唯一 落地窗一梯两户,580万,51846元/平,中楼层 (共5层) 2室1厅 | 111.87平米 | 西北,https://ke-image.ljcdn.com/110000-inspection/2b6fe9fb-fbdc-45c5-a5a1-fa876a44da23_1000.jpg!m_fill,w_280,h_210,f_jpg?from=ke.com
20240918,朝阳,高碑店,101125528001,金隅汇星苑 2016年社区 环境好,289万,49117元/平,低楼层 (共29层) 1室1厅 | 58.84平米 | 东,https://ke-image.ljcdn.com/110000-inspection/pc1_BpN4nuYPW_1.jpg!m_fill,w_280,h_210,f_jpg?from=ke.com
20240918,朝阳,高碑店,101125508781,南太平庄北巷 2室1厅 东,285万,41180元/平,顶层 (共7层) | 2001年 | 2室1厅 | 69.21平米 | 东,https://ke-image.ljcdn.com/110000-inspection/3c6213db-08f8-4f2e-9c47-505a1c9e621e_1000.jpg!m_fill,w_280,h_210,f_jpg?from=ke.com
20240918,朝阳,高碑店,101125482461,兴隆家园 中高楼层一居室 卧室朝南带阳台 不临街,380万,55982元/平,高楼层 (共24层) | 2001年 | 1室1厅 | 67.88平米 | 西南,https://ke-image.ljcdn.com/110000-inspection/pc1_Po3nmjCUf.jpg!m_fill,w_280,h_210,f_jpg?from=ke.com
20240918,朝阳,高碑店,101125471375,商品房社区采光好视野宽阔无遮挡配套设施齐全房主自荐,378万,51178元/平,中楼层 (共7层) | 2000年 | 2室1厅 | 73.86平米 | 东南,https://ke-image.ljcdn.com/110000-inspection/pc1_ZlxSLnpnB.jpg!m_fill,w_280,h_210,f_jpg?from=ke.com
20240918,朝阳,高碑店,101125427770,南太平庄北巷 高层带大阳台 使用率高,450万,52960元/平,顶层 (共6层) 2室1厅 | 84.97平米 | 南 北,https://ke-image.ljcdn.com/110000-inspection/5b8b6b8b-60aa-4ed0-ade5-20671f77fbd9_1000.jpg!m_fill,w_280,h_210,f_jpg?from=ke.com
20240918,朝阳,高碑店,101125426636,兴隆家园 高层大三居 采光+视野无遮挡,650万,48213元/平,顶层 (共24层) | 2002年 | 3室2厅 | 134.82平米 | 东北,https://ke-image.ljcdn.com/110000-inspection/eedf837b-d555-46e7-bca4-7e90514f8ec4_1000.jpg!m_fill,w_280,h_210,f_jpg?from=ke.com
20240918,朝阳,高碑店,101125383465,中间楼层无遮挡精装修拎包入住,473万,58137元/平,低楼层 (共29层) | 2016年 | 2室1厅 | 81.36平米 | 南,https://ke-image.ljcdn.com/110000-inspection/ef4317da-7b38-4a20-8736-ebe0a14583c0_1000.jpg!m_fill,w_280,h_210,f_jpg?from=ke.com
20240918,朝阳,高碑店,101125367346,兴隆家园板楼中间位置南北通透精装修满五唯一两居室,495万,57868元/平,低楼层 (共6层) 2室1厅 | 85.54平米 | 南 北,https://ke-image.ljcdn.com/110000-inspection/e9bf369d-c6b0-4f5f-aa26-cf2500ed04f3_1000.jpg!m_fill,w_280,h_210,f_jpg?from=ke.com
20240918,朝阳,高碑店,101125364616,兴隆家园观景两居西向两居户型方正  业主诚心出售,425万,56486元/平,高楼层 (共24层) | 2003年 | 2室1厅 | 75.24平米 | 西,https://ke-image.ljcdn.com/110000-inspection/b7324d78-ac8d-4665-bd82-3e3ee378827b_1000.jpg!m_fill,w_280,h_210,f_jpg?from=ke.com
20240918,朝阳,高碑店,101125314649,金隅泰和园 2室1厅 南,452万,62003元/平,中楼层 (共14层) | 2013年 | 2室1厅 | 72.9平米 | 南,https://ke-image.ljcdn.com/110000-inspection/f5cdf095-f767-4efa-9d31-94c723cc7cb1_1000.jpg!m_fill,w_280,h_210,f_jpg?from=ke.com
20240918,朝阳,高碑店,101125292829,兴隆家园三期正规1居下楼即地铁精装修拎包入住,330万,54483元/平,中楼层 (共18层) | 2005年 | 1室1厅 | 60.57平米 | 北,https://ke-image.ljcdn.com/110000-inspection/5b4327cf-f012-4f6a-884b-26a8ec8b18d0_1000.jpg!m_fill,w_280,h_210,f_jpg?from=ke.com
20240918,朝阳,高碑店,101125239497,金隅泰和园 2室1厅 南,372万,46269元/平,中楼层 (共29层) | 2013年 | 2室1厅 | 80.4平米 | 南,https://ke-image.ljcdn.com/110000-inspection/3c5f9612-0659-4db8-b97c-f691fe410157_1000.jpg!m_fill,w_280,h_210,f_jpg?from=ke.com
20240918,朝阳,高碑店,101125237539,南太平庄北巷 中间楼层 户型无遮挡 视野好,243万,44473元/平,中楼层 (共6层) 2室1厅 | 54.64平米 | 东南,https://ke-image.ljcdn.com/110000-inspection/pc1_rCmB1pVFr_1.jpg!m_fill,w_280,h_210,f_jpg?from=ke.com
20240918,朝阳,高碑店,101125193191,朝青 南太平庄北巷 精装小两居室,265万,46144元/平,高楼层 (共6层) 1室1厅 | 57.43平米 | 南 北,https://ke-image.ljcdn.com/110000-inspection/c38f430d-f25f-44cd-b5f6-e75cbcb814aa_1000.jpg!m_fill,w_280,h_210,f_jpg?from=ke.com
20240918,朝阳,高碑店,101125168051,商品房户型方正高楼层视野好业主诚意卖,206万,39283元/平,顶层 (共22层) | 2003年 | 1室1厅 | 52.44平米 | 北,https://ke-image.ljcdn.com/110000-inspection/pc1_SFNUPluo3.jpg!m_fill,w_280,h_210,f_jpg?from=ke.com
20240918,朝阳,高碑店,101125166177,朝青 金隅泰和园 板楼中间楼层商品房 两居室,420万,57417元/平,中楼层 (共11层) | 2013年 | 2室1厅 | 73.15平米 | 南,https://ke-image.ljcdn.com/110000-inspection/3e2a5e97-682a-403b-abcd-bbb48d5de425_1000.jpg!m_fill,w_280,h_210,f_jpg?from=ke.com
20240918,朝阳,高碑店,101125091851,兴隆家园二期东向高层2居房子满五唯一看房有钥匙房主自荐,559万,53006元/平,高楼层 (共24层) 2室1厅 | 105.46平米 | 东,https://ke-image.ljcdn.com/110000-inspection/be4e4eba-d9ec-4ac6-816d-8f11c0873ce4_1000.jpg!m_fill,w_280,h_210,f_jpg?from=ke.com
20240918,朝阳,高碑店,101125067783,兴隆家园 1室1厅 西,280万,43908元/平,底层 (共24层) | 2003年 | 1室1厅 | 63.77平米 | 西,https://ke-image.ljcdn.com/110000-inspection/pc1_MaQUtc4C8_2.jpg!m_fill,w_280,h_210,f_jpg?from=ke.com
20240918,朝阳,高碑店,101125064091,兴隆三期、南北双通透三居室 满五唯一 高楼层视野好,760万,50925元/平,高楼层 (共23层) | 2005年 | 3室2厅 | 149.24平米 | 南 北,https://ke-image.ljcdn.com/110000-inspection/pc1_dh4Pv7PCg.jpg!m_fill,w_280,h_210,f_jpg?from=ke.com
20240918,朝阳,高碑店,101125062219,南北通透中高楼层采光好无遮挡房主自荐,288万,41487元/平,高楼层 (共6层) 2室1厅 | 69.42平米 | 南 北,https://ke-image.ljcdn.com/110000-inspection/pc1_rRHEiXehl.jpg!m_fill,w_280,h_210,f_jpg?from=ke.com
20240918,朝阳,高碑店,101125024611,金隅泰和园高楼层南北通透大两居,389万,50324元/平,高楼层 (共29层) | 2013年 | 2室1厅 | 77.3平米 | 南 北,https://ke-image.ljcdn.com/110000-inspection/d4319c4a-b7cf-405b-afda-63711b086be6_1000.jpg!m_fill,w_280,h_210,f_jpg?from=ke.com
20240918,朝阳,高碑店,101124979192,兴隆家园 2室1厅 西南,530万,59179元/平,高楼层 (共24层) 2室1厅 | 89.56平米 | 西南,https://ke-image.ljcdn.com/110000-inspection/pc1_tBQlt7DWL.jpg!m_fill,w_280,h_210,f_jpg?from=ke.com
20240918,朝阳,高碑店,101124944728,方家村东西朝向中间楼层通透格局,325万,33157元/平,中楼层 (共6层) 2室1厅 | 98.02平米 | 东 西,https://ke-image.ljcdn.com/110000-inspection/c58a531d-abc2-4fbc-b3e9-d1472aa708dd_1000.jpg!m_fill,w_280,h_210,f_jpg?from=ke.com
20240918,朝阳,高碑店,101124921131,金隅泰和园 全南两居室 看房方便 诚意出售 无遮挡,399万,49627元/平,低楼层 (共29层) | 2013年 | 2室1厅 | 80.4平米 | 南,https://ke-image.ljcdn.com/110000-inspection/pc1_oO8WMAJgV.jpg!m_fill,w_280,h_210,f_jpg?from=ke.com
20240918,朝阳,高碑店,101124708896,南太平庄北巷 1室1厅 东 西,180万,32427元/平,顶层 (共6层) 1室1厅 | 55.51平米 | 东 西,https://ke-image.ljcdn.com/110000-inspection/c23bba95-475c-4d82-a553-cfd97c82246e_1000.jpg!m_fill,w_280,h_210,f_jpg?from=ke.com
20240918,朝阳,高碑店,101124683714,金隅泰和园 3室1厅 东南 北,425万,47882元/平,中楼层 (共28层) | 2013年 | 3室1厅 | 88.76平米 | 东南 北,https://ke-image.ljcdn.com/110000-inspection/pc1_nbOaAXBgi_2.jpg!m_fill,w_280,h_210,f_jpg?from=ke.com
20240918,朝阳,高碑店,101124668199,兴隆家园西南向满五年唯一高层诚心出售,292万,49068元/平,中楼层 (共24层) | 2001年 | 1室2厅 | 59.51平米 | 南 西,https://ke-image.ljcdn.com/110000-inspection/pc1_4bnHsZ94J_2.jpg!m_fill,w_280,h_210,f_jpg?from=ke.com
20240918,朝阳,高碑店,101124610559,此房满五年唯一商品房精装修高楼层采光足,205万,40732元/平,高楼层 (共6层) 1室1厅 | 50.33平米 | 东,https://ke-image.ljcdn.com/110000-inspection/097c8c1c-fbe0-48a6-82a8-6182e771dbaa_1000.jpg!m_fill,w_280,h_210,f_jpg?from=ke.com
20240918,朝阳,高碑店,101124597808,南北通透中高楼层采光好无遮挡房主自荐,292万,42063元/平,顶层 (共6层) 2室1厅 | 69.42平米 | 南 北,https://ke-image.ljcdn.com/110000-inspection/65ef65ad-c0d0-4408-b831-4b381911a343_1000.jpg!m_fill,w_280,h_210,f_jpg?from=ke.com
20240918,朝阳,高碑店,101124587944,金隅汇星苑 小区新 环境好  板楼 看房方便,418万,51555元/平,低楼层 (共29层) 2室1厅 | 81.08平米 | 南,https://ke-image.ljcdn.com/110000-inspection/188fbeae-6c17-4dce-9bd7-420a5d7c582f_1000.jpg!m_fill,w_280,h_210,f_jpg?from=ke.com
20240918,朝阳,高碑店,101124568814,南太平庄北巷  精装修2居 低楼层  诚心出售,378万,54452元/平,底层 (共6层) 2室1厅 | 69.42平米 | 南 北,https://ke-image.ljcdn.com/110000-inspection/pc1_ClxQALVZl_2.jpg!m_fill,w_280,h_210,f_jpg?from=ke.com
20240918,朝阳,高碑店,101124394086,兴隆家园 大三居 双卫 不临街 客厅大落地窗阳台,588万,42196元/平,底层 (共24层) 3室1厅 | 139.35平米 | 东南 东北,https://ke-image.ljcdn.com/110000-inspection/2ed9bd04-4cd6-4f4c-a039-4a7c1b1e8f38_1000.jpg!m_fill,w_280,h_210,f_jpg?from=ke.com
20240918,朝阳,高碑店,101124325574,金隅汇星苑 2室2厅 南,450万,55453元/平,中楼层 (共21层) | 2016年 | 2室2厅 | 81.15平米 | 南,https://ke-image.ljcdn.com/110000-inspection/pc1_Ftkgv3Kc4.jpg!m_fill,w_280,h_210,f_jpg?from=ke.com
20240918,朝阳,高碑店,101124173490,兴隆家园南区板楼东西通透低楼层三居室房主自荐,460万,47369元/平,底层 (共6层) 3室1厅 | 97.11平米 | 东 西,https://ke-image.ljcdn.com/110000-inspection/b73ba87b-bad1-4295-b6ab-0b7f1aa966a6_1000.jpg!m_fill,w_280,h_210,f_jpg?from=ke.com
20240918,朝阳,高碑店,101124159023,富华家园 东南两居 商品房 店长推荐,320万,44059元/平,高楼层 (共24层) | 2000年 | 2室1厅 | 72.63平米 | 东南,https://ke-image.ljcdn.com/110000-inspection/ea184087-4504-4a75-9bd4-b069fab41373_1000.jpg!m_fill,w_280,h_210,f_jpg?from=ke.com
20240918,朝阳,高碑店,101124146723,店长推荐 22号线甘露园站 西南两居 双阳台 满五年唯一,437万,55429元/平,低楼层 (共24层) | 2003年 | 2室1厅 | 78.84平米 | 西南,https://ke-image.ljcdn.com/110000-inspection/pc1_06WOpVA9B.jpg!m_fill,w_280,h_210,f_jpg?from=ke.com
20240918,朝阳,高碑店,101123975714,金隅泰和园 精装 南北三居 满五年唯一,440万,49865元/平,中楼层 (共29层) | 2013年 | 3室1厅 | 88.24平米 | 东南 北,https://ke-image.ljcdn.com/110000-inspection/pc1_kkkbpdRKN_2.jpg!m_fill,w_280,h_210,f_jpg?from=ke.com
20240918,朝阳,高碑店,101123969824,金隅泰和园  南向2居室 格局方正 诚心出售,378万,47650元/平,低楼层 (共29层) | 2013年 | 2室2厅 | 79.33平米 | 南,https://ke-image.ljcdn.com/110000-inspection/44961dc7-5594-4628-8a18-b4301b7330ee_1000.jpg!m_fill,w_280,h_210,f_jpg?from=ke.com
20240918,朝阳,高碑店,101123935241,店长推荐 兴隆家园南区 南北通透两居 满五年唯一,480万,56115元/平,中楼层 (共6层) 2室1厅 | 85.54平米 | 南 北,https://ke-image.ljcdn.com/110000-inspection/pc1_U99Y1dyfV_1.jpg!m_fill,w_280,h_210,f_jpg?from=ke.com
20240918,朝阳,高碑店,101123915304,金隅汇星苑 中间楼层 朝东向一居室,325万,49102元/平,中楼层 (共26层) | 2016年 | 1室1厅 | 66.19平米 | 东,https://ke-image.ljcdn.com/110000-inspection/pc1_hzomHIzRQ_2.jpg!m_fill,w_280,h_210,f_jpg?from=ke.com
20240918,朝阳,高碑店,101123859530,金隅汇星苑1室1厅 明厨明卫 高层无遮挡 正观小区公园房主自荐,299万,50253元/平,中楼层 (共29层) | 2016年 | 1室1厅 | 59.5平米 | 东 西北,https://ke-image.ljcdn.com/110000-inspection/41a2968c-a7eb-4e0d-894b-019c445281f5_1000.jpg!m_fill,w_280,h_210,f_jpg?from=ke.com
20240918,朝阳,高碑店,101123857024,此房满五唯一、南北通透、适合老人带孩子,329万,45797元/平,中楼层 (共6层) 2室1厅 | 71.84平米 | 南 北,https://ke-image.ljcdn.com/110000-inspection/b8aeff64-a96f-4db9-95a4-292af10270a5_1000.jpg!m_fill,w_280,h_210,f_jpg?from=ke.com
20240918,朝阳,高碑店,101123809437,金隅泰和园 南北通透2居 诚心出售 看房方便,405万,53707元/平,中楼层 (共11层) | 2013年 | 2室1厅 | 75.41平米 | 南 北,https://ke-image.ljcdn.com/110000-inspection/pc1_lvrb62X92.jpg!m_fill,w_280,h_210,f_jpg?from=ke.com
20240918,朝阳,高碑店,101123791976,朝阳大悦城东侧、金隅泰和园、2013年社区、满五唯一,380万,47691元/平,低楼层 (共29层) | 2013年 | 2室1厅 | 79.68平米 | 南,https://ke-image.ljcdn.com/110000-inspection/pc1_rF2iMHRak.jpg!m_fill,w_280,h_210,f_jpg?from=ke.com
20240918,朝阳,高碑店,101123765882,南太平庄北巷 精装修 采光好 随时签约房主自荐,285万,39672元/平,高楼层 (共6层) | 1986年 | 2室1厅 | 71.84平米 | 南 北,https://ke-image.ljcdn.com/110000-inspection/pc1_Es2L5V3hy.jpg!m_fill,w_280,h_210,f_jpg?from=ke.com
20240918,朝阳,高碑店,101123746287,金隅泰和园  一居室 无遮挡 诚心出售,276万,47342元/平,低楼层 (共29层) | 2013年 | 1室1厅 | 58.3平米 | 东,https://ke-image.ljcdn.com/110000-inspection/pc1_ehoG9JHS4.jpg!m_fill,w_280,h_210,f_jpg?from=ke.com
20240918,朝阳,高碑店,101123678947,金隅汇星苑满五年唯一高楼层视野采光好诚意出售,429万,54442元/平,顶层 (共29层) 2室1厅 | 78.8平米 | 南 北,https://ke-image.ljcdn.com/110000-inspection/pc1_474wFSJ0c_2.jpg!m_fill,w_280,h_210,f_jpg?from=ke.com
20240918,朝阳,高碑店,101123624915,富华家园 东南向 商品房 店长推荐,276万,46599元/平,低楼层 (共24层) 1室1厅 | 59.23平米 | 东南,https://ke-image.ljcdn.com/110000-inspection/d5e272ff-0adf-4979-8a75-f43c66e955cc_1000.jpg!m_fill,w_280,h_210,f_jpg?from=ke.com
20240918,朝阳,高碑店,101123600325,南太平庄北巷 2000年楼龄  诚意高 出行方便,143万,29699元/平,地下室 (共7层) 1室1厅 | 48.15平米 | 东,https://ke-image.ljcdn.com/110000-inspection/0bf7f606-0328-49b8-8b87-fb9d285d962c_1000.jpg!m_fill,w_280,h_210,f_jpg?from=ke.com
20240918,朝阳,高碑店,101123561895,金隅汇星苑 精装修 拎包入住 高楼层 满五年名下一套房主自荐,330万,50989元/平,中楼层 (共26层) | 2016年 | 1室1厅 | 64.72平米 | 西,https://ke-image.ljcdn.com/110000-inspection/6eedcf94-5d07-4743-bec7-07f0c6ac2dad_1000.jpg!m_fill,w_280,h_210,f_jpg?from=ke.com
20240918,朝阳,高碑店,101123506216,南太平庄北巷正规3居朝阳大悦城青年路站97年楼龄,300万,43284元/平,顶层 (共6层) | 1997年 | 2室1厅 | 69.31平米 | 南 北,https://ke-image.ljcdn.com/110000-inspection/pc1_1TwW63Bbb_2.jpg!m_fill,w_280,h_210,f_jpg?from=ke.com
20240918,朝阳,高碑店,101123362710,南太平庄北巷  半地下  2居室  采光好,255万,39621元/平,地下室 (共7层) 2室1厅 | 64.36平米 | 南 北,https://ke-image.ljcdn.com/110000-inspection/pc1_HEoAiq2Tm.jpg!m_fill,w_280,h_210,f_jpg?from=ke.com
20240918,朝阳,高碑店,101123353441,2016年 金隅汇星苑 南北通透 高层 视野好房主自荐,425万,53764元/平,高楼层 (共29层) | 2015年 | 2室1厅 | 79.05平米 | 南 北,https://ke-image.ljcdn.com/110000-inspection/1b85df48-64d6-4d36-b6ac-307fc107d9f4_1000.jpg!m_fill,w_280,h_210,f_jpg?from=ke.com
20240918,朝阳,高碑店,101123274919,南太平庄北巷 1室1厅 北,168万,45332元/平,中楼层 (共6层) | 2004年 | 1室1厅 | 37.06平米 | 北,https://ke-image.ljcdn.com/110000-inspection/7dec35bd-4b8a-4fee-bfe5-64cbebf50d24_1000.jpg!m_fill,w_280,h_210,f_jpg?from=ke.com
20240918,朝阳,高碑店,101123117478,南太平庄北巷 5层西南两居室 采光充足 业主诚意出售,199万,37371元/平,高楼层 (共6层) | 1988年 | 2室1厅 | 53.25平米 | 南,https://ke-image.ljcdn.com/110000-inspection/924b168d-cbfc-4b5f-bb12-c0fd67adc4a4_1000.jpg!m_fill,w_280,h_210,f_jpg?from=ke.com
20240918,朝阳,高碑店,101123024667,金隅汇星苑东向一居室 看房方便,330万,50981元/平,中楼层 (共26层) | 2016年 | 1室1厅 | 64.73平米 | 东,https://ke-image.ljcdn.com/110000-inspection/pc1_KA8F7VDl5.jpg!m_fill,w_280,h_210,f_jpg?from=ke.com
20240918,朝阳,高碑店,101122989721,此房满五唯一南北通透一梯两户90得房率,508万,69906元/平,底层 (共6层) 2室1厅 | 72.67平米 | 南 北,https://ke-image.ljcdn.com/110000-inspection/pc1_xXJyNCQGC.jpg!m_fill,w_280,h_210,f_jpg?from=ke.com
20240918,朝阳,高碑店,101122969303,朝阳大悦城 商品房 东南朝向  正规两居,360万,49567元/平,低楼层 (共24层) | 2000年 | 2室1厅 | 72.63平米 | 东南,https://ke-image.ljcdn.com/110000-inspection/pc1_6Tejt1n6d_1.jpg!m_fill,w_280,h_210,f_jpg?from=ke.com
20240918,朝阳,高碑店,101122890587,富华家园 二期  双阳台户型 西北两居室,445万,43029元/平,低楼层 (共22层) | 2004年 | 2室1厅 | 103.42平米 | 西北,https://ke-image.ljcdn.com/110000-inspection/78a94496-0cfc-49f2-a513-155abbc40e73_1000.jpg!m_fill,w_280,h_210,f_jpg?from=ke.com
20240918,朝阳,高碑店,101122882864,板楼便捷楼层无浪费不临街采光好满五唯一,415万,58724元/平,中楼层 (共6层) 2室1厅 | 70.67平米 | 东 西,https://ke-image.ljcdn.com/110000-inspection/89266e53-de9c-4b33-a3e5-a9fa44a4fe85_1000.jpg!m_fill,w_280,h_210,f_jpg?from=ke.com
20240918,朝阳,高碑店,101122832735,兴隆经典一居 刚需上车房 高层 无遮挡 安静不临街,315万,52933元/平,顶层 (共24层) | 2001年 | 1室1厅 | 59.51平米 | 东南,https://ke-image.ljcdn.com/110000-inspection/pc1_XXAxsDa0M.jpg!m_fill,w_280,h_210,f_jpg?from=ke.com
20240918,朝阳,高碑店,101122792274,此房满五年唯一 高楼层 采光好,199万,36058元/平,中楼层 (共7层) 1室1厅 | 55.19平米 | 东 西,https://ke-image.ljcdn.com/110000-inspection/pc1_2ipuKni7j.jpg!m_fill,w_280,h_210,f_jpg?from=ke.com
20240918,朝阳,高碑店,101122594529,兴隆家园 2室2厅 东 西,620万,55063元/平,中楼层 (共14层) 2室2厅 | 112.6平米 | 东 西,https://ke-image.ljcdn.com/110000-inspection/pc1_socc1zaK2.jpg!m_fill,w_280,h_210,f_jpg?from=ke.com
20240918,朝阳,高碑店,101122199944,方家村 2室1厅 南 北房主自荐,235万,40546元/平,中楼层 (共6层) 2室1厅 | 57.96平米 | 南 北,https://ke-image.ljcdn.com/110000-inspection/df77f5f9-f1fd-4665-bf4f-22a7ea9fb518_1000.jpg!m_fill,w_280,h_210,f_jpg?from=ke.com
20240918,朝阳,高碑店,101121897371,高楼层正规一居业主着急卖视野好,299万,51437元/平,低楼层 (共29层) | 2013年 | 1室1厅 | 58.13平米 | 东,https://ke-image.ljcdn.com/110000-inspection/0ddb922c-abb0-4ab3-a342-ca9b7e926fe3_1000.jpg!m_fill,w_280,h_210,f_jpg?from=ke.com
20240918,朝阳,高碑店,101121403556,中间楼层东向正规一居正对小区花园视野无遮挡,299万,50816元/平,低楼层 (共29层) 1室1厅 | 58.84平米 | 东,https://ke-image.ljcdn.com/110000-inspection/fdae7e14-c0c0-4836-8bbc-88ce9c7b7c91_1000.jpg!m_fill,w_280,h_210,f_jpg?from=ke.com
20240918,朝阳,高碑店,101121267271,南北2居在中层 小区中间位置 通风好全天采光,439万,55747元/平,中楼层 (共29层) | 2016年 | 2室1厅 | 78.75平米 | 南 北,https://ke-image.ljcdn.com/110000-inspection/pc1_3a4YvhNLC.jpg!m_fill,w_280,h_210,f_jpg?from=ke.com
20240918,朝阳,高碑店,101121223452,此房满五唯一、2016年社区、小区里外环境很好,580万,64783元/平,高楼层 (共29层) | 2016年 | 3室1厅 | 89.53平米 | 东南 北,https://ke-image.ljcdn.com/110000-inspection/329be898-9229-4166-aedb-4b0936da2ed9_1000.jpg!m_fill,w_280,h_210,f_jpg?from=ke.com
20240918,朝阳,高碑店,101121134066,南太平庄北巷 2居室 中间层 诚心出售房主自荐,310万,44060元/平,中楼层 (共7层) 2室1厅 | 70.36平米 | 东 西,https://ke-image.ljcdn.com/110000-inspection/af36ce8a-d512-410d-ac58-dc1e01af98ca_1000.jpg!m_fill,w_280,h_210,f_jpg?from=ke.com
20240918,朝阳,高碑店,101121096242,方家村 南北通透两居室 看房方便,280万,31005元/平,中楼层 (共6层) | 1995年 | 2室1厅 | 90.31平米 | 南 北,https://ke-image.ljcdn.com/110000-inspection/86427642-c318-4c0d-b5d9-21f5d8ac1f31_1000.jpg!m_fill,w_280,h_210,f_jpg?from=ke.com
20240918,朝阳,高碑店,101121048427,东西通透 视野开阔无遮挡 精装自住 诚意出售,318万,32443元/平,顶层 (共6层) 2室1厅 | 98.02平米 | 东 西,https://ke-image.ljcdn.com/110000-inspection/ef9600c4-8ce4-4761-a418-513101db4b25_1000.jpg!m_fill,w_280,h_210,f_jpg?from=ke.com
20240918,朝阳,高碑店,101120893944,金隅泰和园 板楼3居室 中间层 看房方便房主自荐,538万,62032元/平,中楼层 (共11层) | 2013年 | 3室1厅 | 86.73平米 | 东南 北,https://ke-image.ljcdn.com/110000-inspection/pc1_rygHCMB7U.jpg!m_fill,w_280,h_210,f_jpg?from=ke.com
20240918,朝阳,高碑店,101120577722,南太平庄北巷 南北通透2居 看房方便 诚心出售,238万,40957元/平,底层 (共6层) | 1997年 | 2室1厅 | 58.11平米 | 南 北,https://ke-image.ljcdn.com/110000-inspection/pc1_Uo93AOz4u.jpg!m_fill,w_280,h_210,f_jpg?from=ke.com
20240918,朝阳,高碑店,101120208795,东四环方家村 正规一居室 南北通透 采光视野好房主自荐,239万,40612元/平,高楼层 (共6层) | 1995年 | 1室1厅 | 58.85平米 | 南 北,https://ke-image.ljcdn.com/110000-inspection/pc1_0GgFH96aq_1.jpg!m_fill,w_280,h_210,f_jpg?from=ke.com
20240918,朝阳,高碑店,101119937602,富华家园 全南两居室 商品房 精装修看房方便房主自荐,425万,54593元/平,顶层 (共24层) | 2000年 | 2室1厅 | 77.85平米 | 南,https://ke-image.ljcdn.com/110000-inspection/e0b338fe-533c-4718-8498-0e7b112bcd9c_1000.jpg!m_fill,w_280,h_210,f_jpg?from=ke.com
20240918,朝阳,高碑店,101118893181,富华精装大两居 满五年商品房仅契税,509万,51399元/平,高楼层 (共22层) | 2004年 | 2室1厅 | 99.03平米 | 南,https://ke-image.ljcdn.com/110000-inspection/e238ec05-85c6-4db9-8b5e-b4e4e7d2a11f_1000.jpg!m_fill,w_280,h_210,f_jpg?from=ke.com
20240918,朝阳,高碑店,101114789664,高碑店半壁店方家村 南北通透 交通便捷,300万,36281元/平,高楼层 (共6层) | 1995年 | 2室1厅 | 82.69平米 | 南 北,https://ke-image.ljcdn.com/110000-inspection/0b6ac95d-b2b4-43e7-b6e1-0086ce5bdca7_1000.jpg!m_fill,w_280,h_210,f_jpg?from=ke.com
20240918,朝阳,高碑店,101114424072,方家村 广渠路南侧 南北通透两居室,390万,48412元/平,中楼层 (共6层) | 1995年 | 2室1厅 | 80.56平米 | 南 北,https://ke-image.ljcdn.com/110000-inspection/pc1_dR63yBI5Y_1.jpg!m_fill,w_280,h_210,f_jpg?from=ke.com
20240918,朝阳,高碑店,101126580610,此房满五年唯一 高层 采光好 视野好没有遮挡 不临新上,365万,54699元/平,高楼层 (共16层) | 2007年 | 1室1厅 | 66.73平米 | 南,https://ke-image.ljcdn.com/110000-inspection/c5ff49a1-60d9-4458-b9e3-6ddc4ba0c1f2_1000.jpg!m_fill,w_280,h_210,f_jpg?from=ke.com
20240918,朝阳,高碑店,101126567734,22号线甘露园站 全南向 满五年唯一 高楼层不临街新上,450万,62353元/平,高楼层 (共23层) | 2005年 | 1室1厅 | 72.17平米 | 南,https://ke-image.ljcdn.com/110000-inspection/278c9ae4-4da7-4e6e-95ab-7de36f5a8d14_1000.jpg!m_fill,w_280,h_210,f_jpg?from=ke.com
20240918,朝阳,高碑店,101126564236,兴隆家园 东南向双卫三居室 精装修 景观好新上,760万,56447元/平,中楼层 (共24层) | 2003年 | 3室1厅 | 134.64平米 | 东南,https://ke-image.ljcdn.com/110000-inspection/52c5f404-796e-4f3b-802c-48a750fb6c59_1000.jpg!m_fill,w_280,h_210,f_jpg?from=ke.com
20240918,朝阳,高碑店,101126561044,封闭式管理叠拼洋房社区有电梯直达地库中新上,1230万,58673元/平,中楼层 (共5层) 4室1厅 | 209.64平米 | 南 北,https://ke-image.ljcdn.com/110000-inspection/617ba18a-db14-40da-b787-506f93b1066c_1000.jpg!m_fill,w_280,h_210,f_jpg?from=ke.com
20240918,朝阳,高碑店,101126550327,南太平庄北巷朝阳大悦城旁兴隆公园对面南向大客厅新上,318万,43978元/平,中楼层 (共6层) 3室1厅 | 72.31平米 | 南 北,https://ke-image.ljcdn.com/110000-inspection/pc1_Pa4aG7klF.jpg!m_fill,w_280,h_210,f_jpg?from=ke.com
20240918,朝阳,高碑店,101126549570,金隅泰和园 1室1厅 东新上,289万,49572元/平,高楼层 (共29层) | 2013年 | 1室1厅 | 58.3平米 | 东,https://ke-image.ljcdn.com/110000-inspection/241359e3-3525-46fd-8232-fa8a7cedf771_1000.jpg!m_fill,w_280,h_210,f_jpg?from=ke.com
20240918,朝阳,高碑店,101126549089,财满街嘉园小区 70年住宅 商品房 落地窗新上,405万,30804元/平,高楼层 (共11层) | 2006年 | 2室1厅 | 131.48平米 | 西,https://ke-image.ljcdn.com/110000-inspection/pc1_BIF1PA6Hk.jpg!m_fill,w_280,h_210,f_jpg?from=ke.com
20240918,朝阳,高碑店,101126548787,南太平庄北巷小区南北通透两居室出售新上,198万,34841元/平,顶层 (共6层) | 1986年 | 2室1厅 | 56.83平米 | 南 北,https://ke-image.ljcdn.com/110000-inspection/pc1_FP2U2EmsM.jpg!m_fill,w_280,h_210,f_jpg?from=ke.com
20240918,朝阳,高碑店,101126547776,金隅汇星苑 满五年唯一  楼层高 采光 视野好新上,430万,52852元/平,顶层 (共29层) | 2016年 | 2室1厅 | 81.36平米 | 南,https://ke-image.ljcdn.com/110000-inspection/3f5934c0-ca8c-4af6-8439-49d79f975fce_1000.jpg!m_fill,w_280,h_210,f_jpg?from=ke.com
20240918,朝阳,高碑店,101126547104,金隅泰和园 2室1厅 南新上,360万,49621元/平,底层 (共14层) | 2013年 | 2室1厅 | 72.55平米 | 南,https://ke-image.ljcdn.com/110000-inspection/7be85a7c-e8fe-4d6d-a432-e9c5b34679cd_1000.jpg!m_fill,w_280,h_210,f_jpg?from=ke.com
20240918,朝阳,高碑店,101126546256,金隅汇星苑 3室1厅 西南 北新上,550万,61432元/平,高楼层 (共29层) | 2016年 | 3室1厅 | 89.53平米 | 西南 北,https://ke-image.ljcdn.com/110000-inspection/7ed7b754-b046-4602-a809-c41a3dadfc02_1000.jpg!m_fill,w_280,h_210,f_jpg?from=ke.com
20240918,朝阳,高碑店,101126545643,南太平庄北巷 2室1厅 南 北新上,310万,44656元/平,高楼层 (共6层) 2室1厅 | 69.42平米 | 南 北,https://ke-image.ljcdn.com/110000-inspection/pc1_aynbZJ4QU.jpg!m_fill,w_280,h_210,f_jpg?from=ke.com
20240918,朝阳,高碑店,101126543271,金隅汇星苑 商品房 只契税 高楼层视野采光好带书房新上,399万,44938元/平,顶层 (共26层) | 2016年 | 2室1厅 | 88.79平米 | 东 西,https://ke-image.ljcdn.com/110000-inspection/pc1_o1D4XFHii_2.jpg!m_fill,w_280,h_210,f_jpg?from=ke.com
20240918,朝阳,高碑店,101126537660,南太平庄北巷 2室1厅 南 北新上,216万,34183元/平,顶层 (共6层) | 1992年 | 2室1厅 | 63.19平米 | 南 北,https://ke-image.ljcdn.com/110000-inspection/b5f36b60-cc93-4cbd-ae05-f3316f6c3e6b_1000.jpg!m_fill,w_280,h_210,f_jpg?from=ke.com
20240918,朝阳,高碑店,101126537021,商品房房本、住宅性质、可注册公司、适合出租办公。新上,550万,29373元/平,中楼层 (共11层) | 2006年 | 1室1厅 | 187.25平米 | 东,https://ke-image.ljcdn.com/110000-inspection/pc1_xMozrngHo.jpg!m_fill,w_280,h_210,f_jpg?from=ke.com
20240918,朝阳,高碑店,101126535693,阿曼寓所 1室1厅 南新上,480万,70444元/平,低楼层 (共11层) | 2007年 | 1室1厅 | 68.14平米 | 南,https://ke-image.ljcdn.com/110000-inspection/5296e321-796f-45ec-943e-c545bbc30d08_1000.jpg!m_fill,w_280,h_210,f_jpg?from=ke.com
20240918,朝阳,高碑店,101126535556,南太平庄北巷 2室1厅 东南新上,379万,44964元/平,中楼层 (共6层) 2室1厅 | 84.29平米 | 东南,https://ke-image.ljcdn.com/110000-inspection/pc1_Y2ZQt5RAq.jpg!m_fill,w_280,h_210,f_jpg?from=ke.com
20240918,朝阳,高碑店,101126509884,阿曼寓所 3居室 南北通透 采光视野好新上,765万,56454元/平,顶层 (共15层) | 2007年 | 3室1厅 | 135.51平米 | 南 北,https://ke-image.ljcdn.com/110000-inspection/pc1_bw4tM8Spf.jpg!m_fill,w_280,h_210,f_jpg?from=ke.com
20240918,朝阳,高碑店,101126487357,阿曼寓所 3居室 南北通透 一层新上,830万,60426元/平,底层 (共11层) | 2007年 | 3室2厅 | 137.36平米 | 南 北,https://ke-image.ljcdn.com/110000-inspection/ec96f77e-8175-4a06-8a33-fcce5fd7c80e_1000.jpg!m_fill,w_280,h_210,f_jpg?from=ke.com
20240918,朝阳,高碑店,101126466371,兴隆家园精装修板楼一居室诚意出售,289万,48892元/平,高楼层 (共6层) | 2000年 | 1室1厅 | 59.11平米 | 东,https://ke-image.ljcdn.com/110000-inspection/pc1_YtvqUN4NM.jpg!m_fill,w_280,h_210,f_jpg?from=ke.com
20240918,朝阳,高碑店,101126466246,兴隆家园二期满五唯一三居室诚意出售,490万,49666元/平,中楼层 (共24层) | 2003年 | 3室0厅 | 98.66平米 | 西 北,https://ke-image.ljcdn.com/110000-inspection/pc1_ab0wpbqiq_2.jpg!m_fill,w_280,h_210,f_jpg?from=ke.com
20240918,朝阳,高碑店,101126437140,金隅泰和园 一居室  精装修 看房方便,300万,51178元/平,低楼层 (共28层) | 2013年 | 1室1厅 | 58.62平米 | 东,https://ke-image.ljcdn.com/110000-inspection/caa97429-3df6-4a56-9dce-4da31ea94678_1000.jpg!m_fill,w_280,h_210,f_jpg?from=ke.com
20240918,朝阳,高碑店,101126420568,叠墅 高绿化 商品房 叠拼社区 下叠户型,1300万,66195元/平,底层 (共5层) 3室1厅 | 196.39平米 | 南 北,https://ke-image.ljcdn.com/110000-inspection/pc1_iROqa8LkU.jpg!m_fill,w_280,h_210,f_jpg?from=ke.com
20240918,朝阳,高碑店,101126373377,低板小高层 全南2居装修好 方便看房,369万,50445元/平,低楼层 (共11层) | 2013年 | 2室1厅 | 73.15平米 | 南,https://ke-image.ljcdn.com/110000-inspection/pc1_Gp7Mc8uxs.jpg!m_fill,w_280,h_210,f_jpg?from=ke.com
20240918,朝阳,高碑店,101126370931,小区中间位置兴隆三期板楼两梯六户高楼层,340万,52952元/平,高楼层 (共19层) | 2005年 | 1室1厅 | 64.21平米 | 西北,https://ke-image.ljcdn.com/110000-inspection/pc1_JnhufEO7K_1.jpg!m_fill,w_280,h_210,f_jpg?from=ke.com
20240918,朝阳,高碑店,101126370537,南太平庄北巷  南北通透2居  中楼层精装修房主自荐,350万,49688元/平,低楼层 (共7层) 2室1厅 | 70.44平米 | 南 北,https://ke-image.ljcdn.com/110000-inspection/pc1_1Xj2ai9aI.jpg!m_fill,w_280,h_210,f_jpg?from=ke.com
20240918,朝阳,高碑店,101126274133,兴隆二期 精装修 拎包入住 卧室朝南带阳台 采光好,470万,60218元/平,低楼层 (共24层) 2室1厅 | 78.05平米 | 西南,https://ke-image.ljcdn.com/110000-inspection/pc1_XpqEFMUOu_2.jpg!m_fill,w_280,h_210,f_jpg?from=ke.com
20240918,朝阳,高碑店,101126265221,兴隆家园 精装 南向两居 不临街 拎包入住,750万,71111元/平,中楼层 (共22层) | 2005年 | 2室1厅 | 105.47平米 | 南,https://ke-image.ljcdn.com/110000-inspection/pc1_cBxabYY5q.jpg!m_fill,w_280,h_210,f_jpg?from=ke.com
20240918,朝阳,高碑店,101126259525,兴隆家园三期全南向两居 随时可以看房满五年唯一住房,675万,63800元/平,低楼层 (共22层) 2室2厅 | 105.8平米 | 南,https://ke-image.ljcdn.com/110000-inspection/7bcab1a4-4460-4322-9890-8063f15ba1aa_1000.jpg!m_fill,w_280,h_210,f_jpg?from=ke.com
20240918,朝阳,高碑店,101126237050,二期南向 装修好 拎包入住 双阳台采光好 格局方正,565万,64118元/平,低楼层 (共24层) | 2001年 | 2室1厅 | 88.12平米 | 南,https://ke-image.ljcdn.com/110000-inspection/pc1_3AaeVq1Qe.jpg!m_fill,w_280,h_210,f_jpg?from=ke.com
20240918,朝阳,高碑店,101126198771,2001年的大1居 视野开阔通风好 无遮挡全天采光,186万,33020元/平,顶层 (共6层) | 2001年 | 1室1厅 | 56.33平米 | 东 西,https://ke-image.ljcdn.com/110000-inspection/pc1_a2h4gNvpI.jpg!m_fill,w_280,h_210,f_jpg?from=ke.com
20240918,朝阳,高碑店,101126196673,南太平庄北巷 正规一居室 无遮挡视野采光好 商品房,200万,39738元/平,中楼层 (共7层) 1室1厅 | 50.33平米 | 东,https://ke-image.ljcdn.com/110000-inspection/c915d983-58c1-4c0f-bf25-337a6315234c_1000.jpg!m_fill,w_280,h_210,f_jpg?from=ke.com
20240918,朝阳,高碑店,101126196553,金隅汇星苑 正规一居 无遮挡 视野采光好 看房方便,299万,50482元/平,低楼层 (共29层) | 2016年 | 1室1厅 | 59.23平米 | 西,https://ke-image.ljcdn.com/110000-inspection/pc1_0Rbxd1Bbi.jpg!m_fill,w_280,h_210,f_jpg?from=ke.com
20240918,朝阳,高碑店,101126191349,兴隆家园三期正规一居高层视野好不临街,350万,54654元/平,高楼层 (共22层) | 2005年 | 1室1厅 | 64.04平米 | 东 北,https://ke-image.ljcdn.com/110000-inspection/pc1_fvKfmkfva_2.jpg!m_fill,w_280,h_210,f_jpg?from=ke.com
20240918,朝阳,高碑店,101126095756,富华家园二期 楼龄新 商品房性质 品质装修,565万,51950元/平,底层 (共24层) | 2003年 | 2室2厅 | 108.76平米 | 南,https://ke-image.ljcdn.com/110000-inspection/pc1_LDlaOhBd4_1.jpg!m_fill,w_280,h_210,f_jpg?from=ke.com
20240918,朝阳,高碑店,101125960424,美丽亚洲假日花园三居双卫挑高三米四个阳台,570万,40023元/平,底层 (共9层) | 2008年 | 3室2厅 | 142.42平米 | 东南,https://ke-image.ljcdn.com/110000-inspection/283bbb53-c881-43dc-ad3e-981ded13ecd3_1000.jpg!m_fill,w_280,h_210,f_jpg?from=ke.com
20240918,朝阳,高碑店,101125909545,板楼2梯4户  南北通透 高楼层 采光好 视野开阔房主自荐,752万,66029元/平,高楼层 (共19层) 2室1厅 | 113.89平米 | 南 北,https://ke-image.ljcdn.com/110000-inspection/cfc0f97b-ef0c-4576-a07b-ed115559e408_1000.jpg!m_fill,w_280,h_210,f_jpg?from=ke.com
20240918,朝阳,高碑店,101125886634,满五唯一户型方正方便改正规两居采光好房主自荐,418万,55556元/平,低楼层 (共24层) | 2003年 | 2室1厅 | 75.24平米 | 西,https://ke-image.ljcdn.com/110000-inspection/pc1_70JsANvd3_2.jpg!m_fill,w_280,h_210,f_jpg?from=ke.com
20240918,朝阳,高碑店,101125875204,南北通透复式  三室两厅两卫 带30平米平台采光好,566万,47801元/平,顶层 (共6层) 3室2厅 | 118.41平米 | 南 北,https://ke-image.ljcdn.com/110000-inspection/pc1_j1rfEGZHW.jpg!m_fill,w_280,h_210,f_jpg?from=ke.com
20240918,朝阳,高碑店,101125864284,东四环 东南经典两居室 景观房 不临街 满五唯一,518万,57839元/平,顶层 (共24层) | 2005年 | 2室1厅 | 89.56平米 | 东南,https://ke-image.ljcdn.com/110000-inspection/5661580f-b95c-4bd9-afaa-d4339d027408_1000.jpg!m_fill,w_280,h_210,f_jpg?from=ke.com
20240918,朝阳,高碑店,101125829734,兴隆家园二期大两居满五唯一商品房,410万,44244元/平,底层 (共24层) | 2002年 | 2室1厅 | 92.67平米 | 东北,https://ke-image.ljcdn.com/110000-inspection/pc1_be8SuVkeB_1.jpg!m_fill,w_280,h_210,f_jpg?from=ke.com
20240918,朝阳,高碑店,101125786902,兴隆三期两居室有钥匙可以随时看房,738万,69973元/平,中楼层 (共22层) | 2005年 | 2室1厅 | 105.47平米 | 南,https://ke-image.ljcdn.com/110000-inspection/pc1_NXEXvfLGb.jpg!m_fill,w_280,h_210,f_jpg?from=ke.com
20240918,朝阳,高碑店,101125723957,板楼 2层 东西通透 满五年唯一 出行方便配套成熟房主自荐,390万,51821元/平,低楼层 (共6层) 2室1厅 | 75.26平米 | 东 西,https://ke-image.ljcdn.com/110000-inspection/df0fe42d-321a-4a2c-9ff4-a555cf110e75_1000.jpg!m_fill,w_280,h_210,f_jpg?from=ke.com
20240918,朝阳,高碑店,101125710757,金隅泰和园 2室1厅 东 西,339万,44477元/平,中楼层 (共29层) | 2013年 | 2室1厅 | 76.22平米 | 东 西,https://ke-image.ljcdn.com/110000-inspection/pc1_eYhnzRLkH_1.jpg!m_fill,w_280,h_210,f_jpg?from=ke.com
20240918,朝阳,高碑店,101125670741,叠墅財滿街2梯1户360度观景大复式、单层393平,2300万,58479元/平,顶层 (共13层) 5室4厅 | 393.31平米 | 东 东南 南 西南 西,https://ke-image.ljcdn.com/110000-inspection/4d534d6a-84c2-45db-9d81-7fda2a8d3aa8_1000.jpg!m_fill,w_280,h_210,f_jpg?from=ke.com
20240918,朝阳,高碑店,101125610397,财满街 70年住宅 可注册,775万,25625元/平,高楼层 (共14层) 3室1厅 | 302.44平米 | 南 北,https://ke-image.ljcdn.com/110000-inspection/pc1_jfkig53QZ.jpg!m_fill,w_280,h_210,f_jpg?from=ke.com
20240918,朝阳,高碑店,101125605483,南太平庄北巷 朝阳路旁 南北两居室 高楼层,320万,46097元/平,高楼层 (共6层) 2室1厅 | 69.42平米 | 南 北,https://ke-image.ljcdn.com/110000-inspection/pc1_KJXYpWY9F.jpg!m_fill,w_280,h_210,f_jpg?from=ke.com
20240918,朝阳,高碑店,101125574329,房子是两年前新装修的一直自己住保养的很好。高层没,348万,50130元/平,高楼层 (共6层) 2室1厅 | 69.42平米 | 南 北,https://ke-image.ljcdn.com/110000-inspection/pc1_JPI7sZ7Y3_1.jpg!m_fill,w_280,h_210,f_jpg?from=ke.com
20240918,朝阳,高碑店,101125503645,兴隆家园一期南北通透1梯两户板楼地铁口750米,499万,58051元/平,中楼层 (共7层) 2室2厅 | 85.96平米 | 南 北,https://ke-image.ljcdn.com/110000-inspection/72b2430f-72c3-4758-b735-8cd2937f978f_1000.jpg!m_fill,w_280,h_210,f_jpg?from=ke.com
20240918,朝阳,高碑店,101125416008,金隅汇星苑 一居室业主诚意出售,320万,54027元/平,中楼层 (共29层) | 2016年 | 1室1厅 | 59.23平米 | 西,https://ke-image.ljcdn.com/110000-inspection/e38ebd6b-8503-4a77-952f-154d3774c8fb_1000.jpg!m_fill,w_280,h_210,f_jpg?from=ke.com
20240918,朝阳,高碑店,101125363993,大悦城 近地铁 富华家园  正规4居 商品房 高层房主自荐,670万,54392元/平,中楼层 (共24层) 4室2厅 | 123.18平米 | 西南,https://ke-image.ljcdn.com/110000-inspection/f3eb759b-aaa1-41c9-bf39-0b265cc03025_1000.jpg!m_fill,w_280,h_210,f_jpg?from=ke.com
20240918,朝阳,高碑店,101125361774,兴隆家园二期   满五唯一   双阳台房主自荐,600万,61786元/平,低楼层 (共24层) 2室1厅 | 97.11平米 | 南,https://ke-image.ljcdn.com/110000-inspection/954327b0-f02b-4677-bfc9-abcfb1f8df24_1000.jpg!m_fill,w_280,h_210,f_jpg?from=ke.com
20240918,朝阳,高碑店,101125346151,金隅汇星苑 中间楼层 全南两居室采光视野好,412万,49904元/平,中楼层 (共21层) | 2016年 | 2室1厅 | 82.56平米 | 南,https://ke-image.ljcdn.com/110000-inspection/a6d0388b-027b-4596-9576-1017dcc4eb32_1000.jpg!m_fill,w_280,h_210,f_jpg?from=ke.com
20240918,朝阳,高碑店,101125308326,兴隆三期 高层 南向 采光好 安静不临街 交通便利,600万,59708元/平,高楼层 (共23层) | 2005年 | 2室1厅 | 100.49平米 | 南,https://ke-image.ljcdn.com/110000-inspection/eb16539d-87d1-4a92-bbe0-3d047bcef820_1000.jpg!m_fill,w_280,h_210,f_jpg?from=ke.com
20240918,朝阳,高碑店,101125299044,兴隆家园二期西向精装一居 业主诚心出售,410万,64294元/平,低楼层 (共24层) | 2003年 | 1室2厅 | 63.77平米 | 西南,https://ke-image.ljcdn.com/110000-inspection/f37dc151-cfdb-4093-b3eb-79bd54d34b11_1000.jpg!m_fill,w_280,h_210,f_jpg?from=ke.com
20240918,朝阳,高碑店,101125176657,满五唯一 南北通透 精装修 带中 央空调 拎包入住,880万,46461元/平,高楼层 (共7层) 5室3厅 | 189.41平米 | 南 北,https://ke-image.ljcdn.com/110000-inspection/29b781b3-fc63-4392-a959-a5bc37dd9572_1000.jpg!m_fill,w_280,h_210,f_jpg?from=ke.com
20240918,朝阳,高碑店,101125084211,此房满五唯一落地窗 正对小区花园安静不临街,263万,53718元/平,中楼层 (共24层) 1室1厅 | 48.96平米 | 西北,https://ke-image.ljcdn.com/110000-inspection/pc1_KQjHSl2zG.jpg!m_fill,w_280,h_210,f_jpg?from=ke.com
20240918,朝阳,高碑店,101125075198,兴隆家园一期板楼南北通透三居室中间楼层,520万,53554元/平,中楼层 (共6层) | 2000年 | 3室1厅 | 97.1平米 | 东南 北,https://ke-image.ljcdn.com/110000-inspection/f38cd39a-0976-4ce2-b71e-8e65e46b705b_1000.jpg!m_fill,w_280,h_210,f_jpg?from=ke.com
20240918,朝阳,高碑店,101125052755,东四环 南向落地窗 视野开阔 采光好 满五唯一,719万,53701元/平,中楼层 (共24层) 3室2厅 | 133.89平米 | 南,https://ke-image.ljcdn.com/110000-inspection/pc1_rdj9MR8pn.jpg!m_fill,w_280,h_210,f_jpg?from=ke.com
20240918,朝阳,高碑店,101125029099,东四环 南北双通透三居室 中间楼层 视野无遮挡,795万,56256元/平,中楼层 (共22层) | 2005年 | 3室2厅 | 141.32平米 | 南 北,https://ke-image.ljcdn.com/110000-inspection/pc1_Ic58Kc8H9.jpg!m_fill,w_280,h_210,f_jpg?from=ke.com
20240918,朝阳,高碑店,101124875805,兴隆家园三期西向一居 满五唯一 无遮挡 看房方便,345万,51935元/平,低楼层 (共24层) | 2005年 | 1室1厅 | 66.43平米 | 西,https://ke-image.ljcdn.com/110000-inspection/pc1_e3yH67yz5.jpg!m_fill,w_280,h_210,f_jpg?from=ke.com
20240918,朝阳,高碑店,101124812900,南太平庄北巷小区南北通透两居室出售,300万,43216元/平,高楼层 (共6层) | 2001年 | 2室1厅 | 69.42平米 | 南 北,https://ke-image.ljcdn.com/110000-inspection/pc1_b1aHz1GhF.jpg!m_fill,w_280,h_210,f_jpg?from=ke.com
20240918,朝阳,高碑店,101124807123,兴隆家园 东南三居 双卧朝南 大客厅 不临街 精装,645万,50985元/平,中楼层 (共24层) 3室1厅 | 126.51平米 | 东南,https://ke-image.ljcdn.com/110000-inspection/f83e964c-3f23-4bb6-b456-b8e0bc551794_1000.jpg!m_fill,w_280,h_210,f_jpg?from=ke.com
20240918,朝阳,高碑店,101124805648,兴隆家园东南向三居室双卧室南向,730万,54219元/平,高楼层 (共24层) 3室1厅 | 134.64平米 | 东南,https://ke-image.ljcdn.com/110000-inspection/d3d28f90-ee25-456a-93aa-4a60e73cc488_1000.jpg!m_fill,w_280,h_210,f_jpg?from=ke.com
20240918,朝阳,高碑店,101124739632,兴隆家园三期正规1居户型方正满五唯一诚心出售,335万,52312元/平,高楼层 (共22层) | 2005年 | 1室2厅 | 64.04平米 | 东北,https://ke-image.ljcdn.com/110000-inspection/pc1_yuhiKrEoB.jpg!m_fill,w_280,h_210,f_jpg?from=ke.com
20240918,朝阳,高碑店,101124738321,兴隆家园满五年唯一商品房西南向两居诚心出售,548万,56437元/平,低楼层 (共23层) | 2005年 | 2室2厅 | 97.1平米 | 西南,https://ke-image.ljcdn.com/110000-inspection/27b3803a-c5a7-4804-a029-0e17808aeb31_1000.jpg!m_fill,w_280,h_210,f_jpg?from=ke.com
20240918,朝阳,高碑店,101124730837,南北通透的一居室2004年钢混结构满五唯一,220万,40862元/平,顶层 (共6层) 1室1厅 | 53.84平米 | 南 北,https://ke-image.ljcdn.com/110000-inspection/2010d6ad-7da9-42d6-a101-db0db67343e4_1000.jpg!m_fill,w_280,h_210,f_jpg?from=ke.com
20240918,朝阳,高碑店,101124711389,美丽亚洲假日花园别墅 独栋 满五年唯一,2300万,54133元/平,底层 (共3层) 9室3厅 | 424.88平米 | 东 南 西北,https://ke-image.ljcdn.com/110000-inspection/46053510-8d7f-441b-8bda-dc4b5dc69376_1000.jpg!m_fill,w_280,h_210,f_jpg?from=ke.com
20240918,朝阳,高碑店,101124697906,兴隆家园全南向精装两居 看房方便 满五年家唯一住房房主自荐,698万,65974元/平,低楼层 (共22层) | 2005年 | 2室1厅 | 105.8平米 | 南,https://ke-image.ljcdn.com/110000-inspection/28569341-a110-4f05-8e09-e2386ebee34d_1000.jpg!m_fill,w_280,h_210,f_jpg?from=ke.com
20240918,朝阳,高碑店,101124655151,总监力荐 兴隆家园三期 西北向一居室 高层无遮挡,398万,52723元/平,中楼层 (共23层) | 2005年 | 1室1厅 | 75.49平米 | 西北,https://ke-image.ljcdn.com/110000-inspection/10de6598-3461-4a9d-8398-6b58d5d93fe8_1000.jpg!m_fill,w_280,h_210,f_jpg?from=ke.com
20240918,朝阳,高碑店,101124586656,南太平庄北巷 2室1厅 东 西,319万,39677元/平,中楼层 (共7层) 2室1厅 | 80.4平米 | 东 西,https://ke-image.ljcdn.com/110000-inspection/e4ecd409-3698-4a25-b11c-71321177a468_1000.jpg!m_fill,w_280,h_210,f_jpg?from=ke.com
20240918,朝阳,高碑店,101124276791,总监推荐 兴隆家园三期 精装一居室 诚意出售,343万,53561元/平,中楼层 (共22层) | 2005年 | 1室1厅 | 64.04平米 | 西北,https://ke-image.ljcdn.com/110000-inspection/260a6dd9-b696-4056-9084-545dfc94091e_1000.jpg!m_fill,w_280,h_210,f_jpg?from=ke.com
20240918,朝阳,高碑店,101124130133,兴隆家园满五年唯一东向不临街一居低成本房主自荐,255万,49228元/平,中楼层 (共7层) | 1999年 | 1室1厅 | 51.8平米 | 东,https://ke-image.ljcdn.com/110000-inspection/6a073ee8-ab4a-4de5-90be-48b25d4b81a7_1000.jpg!m_fill,w_280,h_210,f_jpg?from=ke.com
20240918,朝阳,高碑店,101124109822,兴隆家园大一居做成2居 楼下50米地铁口25年通车,415万,55084元/平,中楼层 (共23层) | 2005年 | 1室1厅 | 75.34平米 | 北,https://ke-image.ljcdn.com/110000-inspection/pc1_hh9TCW5Ly_2.jpg!m_fill,w_280,h_210,f_jpg?from=ke.com
20240918,朝阳,高碑店,101124098537,东四环 三面朝南 采光好 没有遮挡 业主诚意出售,660万,62382元/平,中楼层 (共19层) 2室1厅 | 105.8平米 | 南,https://ke-image.ljcdn.com/110000-inspection/pc1_OxGklKA6x.jpg!m_fill,w_280,h_210,f_jpg?from=ke.com
20240918,朝阳,高碑店,101124038006,兴隆家园三期落地阳台南向三居室满五唯一,740万,50214元/平,中楼层 (共24层) | 2005年 | 3室1厅 | 147.37平米 | 西南 南,https://ke-image.ljcdn.com/110000-inspection/3fe37cb0-931e-4db2-b365-1efa7a9382c5_1000.jpg!m_fill,w_280,h_210,f_jpg?from=ke.com
20240918,朝阳,高碑店,101124026109,店长推荐 三期大一居 高楼层  双阳台落地窗 装修好,395万,52325元/平,高楼层 (共23层) | 2005年 | 1室1厅 | 75.49平米 | 东北,https://ke-image.ljcdn.com/110000-inspection/849c9bd6-01ca-461e-b9cc-c9c4b08a11cb_1000.jpg!m_fill,w_280,h_210,f_jpg?from=ke.com
20240918,朝阳,高碑店,101123984950,二期、高层视野好小区样板楼户数少 满五年唯一,479万,47276元/平,顶层 (共24层) | 2003年 | 2室2厅 | 101.32平米 | 西北,https://ke-image.ljcdn.com/110000-inspection/4b1bb7cc-df09-4cd6-8dbe-b6ca49a84dfc_1000.jpg!m_fill,w_280,h_210,f_jpg?from=ke.com
20240918,朝阳,高碑店,101123978324,满五年唯一中楼层采光足精装修保持得很好。房主自荐,479万,59349元/平,低楼层 (共17层) | 2016年 | 2室1厅 | 80.71平米 | 南,https://ke-image.ljcdn.com/110000-inspection/pc1_ftXJqPX1T.jpg!m_fill,w_280,h_210,f_jpg?from=ke.com
20240918,朝阳,高碑店,101123888941,兴隆家园二期 中间位置 不临街 满5年唯一 正规3居,490万,49666元/平,低楼层 (共24层) | 2003年 | 3室1厅 | 98.66平米 | 西北,https://ke-image.ljcdn.com/110000-inspection/pc1_VqiuBCbJr_2.jpg!m_fill,w_280,h_210,f_jpg?from=ke.com
20240918,朝阳,高碑店,101123845717,兴隆家园 地铁22号线 甘露园站,689万,51106元/平,高楼层 (共24层) | 2002年 | 3室1厅 | 134.82平米 | 南 北,https://ke-image.ljcdn.com/110000-inspection/pc1_iqBtUqsgw_2.jpg!m_fill,w_280,h_210,f_jpg?from=ke.com
20240918,朝阳,高碑店,101123839596,板楼3层三居 双卧朝南 双卫  前后不临街 交通便利,580万,53221元/平,中楼层 (共7层) 3室1厅 | 108.98平米 | 南 北,https://ke-image.ljcdn.com/110000-inspection/92884a09-d0d5-4b3f-b9b8-3abf58da500d_1000.jpg!m_fill,w_280,h_210,f_jpg?from=ke.com
20240918,朝阳,高碑店,101123811622,朝阳大悦城 富华家园 正规两居 户型方正,388万,46373元/平,低楼层 (共22层) | 2003年 | 2室1厅 | 83.67平米 | 东南,https://ke-image.ljcdn.com/110000-inspection/75e9518c-0d77-4329-b41c-f8fd4f739470_1000.jpg!m_fill,w_280,h_210,f_jpg?from=ke.com
20240918,朝阳,高碑店,101123768151,兴隆家园双卧客厅全南向两居门口地铁口25年通车,580万,59727元/平,低楼层 (共24层) 2室1厅 | 97.11平米 | 南,https://ke-image.ljcdn.com/110000-inspection/19ffabe7-4cd5-4d02-824a-74ad379b79f9_1000.jpg!m_fill,w_280,h_210,f_jpg?from=ke.com
20240918,朝阳,高碑店,101123766133,二期满五年唯一、东南向 景观视野很好装修好、楼层好,750万,55705元/平,顶层 (共24层) | 2003年 | 3室2厅 | 134.64平米 | 东南,https://ke-image.ljcdn.com/110000-inspection/2311d675-60b4-4641-977d-bbba99373bcc_1000.jpg!m_fill,w_280,h_210,f_jpg?from=ke.com
20240918,朝阳,高碑店,101123753200,高层 全南向视野好次新精装修即买即住,449万,55344元/平,高楼层 (共29层) 2室1厅 | 81.13平米 | 南,https://ke-image.ljcdn.com/110000-inspection/pc1_KYj9pP0Um_1.jpg!m_fill,w_280,h_210,f_jpg?from=ke.com
20240918,朝阳,高碑店,101123696395,兴隆家园南区复式高得房率、满五唯一、拎包入住,880万,50479元/平,高楼层 (共7层) 5室2厅 | 174.33平米 | 南 北,https://ke-image.ljcdn.com/110000-inspection/0d39e8bc-0fe4-4523-ad9e-d372fe438141_1000.jpg!m_fill,w_280,h_210,f_jpg?from=ke.com
20240918,朝阳,高碑店,101123688945,美丽亚洲假日花园南北两居双卫别墅洋房,550万,44312元/平,顶层 (共3层) | 1996年 | 2室2厅 | 124.12平米 | 南 北,https://ke-image.ljcdn.com/110000-inspection/pc1_mh0Jsvkaz.jpg!m_fill,w_280,h_210,f_jpg?from=ke.com
20240918,朝阳,高碑店,101123666687,满五年唯一商品房落地窗 采光好带储物间 诚意卖,399万,52549元/平,高楼层 (共6层) 2室1厅 | 75.93平米 | 东 西,https://ke-image.ljcdn.com/110000-inspection/5e5545b0-9f89-4ba9-b4e0-1d31c8d1e97a_1000.jpg!m_fill,w_280,h_210,f_jpg?from=ke.com
20240918,朝阳,高碑店,101123634018,总监推荐兴隆家园1居诚意出售 坐等签约,279万,56986元/平,中楼层 (共24层) 1室0厅 | 48.96平米 | 西北,https://ke-image.ljcdn.com/110000-inspection/39cd77ee-5135-4595-a5bb-018f6602e1e4_1000.jpg!m_fill,w_280,h_210,f_jpg?from=ke.com
20240918,朝阳,高碑店,101123610800,店长推荐：兴隆家园三期  落地窗 安静不临街 对花,330万,51394元/平,顶层 (共19层) 1室1厅 | 64.21平米 | 东北,https://ke-image.ljcdn.com/110000-inspection/pc1_ytHjb7KGV_1.jpg!m_fill,w_280,h_210,f_jpg?from=ke.com
20240918,朝阳,高碑店,101123571221,兴隆家园三期 南北三居室 落地窗   无遮挡房主自荐,730万,52282元/平,中楼层 (共12层) 3室1厅 | 139.63平米 | 南 北,https://ke-image.ljcdn.com/110000-inspection/pc1_avTXIQg0t.jpg!m_fill,w_280,h_210,f_jpg?from=ke.com
20240918,朝阳,高碑店,101123440549,兴隆家园三期两居 一梯两户带电梯 仅有契税 人车分流,650万,62675元/平,中楼层 (共12层) 2室1厅 | 103.71平米 | 南 北,https://ke-image.ljcdn.com/110000-inspection/08edec63-dbf8-4e7b-9ad4-a0eee540b5b8_1000.jpg!m_fill,w_280,h_210,f_jpg?from=ke.com
20240918,朝阳,高碑店,101123291114,兴隆三期、满5年唯一私密性好无遮挡采光很好,525万,56665元/平,低楼层 (共24层) 2室1厅 | 92.65平米 | 西南 北,https://ke-image.ljcdn.com/110000-inspection/pc1_OYnKOEkXq.jpg!m_fill,w_280,h_210,f_jpg?from=ke.com
20240918,朝阳,高碑店,101123111106,兴隆家园 高层一居 户型灵活 空间大 客厅卧室落地阳台房主自荐,390万,51670元/平,高楼层 (共23层) 1室1厅 | 75.48平米 | 西北,https://ke-image.ljcdn.com/110000-inspection/9c845848-d430-4a9b-bdf2-4156614c987a_1000.jpg!m_fill,w_280,h_210,f_jpg?from=ke.com
20240918,朝阳,高碑店,101123104638,南北通透 采光好 视野宽阔 中间层 装修好直接住,469万,59518元/平,低楼层 (共29层) 2室1厅 | 78.8平米 | 南 北,https://ke-image.ljcdn.com/110000-inspection/43833a17-30b6-4c1d-8fee-5e84713484ef_1000.jpg!m_fill,w_280,h_210,f_jpg?from=ke.com
20240918,朝阳,高碑店,101123076250,方家村 南北通透两居室 好楼层,350万,42327元/平,中楼层 (共6层) | 1995年 | 2室1厅 | 82.69平米 | 南 北,https://ke-image.ljcdn.com/110000-inspection/pc1_0BvGp3sKk_1.jpg!m_fill,w_280,h_210,f_jpg?from=ke.com
20240918,朝阳,高碑店,101122984263,二期高层、满五年唯一、商品房三梯八户、东向落地窗,615万,65783元/平,高楼层 (共24层) | 2002年 | 2室2厅 | 93.49平米 | 东,https://ke-image.ljcdn.com/110000-inspection/0ccc7f7c-9967-43da-b126-02730b201e5e_1000.jpg!m_fill,w_280,h_210,f_jpg?from=ke.com
20240918,朝阳,高碑店,101122842875,阿曼寓所 3室2厅 南 北,378万,35275元/平,地下室 (共11层) | 2007年 | 3室2厅 | 107.16平米 | 南 北,https://ke-image.ljcdn.com/110000-inspection/pc1_CXlttC8CG.jpg!m_fill,w_280,h_210,f_jpg?from=ke.com
20240918,朝阳,高碑店,101122830397,阿曼寓所南北看房方便南北通透,816万,59170元/平,低楼层 (共9层) | 2007年 | 3室1厅 | 137.91平米 | 南 北,https://ke-image.ljcdn.com/110000-inspection/91e6a3da-6f32-450a-92a2-cff771fe1203_1000.jpg!m_fill,w_280,h_210,f_jpg?from=ke.com
20240918,朝阳,高碑店,101122519735,南太平庄北巷小区南北两居室高楼层出售,299万,41679元/平,顶层 (共6层) | 1986年 | 2室1厅 | 71.74平米 | 南 北,https://ke-image.ljcdn.com/110000-inspection/36392942-8e46-4aa1-9310-cba464bd289e_1000.jpg!m_fill,w_280,h_210,f_jpg?from=ke.com
20240918,朝阳,高碑店,101122496367,财满*嘉园小区 满五年唯一 70年产权住宅,588万,30181元/平,中楼层 (共14层) | 2005年 | 5室1厅 | 194.83平米 | 南,https://ke-image.ljcdn.com/110000-inspection/pc1_UH89e4Nb6_1.jpg!m_fill,w_280,h_210,f_jpg?from=ke.com
20240918,朝阳,高碑店,101122391279,西南大一居无遮挡视野开阔通风好全天可以采光,439万,56991元/平,低楼层 (共15层) | 2007年 | 1室1厅 | 77.03平米 | 南,https://ke-image.ljcdn.com/110000-inspection/fd045655-d878-4a79-aced-9053ec2d63ac_1000.jpg!m_fill,w_280,h_210,f_jpg?from=ke.com
20240918,朝阳,高碑店,101122237210,富华家园 东南三居 满五唯一 高层 视野好 采光好,650万,53262元/平,高楼层 (共24层) 3室1厅 | 122.04平米 | 东南,https://ke-image.ljcdn.com/110000-inspection/9ce0215b-9070-4ce2-9037-9c51b9386590_1000.jpg!m_fill,w_280,h_210,f_jpg?from=ke.com
20240918,朝阳,高碑店,101121995534,跃层4居 视野开阔 东西通透通风好 无遮挡采光充足,381万,36898元/平,高楼层 (共7层) 4室1厅 | 103.26平米 | 东 西,https://ke-image.ljcdn.com/110000-inspection/pc1_TDl5ikewI.jpg!m_fill,w_280,h_210,f_jpg?from=ke.com
20240918,朝阳,高碑店,101121886170,金隅汇星苑西向采光好 满五年唯一 视野好诚意出售,350万,54080元/平,中楼层 (共26层) | 2016年 | 1室1厅 | 64.72平米 | 西,https://ke-image.ljcdn.com/110000-inspection/pc1_QirDL2uqx.jpg!m_fill,w_280,h_210,f_jpg?from=ke.com
20240918,朝阳,高碑店,101121492912,满五唯一 中间楼层 采光好 无抵押 产权清晰,389万,46559元/平,中楼层 (共24层) 2室1厅 | 83.55平米 | 东南,https://ke-image.ljcdn.com/110000-inspection/pc1_EPy7klLAY.jpg!m_fill,w_280,h_210,f_jpg?from=ke.com
20240918,朝阳,高碑店,101120890147,南太平庄北巷  复式一居室 精装修 看房随时,198万,40376元/平,顶层 (共6层) 1室1厅 | 49.04平米 | 西,https://ke-image.ljcdn.com/110000-inspection/pc1_O4XyE8vLV.jpg!m_fill,w_280,h_210,f_jpg?from=ke.com
20240918,朝阳,高碑店,101120834899,阿曼寓所 满五唯一  精装 一室一厅,450万,66995元/平,低楼层 (共15层) | 2007年 | 1室1厅 | 67.17平米 | 西,https://ke-image.ljcdn.com/110000-inspection/e1b80c02-7a93-41bc-b550-04daafd79d1c_1000.jpg!m_fill,w_280,h_210,f_jpg?from=ke.com
20240918,朝阳,高碑店,101120270216,南北通透 户型方正 通透性好  精装自住 诚意出售,288万,31891元/平,高楼层 (共6层) 2室1厅 | 90.31平米 | 南 北,https://ke-image.ljcdn.com/110000-inspection/pc1_O8JVpAETU_1.jpg!m_fill,w_280,h_210,f_jpg?from=ke.com
20240918,朝阳,高碑店,101117743269,方家村 东西通透 出行便利 满五年商品房,310万,31627元/平,高楼层 (共6层) 3室1厅 | 98.02平米 | 东 西,https://ke-image.ljcdn.com/110000-inspection/pc1_pnPN0EI5A_1.jpg!m_fill,w_280,h_210,f_jpg?from=ke.com
20240918,朝阳,高碑店,101126622291,金隅汇星苑 3室1厅 北 东南新上,580万,64762元/平,高楼层 (共29层) | 2016年 | 3室1厅 | 89.56平米 | 北 东南,https://s1.ljcdn.com/pegasus/redskull/images/common/default_house_list.png?_v=20240826145726
20240918,朝阳,高碑店,101126579045,兴隆小户型 带阳台 落地窗 有燃气 高层 无遮挡新上,180万,49642元/平,中楼层 (共24层) 1室0厅 | 36.26平米 | 北,https://s1.ljcdn.com/pegasus/redskull/images/common/default_house_list.png?_v=20240826145726
20240918,朝阳,高碑店,101126555778,富华家园 1室0厅 北新上,199万,37949元/平,低楼层 (共22层) | 2003年 | 1室0厅 | 52.44平米 | 北,https://s1.ljcdn.com/pegasus/redskull/images/common/default_house_list.png?_v=20240826145726
20240918,朝阳,高碑店,101126536309,锐城国际 可注册 近地铁 诚意出售 看房方便新上,195万,22152元/平,中楼层 (共19层) | 2009年 | 1室1厅 | 88.03平米 | 东,https://s1.ljcdn.com/pegasus/redskull/images/common/default_house_list.png?_v=20240826145726
20240918,朝阳,高碑店,101126468498,CBD东舍精装修南向复式诚意出售,350万,29606元/平,低楼层 (共12层) | 2007年 | 4室2厅 | 118.22平米 | 南,https://s1.ljcdn.com/pegasus/redskull/images/common/default_house_list.png?_v=20240826145726
20240918,朝阳,高碑店,101126468409,CBD东舍南向复式精装修诚意出售,250万,41744元/平,低楼层 (共12层) | 2007年 | 3室1厅 | 59.89平米 | 西南,https://s1.ljcdn.com/pegasus/redskull/images/common/default_house_list.png?_v=20240826145726
20240918,朝阳,高碑店,101126402625,金隅汇星苑 东西2+1户型 视野开阔 采光充足,398万,45403元/平,顶层 (共26层) | 2016年 | 2室1厅 | 87.66平米 | 东 西,https://s1.ljcdn.com/pegasus/redskull/images/common/default_house_list.png?_v=20240826145726
20240918,朝阳,高碑店,101126356585,满五年唯一产权清晰视野采光好南北观花园,465万,52871元/平,高楼层 (共21层) | 2016年 | 2室1厅 | 87.95平米 | 南 北,https://s1.ljcdn.com/pegasus/redskull/images/common/default_house_list.png?_v=20240826145726
20240918,朝阳,高碑店,101126322095,22号线甘露园站 西南向三居 满五年唯一 不临街,680万,53751元/平,低楼层 (共24层) 3室1厅 | 126.51平米 | 西南,https://s1.ljcdn.com/pegasus/redskull/images/common/default_house_list.png?_v=20240826145726
20240918,朝阳,高碑店,101126306774,金隅泰和园高楼层全明格局视野好、采光棒,455万,52185元/平,中楼层 (共29层) | 2013年 | 3室1厅 | 87.19平米 | 西南 北,https://s1.ljcdn.com/pegasus/redskull/images/common/default_house_list.png?_v=20240826145726
20240918,朝阳,高碑店,101126060010,朝外的通风好、采光好随时签约,110万,19824元/平,中楼层 (共19层) | 2009年 | 1室1厅 | 55.49平米 | 南,https://s1.ljcdn.com/pegasus/redskull/images/common/default_house_list.png?_v=20240826145726
20240918,朝阳,高碑店,101126008280,兴隆家园一期一梯两户板楼200米公园,480万,62509元/平,中楼层 (共7层) | 2000年 | 2室1厅 | 76.79平米 | 东 西,https://s1.ljcdn.com/pegasus/redskull/images/common/default_house_list.png?_v=20240826145726
20240918,朝阳,高碑店,101126007440,兴隆家园南北通透3居双卧朝南一梯两户,680万,62374元/平,中楼层 (共7层) | 2000年 | 3室2厅 | 109.02平米 | 南 北,https://s1.ljcdn.com/pegasus/redskull/images/common/default_house_list.png?_v=20240826145726
20240918,朝阳,高碑店,101125982396,财满街嘉园小区 5室2厅 东 东南 南,900万,25550元/平,中楼层 (共12层) 5室2厅 | 352.26平米 | 东 东南 南,https://s1.ljcdn.com/pegasus/redskull/images/common/default_house_list.png?_v=20240826145726
20240918,朝阳,高碑店,101125789845,金隅汇星苑低板楼中高层无遮挡满五唯一,499万,61827元/平,中楼层 (共17层) | 2016年 | 2室1厅 | 80.71平米 | 南,https://s1.ljcdn.com/pegasus/redskull/images/common/default_house_list.png?_v=20240826145726
20240918,朝阳,高碑店,101125639435,金隅泰和园 2室1厅 南 北,380万,50762元/平,中楼层 (共11层) | 2013年 | 2室1厅 | 74.86平米 | 南 北,https://s1.ljcdn.com/pegasus/redskull/images/common/default_house_list.png?_v=20240826145726
20240918,朝阳,高碑店,101125527898,兴隆家园东西通透板楼 一梯两户 高碑店地铁口800,600万,53286元/平,中楼层 (共14层) 2室2厅 | 112.6平米 | 东 西,https://s1.ljcdn.com/pegasus/redskull/images/common/default_house_list.png?_v=20240826145726
20240918,朝阳,高碑店,101125136145,朝外的通风好、采光好随时签约,99万,17948元/平,低楼层 (共19层) | 2009年 | 1室0厅 | 55.16平米 | 北,https://s1.ljcdn.com/pegasus/redskull/images/common/default_house_list.png?_v=20240826145726
20240918,朝阳,高碑店,101124327637,朝外的通风好、采光好随时签约,230万,41773元/平,高楼层 (共19层) | 2009年 | 2室1厅 | 55.06平米 | 南,https://s1.ljcdn.com/pegasus/redskull/images/common/default_house_list.png?_v=20240826145726
20240918,朝阳,高碑店,101124126334,CBD东舍精装修东向复式诚意出售,250万,39514元/平,低楼层 (共12层) | 2007年 | 2室1厅 | 63.27平米 | 北,https://s1.ljcdn.com/pegasus/redskull/images/common/default_house_list.png?_v=20240826145726
20240918,朝阳,高碑店,101123940242,美丽亚洲假日花园东南向三居双卫四阳台挑高3米,620万,40651元/平,低楼层 (共9层) 3室2厅 | 152.52平米 | 东南,https://s1.ljcdn.com/pegasus/redskull/images/common/default_house_list.png?_v=20240826145726
20240918,朝阳,高碑店,101123019420,朝青板块 兴隆家园正规小三居 诚意出售,450万,45570元/平,底层 (共24层) | 2001年 | 3室1厅 | 98.75平米 | 南 北,https://ke-image.ljcdn.com/110000-inspection/249c39a5-7ddc-4787-a647-3294fb439963.jpg!m_fill,w_280,h_210,f_jpg?from=ke.com
20240918,朝阳,高碑店,101122126571,兴隆家园开间满五年唯一有电梯诚意出售,178万,49090元/平,中楼层 (共24层) 1室0厅 | 36.26平米 | 北,https://s1.ljcdn.com/pegasus/redskull/images/common/default_house_list.png?_v=20240826145726
20240918,朝阳,高碑店,101121973095,CBD东舍 通透户型 南向 采光无遮挡,227万,30860元/平,低楼层 (共12层) | 2007年 | 2室2厅 | 73.56平米 | 南,https://s1.ljcdn.com/pegasus/redskull/images/common/default_house_list.png?_v=20240826145726
