20240918,东城,交道口,101125090979,交东小区 全南2居 产权干净 户型方正 随时可签约,1068万,147964元/平,中楼层 (共11层) 2室1厅 | 72.18平米 | 南,https://ke-image.ljcdn.com/110000-inspection/pc1_Vrs446vOT_1.jpg!m_fill,w_280,h_210,f_jpg?from=ke.com
20240918,东城,交道口,101124792000,交东小区 香饵胡同 2003年建成 精装2居随时签,806万,115888元/平,高楼层 (共6层) 2室1厅 | 69.55平米 | 东 西,https://ke-image.ljcdn.com/110000-inspection/6bc839d3-3b46-487f-ad71-0b9dfa6c8949_1000.jpg!m_fill,w_280,h_210,f_jpg?from=ke.com
20240918,东城,交道口,101124172286,交道口东大街 南北三居室 满五唯一 电梯直达,1343万,117262元/平,中楼层 (共10层) 3室1厅 | 114.53平米 | 南 北,https://ke-image.ljcdn.com/110000-inspection/6e47237d-a2f2-4564-9d3f-2bddc38d0366_1000.jpg!m_fill,w_280,h_210,f_jpg?from=ke.com
20240918,东城,交道口,101125254371,交东小区次顶层带电梯视野好正对花园有地下车位,970万,134499元/平,高楼层 (共11层) 2室1厅 | 72.12平米 | 东 南,https://ke-image.ljcdn.com/110000-inspection/03a29843-5787-4a1d-9063-21a38d3f24a0_1000.jpg!m_fill,w_280,h_210,f_jpg?from=ke.com
20240918,东城,交道口,101124565025,交东小区  前后不临街  南北通透   中间楼层,880万,129565元/平,中楼层 (共6层) 2室1厅 | 67.92平米 | 南 北,https://ke-image.ljcdn.com/110000-inspection/43778e8f-0ac9-4a8b-8c06-16961e3aa790_1000.jpg!m_fill,w_280,h_210,f_jpg?from=ke.com
20240918,东城,交道口,101121254802,张自忠路 1室0厅 南,330万,196429元/平,底层 (共1层) 1室0厅 | 16.8平米 | 南,https://ke-image.ljcdn.com/110000-inspection/pc1_07MFxjSLX.jpg!m_fill,w_280,h_210,f_jpg?from=ke.com
20240918,东城,交道口,101126549813,安交东旺胡同 手续齐全 产权清晰 诚意出售新上,275万,252294元/平,底层 (共1层) 1室0厅 | 10.9平米 | 北,https://ke-image.ljcdn.com/110000-inspection/pc1_GGsliyTgb_1.jpg!m_fill,w_280,h_210,f_jpg?from=ke.com
20240918,东城,交道口,101126494971,交东小区 电梯三居 南北通透 户型方正 看房方便新上,1400万,138848元/平,低楼层 (共12层) 3室1厅 | 100.83平米 | 南 北,https://ke-image.ljcdn.com/110000-inspection/a241efc9-cfad-47d2-a672-faf8c3d4d448_1000.jpg!m_fill,w_280,h_210,f_jpg?from=ke.com
20240918,东城,交道口,101126420464,安交府学 大兴胡同 产权清晰手续齐全,300万,247525元/平,底层 (共1层) 1室0厅 | 12.12平米 | 北,https://ke-image.ljcdn.com/110000-inspection/9342d39c-ed80-497b-94fd-9055ab2f6770_1000.jpg!m_fill,w_280,h_210,f_jpg?from=ke.com
20240918,东城,交道口,101126372301,交东小区 电梯直达 高楼层3居 视野开阔 看房方便,1280万,132794元/平,顶层 (共10层) 3室1厅 | 96.39平米 | 东南 西,https://ke-image.ljcdn.com/110000-inspection/95521f35-c7bd-4bbb-8cae-b5798c797449_1000.jpg!m_fill,w_280,h_210,f_jpg?from=ke.com
20240918,东城,交道口,101126329419,交道口北二条 1室0厅 西 东,315万,346917元/平,底层 (共1层) 1室0厅 | 9.08平米 | 西 东,https://ke-image.ljcdn.com/110000-inspection/pc1_ZQlZZFQPO_1.jpg!m_fill,w_280,h_210,f_jpg?from=ke.com
20240918,东城,交道口,101126271782,交东小区  中间层  近地铁公交站 周边配套齐全,1030万,141368元/平,中楼层 (共11层) 2室1厅 | 72.86平米 | 东南,https://ke-image.ljcdn.com/110000-inspection/5a923e15-fca3-4913-b820-4bff8035dd73_1000.jpg!m_fill,w_280,h_210,f_jpg?from=ke.com
20240918,东城,交道口,101126159530,安交府学 采光充足 交通便利 看房方便,398万,216305元/平,底层 (共1层) 1室1厅 | 18.4平米 | 南,https://ke-image.ljcdn.com/110000-inspection/5ca7474b-8aaa-472f-8d19-70ee48332c5b_1000.jpg!m_fill,w_280,h_210,f_jpg?from=ke.com
20240918,东城,交道口,101126116247,安定门内大街安交、方家。两合一产权清晰,245万,318182元/平,底层 (共1层) 1室0厅 | 7.7平米 | 南,https://ke-image.ljcdn.com/110000-inspection/65e9f88a-91cd-4b00-9144-d755718b956d_1000.jpg!m_fill,w_280,h_210,f_jpg?from=ke.com
20240918,东城,交道口,101126099328,花梗胡同1号院 2室1厅 南 北,850万,155564元/平,中楼层 (共6层) 2室1厅 | 54.64平米 | 南 北,https://ke-image.ljcdn.com/110000-inspection/f6a4a2e6-a941-4279-bbce-6458e09749fd_1000.jpg!m_fill,w_280,h_210,f_jpg?from=ke.com
20240918,东城,交道口,101125967374,安交方家随时交易产权情况。,298万,176019元/平,底层 (共1层) 1室0厅 | 16.93平米 | 东,https://ke-image.ljcdn.com/110000-inspection/8f8878cb-1611-43bb-bcf6-4e173f15cd0e_1000.jpg!m_fill,w_280,h_210,f_jpg?from=ke.com
20240918,东城,交道口,101125872303,交道口东大街通透大两居电梯直达诚意出售。,1280万,129778元/平,中楼层 (共10层) 3室1厅 | 98.63平米 | 南 北,https://ke-image.ljcdn.com/110000-inspection/8e08acac-a50e-4e71-b83c-2f3d7af385f3_1000.jpg!m_fill,w_280,h_210,f_jpg?from=ke.com
20240918,东城,交道口,101125836147,交东小区 南北通透 小区中间位置 满五年诚意出售,850万,120006元/平,底层 (共5层) 2室1厅 | 70.83平米 | 南 北,https://ke-image.ljcdn.com/110000-inspection/e70f6a4c-1502-4560-a052-75449c835dc0_1000.jpg!m_fill,w_280,h_210,f_jpg?from=ke.com
20240918,东城,交道口,101125733966,府学 白米仓胡同 交通方便 看房随时,288万,216542元/平,底层 (共1层) 1室1厅 | 13.3平米 | 南,https://ke-image.ljcdn.com/110000-inspection/c2e911c6-fc4f-4fd4-937a-ec2caa8871f0_1000.jpg!m_fill,w_280,h_210,f_jpg?from=ke.com
20240918,东城,交道口,101125708060,安定门好房一枚+看房方便+靠谱卖+精装修+随时签约,280万,262665元/平,底层 (共1层) 1室0厅 | 10.66平米 | 西,https://ke-image.ljcdn.com/110000-inspection/1c2c9719-1022-450a-928e-b97de0737c22_1000.jpg!m_fill,w_280,h_210,f_jpg?from=ke.com
20240918,东城,交道口,101125634275,细管胡同 1室0厅 东,355万,246528元/平,底层 (共1层) 1室0厅 | 14.4平米 | 东,https://ke-image.ljcdn.com/110000-inspection/ef41d4f7-0940-41ab-8b61-743828092a08_1000.jpg!m_fill,w_280,h_210,f_jpg?from=ke.com
20240918,东城,交道口,101125629221,香饵胡同 1室0厅 东,306万,285982元/平,底层 (共1层) 1室0厅 | 10.7平米 | 东,https://ke-image.ljcdn.com/110000-inspection/30a94584-ece7-4df7-b677-0b0d4c6b44a2_1000.jpg!m_fill,w_280,h_210,f_jpg?from=ke.com
20240918,东城,交道口,101125590057,方家附近 精装平房 随时交易 测绘已做 看房方便,289万,277885元/平,底层 (共1层) | 2018年 | 1室0厅 | 10.4平米 | 北,https://ke-image.ljcdn.com/110000-inspection/10e32ce4-78e4-480f-aac2-ff304ba1621d_1000.jpg!m_fill,w_280,h_210,f_jpg?from=ke.com
20240918,东城,交道口,101125567315,安交 方家 楼房一居室 产权清晰 诚意出售,350万,148117元/平,地下室 (共6层) 1室1厅 | 23.63平米 | 北,https://ke-image.ljcdn.com/110000-inspection/d4a897e4-e968-4f12-8e76-6ff608ee2424_1000.jpg!m_fill,w_280,h_210,f_jpg?from=ke.com
20240918,东城,交道口,101125512767,安交方家 南北通透3居户型方正格局好采光没遮挡房主自荐,949万,135591元/平,中楼层 (共6层) 3室1厅 | 69.99平米 | 南 北,https://ke-image.ljcdn.com/110000-inspection/35bdea7f-a4b4-4465-b28a-1c4886f3bcc4_1000.jpg!m_fill,w_280,h_210,f_jpg?from=ke.com
20240918,东城,交道口,101125451013,交道口 细管胡同 手续齐随时交易 钥匙房 价格可谈,315万,231618元/平,底层 (共1层) 1室0厅 | 13.6平米 | 东,https://ke-image.ljcdn.com/110000-inspection/7608beb3-a1fa-4193-bef5-8d2e9e4d792c_1000.jpg!m_fill,w_280,h_210,f_jpg?from=ke.com
20240918,东城,交道口,101125447488,安交 花梗胡同1号院 南北2居,790万,144398元/平,底层 (共6层) 2室1厅 | 54.71平米 | 南 北,https://ke-image.ljcdn.com/110000-inspection/8a0f1751-a502-4b7f-b2bd-beb6f8dc0229_1000.jpg!m_fill,w_280,h_210,f_jpg?from=ke.com
20240918,东城,交道口,101125445744,香饵胡同 正规两居 视野好 产权清晰,740万,106983元/平,顶层 (共6层) 2室1厅 | 69.17平米 | 东 北,https://ke-image.ljcdn.com/110000-inspection/bb442cb6-b742-4c10-bb88-a79c4c4204f0_1000.jpg!m_fill,w_280,h_210,f_jpg?from=ke.com
20240918,东城,交道口,101125406766,交东小区  C区 板楼2居 有钥匙  对花园房主自荐,849万,124178元/平,高楼层 (共6层) 2室1厅 | 68.37平米 | 南 北,https://ke-image.ljcdn.com/110000-inspection/f85e5301-1607-4fd7-a312-0450d89f71e4_1000.jpg!m_fill,w_280,h_210,f_jpg?from=ke.com
20240918,东城,交道口,101125352593,交道口  东旺胡同 手续齐全 看房方便 诚意出售,298万,327473元/平,底层 (共1层) 1室0厅 | 9.1平米 | 西,https://ke-image.ljcdn.com/110000-inspection/7ca48245-5bfe-46fb-9537-9715eb2b58d8_1000.jpg!m_fill,w_280,h_210,f_jpg?from=ke.com
20240918,东城,交道口,101125258437,东旺胡同 1室0厅 南,345万,246429元/平,底层 (共1层) 1室0厅 | 14平米 | 南,https://ke-image.ljcdn.com/110000-inspection/b0e19240-d96f-4d3a-ab0d-953997043109_1000.jpg!m_fill,w_280,h_210,f_jpg?from=ke.com
20240918,东城,交道口,101125179842,文丞相胡同 1室1厅 东,280万,325582元/平,底层 (共1层) 1室1厅 | 8.6平米 | 东,https://ke-image.ljcdn.com/110000-inspection/ca72fb69-ad6f-4868-803d-21e97b1be37e_1000.jpg!m_fill,w_280,h_210,f_jpg?from=ke.com
20240918,东城,交道口,101125081122,交道口东大街一居出售视野开阔电梯直达,714万,146854元/平,顶层 (共10层) 1室1厅 | 48.62平米 | 北,https://ke-image.ljcdn.com/110000-inspection/fb35c28a-f11f-40f5-a2d5-633d21d1ad57_1000.jpg!m_fill,w_280,h_210,f_jpg?from=ke.com
20240918,东城,交道口,101125046294,交道口北三条精装修南北三居室满五年唯一。,836万,127888元/平,底层 (共6层) 3室1厅 | 65.37平米 | 南 北,https://ke-image.ljcdn.com/110000-inspection/d6ca1c45-00ff-46d5-88bf-82d10035361c_1000.jpg!m_fill,w_280,h_210,f_jpg?from=ke.com
20240918,东城,交道口,101124983009,交道口 南北2居 满五唯一 看房方便  光线视野佳,675万,122438元/平,高楼层 (共6层) 2室1厅 | 55.13平米 | 南 北,https://ke-image.ljcdn.com/110000-inspection/2e942777-05d0-4bde-8309-59bbb232fe6e_1000.jpg!m_fill,w_280,h_210,f_jpg?from=ke.com
20240918,东城,交道口,101124731947,青碳局胡同 1室0厅 南,350万,220126元/平,底层 (共1层) 1室0厅 | 15.9平米 | 南,https://ke-image.ljcdn.com/110000-inspection/d32d95b4-c147-4cdb-8d35-9b3b92724d16_1000.jpg!m_fill,w_280,h_210,f_jpg?from=ke.com
20240918,东城,交道口,101124425903,交道口东大街 1室1厅 北,790万,150994元/平,低楼层 (共11层) 1室1厅 | 52.32平米 | 北,https://ke-image.ljcdn.com/110000-inspection/500223c9-0e1f-4ceb-adc7-c3a2e4ea3365_1000.jpg!m_fill,w_280,h_210,f_jpg?from=ke.com
20240918,东城,交道口,101124278371,安交府学满五年唯一住房诚意出售。随时签约,338万,258016元/平,底层 (共1层) 1室0厅 | 13.1平米 | 南 北,https://ke-image.ljcdn.com/110000-inspection/1418969b-9e76-4d79-a664-35547d30f8cb_1000.jpg!m_fill,w_280,h_210,f_jpg?from=ke.com
20240918,东城,交道口,101124173521,交道口北头条 1室0厅 南,275万,302198元/平,底层 (共1层) 1室0厅 | 9.1平米 | 南,https://ke-image.ljcdn.com/110000-inspection/6554ddb7-19d1-440a-81e0-2e2b612ad4ae_1000.jpg!m_fill,w_280,h_210,f_jpg?from=ke.com
20240918,东城,交道口,101124039346,安交 土儿胡同 南北通透精装2居 产权干净 随时签约,790万,134813元/平,顶层 (共4层) 3室1厅 | 58.6平米 | 南 北,https://ke-image.ljcdn.com/110000-inspection/b10f24c0-14be-4d77-9935-29567971f61c_1000.jpg!m_fill,w_280,h_210,f_jpg?from=ke.com
20240918,东城,交道口,101123977453,交东小区 香饵胡同 2003年精装两居室 价可谈随时签约,859万,124855元/平,底层 (共6层) 2室1厅 | 68.8平米 | 东 西,https://ke-image.ljcdn.com/110000-inspection/6279417c-1cf9-4221-b292-0b2c5542df09_1000.jpg!m_fill,w_280,h_210,f_jpg?from=ke.com
20240918,东城,交道口,101123976625,交东小区 安交 香饵胡同三居二朝南一朝北好户型,1180万,144467元/平,高楼层 (共6层) 3室1厅 | 81.68平米 | 西南,https://ke-image.ljcdn.com/110000-inspection/ac787495-1120-4c29-95ce-1ab5221a2534_1000.jpg!m_fill,w_280,h_210,f_jpg?from=ke.com
20240918,东城,交道口,101123655582,交道口北三条方家私产北房看房随时,290万,224807元/平,底层 (共1层) 1室0厅 | 12.9平米 | 南,https://ke-image.ljcdn.com/110000-inspection/02a4648b-b2df-42d2-85f4-e74df5c3eddd_1000.jpg!m_fill,w_280,h_210,f_jpg?from=ke.com
20240918,东城,交道口,101123570609,香饵胡同  满五年 有钥匙 仅契税,288万,258761元/平,底层 (共1层) 1室0厅 | 11.13平米 | 南 北,https://ke-image.ljcdn.com/110000-inspection/5ba42974-6aa2-49bd-9219-79e40b6ef4d0_1000.jpg!m_fill,w_280,h_210,f_jpg?from=ke.com
20240918,东城,交道口,101123561261,交东小区 土儿胡同中间层南北精装修满五年周期价格谈,896万,126483元/平,中楼层 (共6层) 2室1厅 | 70.84平米 | 南 北,https://ke-image.ljcdn.com/110000-inspection/73550472-41e8-403a-93cd-f1159048c019_1000.jpg!m_fill,w_280,h_210,f_jpg?from=ke.com
20240918,东城,交道口,101123361282,安交 方家 楼房一居室 产权清晰 诚意出售,519万,168343元/平,底层 (共6层) 1室1厅 | 30.83平米 | 南,https://ke-image.ljcdn.com/110000-inspection/16e41893-6a73-4bce-903b-d3f6d45dc2f2_1000.jpg!m_fill,w_280,h_210,f_jpg?from=ke.com
20240918,东城,交道口,101123334369,安交方家精装修南北通透三居商品房满五年唯一。,880万,139484元/平,中楼层 (共6层) 3室1厅 | 63.09平米 | 南 北,https://ke-image.ljcdn.com/110000-inspection/eac01eaf-5be8-434b-a583-c0413e99e21d_1000.jpg!m_fill,w_280,h_210,f_jpg?from=ke.com
20240918,东城,交道口,101123155397,白米仓胡同 一间平房 产权清晰 随时交易,280万,264151元/平,底层 (共1层) 1室0厅 | 10.6平米 | 西,https://ke-image.ljcdn.com/110000-inspection/da0264dd-fec8-4ed6-badb-f1ae532da07e_1000.jpg!m_fill,w_280,h_210,f_jpg?from=ke.com
20240918,东城,交道口,101123098419,安交府学   有钥匙  随时看房  诚意出售,330万,207548元/平,底层 (共1层) 1室0厅 | 15.9平米 | 南 北,https://ke-image.ljcdn.com/110000-inspection/170bad33-eb13-46de-952e-157ecba2c5d3_1000.jpg!m_fill,w_280,h_210,f_jpg?from=ke.com
20240918,东城,交道口,101123068640,安交 香饵胡同 2003年建成小区 南北向二居室,959万,141196元/平,中楼层 (共6层) 2室1厅 | 67.92平米 | 南 北,https://ke-image.ljcdn.com/110000-inspection/6be16ac0-01b9-4f9e-9d5f-a08c4b4c31d9_1000.jpg!m_fill,w_280,h_210,f_jpg?from=ke.com
20240918,东城,交道口,101122854634,交东小区 两居 电梯直达 满五 诚意出售,999万,141402元/平,中楼层 (共11层) 2室1厅 | 70.65平米 | 西北,https://ke-image.ljcdn.com/110000-inspection/97585efd-f1d7-4ba7-9839-181274c751d0_1000.jpg!m_fill,w_280,h_210,f_jpg?from=ke.com
20240918,东城,交道口,101122806895,东旺胡同 1室1厅 北,230万,377050元/平,底层 (共1层) | 2016年 | 1室1厅 | 6.1平米 | 北,https://ke-image.ljcdn.com/110000-inspection/53ce8e37-1744-43c0-bee2-898e0b0e128e_1000.jpg!m_fill,w_280,h_210,f_jpg?from=ke.com
20240918,东城,交道口,101122802930,交道口东大街 电梯全南两居 视野好,1045万,144318元/平,中楼层 (共10层) 2室1厅 | 72.41平米 | 南,https://ke-image.ljcdn.com/110000-inspection/pc1_S1Y4Dx44L_1.jpg!m_fill,w_280,h_210,f_jpg?from=ke.com
20240918,东城,交道口,101121498199,安交方家 交道口北二条35号院 全南向一居室 诚意出售,685万,162863元/平,高楼层 (共6层) 1室1厅 | 42.06平米 | 南,https://ke-image.ljcdn.com/110000-inspection/356834d0-ced6-472a-874d-3e471f98acc9_1000.jpg!m_fill,w_280,h_210,f_jpg?from=ke.com
20240918,东城,交道口,101121401473,交东小区 电梯 朝西向1居 户型好产权干净 随时可看房,835万,133772元/平,中楼层 (共12层) 1室1厅 | 62.42平米 | 西,https://ke-image.ljcdn.com/110000-inspection/9c681fe6-0b0b-4ba6-846f-22db5e6d79e4_1000.jpg!m_fill,w_280,h_210,f_jpg?from=ke.com
20240918,东城,交道口,101120887052,安交  方家 南北三居 低楼层 诚意出售,695万,111989元/平,地下室 (共6层) 2室1厅 | 62.06平米 | 南 北,https://ke-image.ljcdn.com/110000-inspection/pc1_wWUsDCFQP_1.jpg!m_fill,w_280,h_210,f_jpg?from=ke.com
20240918,东城,交道口,101120716033,交道口北三条 3室1厅 北 南,859万,123919元/平,高楼层 (共6层) 3室1厅 | 69.32平米 | 北 南,https://ke-image.ljcdn.com/110000-inspection/e0cb7c1b-72a1-4515-9f3a-26e5e81c3ffa_1000.jpg!m_fill,w_280,h_210,f_jpg?from=ke.com
20240918,东城,交道口,101119992343,安定门内大街 安定门内大街306号,290万,297436元/平,底层 (共1层) 1室0厅 | 9.75平米 | 北,https://ke-image.ljcdn.com/110000-inspection/6f95889b-3755-4178-a616-11c0193c0bc8_1000.jpg!m_fill,w_280,h_210,f_jpg?from=ke.com
20240918,东城,交道口,101119507659,安交 花梗胡同1号院 全南2居 封闭式管理,850万,166667元/平,高楼层 (共6层) 2室1厅 | 51平米 | 南,https://ke-image.ljcdn.com/110000-inspection/a5ad474b-d8d9-4e10-98c6-e697209e20aa_1000.jpg!m_fill,w_280,h_210,f_jpg?from=ke.com
20240918,东城,交道口,101119177780,交道口北二条35号院南北通透带东窗满五唯一,930万,147409元/平,低楼层 (共6层) 2室1厅 | 63.09平米 | 东 南 北,https://ke-image.ljcdn.com/110000-inspection/c306c90d-834d-4739-bf2d-269614abe661_1000.jpg!m_fill,w_280,h_210,f_jpg?from=ke.com
20240918,东城,交道口,101117869629,安交 交东小区 电梯直达 高楼层 南北向3居 靠谱出售,1580万,156622元/平,高楼层 (共12层) 3室1厅 | 100.88平米 | 南 北,https://ke-image.ljcdn.com/110000-inspection/0d858cd9-5a0a-44a5-b7d7-944d39dbe1bf_1000.jpg!m_fill,w_280,h_210,f_jpg?from=ke.com
20240918,东城,交道口,101117154615,桃条胡同 正规一室 诚意出售 闹中取静,520万,212506元/平,底层 (共2层) 1室1厅 | 24.47平米 | 东,https://ke-image.ljcdn.com/110000-inspection/474b145d-3dbe-4015-b7b9-958479f92e74_1000.jpg!m_fill,w_280,h_210,f_jpg?from=ke.com
20240918,东城,交道口,101116427905,交东小区 南北通透 低楼层 满五年 诚意出售,940万,135957元/平,底层 (共6层) 2室1厅 | 69.14平米 | 南 北,https://ke-image.ljcdn.com/110000-inspection/c65a51af-9aa6-4221-805a-cff7a56a3fd8_1000.jpg!m_fill,w_280,h_210,f_jpg?from=ke.com
20240918,东城,交道口,101126600379,府学胡同 1室0厅 东,280万,288660元/平,底层 (共1层) 1室0厅 | 9.7平米 | 东,https://ke-image.ljcdn.com/110000-inspection/pc1_5xFFk2yO8.jpg!m_fill,w_280,h_210,f_jpg?from=ke.com
20240918,东城,交道口,101126568413,香饵胡同 2室1厅 南 北新上,950万,136397元/平,中楼层 (共6层) 2室1厅 | 69.65平米 | 南 北,https://ke-image.ljcdn.com/110000-inspection/3f1358c5-cad4-4098-8a46-9ae846d07c0f_1000.jpg!m_fill,w_280,h_210,f_jpg?from=ke.com
20240918,东城,交道口,101126562198,交道口北头条 1室0厅 东新上,355万,250884元/平,底层 (共1层) 1室0厅 | 14.15平米 | 东,https://ke-image.ljcdn.com/110000-inspection/pc1_p6sDdZRhQ.jpg!m_fill,w_280,h_210,f_jpg?from=ke.com
20240918,东城,交道口,101126555390,安交：交道口北二条35号院、3层、3居室新上,798万,126486元/平,中楼层 (共6层) 3室0厅 | 63.09平米 | 南 北,https://ke-image.ljcdn.com/110000-inspection/1ba2c8f7-19f6-4372-917d-01c01d58fe20_1000.jpg!m_fill,w_280,h_210,f_jpg?from=ke.com
20240918,东城,交道口,101126488926,花梗胡同 1室0厅 北新上,330万,299456元/平,底层 (共1层) 1室0厅 | 11.02平米 | 北,https://ke-image.ljcdn.com/110000-inspection/pc1_HpA6gn85F.jpg!m_fill,w_280,h_210,f_jpg?from=ke.com
20240918,东城,交道口,101126387156,安定门内大街 1室0厅 南,299万,175059元/平,底层 (共1层) 1室0厅 | 17.08平米 | 南,https://ke-image.ljcdn.com/110000-inspection/cdcba97d-ab6f-4b77-b1e6-3f5dc54c18c8_1000.jpg!m_fill,w_280,h_210,f_jpg?from=ke.com
20240918,东城,交道口,101126348783,文书巷 1室0厅 西,230万,221154元/平,底层 (共1层) 1室0厅 | 10.4平米 | 西,https://ke-image.ljcdn.com/110000-inspection/ee7881e2-4987-4089-9496-8f6bee75e7e9_1000.jpg!m_fill,w_280,h_210,f_jpg?from=ke.com
20240918,东城,交道口,101126247881,中剪子巷 1室0厅 南,345万,300000元/平,底层 (共1层) 1室0厅 | 11.5平米 | 南,https://ke-image.ljcdn.com/110000-inspection/2a95bb5a-dba0-4ca1-8de4-b56c394fa052_1000.jpg!m_fill,w_280,h_210,f_jpg?from=ke.com
20240918,东城,交道口,101126226482,安交板块交道口北二条 1间 产权清晰 诚意出售,315万,203095元/平,底层 (共1层) 1室1厅 | 15.51平米 | 南,https://ke-image.ljcdn.com/110000-inspection/2d68ecce-c121-434a-b891-1dfce17236a6_1000.jpg!m_fill,w_280,h_210,f_jpg?from=ke.com
20240918,东城,交道口,101126144120,东旺胡同 府学 安交平房手续齐全 内置二层,340万,198831元/平,底层 (共1层) | 2015年 | 1室1厅 | 17.1平米 | 南,https://ke-image.ljcdn.com/110000-inspection/92f57e5e-5400-4c6b-ab83-470b0d4e720e_1000.jpg!m_fill,w_280,h_210,f_jpg?from=ke.com
20240918,东城,交道口,101126103812,交道口北头条手续齐全户型方正进出方便随时看房,1400万,291667元/平,底层 (共1层) 3室2厅 | 48平米 | 南 北,https://ke-image.ljcdn.com/110000-inspection/be6ccce7-4985-4394-a5d8-8bd040d24eb5_1000.jpg!m_fill,w_280,h_210,f_jpg?from=ke.com
20240918,东城,交道口,101126065191,府学胡同 1室0厅 东,255万,296512元/平,底层 (共1层) 1室0厅 | 8.6平米 | 东,https://ke-image.ljcdn.com/110000-inspection/8af492d2-0513-4ec5-8543-78a6923a1421_1000.jpg!m_fill,w_280,h_210,f_jpg?from=ke.com
20240918,东城,交道口,101126030144,安交：方家胡同、交道口北二条35号院、博洛尼装修,698万,126610元/平,高楼层 (共6层) 2室1厅 | 55.13平米 | 南 北,https://ke-image.ljcdn.com/110000-inspection/a8ce55d1-70ee-4d3d-84c5-62429a44cf4d_1000.jpg!m_fill,w_280,h_210,f_jpg?from=ke.com
20240918,东城,交道口,101125757912,细管胡同 1室1厅 南 北,320万,225353元/平,底层 (共1层) | 2015年 | 1室1厅 | 14.2平米 | 南 北,https://ke-image.ljcdn.com/110000-inspection/24b98696-2938-4e66-975b-64771cc5a47f_1000.jpg!m_fill,w_280,h_210,f_jpg?from=ke.com
20240918,东城,交道口,101125756281,交东小区 香饵胡同 南北通透 满五年 随时签约,1000万,144865元/平,底层 (共6层) 2室1厅 | 69.03平米 | 南 北,https://ke-image.ljcdn.com/110000-inspection/681b62f0-e19c-4ecb-9d48-4f42293920a9_1000.jpg!m_fill,w_280,h_210,f_jpg?from=ke.com
20240918,东城,交道口,101125701094,交东小区 电梯房2002新型社区 诚意出售看房方便,800万,127592元/平,中楼层 (共12层) 1室1厅 | 62.7平米 | 西,https://ke-image.ljcdn.com/110000-inspection/b6b13138-807c-46c2-9100-80787fd43935_1000.jpg!m_fill,w_280,h_210,f_jpg?from=ke.com
20240918,东城,交道口,101125693373,花梗胡同1号 小区安静 小户型2居 随时可看房,730万,143138元/平,低楼层 (共6层) 2室1厅 | 51平米 | 南,https://ke-image.ljcdn.com/110000-inspection/10a0a161-29db-4486-83f9-c68a922548d9_1000.jpg!m_fill,w_280,h_210,f_jpg?from=ke.com
20240918,东城,交道口,101125565666,安交 交道口  精装2居 光线视野好 诚意出售,760万,139118元/平,顶层 (共6层) 2室1厅 | 54.63平米 | 东 西 南,https://ke-image.ljcdn.com/110000-inspection/a8f9e3a8-1a38-4db8-91ac-5cc097a9b2fa_1000.jpg!m_fill,w_280,h_210,f_jpg?from=ke.com
20240918,东城,交道口,101125553564,安交 府学 花梗胡同1号院 小区环境好,738万,135066元/平,高楼层 (共6层) 2室1厅 | 54.64平米 | 南 北,https://ke-image.ljcdn.com/110000-inspection/66141d6d-6b0e-40fb-a0b3-74467b3d192e_1000.jpg!m_fill,w_280,h_210,f_jpg?from=ke.com
20240918,东城,交道口,101125546134,安交 桃条胡同 精装修 满五唯一,530万,216592元/平,顶层 (共2层) 1室0厅 | 24.47平米 | 东,https://ke-image.ljcdn.com/110000-inspection/0a53b15d-ed56-4f7f-a570-2d183eb16baa_1000.jpg!m_fill,w_280,h_210,f_jpg?from=ke.com
20240918,东城,交道口,101125519689,安交细管胡同 北房朝南 手续齐全 诚意出售,345万,199422元/平,底层 (共1层) 1室0厅 | 17.3平米 | 南,https://ke-image.ljcdn.com/110000-inspection/52b8f029-34e0-497e-9cbc-47bf64b98252_1000.jpg!m_fill,w_280,h_210,f_jpg?from=ke.com
20240918,东城,交道口,101125440317,白米仓胡同 1室0厅 南,345万,196023元/平,底层 (共1层) 1室0厅 | 17.6平米 | 南,https://ke-image.ljcdn.com/110000-inspection/pc1_p3ub69vNm_1.jpg!m_fill,w_280,h_210,f_jpg?from=ke.com
20240918,东城,交道口,101125376324,东旺胡同 1室0厅 南,335万,269944元/平,底层 (共1层) 1室0厅 | 12.41平米 | 南,https://ke-image.ljcdn.com/110000-inspection/pc1_wMkjxZj8h_1.jpg!m_fill,w_280,h_210,f_jpg?from=ke.com
20240918,东城,交道口,101125369532,白米仓胡同 1室1厅 南房主自荐,310万,190185元/平,底层 (共1层) 1室1厅 | 16.3平米 | 南,https://ke-image.ljcdn.com/110000-inspection/fd2590ac-a688-49b8-8d0f-514571cbdcee_1000.jpg!m_fill,w_280,h_210,f_jpg?from=ke.com
20240918,东城,交道口,101125356186,东旺胡同 安交府学胡同 手续齐全 产权清晰,350万,224359元/平,底层 (共1层) 1室0厅 | 15.6平米 | 南,https://ke-image.ljcdn.com/110000-inspection/3cd76001-9569-40b9-ae52-2907d430293e_1000.jpg!m_fill,w_280,h_210,f_jpg?from=ke.com
20240918,东城,交道口,101125305408,东旺胡同 1室1厅 南,345万,278002元/平,底层 (共1层) 1室1厅 | 12.41平米 | 南,https://ke-image.ljcdn.com/110000-inspection/a693d9ea-9e54-42ab-9259-a7d92f5becb5_1000.jpg!m_fill,w_280,h_210,f_jpg?from=ke.com
20240918,东城,交道口,101125292219,交东小区 交道口东大街 电梯直达 一梯两户 大两居,1240万,129952元/平,高楼层 (共10层) 2室1厅 | 95.42平米 | 东 南 西 北,https://ke-image.ljcdn.com/110000-inspection/8173e54e-a249-46b1-8aaa-12d44b71c6d5_1000.jpg!m_fill,w_280,h_210,f_jpg?from=ke.com
20240918,东城,交道口,101125285085,安交 方家 满五唯一 双卧朝南 三居带厅南北通透,916万,130634元/平,中楼层 (共6层) 3室1厅 | 70.12平米 | 南 北,https://ke-image.ljcdn.com/110000-inspection/e62da271-d6c3-4ded-9a45-730a5ff57ead_1000.jpg!m_fill,w_280,h_210,f_jpg?from=ke.com
20240918,东城,交道口,101125265664,交东小区  东西向复式  有钥匙 正对小区花园房主自荐,1099万,90468元/平,顶层 (共6层) 3室2厅 | 121.48平米 | 东 西,https://ke-image.ljcdn.com/110000-inspection/d88c5ae5-7a24-432c-9d66-344dee5f9d8b_1000.jpg!m_fill,w_280,h_210,f_jpg?from=ke.com
20240918,东城,交道口,101125263445,交东小区精装南北通透三居室诚意出售,1300万,106935元/平,顶层 (共6层) 3室2厅 | 121.57平米 | 南 北,https://ke-image.ljcdn.com/110000-inspection/b5d92567-a41d-4246-8162-8b96581acdf3_1000.jpg!m_fill,w_280,h_210,f_jpg?from=ke.com
20240918,东城,交道口,101125240720,马园胡同 1室0厅 东,280万,261683元/平,底层 (共1层) 1室0厅 | 10.7平米 | 东,https://ke-image.ljcdn.com/110000-inspection/534c1599-eb75-443a-9f2f-54314b18e2d5_1000.jpg!m_fill,w_280,h_210,f_jpg?from=ke.com
20240918,东城,交道口,101125180714,东旺胡同 1室0厅 北,299万,253390元/平,底层 (共1层) 1室0厅 | 11.8平米 | 北,https://ke-image.ljcdn.com/110000-inspection/19c45328-e31a-4aad-adc4-56cba8ac375b_1000.jpg!m_fill,w_280,h_210,f_jpg?from=ke.com
20240918,东城,交道口,101125179534,安交交道口北三条低价平房诚意出售,269万,433871元/平,底层 (共1层) 1室0厅 | 6.2平米 | 东,https://ke-image.ljcdn.com/110000-inspection/5ed7c717-e14f-4d82-acca-62560ae2fc79_1000.jpg!m_fill,w_280,h_210,f_jpg?from=ke.com
20240918,东城,交道口,101125177757,桃条胡同 1室0厅 东,320万,316832元/平,底层 (共2层) 1室0厅 | 10.1平米 | 东,https://ke-image.ljcdn.com/110000-inspection/pc1_9YPeZF8aN_1.jpg!m_fill,w_280,h_210,f_jpg?from=ke.com
20240918,东城,交道口,101125133376,文书巷 景山 灯市口 私产平房 产权清晰,450万,231959元/平,底层 (共1层) 1室0厅 | 19.4平米 | 北,https://ke-image.ljcdn.com/110000-inspection/8adb404f-6436-43a4-b25b-91f41b5084c2_1000.jpg!m_fill,w_280,h_210,f_jpg?from=ke.com
20240918,东城,交道口,101125049257,交道口北二条35号院 安交、朝南精装修 一居室房主自荐,619万,147171元/平,中楼层 (共6层) 1室1厅 | 42.06平米 | 南,https://ke-image.ljcdn.com/110000-inspection/13bfbb65-b6b9-465b-b3dd-71f714aec833_1000.jpg!m_fill,w_280,h_210,f_jpg?from=ke.com
20240918,东城,交道口,101124360616,交道口 东旺胡同 手续齐全  内置二层  装修好,369万,249831元/平,底层 (共1层) 1室0厅 | 14.77平米 | 南,https://ke-image.ljcdn.com/110000-inspection/506fc467-f7ae-46cd-902b-9bae905f78c5_1000.jpg!m_fill,w_280,h_210,f_jpg?from=ke.com
20240918,东城,交道口,101124118805,交东小区板楼南北通透三居室中间层满五年 一套房,1548万,162982元/平,中楼层 (共6层) 3室1厅 | 94.98平米 | 南 北,https://ke-image.ljcdn.com/110000-inspection/7fe67871-020a-4076-a026-4549ca646857_1000.jpg!m_fill,w_280,h_210,f_jpg?from=ke.com
20240918,东城,交道口,101123982672,交东小区 南北三居电梯直达 视野好采光好 诚意出售,1600万,139702元/平,顶层 (共10层) 3室1厅 | 114.53平米 | 南 北,https://ke-image.ljcdn.com/110000-inspection/87485e1d-8eaa-4fc6-9ee9-d44c36af700f_1000.jpg!m_fill,w_280,h_210,f_jpg?from=ke.com
20240918,东城,交道口,101123926515,交东小区 南北两居室 安交  府学 满五唯一商品房,870万,124500元/平,高楼层 (共6层) 2室1厅 | 69.88平米 | 南 北,https://ke-image.ljcdn.com/110000-inspection/17ad06fa-aef7-4ac3-b2dc-d62c7a6c30b5_1000.jpg!m_fill,w_280,h_210,f_jpg?from=ke.com
20240918,东城,交道口,101123465756,安交 交东小区 南北通透 复式3居2卫 精装修 随时签约,1180万,96968元/平,顶层 (共6层) 3室2厅 | 121.69平米 | 南 北,https://ke-image.ljcdn.com/110000-inspection/b6495ce2-ebee-488a-b469-a7e5640eba25_1000.jpg!m_fill,w_280,h_210,f_jpg?from=ke.com
20240918,东城,交道口,101123306138,交东小区 电梯直达1居 户型方正 产权干净 都可以面谈,800万,149645元/平,中楼层 (共11层) 1室1厅 | 53.46平米 | 北,https://ke-image.ljcdn.com/110000-inspection/pc1_UEgdtqDyU.jpg!m_fill,w_280,h_210,f_jpg?from=ke.com
20240918,东城,交道口,101123004937,交东小区 香饵胡同低楼层南北通透两居,1130万,163437元/平,低楼层 (共6层) 2室1厅 | 69.14平米 | 南 北,https://ke-image.ljcdn.com/110000-inspection/8a983331-7337-4593-b8b5-96783697ae0c_1000.jpg!m_fill,w_280,h_210,f_jpg?from=ke.com
20240918,东城,交道口,101122968998,交东小区 电梯直达 高楼层采光好 南北通透2居 满5唯1,1180万,153686元/平,高楼层 (共10层) 2室1厅 | 76.78平米 | 南 北,https://ke-image.ljcdn.com/110000-inspection/9b696e25-58e8-479d-a659-c01cf077371a_1000.jpg!m_fill,w_280,h_210,f_jpg?from=ke.com
20240918,东城,交道口,101122871945,安交 交道口 电梯朝南 满五唯一 光线好 诚意出售,780万,145414元/平,低楼层 (共12层) 1室1厅 | 53.64平米 | 南,https://ke-image.ljcdn.com/110000-inspection/40d9471c-6239-4064-ab91-032ad8f98083_1000.jpg!m_fill,w_280,h_210,f_jpg?from=ke.com
20240918,东城,交道口,101122871136,交道口北二条35号南北两居低楼层精装修诚意卖,568万,119857元/平,地下室 (共6层) 2室1厅 | 47.39平米 | 南 北,https://ke-image.ljcdn.com/110000-inspection/8559c289-fe11-4e0a-9a1a-68b6ae5da35f_1000.jpg!m_fill,w_280,h_210,f_jpg?from=ke.com
20240918,东城,交道口,101122844976,交东小区满五年唯一电梯高层两居诚意出售。,980万,182598元/平,中楼层 (共11层) 2室1厅 | 53.67平米 | 北,https://ke-image.ljcdn.com/110000-inspection/75254e13-dd9b-413a-ba9e-05ac4eda7e1e_1000.jpg!m_fill,w_280,h_210,f_jpg?from=ke.com
20240918,东城,交道口,101122418337,层高5.4米满五唯一已做内二层看房随时。,458万,138369元/平,底层 (共1层) 1室1厅 | 33.1平米 | 南,https://ke-image.ljcdn.com/110000-inspection/6b967e78-200c-4f4d-bb66-637c02ebbece_1000.jpg!m_fill,w_280,h_210,f_jpg?from=ke.com
20240918,东城,交道口,101122037304,东旺胡同 1室0厅 南,335万,221855元/平,底层 (共1层) 1室0厅 | 15.1平米 | 南,https://ke-image.ljcdn.com/110000-inspection/235bead8-bdfb-4da0-8b4e-420b1350eeff_1000.jpg!m_fill,w_280,h_210,f_jpg?from=ke.com
20240918,东城,交道口,101121791529,安交 东旺胡同 手续齐全 诚意出售 随时签约,360万,235295元/平,底层 (共1层) 1室0厅 | 15.3平米 | 北,https://ke-image.ljcdn.com/110000-inspection/d1062d82-06be-4d3a-bd55-7cf3279dfd6e_1000.jpg!m_fill,w_280,h_210,f_jpg?from=ke.com
20240918,东城,交道口,101120718166,方家 交道口北三条 平房 手续齐全 产权干净 随时看房,398万,207292元/平,底层 (共1层) 1室1厅 | 19.2平米 | 南 北,https://ke-image.ljcdn.com/110000-inspection/74e33254-96ce-4a1a-8d95-eaa38e6e435d_1000.jpg!m_fill,w_280,h_210,f_jpg?from=ke.com
20240918,东城,交道口,101120003648,安交交东小区低楼层两居室双阳台两居室。,1090万,154786元/平,低楼层 (共6层) 2室1厅 | 70.42平米 | 东 北,https://ke-image.ljcdn.com/110000-inspection/pc1_5ggfTk9P4.jpg!m_fill,w_280,h_210,f_jpg?from=ke.com
20240918,东城,交道口,101118994858,青碳局胡同 1室0厅 北,270万,284211元/平,底层 (共1层) 1室0厅 | 9.5平米 | 北,https://ke-image.ljcdn.com/110000-inspection/a96a2fe8-9b50-4828-8d8d-205940c4bc42_1000.jpg!m_fill,w_280,h_210,f_jpg?from=ke.com
20240918,东城,交道口,101126618465,交东小区南北通透四室两卫不临街满五年唯一,1200万,98024元/平,顶层 (共6层) 4室1厅 | 122.42平米 | 南 北,https://s1.ljcdn.com/pegasus/redskull/images/common/default_house_list.png?_v=20240826145726
20240918,东城,交道口,101126610558,安交 方家 交道口北二条35号院 南北二居诚意出售,699万,126792元/平,高楼层 (共6层) 2室1厅 | 55.13平米 | 南 北,https://s1.ljcdn.com/pegasus/redskull/images/common/default_house_list.png?_v=20240826145726
20240918,东城,交道口,101126334440,土儿胡同 2室1厅 南 北,790万,135089元/平,底层 (共4层) 2室1厅 | 58.48平米 | 南 北,https://s1.ljcdn.com/pegasus/redskull/images/common/default_house_list.png?_v=20240826145726
20240918,东城,交道口,101126280742,安交  *花梗胡同1号院” 南北通透挂西窗 三居,850万,148084元/平,中楼层 (共6层) 3室1厅 | 57.4平米 | 南 北 西,https://s1.ljcdn.com/pegasus/redskull/images/common/default_house_list.png?_v=20240826145726
20240918,东城,交道口,101125752230,交东小区 电梯直达 南北通透格局 产权干净 安交,1050万,137832元/平,中楼层 (共10层) 2室1厅 | 76.18平米 | 南 北,https://s1.ljcdn.com/pegasus/redskull/images/common/default_house_list.png?_v=20240826145726
