20240918,房山,燕山,101126520403,迎风三里南北通透2居满五年唯一中间层必看好房,60万,10622元/平,中楼层 (共5层) | 1982年 | 2室1厅 | 56.49平米 | 南 北,https://ke-image.ljcdn.com/110000-inspection/pc1_1InqlMiwr_1.jpg!m_fill,w_280,h_210,f_jpg?from=ke.com
20240918,房山,燕山,101126247906,房山城关原香嘉苑西区南北通两居室随时看房高楼层必看好房,120万,14219元/平,高楼层 (共18层) 2室1厅 | 84.4平米 | 南 北,https://ke-image.ljcdn.com/110000-inspection/pc1_zJxBAkXBc.jpg!m_fill,w_280,h_210,f_jpg?from=ke.com
20240918,房山,燕山,101126224640,燕山迎风一里业主诚意出售价格可以聊有客户多多推必看好房,58万,10165元/平,中楼层 (共5层) | 1981年 | 2室1厅 | 57.06平米 | 北 南,https://ke-image.ljcdn.com/110000-inspection/87799c82-7518-4cff-aa37-58f3fe360db2_1000.jpg!m_fill,w_280,h_210,f_jpg?from=ke.com
20240918,房山,燕山,101126212306,此房户型较好 南北通透 业主急售 是优选好房必看好房,83万,10894元/平,中楼层 (共6层) 3室1厅 | 76.19平米 | 南 北,https://ke-image.ljcdn.com/110000-inspection/78de1aa5-2bad-475d-a4c9-31ca09e34c6c_1000.jpg!m_fill,w_280,h_210,f_jpg?from=ke.com
20240918,房山,燕山,101126085472,羊耳峪北里优质房源业主急售价格优必看好房,49万,7984元/平,高楼层 (共6层) 2室1厅 | 61.38平米 | 南,https://ke-image.ljcdn.com/110000-inspection/pc1_e692pnyVm.jpg!m_fill,w_280,h_210,f_jpg?from=ke.com
20240918,房山,燕山,101126067929,此房满五唯一低楼层 精装修  是优选好房必看好房,99万,15491元/平,底层 (共15层) 2室1厅 | 63.91平米 | 南 北,https://ke-image.ljcdn.com/110000-inspection/pc1_56Xqu0LnR.jpg!m_fill,w_280,h_210,f_jpg?from=ke.com
20240918,房山,燕山,101126054518,迎风一里 3室1厅 南 北必看好房,52万,8712元/平,中楼层 (共5层) | 1981年 | 3室1厅 | 59.69平米 | 南 北,https://ke-image.ljcdn.com/110000-inspection/pc1_ZaONCUKZV.jpg!m_fill,w_280,h_210,f_jpg?from=ke.com
20240918,房山,燕山,101125726632,迎风六里一区精装修拎包入住。必看好房,75万,12646元/平,中楼层 (共6层) | 1987年 | 2室1厅 | 59.31平米 | 南 北,https://ke-image.ljcdn.com/110000-inspection/pc1_Wlxc774kj.jpg!m_fill,w_280,h_210,f_jpg?from=ke.com
20240918,房山,燕山,101125400454,房山城关原香嘉苑西区电梯三居室满五唯一商品房双卫必看好房,168万,15167元/平,高楼层 (共18层) | 2016年 | 3室2厅 | 110.77平米 | 南 北,https://ke-image.ljcdn.com/110000-inspection/pc1_fTPBIOiYe.jpg!m_fill,w_280,h_210,f_jpg?from=ke.com
20240918,房山,燕山,101125339499,房山城关原香嘉苑东区电梯三居室南北通透户型好必看好房,135万,14326元/平,低楼层 (共18层) 3室1厅 | 94.24平米 | 南 北,https://ke-image.ljcdn.com/110000-inspection/pc1_Fx0AvgYWW.jpg!m_fill,w_280,h_210,f_jpg?from=ke.com
20240918,房山,燕山,101125257942,高家坡社区 低楼层 南北通透,63万,10610元/平,低楼层 (共6层) 2室1厅 | 59.38平米 | 南 北,https://ke-image.ljcdn.com/110000-inspection/pc1_i09tBACwN.jpg!m_fill,w_280,h_210,f_jpg?from=ke.com
20240918,房山,燕山,101125096435,房山城关原香嘉苑西区南北通两居室满五唯一随时看房,125万,14682元/平,高楼层 (共18层) 2室1厅 | 85.14平米 | 南 北,https://ke-image.ljcdn.com/110000-inspection/pc1_62dLr4fMo.jpg!m_fill,w_280,h_210,f_jpg?from=ke.com
20240918,房山,燕山,101124966473,中国铁建原香嘉苑东区面积大户型好诚意出售必看好房,165万,14828元/平,中楼层 (共18层) 3室1厅 | 111.28平米 | 北 南,https://ke-image.ljcdn.com/110000-inspection/pc1_jj2gZ1YBe.jpg!m_fill,w_280,h_210,f_jpg?from=ke.com
20240918,房山,燕山,101124877025,燕山羊耳峪北里小区大型社区配套齐全环境整洁。必看好房,48万,7971元/平,顶层 (共6层) 2室1厅 | 60.22平米 | 南 北,https://ke-image.ljcdn.com/110000-inspection/pc1_uiiaDrviy.jpg!m_fill,w_280,h_210,f_jpg?from=ke.com
20240918,房山,燕山,101124782044,南北朝向的二居室视野开阔采光充足诚心出售,50万,8388元/平,顶层 (共6层) 2室1厅 | 59.61平米 | 南 北,https://ke-image.ljcdn.com/110000-inspection/pc1_gMvxJAZtg.jpg!m_fill,w_280,h_210,f_jpg?from=ke.com
20240918,房山,燕山,101124772447,杰辉苑 2002年楼 中间层 南北通透,125万,11652元/平,中楼层 (共6层) 2室1厅 | 107.28平米 | 南 北,https://ke-image.ljcdn.com/110000-inspection/pc1_Xr4S9hItZ.jpg!m_fill,w_280,h_210,f_jpg?from=ke.com
20240918,房山,燕山,101124454498,燕山杏花西里 顶层 着急卖 看房方便必看好房,56万,9470元/平,顶层 (共6层) 2室1厅 | 59.14平米 | 南 北,https://ke-image.ljcdn.com/110000-inspection/pc1_EgBzb4Qav.jpg!m_fill,w_280,h_210,f_jpg?from=ke.com
20240918,房山,燕山,101124300469,宏塔社区带电梯没遮挡采光好随时签约看房方便必看好房,89万,12643元/平,高楼层 (共15层) 2室1厅 | 70.4平米 | 东 北,https://ke-image.ljcdn.com/110000-inspection/pc1_0rtLmHHJN.jpg!m_fill,w_280,h_210,f_jpg?from=ke.com
20240918,房山,燕山,101123918752,中国铁建原香嘉苑南北通透三居电梯房看房方便。必看好房,136万,14541元/平,低楼层 (共18层) 3室2厅 | 93.53平米 | 南 北,https://ke-image.ljcdn.com/110000-inspection/pc1_LQOZH8CyS.jpg!m_fill,w_280,h_210,f_jpg?from=ke.com
20240918,房山,燕山,101123110135,商品房中间楼层看房方便诚心出售,66万,10748元/平,中楼层 (共6层) 2室1厅 | 61.41平米 | 南 北,https://ke-image.ljcdn.com/110000-inspection/pc1_w2ohQ2PjS.jpg!m_fill,w_280,h_210,f_jpg?from=ke.com
20240918,房山,燕山,101122465027,商品房中间楼层纯南户型采光好,68万,12673元/平,中楼层 (共5层) 2室1厅 | 53.66平米 | 南,https://ke-image.ljcdn.com/110000-inspection/pc1_Qydd3rdop.jpg!m_fill,w_280,h_210,f_jpg?from=ke.com
20240918,房山,燕山,101120150584,迎风五里 2室1厅 南必看好房,58万,11527元/平,顶层 (共6层) 2室1厅 | 50.32平米 | 南,https://ke-image.ljcdn.com/110000-inspection/pc1_4iDD71GJ2.jpg!m_fill,w_280,h_210,f_jpg?from=ke.com
20240918,房山,燕山,101117276451,迎风六里一区两居室业主精装修价格可聊必看好房,69万,11491元/平,顶层 (共6层) 2室1厅 | 60.05平米 | 南 北,https://ke-image.ljcdn.com/110000-inspection/pc1_S3LPCNOoN.jpg!m_fill,w_280,h_210,f_jpg?from=ke.com
20240918,房山,燕山,101121188839,杏花西里 南北通透二居室 中间楼层 看房方便必看好房,64万,10779元/平,中楼层 (共6层) 2室1厅 | 59.38平米 | 北 南,https://ke-image.ljcdn.com/110000-inspection/pc1_O7PgXrQc3.jpg!m_fill,w_280,h_210,f_jpg?from=ke.com
20240918,房山,燕山,101126500270,羊耳峪西区 南北通透 两居室 配套全901快速公交,133万,13315元/平,顶层 (共6层) | 2013年 | 2室2厅 | 99.89平米 | 南 北,https://ke-image.ljcdn.com/110000-inspection/pc1_q5kNQXtRS.jpg!m_fill,w_280,h_210,f_jpg?from=ke.com
20240918,房山,燕山,101126497839,杏花西里 满五年唯一南北通透 二居室 诚心出售,78万,12282元/平,高楼层 (共6层) 2室1厅 | 63.51平米 | 南 北,https://ke-image.ljcdn.com/110000-inspection/pc1_77W9RdQbw.jpg!m_fill,w_280,h_210,f_jpg?from=ke.com
20240918,房山,燕山,101126451875,杏花西里 2室1厅 南 北,69万,11560元/平,顶层 (共6层) | 1987年 | 2室1厅 | 59.69平米 | 南 北,https://ke-image.ljcdn.com/110000-inspection/pc1_xvSk2UXWm.jpg!m_fill,w_280,h_210,f_jpg?from=ke.com
20240918,房山,燕山,101126353358,羊耳峪北里 满五唯一 南北通透三居室,66.5万,8866元/平,顶层 (共6层) 3室1厅 | 75.01平米 | 南 北,https://ke-image.ljcdn.com/110000-inspection/pc1_aFtAiqjeq.jpg!m_fill,w_280,h_210,f_jpg?from=ke.com
20240918,房山,燕山,101126299072,迎风四里房主自荐,90万,11774元/平,顶层 (共5层) 3室1厅 | 76.44平米 | 南 北,https://ke-image.ljcdn.com/110000-inspection/pc1_wFSZh08SN.jpg!m_fill,w_280,h_210,f_jpg?from=ke.com
20240918,房山,燕山,101126256911,迎风西里 2室2厅 南,132万,13414元/平,低楼层 (共22层) 2室2厅 | 98.41平米 | 南,https://ke-image.ljcdn.com/110000-inspection/pc1_dCDoodsMX.jpg!m_fill,w_280,h_210,f_jpg?from=ke.com
20240918,房山,燕山,101126255828,房山杰辉苑中间楼层优质好房,119万,11386元/平,中楼层 (共6层) 2室1厅 | 104.52平米 | 南 北,https://ke-image.ljcdn.com/110000-inspection/ee2d4f44-62d6-4b6a-8248-95f139769c84_1000.jpg!m_fill,w_280,h_210,f_jpg?from=ke.com
20240918,房山,燕山,101126228476,宏塔社区 3室1厅 南 北,142万,20145元/平,低楼层 (共6层) 3室1厅 | 70.49平米 | 南 北,https://ke-image.ljcdn.com/110000-inspection/pc1_kMP5FVe8J.jpg!m_fill,w_280,h_210,f_jpg?from=ke.com
20240918,房山,燕山,101126219999,迎风五里近地铁高楼层优质房房主自荐,72万,10535元/平,顶层 (共5层) | 1977年 | 2室1厅 | 68.35平米 | 南 北,https://ke-image.ljcdn.com/110000-inspection/pc1_03K0pJVRq.jpg!m_fill,w_280,h_210,f_jpg?from=ke.com
20240918,房山,燕山,101126207159,房山城关原香嘉苑西区电梯三居室南北通透户型好近地铁,149万,15919元/平,高楼层 (共18层) 3室1厅 | 93.6平米 | 南 北,https://ke-image.ljcdn.com/110000-inspection/pc1_2ESUoWRjf_1.jpg!m_fill,w_280,h_210,f_jpg?from=ke.com
20240918,房山,燕山,101126182357,高家坡社区 2室1厅 南 北,56万,9321元/平,中楼层 (共6层) 2室1厅 | 60.08平米 | 南 北,https://ke-image.ljcdn.com/110000-inspection/pc1_UtTWYYwdx.jpg!m_fill,w_280,h_210,f_jpg?from=ke.com
20240918,房山,燕山,101126162843,东风北里 3室1厅 南 北,80万,14055元/平,底层 (共6层) 3室1厅 | 56.92平米 | 南 北,https://ke-image.ljcdn.com/110000-inspection/pc1_O29Vptz91.jpg!m_fill,w_280,h_210,f_jpg?from=ke.com
20240918,房山,燕山,101126098315,杏花东里社区商品房 东南朝向二居 精装修 中间楼层,73万,12300元/平,中楼层 (共6层) 2室1厅 | 59.35平米 | 东南,https://ke-image.ljcdn.com/110000-inspection/pc1_DeQLTFVUE.jpg!m_fill,w_280,h_210,f_jpg?from=ke.com
20240918,房山,燕山,101126052958,高家坡社区南向2居中间层全明格局商品房,59万,9842元/平,高楼层 (共6层) | 1993年 | 2室1厅 | 59.95平米 | 南,https://ke-image.ljcdn.com/110000-inspection/pc1_H1l5o6EiM.jpg!m_fill,w_280,h_210,f_jpg?from=ke.com
20240918,房山,燕山,101126007380,迎风五里 2室1厅 南,75万,14905元/平,低楼层 (共6层) 2室1厅 | 50.32平米 | 南,https://ke-image.ljcdn.com/110000-inspection/pc1_udRr022gh.jpg!m_fill,w_280,h_210,f_jpg?from=ke.com
20240918,房山,燕山,101125968150,迎风二里 1室1厅 东,65万,14964元/平,顶层 (共6层) | 1988年 | 1室1厅 | 43.44平米 | 东,https://ke-image.ljcdn.com/110000-inspection/pc1_hbsSxslvF.jpg!m_fill,w_280,h_210,f_jpg?from=ke.com
20240918,房山,燕山,101125881208,迎风六里一区满五年唯一商品房  南北通透二居室,75万,13172元/平,中楼层 (共6层) 2室1厅 | 56.94平米 | 南 北,https://ke-image.ljcdn.com/110000-inspection/pc1_4H2o0erI1.jpg!m_fill,w_280,h_210,f_jpg?from=ke.com
20240918,房山,燕山,101125861164,燕山羊耳峪里 满二 南北通透 2室1厅房主自荐,85万,14337元/平,低楼层 (共6层) | 1992年 | 2室1厅 | 59.29平米 | 南 北,https://ke-image.ljcdn.com/110000-inspection/pc1_nbUpthdLk.jpg!m_fill,w_280,h_210,f_jpg?from=ke.com
20240918,房山,燕山,101125764237,迎风二里 1室1厅 南 北,55万,14391元/平,中楼层 (共4层) 1室1厅 | 38.22平米 | 南 北,https://ke-image.ljcdn.com/110000-inspection/pc1_ljqCbaaoh.jpg!m_fill,w_280,h_210,f_jpg?from=ke.com
20240918,房山,燕山,101125756854,新上羊耳峪里优质好房楼层好简装可拎包入住。,75万,12310元/平,中楼层 (共6层) 2室1厅 | 60.93平米 | 南 北,https://ke-image.ljcdn.com/110000-inspection/pc1_TLvGf8Eap.jpg!m_fill,w_280,h_210,f_jpg?from=ke.com
20240918,房山,燕山,101125706580,房山城关原香嘉苑东区电梯三居室满五唯一商品房双卫,179万,16125元/平,低楼层 (共18层) | 2015年 | 3室1厅 | 111.01平米 | 南 北,https://ke-image.ljcdn.com/110000-inspection/pc1_EJn2nEf4k.jpg!m_fill,w_280,h_210,f_jpg?from=ke.com
20240918,房山,燕山,101125667955,羊耳峪北里 满五年唯一 无抵押 商品房 南北朝向,68万,11334元/平,中楼层 (共6层) 2室1厅 | 60平米 | 南 北,https://ke-image.ljcdn.com/110000-inspection/pc1_Naoxf3dJc.jpg!m_fill,w_280,h_210,f_jpg?from=ke.com
20240918,房山,燕山,101125623034,中国铁建原香嘉苑东区 3室1厅 东 西,150万,15520元/平,中楼层 (共18层) 3室1厅 | 96.65平米 | 东 西,https://ke-image.ljcdn.com/110000-inspection/pc1_DvlFThUNP.jpg!m_fill,w_280,h_210,f_jpg?from=ke.com
20240918,房山,燕山,101125605403,杰辉苑 2室1厅 南 北,130万,12792元/平,高楼层 (共6层) 2室1厅 | 101.63平米 | 南 北,https://ke-image.ljcdn.com/110000-inspection/pc1_cnxXtbfxf.jpg!m_fill,w_280,h_210,f_jpg?from=ke.com
20240918,房山,燕山,101125603168,迎风四里一室一厅商品房满两年只有契税房主自荐,89万,18710元/平,中楼层 (共5层) 1室1厅 | 47.57平米 | 东,https://ke-image.ljcdn.com/110000-inspection/pc1_GVqkB7dpO.jpg!m_fill,w_280,h_210,f_jpg?from=ke.com
20240918,房山,燕山,101125598731,迎风一里。视野好无遮挡业主诚心出售,57万,9521元/平,顶层 (共6层) 2室1厅 | 59.87平米 | 南 北,https://ke-image.ljcdn.com/110000-inspection/pc1_GxxnzkDcU.jpg!m_fill,w_280,h_210,f_jpg?from=ke.com
20240918,房山,燕山,101125563353,羊耳峪北里商品房满二年  只有契税 南北通透二居,55万,9084元/平,高楼层 (共6层) 2室1厅 | 60.55平米 | 南 北,https://ke-image.ljcdn.com/110000-inspection/pc1_DjW6mo8y2.jpg!m_fill,w_280,h_210,f_jpg?from=ke.com
20240918,房山,燕山,101125526461,迎风西里 2室1厅 西 南,120万,12078元/平,高楼层 (共22层) 2室1厅 | 99.36平米 | 西 南,https://ke-image.ljcdn.com/110000-inspection/pc1_T4qb8I4Ep.jpg!m_fill,w_280,h_210,f_jpg?from=ke.com
20240918,房山,燕山,101125518218,迎风六里一区 2室1厅 南,60万,10918元/平,顶层 (共6层) | 1986年 | 2室1厅 | 54.96平米 | 南,https://ke-image.ljcdn.com/110000-inspection/pc1_85ARmER9f.jpg!m_fill,w_280,h_210,f_jpg?from=ke.com
20240918,房山,燕山,101125493523,羊耳峪西区 2室1厅 南 北,95万,10320元/平,高楼层 (共6层) | 2013年 | 2室1厅 | 92.06平米 | 南 北,https://ke-image.ljcdn.com/110000-inspection/pc1_FkFPjRclf.jpg!m_fill,w_280,h_210,f_jpg?from=ke.com
20240918,房山,燕山,101125472746,原香嘉苑西区好房满五南北采光好近地铁。,138.2万,16375元/平,中楼层 (共18层) | 2016年 | 2室1厅 | 84.4平米 | 南 北,https://ke-image.ljcdn.com/110000-inspection/pc1_HTarHaK3I.jpg!m_fill,w_280,h_210,f_jpg?from=ke.com
20240918,房山,燕山,101125378772,东风北里 2室1厅 南 北,56万,9954元/平,中楼层 (共4层) 2室1厅 | 56.26平米 | 南 北,https://ke-image.ljcdn.com/110000-inspection/pc1_u6yeKQH2M_2.jpg!m_fill,w_280,h_210,f_jpg?from=ke.com
20240918,房山,燕山,101125370660,中国铁建原香嘉苑西区 3室1厅 南 北,145万,15157元/平,中楼层 (共18层) 3室1厅 | 95.67平米 | 南 北,https://ke-image.ljcdn.com/110000-inspection/pc1_iHzikafYu.jpg!m_fill,w_280,h_210,f_jpg?from=ke.com
20240918,房山,燕山,101125203554,房山城关原香嘉苑东区电梯三居室南北通透商品房满五,149万,15928元/平,低楼层 (共18层) | 2015年 | 3室1厅 | 93.55平米 | 南 北,https://ke-image.ljcdn.com/110000-inspection/pc1_SGvh6qY0N.jpg!m_fill,w_280,h_210,f_jpg?from=ke.com
20240918,房山,燕山,101125188115,杰辉苑南北通透大两居满五唯一看房有钥匙房主自荐,117万,11513元/平,高楼层 (共6层) 2室1厅 | 101.63平米 | 南 北,https://ke-image.ljcdn.com/110000-inspection/pc1_yEgNzS7ZO.jpg!m_fill,w_280,h_210,f_jpg?from=ke.com
20240918,房山,燕山,101125123491,迎风西里 3室2厅 南 北,150万,12192元/平,高楼层 (共22层) 3室2厅 | 123.04平米 | 南 北,https://ke-image.ljcdn.com/110000-inspection/pc1_BBqZgTQzk.jpg!m_fill,w_280,h_210,f_jpg?from=ke.com
20240918,房山,燕山,101125117246,中国铁建原香嘉苑西区三居室 已转商 随时看房,162万,17143元/平,中楼层 (共18层) | 2016年 | 3室1厅 | 94.5平米 | 南 北,https://ke-image.ljcdn.com/110000-inspection/pc1_5aMulrbLD.jpg!m_fill,w_280,h_210,f_jpg?from=ke.com
20240918,房山,燕山,101125088970,燕山迎风一里业主诚心出售价格可谈房主自荐,96万,12421元/平,低楼层 (共6层) 3室1厅 | 77.29平米 | 南 北,https://ke-image.ljcdn.com/110000-inspection/pc1_bHzWLitRF.jpg!m_fill,w_280,h_210,f_jpg?from=ke.com
20240918,房山,燕山,101125078381,羊耳峪里 2室1厅 南 北,85万,15231元/平,底层 (共6层) 2室1厅 | 55.81平米 | 南 北,https://ke-image.ljcdn.com/110000-inspection/pc1_h0BspNcJ0.jpg!m_fill,w_280,h_210,f_jpg?from=ke.com
20240918,房山,燕山,101125078082,羊耳峪里 3室2厅 南 北,79万,10356元/平,顶层 (共6层) 3室2厅 | 76.29平米 | 南 北,https://ke-image.ljcdn.com/110000-inspection/pc1_7Pv03RfaJ.jpg!m_fill,w_280,h_210,f_jpg?from=ke.com
20240918,房山,燕山,101125033391,中国铁建原香嘉苑西区 全明格局三居室 满五商品房,150万,15533元/平,高楼层 (共18层) 3室1厅 | 96.57平米 | 南 北,https://ke-image.ljcdn.com/110000-inspection/pc1_9qgzlw5Nd.jpg!m_fill,w_280,h_210,f_jpg?from=ke.com
20240918,房山,燕山,101125032351,中国铁建原香嘉苑西区 1室1厅 南 北,115万,15999元/平,底层 (共18层) 1室1厅 | 71.88平米 | 南 北,https://ke-image.ljcdn.com/110000-inspection/pc1_1VKSG4wtz.jpg!m_fill,w_280,h_210,f_jpg?from=ke.com
20240918,房山,燕山,101125028305,中国铁建原香嘉苑三居室南北通透满五唯一商品房户型好,135万,14424元/平,中楼层 (共18层) 3室2厅 | 93.6平米 | 南 北,https://ke-image.ljcdn.com/110000-inspection/pc1_4DtZdhtMD.jpg!m_fill,w_280,h_210,f_jpg?from=ke.com
20240918,房山,燕山,101125027536,房山城关原香嘉苑电梯三居室南北通透满五唯一近地铁,138万,14639元/平,中楼层 (共18层) | 2016年 | 3室2厅 | 94.27平米 | 南 北,https://ke-image.ljcdn.com/110000-inspection/pc1_FT85vc10t.jpg!m_fill,w_280,h_210,f_jpg?from=ke.com
20240918,房山,燕山,101125005216,原香嘉苑好房满五唯一出行便捷看房方便。,142万,15183元/平,低楼层 (共18层) 3室1厅 | 93.53平米 | 北 南,https://ke-image.ljcdn.com/110000-inspection/pc1_mE7kKTHET.jpg!m_fill,w_280,h_210,f_jpg?from=ke.com
20240918,房山,燕山,101124959623,羊耳峪里 2室1厅 东南,55万,9199元/平,中楼层 (共6层) | 1992年 | 2室1厅 | 59.79平米 | 东南,https://ke-image.ljcdn.com/110000-inspection/pc1_pDschWDu4.jpg!m_fill,w_280,h_210,f_jpg?from=ke.com
20240918,房山,燕山,101124947855,羊耳峪西区 2室1厅 南 北,90万,10439元/平,高楼层 (共6层) 2室1厅 | 86.22平米 | 南 北,https://ke-image.ljcdn.com/110000-inspection/pc1_3iTPoS9sv.jpg!m_fill,w_280,h_210,f_jpg?from=ke.com
20240918,房山,燕山,101124947357,燕山杏花西里中间楼层全阳面采光无遮挡交通便,62万,11615元/平,中楼层 (共6层) 2室1厅 | 53.38平米 | 南,https://ke-image.ljcdn.com/110000-inspection/pc1_fkYZHZkCD.jpg!m_fill,w_280,h_210,f_jpg?from=ke.com
20240918,房山,燕山,101124944839,杏花西里 2室1厅 南,61万,11428元/平,高楼层 (共6层) 2室1厅 | 53.38平米 | 南,https://ke-image.ljcdn.com/110000-inspection/pc1_bbtakrg0v.jpg!m_fill,w_280,h_210,f_jpg?from=ke.com
20240918,房山,燕山,101124898619,凤凰北里 2室1厅 南 北,63万,10537元/平,低楼层 (共6层) 2室1厅 | 59.79平米 | 南 北,https://ke-image.ljcdn.com/110000-inspection/pc1_RnFjiYGAP.jpg!m_fill,w_280,h_210,f_jpg?from=ke.com
20240918,房山,燕山,101124897456,杏花西里 2室1厅 南 北,70万,11523元/平,顶层 (共6层) | 1984年 | 2室1厅 | 60.75平米 | 南 北,https://ke-image.ljcdn.com/110000-inspection/pc1_gm4mJTOAX.jpg!m_fill,w_280,h_210,f_jpg?from=ke.com
20240918,房山,燕山,101124851582,燕山迎风四里 商品房 低楼层 唯一,78万,14456元/平,中楼层 (共5层) 2室1厅 | 53.96平米 | 南,https://ke-image.ljcdn.com/110000-inspection/pc1_7xeotmXmy.jpg!m_fill,w_280,h_210,f_jpg?from=ke.com
20240918,房山,燕山,101124826747,中国铁建原香嘉苑东区精装修全明格局2居室房主自荐,155万,18365元/平,低楼层 (共18层) 2室2厅 | 84.4平米 | 南 北,https://ke-image.ljcdn.com/110000-inspection/pc1_gtaqFn8gD.jpg!m_fill,w_280,h_210,f_jpg?from=ke.com
20240918,房山,燕山,101124825083,迎风六里一区 2室1厅 南 北,68万,11658元/平,顶层 (共6层) 2室1厅 | 58.33平米 | 南 北,https://ke-image.ljcdn.com/110000-inspection/pc1_N2z17w4uP.jpg!m_fill,w_280,h_210,f_jpg?from=ke.com
20240918,房山,燕山,101124742188,羊耳峪北里  南北通透 低楼层 采光好房主自荐,78.5万,10328元/平,低楼层 (共6层) | 1986年 | 3室1厅 | 76.01平米 | 南 北,https://ke-image.ljcdn.com/110000-inspection/pc1_06T5sgNza.jpg!m_fill,w_280,h_210,f_jpg?from=ke.com
20240918,房山,燕山,101124639415,宏塔社区 2室1厅 南,99万,15285元/平,高楼层 (共15层) 2室1厅 | 64.77平米 | 南,https://ke-image.ljcdn.com/110000-inspection/pc1_NdHxiotIS.jpg!m_fill,w_280,h_210,f_jpg?from=ke.com
20240918,房山,燕山,101124571324,中国铁建原香嘉苑东区 3室1厅 南 北,139万,14750元/平,中楼层 (共18层) 3室1厅 | 94.24平米 | 南 北,https://ke-image.ljcdn.com/110000-inspection/pc1_JlvXG4zOx.jpg!m_fill,w_280,h_210,f_jpg?from=ke.com
20240918,房山,燕山,101124533887,商品房高楼层采光好业主诚心出售房主自荐,63万,11896元/平,顶层 (共5层) | 1981年 | 2室1厅 | 52.96平米 | 南,https://ke-image.ljcdn.com/110000-inspection/pc1_ryteGAiYA.jpg!m_fill,w_280,h_210,f_jpg?from=ke.com
20240918,房山,燕山,101124529439,羊耳峪北里 2室1厅 南 北,75万,13449元/平,底层 (共6层) 2室1厅 | 55.77平米 | 南 北,https://ke-image.ljcdn.com/110000-inspection/pc1_jNGn9s0K3.jpg!m_fill,w_280,h_210,f_jpg?from=ke.com
20240918,房山,燕山,101124475421,宏塔社区 2室1厅 南 北,115万,15499元/平,中楼层 (共6层) 2室1厅 | 74.2平米 | 南 北,https://ke-image.ljcdn.com/110000-inspection/pc1_uzJFdTXcH.jpg!m_fill,w_280,h_210,f_jpg?from=ke.com
20240918,房山,燕山,101124472741,东风北里 2室1厅 东 西,55万,13415元/平,中楼层 (共4层) 2室1厅 | 41平米 | 东 西,https://ke-image.ljcdn.com/110000-inspection/56c927bb-7af7-494b-af75-1022c10f03b2_1000.jpg!m_fill,w_280,h_210,f_jpg?from=ke.com
20240918,房山,燕山,101124354674,杏花西里 2室1厅 南 北房主自荐,66.9万,12024元/平,顶层 (共6层) 2室1厅 | 55.64平米 | 南 北,https://ke-image.ljcdn.com/110000-inspection/pc1_WlW0N2oco.jpg!m_fill,w_280,h_210,f_jpg?from=ke.com
20240918,房山,燕山,101124322962,迎风四里 2室1厅 南 北,59万,11026元/平,顶层 (共6层) 2室1厅 | 53.51平米 | 南 北,https://ke-image.ljcdn.com/110000-inspection/pc1_wEWnTZf3G.jpg!m_fill,w_280,h_210,f_jpg?from=ke.com
20240918,房山,燕山,101124284674,迎风四里 3室1厅 东 西,68万,11101元/平,中楼层 (共5层) 3室1厅 | 61.26平米 | 东 西,https://ke-image.ljcdn.com/110000-inspection/pc1_fKUmUueA6.jpg!m_fill,w_280,h_210,f_jpg?from=ke.com
20240918,房山,燕山,101124274193,羊耳峪里 2室1厅 东 西,59万,9658元/平,高楼层 (共6层) 2室1厅 | 61.09平米 | 东 西,https://ke-image.ljcdn.com/110000-inspection/pc1_mrTjY9DW2.jpg!m_fill,w_280,h_210,f_jpg?from=ke.com
20240918,房山,燕山,101124249966,羊耳峪北里 3室2厅 南 北房主自荐,80万,11948元/平,顶层 (共6层) 3室2厅 | 66.96平米 | 南 北,https://ke-image.ljcdn.com/110000-inspection/pc1_MQ5WjYSjj.jpg!m_fill,w_280,h_210,f_jpg?from=ke.com
20240918,房山,燕山,101124222991,中国铁建原香嘉苑D铁旁 南北通透 小区环境好,129万,13868元/平,低楼层 (共18层) | 2015年 | 3室1厅 | 93.02平米 | 南 北,https://ke-image.ljcdn.com/110000-inspection/pc1_XttDwRYjE.jpg!m_fill,w_280,h_210,f_jpg?from=ke.com
20240918,房山,燕山,101124167274,迎风西里 2室2厅 西南,140万,14091元/平,低楼层 (共30层) 2室2厅 | 99.36平米 | 西南,https://ke-image.ljcdn.com/110000-inspection/pc1_pwRfbQWDP.jpg!m_fill,w_280,h_210,f_jpg?from=ke.com
20240918,房山,燕山,101124125968,杏花西里 2室1厅 南 北,70万,11799元/平,高楼层 (共6层) 2室1厅 | 59.33平米 | 南 北,https://ke-image.ljcdn.com/110000-inspection/pc1_AHK9vQT7Q.jpg!m_fill,w_280,h_210,f_jpg?from=ke.com
20240918,房山,燕山,101123849219,杏花西里 满五唯一商品房  楼层好 业主诚心卖,89万,14591元/平,中楼层 (共6层) 3室1厅 | 61平米 | 南 北,https://ke-image.ljcdn.com/110000-inspection/9ba9878d-1112-4c1e-8ca9-98fdbe1649b4_1000.jpg!m_fill,w_280,h_210,f_jpg?from=ke.com
20240918,房山,燕山,101123719038,东风南里 2室1厅 南,52万,9827元/平,顶层 (共5层) 2室1厅 | 52.92平米 | 南,https://ke-image.ljcdn.com/110000-inspection/pc1_ICMMfDg5k.jpg!m_fill,w_280,h_210,f_jpg?from=ke.com
20240918,房山,燕山,101123668738,迎风四里 2室1厅 南 北,52万,11957元/平,中楼层 (共4层) 2室1厅 | 43.49平米 | 南 北,https://ke-image.ljcdn.com/110000-inspection/pc1_QXWUFRq2C.jpg!m_fill,w_280,h_210,f_jpg?from=ke.com
20240918,房山,燕山,101123635739,迎风六里一区 2室1厅 南 北房主自荐,69万,11349元/平,顶层 (共6层) | 1986年 | 2室1厅 | 60.8平米 | 南 北,https://ke-image.ljcdn.com/110000-inspection/pc1_v8skmIqOS.jpg!m_fill,w_280,h_210,f_jpg?from=ke.com
20240918,房山,燕山,101123628182,此房业主名下唯一住房南北通透业主诚心出售。,88万,14558元/平,中楼层 (共6层) 2室1厅 | 60.45平米 | 南 北,https://ke-image.ljcdn.com/110000-inspection/pc1_plzg75Ame.jpg!m_fill,w_280,h_210,f_jpg?from=ke.com
20240918,房山,燕山,101123532437,羊耳峪北里 满五唯一 随时看房 业主诚心卖,65万,10656元/平,顶层 (共6层) 2室1厅 | 61平米 | 南 北,https://ke-image.ljcdn.com/110000-inspection/pc1_WiDkoqCK4.jpg!m_fill,w_280,h_210,f_jpg?from=ke.com
20240918,房山,燕山,101123524826,中国铁建原香嘉苑东区 2室2厅 南 北房主自荐,147万,17418元/平,高楼层 (共18层) 2室2厅 | 84.4平米 | 南 北,https://ke-image.ljcdn.com/110000-inspection/pc1_rde7wdVAe.jpg!m_fill,w_280,h_210,f_jpg?from=ke.com
20240918,房山,燕山,101123470945,杏花西里 2室1厅 南,75万,12447元/平,顶层 (共6层) 2室1厅 | 60.26平米 | 南,https://ke-image.ljcdn.com/110000-inspection/pc1_3c4ZTLq7W.jpg!m_fill,w_280,h_210,f_jpg?from=ke.com
20240918,房山,燕山,101123449731,杰辉苑 2室1厅 南 北,128万,13326元/平,高楼层 (共6层) 2室1厅 | 96.06平米 | 南 北,https://ke-image.ljcdn.com/110000-inspection/pc1_BcLsPCZUi_1.jpg!m_fill,w_280,h_210,f_jpg?from=ke.com
20240918,房山,燕山,101123443170,杏花西里看房有钥匙 价格可以谈 满五唯一,65万,10890元/平,顶层 (共6层) 2室1厅 | 59.69平米 | 南 北,https://ke-image.ljcdn.com/110000-inspection/pc1_8Yy3Xm6Pu_1.jpg!m_fill,w_280,h_210,f_jpg?from=ke.com
20240918,房山,燕山,101123440904,迎风西里好房推荐电梯房采光好配套全。,142万,14430元/平,高楼层 (共22层) 2室1厅 | 98.41平米 | 东 南,https://ke-image.ljcdn.com/110000-inspection/pc1_b3It8txlB.jpg!m_fill,w_280,h_210,f_jpg?from=ke.com
20240918,房山,燕山,101123359111,东风北里 2室1厅 南 北,60万,13784元/平,顶层 (共4层) 2室1厅 | 43.53平米 | 南 北,https://ke-image.ljcdn.com/110000-inspection/pc1_fMkcBEFBR.jpg!m_fill,w_280,h_210,f_jpg?from=ke.com
20240918,房山,燕山,101123341809,迎风六里二区 2室1厅 南 北,130万,15061元/平,高楼层 (共6层) | 2006年 | 2室1厅 | 86.32平米 | 南 北,https://ke-image.ljcdn.com/110000-inspection/pc1_zKxRhvDrB_1.jpg!m_fill,w_280,h_210,f_jpg?from=ke.com
20240918,房山,燕山,101123287133,东风东里 2室1厅 南 北房主自荐,68万,11425元/平,高楼层 (共6层) 2室1厅 | 59.52平米 | 南 北,https://ke-image.ljcdn.com/110000-inspection/pc1_A5fprJIBk.jpg!m_fill,w_280,h_210,f_jpg?from=ke.com
20240918,房山,燕山,101123270323,燕山杏花西里 精装南向 2室1厅,98万,16419元/平,高楼层 (共6层) 2室1厅 | 59.69平米 | 南,https://ke-image.ljcdn.com/110000-inspection/pc1_C3oylJ9Sn.jpg!m_fill,w_280,h_210,f_jpg?from=ke.com
20240918,房山,燕山,101123195232,迎风二里 满五唯一 中间楼层 交通方便 随时看房房主自荐,59万,11446元/平,顶层 (共4层) 2室1厅 | 51.55平米 | 南 北,https://ke-image.ljcdn.com/110000-inspection/pc1_bmSnwmnXY.jpg!m_fill,w_280,h_210,f_jpg?from=ke.com
20240918,房山,燕山,101123127082,杰辉苑南北通透大两室 满五年唯一商品房,133万,12853元/平,高楼层 (共6层) 2室1厅 | 103.48平米 | 南 北,https://ke-image.ljcdn.com/110000-inspection/6eb75f1d-4225-49ff-9a21-d9cd34abf0be_1000.jpg!m_fill,w_280,h_210,f_jpg?from=ke.com
20240918,房山,燕山,101123103248,中国铁建原香嘉苑东区 3室1厅 南 北,136万,14442元/平,低楼层 (共18层) 3室1厅 | 94.17平米 | 南 北,https://ke-image.ljcdn.com/110000-inspection/pc1_68HaGsK9Z.jpg!m_fill,w_280,h_210,f_jpg?from=ke.com
20240918,房山,燕山,101123047236,杏花西里 2室1厅 南 北,65万,10947元/平,高楼层 (共6层) | 1987年 | 2室1厅 | 59.38平米 | 南 北,https://ke-image.ljcdn.com/110000-inspection/ee18676a-4822-4c4a-a4b3-45a9c2dcc760_1000.jpg!m_fill,w_280,h_210,f_jpg?from=ke.com
20240918,房山,燕山,101122993482,羊耳峪西区 大两房 南北通透 户型好 刚需上车,89万,9633元/平,顶层 (共6层) | 2013年 | 2室2厅 | 92.4平米 | 南 北,https://ke-image.ljcdn.com/110000-inspection/pc1_vjTdolz5E.jpg!m_fill,w_280,h_210,f_jpg?from=ke.com
20240918,房山,燕山,101122992249,杏花西里 2室1厅 南 北,69万,11441元/平,高楼层 (共6层) 2室1厅 | 60.31平米 | 南 北,https://ke-image.ljcdn.com/110000-inspection/pc1_yu2vFa3ur.jpg!m_fill,w_280,h_210,f_jpg?from=ke.com
20240918,房山,燕山,101122964272,迎风六里一区 2室1厅 南 北,85万,14573元/平,高楼层 (共6层) 2室1厅 | 58.33平米 | 南 北,https://ke-image.ljcdn.com/110000-inspection/pc1_3hjsyD2ZD.jpg!m_fill,w_280,h_210,f_jpg?from=ke.com
20240918,房山,燕山,101122759784,羊耳峪西区 2室1厅 南 北,120万,14222元/平,低楼层 (共6层) | 2013年 | 2室1厅 | 84.38平米 | 南 北,https://ke-image.ljcdn.com/110000-inspection/65bd0e78-a257-4a01-8439-32966e5882b1_1000.jpg!m_fill,w_280,h_210,f_jpg?from=ke.com
20240918,房山,燕山,101122752441,羊耳峪北里 2室1厅 南 北,60万,9916元/平,高楼层 (共6层) 2室1厅 | 60.51平米 | 南 北,https://ke-image.ljcdn.com/110000-inspection/pc1_1rkmGNYOR.jpg!m_fill,w_280,h_210,f_jpg?from=ke.com
20240918,房山,燕山,101122688107,迎风西里 精装修两居室 带电梯 低楼层 采光无遮挡,135万,12902元/平,低楼层 (共22层) 2室1厅 | 104.64平米 | 东北,https://ke-image.ljcdn.com/110000-inspection/pc1_GZSorei8i.jpg!m_fill,w_280,h_210,f_jpg?from=ke.com
20240918,房山,燕山,101122645225,宏塔社区 3室1厅 南 北,99万,13059元/平,高楼层 (共6层) 3室1厅 | 75.81平米 | 南 北,https://ke-image.ljcdn.com/110000-inspection/pc1_Df8asRqUf.jpg!m_fill,w_280,h_210,f_jpg?from=ke.com
20240918,房山,燕山,101122614052,中国铁建原香嘉苑东区 3室1厅 南 北,170万,18173元/平,中楼层 (共18层) | 2015年 | 3室1厅 | 93.55平米 | 南 北,https://ke-image.ljcdn.com/110000-inspection/pc1_4YQqTwoKu.jpg!m_fill,w_280,h_210,f_jpg?from=ke.com
20240918,房山,燕山,101122534734,杏花西里 2室1厅 南,60万,10289元/平,高楼层 (共6层) | 1989年 | 2室1厅 | 58.32平米 | 南,https://ke-image.ljcdn.com/110000-inspection/pc1_nsGNbAwpe.jpg!m_fill,w_280,h_210,f_jpg?from=ke.com
20240918,房山,燕山,101122505848,中国铁建原香嘉苑东区+精装修+近地铁+三居室,169万,17993元/平,高楼层 (共18层) | 2015年 | 3室2厅 | 93.93平米 | 东南 西,https://ke-image.ljcdn.com/110000-inspection/pc1_8XmCD1Dfx.jpg!m_fill,w_280,h_210,f_jpg?from=ke.com
20240918,房山,燕山,101122399536,宏塔社区 2室1厅 南 北房主自荐,89万,11995元/平,高楼层 (共6层) 2室1厅 | 74.2平米 | 南 北,https://ke-image.ljcdn.com/110000-inspection/pc1_oXFg61t9X.jpg!m_fill,w_280,h_210,f_jpg?from=ke.com
20240918,房山,燕山,101122384668,中国铁建原香嘉苑电梯房 看房有钥匙 价格可以聊,145万,16238元/平,高楼层 (共18层) 2室1厅 | 89.3平米 | 南 北,https://ke-image.ljcdn.com/110000-inspection/pc1_IsuF617xn.jpg!m_fill,w_280,h_210,f_jpg?from=ke.com
20240918,房山,燕山,101122322025,中国铁建原香嘉苑精装好房 高档社区环境优美交通便利,135万,15101元/平,高楼层 (共18层) 2室1厅 | 89.4平米 | 东 西,https://ke-image.ljcdn.com/110000-inspection/pc1_gGeMG95u4.jpg!m_fill,w_280,h_210,f_jpg?from=ke.com
20240918,房山,燕山,101122216493,中国铁建原香嘉苑好楼层业主诚意出售,155万,18365元/平,高楼层 (共18层) 2室1厅 | 84.4平米 | 南 北,https://ke-image.ljcdn.com/110000-inspection/pc1_0s7oYZkqI.jpg!m_fill,w_280,h_210,f_jpg?from=ke.com
20240918,房山,燕山,101122202552,宏塔社区 3室1厅 南 北,95万,12532元/平,高楼层 (共6层) | 1987年 | 3室1厅 | 75.81平米 | 南 北,https://ke-image.ljcdn.com/110000-inspection/pc1_FDTXWyLbD.jpg!m_fill,w_280,h_210,f_jpg?from=ke.com
20240918,房山,燕山,101122137295,宏塔社区 2室1厅 南,90万,15234元/平,顶层 (共6层) | 1983年 | 2室1厅 | 59.08平米 | 南,https://ke-image.ljcdn.com/110000-inspection/pc1_ZXDves0YN.jpg!m_fill,w_280,h_210,f_jpg?from=ke.com
20240918,房山,燕山,101122049006,中国铁建原香嘉苑东区 3室1厅 东 西 北房主自荐,138万,14279元/平,高楼层 (共18层) 3室1厅 | 96.65平米 | 东 西 北,https://ke-image.ljcdn.com/110000-inspection/pc1_2vwMEyi3a.jpg!m_fill,w_280,h_210,f_jpg?from=ke.com
20240918,房山,燕山,101122043632,迎风六里一区 2室1厅 南 北,110万,13788元/平,中楼层 (共6层) | 1987年 | 2室1厅 | 79.78平米 | 南 北,https://ke-image.ljcdn.com/110000-inspection/pc1_VTJce0eSc.jpg!m_fill,w_280,h_210,f_jpg?from=ke.com
20240918,房山,燕山,101122039508,羊耳峪北里低楼层南北通透两居室,62万,11148元/平,底层 (共6层) 2室1厅 | 55.62平米 | 南 北,https://ke-image.ljcdn.com/110000-inspection/30b86cea-213a-4a63-9961-b38347f49897_1000.jpg!m_fill,w_280,h_210,f_jpg?from=ke.com
20240918,房山,燕山,101121817188,燕山迎风二里 全明格局 两居室 环境优雅,51万,9852元/平,中楼层 (共4层) 2室1厅 | 51.77平米 | 东 西,https://ke-image.ljcdn.com/110000-inspection/pc1_qSnW8XZ3A.jpg!m_fill,w_280,h_210,f_jpg?from=ke.com
20240918,房山,燕山,101121598912,高家坡社区 3室1厅 南 北房主自荐,79万,9528元/平,高楼层 (共6层) 3室1厅 | 82.92平米 | 南 北,https://ke-image.ljcdn.com/110000-inspection/pc1_Fsz3diIBj.jpg!m_fill,w_280,h_210,f_jpg?from=ke.com
20240918,房山,燕山,101121489467,羊耳峪北里 满五唯一商品房 中间楼层,69万,11366元/平,中楼层 (共6层) 2室1厅 | 60.71平米 | 南 北,https://ke-image.ljcdn.com/110000-inspection/pc1_RNppukIbZ.jpg!m_fill,w_280,h_210,f_jpg?from=ke.com
20240918,房山,燕山,101121397786,迎风五里 商品房 带电梯 满五唯一 精装修 随时看房,110万,16468元/平,中楼层 (共14层) 2室1厅 | 66.8平米 | 南 东,https://ke-image.ljcdn.com/110000-inspection/pc1_Xgly7VlYw.jpg!m_fill,w_280,h_210,f_jpg?from=ke.com
20240918,房山,燕山,101121211903,羊耳峪北里  全南两居室  商品房房主自荐,80万,13221元/平,中楼层 (共6层) 2室1厅 | 60.51平米 | 南,https://ke-image.ljcdn.com/110000-inspection/pc1_0SyAYYDzB.jpg!m_fill,w_280,h_210,f_jpg?from=ke.com
20240918,房山,燕山,101121174768,凤凰南里 2室1厅 南 北房主自荐,77万,13441元/平,底层 (共5层) 2室1厅 | 57.29平米 | 南 北,https://ke-image.ljcdn.com/110000-inspection/pc1_jhu65sFAN.jpg!m_fill,w_280,h_210,f_jpg?from=ke.com
20240918,房山,燕山,101121009235,房子是次顶层看房方便诚心出售,65万,14088元/平,中楼层 (共5层) 2室1厅 | 46.14平米 | 南 北,https://ke-image.ljcdn.com/110000-inspection/pc1_rgjV9nc67.jpg!m_fill,w_280,h_210,f_jpg?from=ke.com
20240918,房山,燕山,101120800660,燕山东风北里业主诚心出售房子维护相当不错,47万,10719元/平,顶层 (共4层) 2室1厅 | 43.85平米 | 南,https://ke-image.ljcdn.com/110000-inspection/pc1_iUl3LLrZj.jpg!m_fill,w_280,h_210,f_jpg?from=ke.com
20240918,房山,燕山,101120677362,房山燕山杰辉苑  南北通透好户型 繁华地段房主自荐,128万,12767元/平,高楼层 (共6层) 2室1厅 | 100.26平米 | 南 北,https://ke-image.ljcdn.com/110000-inspection/pc1_EqkcsSbwn.jpg!m_fill,w_280,h_210,f_jpg?from=ke.com
20240918,房山,燕山,101120597595,迎风五里新上好房满五低楼层配套全交通便捷。,70万,13431元/平,低楼层 (共6层) 2室1厅 | 52.12平米 | 南,https://ke-image.ljcdn.com/110000-inspection/pc1_tWngNs7cV.jpg!m_fill,w_280,h_210,f_jpg?from=ke.com
20240918,房山,燕山,101120488001,高家坡社区 2室1厅 南 北,65万,10947元/平,顶层 (共6层) 2室1厅 | 59.38平米 | 南 北,https://ke-image.ljcdn.com/110000-inspection/pc1_cn7b7izln.jpg!m_fill,w_280,h_210,f_jpg?from=ke.com
20240918,房山,燕山,101120445262,燕山杏花西里南向2居中间层商品房,80万,15024元/平,高楼层 (共6层) 2室1厅 | 53.25平米 | 南,https://ke-image.ljcdn.com/110000-inspection/pc1_UlTaj7a2Q.jpg!m_fill,w_280,h_210,f_jpg?from=ke.com
20240918,房山,燕山,101120273409,迎风一里 无抵押 无户口 可签入,60万,13677元/平,中楼层 (共6层) | 1988年 | 1室1厅 | 43.87平米 | 南,https://ke-image.ljcdn.com/110000-inspection/pc1_EfuDaaCRO.jpg!m_fill,w_280,h_210,f_jpg?from=ke.com
20240918,房山,燕山,101120273108,凤凰北里南北通透视野宽阔诚心出售,85万,14238元/平,高楼层 (共6层) 2室1厅 | 59.7平米 | 北 南,https://ke-image.ljcdn.com/110000-inspection/pc1_CjMQbFNUb.jpg!m_fill,w_280,h_210,f_jpg?from=ke.com
20240918,房山,燕山,101120155704,燕山东风北里诚心出售满五唯一商品房,78万,17776元/平,中楼层 (共5层) 2室1厅 | 43.88平米 | 南,https://ke-image.ljcdn.com/110000-inspection/pc1_5qAlFgzd8.jpg!m_fill,w_280,h_210,f_jpg?from=ke.com
20240918,房山,燕山,101120085639,迎风六里一区 南北户型 有钥匙随时看房,95万,16685元/平,中楼层 (共6层) 2室1厅 | 56.94平米 | 南 北,https://ke-image.ljcdn.com/110000-inspection/pc1_eO79ahbJP.jpg!m_fill,w_280,h_210,f_jpg?from=ke.com
20240918,房山,燕山,101119953096,迎风六里三区配套齐全采光好无遮挡,116万,19898元/平,高楼层 (共6层) 2室1厅 | 58.3平米 | 南 北,https://ke-image.ljcdn.com/110000-inspection/eb069255-5a86-4389-bb71-867cb6f7dd3c_1000.jpg!m_fill,w_280,h_210,f_jpg?from=ke.com
20240918,房山,燕山,101119684125,羊耳峪北里 3室1厅 南 北,125万,15874元/平,底层 (共6层) 3室1厅 | 78.75平米 | 南 北,https://ke-image.ljcdn.com/110000-inspection/pc1_eBKyNLUx6.jpg!m_fill,w_280,h_210,f_jpg?from=ke.com
20240918,房山,燕山,101119656382,东风南里 2室1厅 南 北,78万,14394元/平,顶层 (共5层) 2室1厅 | 54.19平米 | 南 北,https://ke-image.ljcdn.com/110000-inspection/pc1_OtYR5AA90.jpg!m_fill,w_280,h_210,f_jpg?from=ke.com
20240918,房山,燕山,101119612643,燕山羊耳峪西区新上南北采光房价格优惠。房主自荐,145万,11899元/平,顶层 (共6层) | 2007年 | 3室2厅 | 121.86平米 | 南 北,https://ke-image.ljcdn.com/110000-inspection/pc1_VOYUvR0dk.jpg!m_fill,w_280,h_210,f_jpg?from=ke.com
20240918,房山,燕山,101119433361,羊耳峪西区 2室1厅 南 北房主自荐,125万,13725元/平,中楼层 (共6层) 2室1厅 | 91.08平米 | 南 北,https://ke-image.ljcdn.com/110000-inspection/pc1_E5enq2oeI.jpg!m_fill,w_280,h_210,f_jpg?from=ke.com
20240918,房山,燕山,101119423721,房山燕山迎风一里 低楼层 精装修 集中供暖 满五年,65万,11653元/平,中楼层 (共5层) 2室1厅 | 55.78平米 | 东,https://ke-image.ljcdn.com/110000-inspection/e924afa5-b476-4dd1-a8e0-5ca06513e119_1000.jpg!m_fill,w_280,h_210,f_jpg?from=ke.com
20240918,房山,燕山,101119318570,迎风六里一区 3室1厅 南 北,100万,14481元/平,中楼层 (共6层) 3室1厅 | 69.06平米 | 南 北,https://ke-image.ljcdn.com/110000-inspection/pc1_p8yz07u5A.jpg!m_fill,w_280,h_210,f_jpg?from=ke.com
20240918,房山,燕山,101119291377,迎风六里一区 2室1厅 南 北房主自荐,109万,18137元/平,中楼层 (共6层) 2室1厅 | 60.1平米 | 南 北,https://ke-image.ljcdn.com/110000-inspection/pc1_uf8ZUFAQI.jpg!m_fill,w_280,h_210,f_jpg?from=ke.com
20240918,房山,燕山,101119036382,迎风五里 3室1厅 南 北,90万,16839元/平,底层 (共5层) | 1980年 | 3室1厅 | 53.45平米 | 南 北,https://ke-image.ljcdn.com/110000-inspection/pc1_KQKNaN0dU.jpg!m_fill,w_280,h_210,f_jpg?from=ke.com
20240918,房山,燕山,101118993866,房山区燕山东风南里新上好房在售。,82万,15382元/平,中楼层 (共5层) 2室1厅 | 53.31平米 | 南,https://ke-image.ljcdn.com/110000-inspection/pc1_jbIISyuWT.jpg!m_fill,w_280,h_210,f_jpg?from=ke.com
20240918,房山,燕山,101118835466,羊耳峪北里满五唯一三居南北通透,120万,16136元/平,中楼层 (共6层) 3室2厅 | 74.37平米 | 南 北,https://ke-image.ljcdn.com/110000-inspection/pc1_mdrPsf51d.jpg!m_fill,w_280,h_210,f_jpg?from=ke.com
20240918,房山,燕山,101118818602,迎风一里低楼层南北向两居室,55万,12153元/平,中楼层 (共5层) 2室1厅 | 45.26平米 | 南 北,https://ke-image.ljcdn.com/110000-inspection/pc1_EUplkEQL7.jpg!m_fill,w_280,h_210,f_jpg?from=ke.com
20240918,房山,燕山,101118788186,燕山羊耳峪里 南北通透 两居室 满五唯一 看房方便,75万,12422元/平,高楼层 (共6层) 2室1厅 | 60.38平米 | 南 北,https://ke-image.ljcdn.com/110000-inspection/pc1_SCsoD1McZ.jpg!m_fill,w_280,h_210,f_jpg?from=ke.com
20240918,房山,燕山,101118532169,燕山羊耳峪西区精装修2室1厅诚意出售,115万,11513元/平,中楼层 (共6层) | 2013年 | 2室1厅 | 99.89平米 | 南 北,https://ke-image.ljcdn.com/110000-inspection/pc1_2ACmoqLzW.jpg!m_fill,w_280,h_210,f_jpg?from=ke.com
20240918,房山,燕山,101118484598,燕山迎风一里在售南向两居室。,58万,12444元/平,顶层 (共5层) 2室1厅 | 46.61平米 | 南,https://ke-image.ljcdn.com/110000-inspection/pc1_IC39fRvAX.jpg!m_fill,w_280,h_210,f_jpg?from=ke.com
20240918,房山,燕山,101118390287,羊耳峪西区 2室1厅 南 北,106万,12563元/平,高楼层 (共6层) 2室1厅 | 84.38平米 | 南 北,https://ke-image.ljcdn.com/110000-inspection/pc1_JkX4NsZOf.jpg!m_fill,w_280,h_210,f_jpg?from=ke.com
20240918,房山,燕山,101118309550,迎风四里 2室1厅 东 西,76万,16969元/平,底层 (共5层) 2室1厅 | 44.79平米 | 东 西,https://ke-image.ljcdn.com/110000-inspection/pc1_n5ouU713U.jpg!m_fill,w_280,h_210,f_jpg?from=ke.com
20240918,房山,燕山,101118244398,迎风五里 2室1厅 南 北,80万,14551元/平,中楼层 (共5层) 2室1厅 | 54.98平米 | 南 北,https://ke-image.ljcdn.com/110000-inspection/pc1_FWR49Fs5s.jpg!m_fill,w_280,h_210,f_jpg?from=ke.com
20240918,房山,燕山,101117866590,东风南里 2室1厅 南,70万,11656元/平,顶层 (共6层) 2室1厅 | 60.06平米 | 南,https://ke-image.ljcdn.com/110000-inspection/pc1_aPMPL3eYJ.jpg!m_fill,w_280,h_210,f_jpg?from=ke.com
20240918,房山,燕山,101117790136,迎风六里一区 3室1厅 南 北,115万,16538元/平,低楼层 (共6层) 3室1厅 | 69.54平米 | 南 北,https://ke-image.ljcdn.com/110000-inspection/pc1_ZU4SjVi0G.jpg!m_fill,w_280,h_210,f_jpg?from=ke.com
20240918,房山,燕山,101117767596,迎风一里 3室1厅 南 北房主自荐,100万,13647元/平,中楼层 (共6层) 3室1厅 | 73.28平米 | 南 北,https://ke-image.ljcdn.com/110000-inspection/pc1_LfyiHbjTI.jpg!m_fill,w_280,h_210,f_jpg?from=ke.com
20240918,房山,燕山,101117717440,宏塔社区三居室商品房户型方正采光好房主自荐,108万,14247元/平,高楼层 (共6层) 3室1厅 | 75.81平米 | 南 北,https://ke-image.ljcdn.com/110000-inspection/pc1_rIQG2qwcV.jpg!m_fill,w_280,h_210,f_jpg?from=ke.com
20240918,房山,燕山,101117667884,迎风六里一区南北通透满五唯一两居室房主自荐,85万,14129元/平,顶层 (共6层) | 1987年 | 2室1厅 | 60.16平米 | 南 北,https://ke-image.ljcdn.com/110000-inspection/745de4b9-5c50-44ec-84ae-72498289e301_1000.jpg!m_fill,w_280,h_210,f_jpg?from=ke.com
20240918,房山,燕山,101117383276,燕山迎风四里精装一层好房在售,90万,24550元/平,底层 (共5层) 3室1厅 | 36.66平米 | 南,https://ke-image.ljcdn.com/110000-inspection/pc1_cpjRAmoXJ.jpg!m_fill,w_280,h_210,f_jpg?from=ke.com
20240918,房山,燕山,101116673566,燕山迎风四里 环境优美 配套齐全,99万,16198元/平,中楼层 (共5层) 3室1厅 | 61.12平米 | 南,https://ke-image.ljcdn.com/110000-inspection/pc1_T8FRWi0rP_1.jpg!m_fill,w_280,h_210,f_jpg?from=ke.com
20240918,房山,燕山,101116574819,迎风五里  南向一层 采光好 业主诚心出售,109万,23089元/平,底层 (共6层) | 1980年 | 3室1厅 | 47.21平米 | 南,https://ke-image.ljcdn.com/110000-inspection/pc1_yIPbu54n1.jpg!m_fill,w_280,h_210,f_jpg?from=ke.com
20240918,房山,燕山,101116439305,杏花西里好房急售 繁华地带 中间楼层 近地铁公交,79万,12951元/平,中楼层 (共6层) 3室1厅 | 61平米 | 南 北,https://ke-image.ljcdn.com/110000-inspection/pc1_rf3HD4aVC.jpg!m_fill,w_280,h_210,f_jpg?from=ke.com
20240918,房山,燕山,101116401903,杰辉苑两居室业主诚意出售看房方便满五唯一,135万,13465元/平,高楼层 (共6层) 2室1厅 | 100.26平米 | 南 北,https://ke-image.ljcdn.com/110000-inspection/pc1_cguIHim2b_1.jpg!m_fill,w_280,h_210,f_jpg?from=ke.com
20240918,房山,燕山,101116340418,迎风六里一区 采光好 视野开阔看房方便,100万,16861元/平,中楼层 (共6层) 2室1厅 | 59.31平米 | 南 北,https://ke-image.ljcdn.com/110000-inspection/pc1_Pm7x1iwM8.jpg!m_fill,w_280,h_210,f_jpg?from=ke.com
20240918,房山,燕山,101116195177,宏塔社区南北通透户型方正满五唯一,110万,15798元/平,顶层 (共6层) 3室1厅 | 69.63平米 | 南 北,https://ke-image.ljcdn.com/110000-inspection/pc1_XHBuzgEpH.jpg!m_fill,w_280,h_210,f_jpg?from=ke.com
20240918,房山,燕山,101114906423,迎风六里 中间楼层 位置优越 诚意出售,75万,14030元/平,中楼层 (共6层) 2室1厅 | 53.46平米 | 南,https://ke-image.ljcdn.com/110000-inspection/3d574e3a-d207-4783-a92d-c491a65e7f71_1000.jpg!m_fill,w_280,h_210,f_jpg?from=ke.com
20240918,房山,燕山,101114592610,燕山东风北里 南北通透 看房方便,89万,12882元/平,底层 (共6层) 3室1厅 | 69.09平米 | 南 北,https://ke-image.ljcdn.com/110000-inspection/8a3255dc-1b12-44e8-8d3c-077b8fa63a3e_1000.jpg!m_fill,w_280,h_210,f_jpg?from=ke.com
20240918,房山,燕山,101113574446,此房满五南北向通风好高楼层视野好房主自荐,85万,14533元/平,顶层 (共6层) 2室1厅 | 58.49平米 | 南 北,https://ke-image.ljcdn.com/110000-inspection/pc1_DLslfFFkY_1.jpg!m_fill,w_280,h_210,f_jpg?from=ke.com
20240918,房山,燕山,101111472655,羊耳峪里南北向两居室满五唯一诚心出售,65万,10672元/平,高楼层 (共6层) 2室1厅 | 60.91平米 | 南 北,https://ke-image.ljcdn.com/110000-inspection/pc1_sUsROhFuF_1.jpg!m_fill,w_280,h_210,f_jpg?from=ke.com
20240918,房山,燕山,101110425226,燕山羊耳峪北里901快车直达前门  两居室 诚心出售,65万,10791元/平,高楼层 (共6层) 2室1厅 | 60.24平米 | 南 北,https://ke-image.ljcdn.com/110000-inspection/pc1_QylsxGQeR_1.jpg!m_fill,w_280,h_210,f_jpg?from=ke.com
20240918,房山,燕山,101126333028,东风南里 2室1厅 北 南,59万,12382元/平,底层 (共5层) 2室1厅 | 47.65平米 | 北 南,https://ke-image.ljcdn.com/110000-inspection/pc1_LBAkok7uB.jpg!m_fill,w_280,h_210,f_jpg?from=ke.com
20240918,房山,燕山,101126254528,羊耳峪里 2室2厅 南 北,85万,14172元/平,底层 (共6层) 2室2厅 | 59.98平米 | 南 北,https://ke-image.ljcdn.com/110000-inspection/pc1_4tC25wpsZ.jpg!m_fill,w_280,h_210,f_jpg?from=ke.com
20240918,房山,燕山,101126129029,燕山羊耳峪里 92年房子 户型好 楼层低 精装自住房主自荐,62万,10324元/平,低楼层 (共6层) 2室1厅 | 60.06平米 | 南,https://ke-image.ljcdn.com/110000-inspection/pc1_u8Carf7V0.jpg!m_fill,w_280,h_210,f_jpg?from=ke.com
20240918,房山,燕山,101126042574,杏花西里满五年唯一无抵押户口随时迁走南北通透,130万,11237元/平,顶层 (共6层) | 1998年 | 3室1厅 | 115.69平米 | 南 北,https://ke-image.ljcdn.com/110000-inspection/pc1_5Kxs0DuEl.jpg!m_fill,w_280,h_210,f_jpg?from=ke.com
20240918,房山,燕山,101126015866,中国铁建原香嘉苑东区全明南北向两居室诚心出售,138万,16351元/平,中楼层 (共18层) 2室1厅 | 84.4平米 | 南 北,https://ke-image.ljcdn.com/110000-inspection/pc1_xzGqqDeUI.jpg!m_fill,w_280,h_210,f_jpg?from=ke.com
20240918,房山,燕山,101126008570,凤凰北里 满二 南北通透 2室1厅,69万,9489元/平,底层 (共6层) 2室1厅 | 72.72平米 | 南 北,https://ke-image.ljcdn.com/110000-inspection/pc1_z0pCVGTzy.jpg!m_fill,w_280,h_210,f_jpg?from=ke.com
20240918,房山,燕山,101125919733,迎风一里 2室1厅 南 北,90万,14656元/平,高楼层 (共6层) 2室1厅 | 61.41平米 | 南 北,https://ke-image.ljcdn.com/110000-inspection/pc1_ztlkF2xs6.jpg!m_fill,w_280,h_210,f_jpg?from=ke.com
20240918,房山,燕山,101125840860,迎风六里二区 3室2厅 南 北,175万,14864元/平,顶层 (共6层) 3室2厅 | 117.74平米 | 南 北,https://ke-image.ljcdn.com/110000-inspection/pc1_LkUVMecxh.jpg!m_fill,w_280,h_210,f_jpg?from=ke.com
20240918,房山,燕山,101125840835,迎风六里二区 2室1厅 南 北,120万,13287元/平,高楼层 (共6层) 2室1厅 | 90.32平米 | 南 北,https://ke-image.ljcdn.com/110000-inspection/pc1_aubEMzIN0.jpg!m_fill,w_280,h_210,f_jpg?from=ke.com
20240918,房山,燕山,101125837613,迎风六里一区 2室1厅 南 北,89万,15259元/平,中楼层 (共6层) 2室1厅 | 58.33平米 | 南 北,https://ke-image.ljcdn.com/110000-inspection/pc1_DCQ2mOo63.jpg!m_fill,w_280,h_210,f_jpg?from=ke.com
20240918,房山,燕山,101125782776,羊耳峪里新上好房低楼层全明户型配套齐全。房主自荐,55万,9182元/平,低楼层 (共6层) | 1992年 | 2室1厅 | 59.9平米 | 南 北,https://ke-image.ljcdn.com/110000-inspection/pc1_LD9HYidis.jpg!m_fill,w_280,h_210,f_jpg?from=ke.com
20240918,房山,燕山,101125678047,杰辉苑 3室2厅 南 北,145万,11099元/平,顶层 (共6层) 3室2厅 | 130.65平米 | 南 北,https://ke-image.ljcdn.com/110000-inspection/pc1_qKTUGDUU2.jpg!m_fill,w_280,h_210,f_jpg?from=ke.com
20240918,房山,燕山,101125671302,中国铁建原香嘉苑西区 精装自住 商品房 高楼层,175万,18564元/平,高楼层 (共18层) | 2016年 | 3室1厅 | 94.27平米 | 南 北,https://ke-image.ljcdn.com/110000-inspection/pc1_58V3ThqRI.jpg!m_fill,w_280,h_210,f_jpg?from=ke.com
20240918,房山,燕山,101125600246,杰辉苑 3室2厅 南 北,143万,10843元/平,顶层 (共6层) 3室2厅 | 131.89平米 | 南 北,https://ke-image.ljcdn.com/110000-inspection/pc1_IFoiVRoi2.jpg!m_fill,w_280,h_210,f_jpg?from=ke.com
20240918,房山,燕山,101125378706,东风北里 1室1厅 南 北,56万,19133元/平,中楼层 (共4层) 1室1厅 | 29.27平米 | 南 北,https://ke-image.ljcdn.com/110000-inspection/pc1_4MuE6erT8.jpg!m_fill,w_280,h_210,f_jpg?from=ke.com
20240918,房山,燕山,101125297159,中国铁建原香嘉苑西区全明格局大三居 诚意出售,179万,16160元/平,高楼层 (共18层) 3室1厅 | 110.77平米 | 南 北,https://ke-image.ljcdn.com/110000-inspection/pc1_LxHMhU9Wg.jpg!m_fill,w_280,h_210,f_jpg?from=ke.com
20240918,房山,燕山,101125216086,迎风四里 1室1厅 南,79万,21526元/平,底层 (共5层) 1室1厅 | 36.7平米 | 南,https://ke-image.ljcdn.com/110000-inspection/pc1_bniYMpYAy.jpg!m_fill,w_280,h_210,f_jpg?from=ke.com
20240918,房山,燕山,101125200295,杏花西里 满五唯一 诚意出售 带新能源车充电车位,64万,10726元/平,顶层 (共6层) | 1989年 | 2室1厅 | 59.67平米 | 南 北,https://ke-image.ljcdn.com/110000-inspection/pc1_1L8AZj2If.jpg!m_fill,w_280,h_210,f_jpg?from=ke.com
20240918,房山,燕山,101125059478,原香嘉苑好房满五看房方便南北通风采光好。,170万,18213元/平,高楼层 (共18层) | 2016年 | 3室1厅 | 93.34平米 | 南 北,https://ke-image.ljcdn.com/110000-inspection/pc1_HKb6qzrJ1.jpg!m_fill,w_280,h_210,f_jpg?from=ke.com
20240918,房山,燕山,101125044195,中国铁建原香嘉苑西区 精装 满五唯一 随时看房,149万,16121元/平,中楼层 (共18层) 3室1厅 | 92.43平米 | 南 北,https://ke-image.ljcdn.com/110000-inspection/pc1_3NOAB78G0.jpg!m_fill,w_280,h_210,f_jpg?from=ke.com
20240918,房山,燕山,101125034120,中国铁建原香嘉苑西区 2室1厅 南 北,140万,15624元/平,高楼层 (共18层) 2室1厅 | 89.61平米 | 南 北,https://ke-image.ljcdn.com/110000-inspection/pc1_ov0NnTEDv.jpg!m_fill,w_280,h_210,f_jpg?from=ke.com
20240918,房山,燕山,101125033496,中国铁建原香嘉苑西区 2室2厅 南 北,129万,15332元/平,高楼层 (共18层) 2室2厅 | 84.14平米 | 南 北,https://ke-image.ljcdn.com/110000-inspection/pc1_x5z5izti6.jpg!m_fill,w_280,h_210,f_jpg?from=ke.com
20240918,房山,燕山,101125032440,中国铁建原香嘉苑西区 2室1厅 南 北,155万,18365元/平,高楼层 (共18层) 2室1厅 | 84.4平米 | 南 北,https://ke-image.ljcdn.com/110000-inspection/pc1_vd4eooYgh.jpg!m_fill,w_280,h_210,f_jpg?from=ke.com
20240918,房山,燕山,101125030738,原香嘉苑西区南北采光好出行便捷价格可谈。,235万,21216元/平,中楼层 (共18层) 3室1厅 | 110.77平米 | 南 北,https://ke-image.ljcdn.com/110000-inspection/pc1_QlfYfIZat.jpg!m_fill,w_280,h_210,f_jpg?from=ke.com
20240918,房山,燕山,101125028722,原香嘉苑好房源精装修拎包住出行便捷房主自荐,149万,17709元/平,高楼层 (共18层) 2室1厅 | 84.14平米 | 南 北,https://ke-image.ljcdn.com/110000-inspection/pc1_GsnAhS24G.jpg!m_fill,w_280,h_210,f_jpg?from=ke.com
20240918,房山,燕山,101124966284,房山城关原香嘉苑南北通透两居室2016年建成近地铁,130万,14455元/平,高楼层 (共18层) | 2015年 | 2室1厅 | 89.94平米 | 南 北,https://ke-image.ljcdn.com/110000-inspection/pc1_Maf65yzGy.jpg!m_fill,w_280,h_210,f_jpg?from=ke.com
20240918,房山,燕山,101124775076,迎风五里 2室1厅 西南房主自荐,95万,16494元/平,中楼层 (共5层) | 1980年 | 2室1厅 | 57.6平米 | 西南,https://ke-image.ljcdn.com/110000-inspection/pc1_m8ZgRqiTF.jpg!m_fill,w_280,h_210,f_jpg?from=ke.com
20240918,房山,燕山,101124519299,羊耳峪西区 2室1厅 南 北,158万,17100元/平,底层 (共6层) | 2013年 | 2室1厅 | 92.4平米 | 南 北,https://ke-image.ljcdn.com/110000-inspection/pc1_VylW3BuKK.jpg!m_fill,w_280,h_210,f_jpg?from=ke.com
20240918,房山,燕山,101124076358,羊耳峪北里 诚心出售三居室 满五唯一房主自荐,63万,8399元/平,高楼层 (共6层) 3室1厅 | 75.01平米 | 南 北,https://ke-image.ljcdn.com/110000-inspection/pc1_iNMkbxpuB.jpg!m_fill,w_280,h_210,f_jpg?from=ke.com
20240918,房山,燕山,101123850591,东风东里 南向两居室 高楼层 视野好 商品房诚心出售,65万,11468元/平,顶层 (共6层) 2室1厅 | 56.68平米 | 南,https://ke-image.ljcdn.com/110000-inspection/pc1_d5504vJXd.jpg!m_fill,w_280,h_210,f_jpg?from=ke.com
20240918,房山,燕山,101123183689,急售急售急售 迎风四里格局方正采光好  无遮挡,55万,11562元/平,中楼层 (共5层) 2室0厅 | 47.57平米 | 东,https://ke-image.ljcdn.com/110000-inspection/pc1_iHe8iCAL6_1.jpg!m_fill,w_280,h_210,f_jpg?from=ke.com
20240918,房山,燕山,101123145073,迎风二里 1室1厅 南,51万,15220元/平,中楼层 (共4层) 1室1厅 | 33.51平米 | 南,https://ke-image.ljcdn.com/110000-inspection/pc1_g1ikbpd9I.jpg!m_fill,w_280,h_210,f_jpg?from=ke.com
20240918,房山,燕山,101122996414,宏塔社区电梯10层精装商品房,99万,15285元/平,中楼层 (共15层) 2室1厅 | 64.77平米 | 南,https://ke-image.ljcdn.com/110000-inspection/pc1_gneFCNXGi.jpg!m_fill,w_280,h_210,f_jpg?from=ke.com
20240918,房山,燕山,101122921113,杏花西里 2室1厅 南 北房主自荐,89万,15433元/平,低楼层 (共6层) 2室1厅 | 57.67平米 | 南 北,https://ke-image.ljcdn.com/110000-inspection/pc1_CiMqipEmR.jpg!m_fill,w_280,h_210,f_jpg?from=ke.com
20240918,房山,燕山,101122906734,迎风六里一区 2室1厅 南房主自荐,83万,15108元/平,高楼层 (共6层) | 1986年 | 2室1厅 | 54.94平米 | 南,https://ke-image.ljcdn.com/110000-inspection/pc1_4yPaXPFen.jpg!m_fill,w_280,h_210,f_jpg?from=ke.com
20240918,房山,燕山,101122773809,羊耳峪里 精装修 全明格局 商品房,98万,16079元/平,顶层 (共6层) 2室1厅 | 60.95平米 | 南 北,https://ke-image.ljcdn.com/110000-inspection/pc1_R1e0FEfvA.jpg!m_fill,w_280,h_210,f_jpg?from=ke.com
20240918,房山,燕山,101122449172,东风南里 2室1厅 东 西,65万,10510元/平,中楼层 (共6层) 2室1厅 | 61.85平米 | 东 西,https://ke-image.ljcdn.com/110000-inspection/c16cbb20-ac47-4949-a64c-e9624ae96916_1000.jpg!m_fill,w_280,h_210,f_jpg?from=ke.com
20240918,房山,燕山,101122417870,东风东里 2室1厅 南 北,68万,11132元/平,中楼层 (共6层) 2室1厅 | 61.09平米 | 南 北,https://ke-image.ljcdn.com/110000-inspection/pc1_FmzYB7J8U.jpg!m_fill,w_280,h_210,f_jpg?from=ke.com
20240918,房山,燕山,101122365528,羊耳峪北里 2室1厅 南 北,100万,17794元/平,底层 (共6层) 2室1厅 | 56.2平米 | 南 北,https://ke-image.ljcdn.com/110000-inspection/pc1_6CtT7Xuc4.jpg!m_fill,w_280,h_210,f_jpg?from=ke.com
20240918,房山,燕山,101121970621,迎风一里 2室1厅 南 北房主自荐,55万,12324元/平,中楼层 (共5层) 2室1厅 | 44.63平米 | 南 北,https://ke-image.ljcdn.com/110000-inspection/pc1_O1w2WntTE.jpg!m_fill,w_280,h_210,f_jpg?from=ke.com
20240918,房山,燕山,101121170717,燕山杏花东里社区简装修高层一居室,85万,16906元/平,顶层 (共6层) 1室1厅 | 50.28平米 | 南 北,https://ke-image.ljcdn.com/110000-inspection/pc1_daQpLzZQU_1.jpg!m_fill,w_280,h_210,f_jpg?from=ke.com
20240918,房山,燕山,101121125473,燕山迎风一里社区 低层简装两居采光好,88万,12219元/平,低楼层 (共6层) 2室2厅 | 72.02平米 | 南 北,https://ke-image.ljcdn.com/110000-inspection/pc1_JMmsLfpPA.jpg!m_fill,w_280,h_210,f_jpg?from=ke.com
20240918,房山,燕山,101120943347,迎风六里一区 2室1厅 南 北房主自荐,89万,15492元/平,低楼层 (共6层) 2室1厅 | 57.45平米 | 南 北,https://ke-image.ljcdn.com/110000-inspection/pc1_xNUt7ztui.jpg!m_fill,w_280,h_210,f_jpg?from=ke.com
20240918,房山,燕山,101120880981,杰辉苑 3室2厅 南 北,152万,11845元/平,顶层 (共6层) 3室2厅 | 128.33平米 | 南 北,https://ke-image.ljcdn.com/110000-inspection/pc1_ueBVAhk7l.jpg!m_fill,w_280,h_210,f_jpg?from=ke.com
20240918,房山,燕山,101120109378,迎风五里 1室1厅 东北,56万,13066元/平,中楼层 (共5层) 1室1厅 | 42.86平米 | 东北,https://ke-image.ljcdn.com/110000-inspection/pc1_2niz0xmr0.jpg!m_fill,w_280,h_210,f_jpg?from=ke.com
20240918,房山,燕山,101119446348,好房推荐房山区杰辉苑在售好房近地铁。房主自荐,114万,11711元/平,高楼层 (共6层) 2室2厅 | 97.35平米 | 南 北,https://ke-image.ljcdn.com/110000-inspection/pc1_rzjbWJlAl_1.jpg!m_fill,w_280,h_210,f_jpg?from=ke.com
20240918,房山,燕山,101118803944,羊耳峪西里 2室2厅 南北通透满五唯一,115万,9789元/平,顶层 (共6层) 2室2厅 | 117.49平米 | 南 北,https://ke-image.ljcdn.com/110000-inspection/a27cac3d-aa3f-4b27-bdd0-0d67c529e840_1000.jpg!m_fill,w_280,h_210,f_jpg?from=ke.com
20240918,房山,燕山,101118582598,羊耳峪北里此房满五唯一南北通透,80万,13281元/平,低楼层 (共6层) 2室1厅 | 60.24平米 | 南 北,https://ke-image.ljcdn.com/110000-inspection/f419a528-bbc5-4d67-bee8-8bad9a9a0f00_1000.jpg!m_fill,w_280,h_210,f_jpg?from=ke.com
20240918,房山,燕山,101118315671,宏塔社区采光好户型通透集中供暖,145万,14085元/平,顶层 (共6层) 3室2厅 | 102.95平米 | 南 北,https://ke-image.ljcdn.com/110000-inspection/pc1_3QD4borte.jpg!m_fill,w_280,h_210,f_jpg?from=ke.com
20240918,房山,燕山,101117591711,燕山羊耳峪里正规两居室东西通透中间楼层采光好,55万,8877元/平,中楼层 (共6层) 2室1厅 | 61.96平米 | 东 西,https://ke-image.ljcdn.com/110000-inspection/pc1_soqzbdw20_1.jpg!m_fill,w_280,h_210,f_jpg?from=ke.com
20240918,房山,燕山,101117282270,东风南里 2室1厅 南 北,60万,10477元/平,中楼层 (共5层) 2室1厅 | 57.27平米 | 南 北,https://ke-image.ljcdn.com/110000-inspection/pc1_b3KbQW3tG.jpg!m_fill,w_280,h_210,f_jpg?from=ke.com
20240918,房山,燕山,101116999255,燕山杏花西里采光好无遮挡业主诚心出售,59万,9862元/平,顶层 (共6层) 2室1厅 | 59.83平米 | 南 北,https://ke-image.ljcdn.com/110000-inspection/pc1_sQo4WcC0A_1.jpg!m_fill,w_280,h_210,f_jpg?from=ke.com
20240918,房山,燕山,101116981903,杰辉苑两居室业主诚意出售看房方便 满五唯一,188万,13486元/平,顶层 (共6层) 2室3厅 | 139.41平米 | 南 北,https://ke-image.ljcdn.com/110000-inspection/pc1_6cT2Nz6Ut.jpg!m_fill,w_280,h_210,f_jpg?from=ke.com
20240918,房山,燕山,101126551133,东风东里 2室1厅 南 北新上,70万,11487元/平,高楼层 (共6层) 2室1厅 | 60.94平米 | 南 北,https://s1.ljcdn.com/pegasus/redskull/images/common/default_house_list.png?_v=20240826145726
20240918,房山,燕山,101126547544,原香汇商业中心优质好房新上,46万,11056元/平,中楼层 (共14层) 2室1厅 | 41.61平米 | 东 西,https://s1.ljcdn.com/pegasus/redskull/images/common/default_house_list.png?_v=20240826145726
20240918,房山,燕山,101126501183,中国铁建原香嘉苑东区 2室1厅 南 北,150万,17775元/平,高楼层 (共18层) 2室1厅 | 84.39平米 | 南 北,https://ke-image.ljcdn.com/110000-inspection/pc1_QRKVuRIkt.jpg!m_fill,w_280,h_210,f_jpg?from=ke.com
20240918,房山,燕山,101126500648,羊耳峪里 2室1厅 南 北,75万,12277元/平,低楼层 (共6层) 2室1厅 | 61.09平米 | 南 北,https://s1.ljcdn.com/pegasus/redskull/images/common/default_house_list.png?_v=20240826145726
20240918,房山,燕山,101126487673,杏花西里 3室1厅 南 北,84万,11026元/平,高楼层 (共6层) 3室1厅 | 76.19平米 | 南 北,https://s1.ljcdn.com/pegasus/redskull/images/common/default_house_list.png?_v=20240826145726
20240918,房山,燕山,101126487272,中国铁建原香汇 1室1厅 西,45万,10177元/平,低楼层 (共14层) 1室1厅 | 44.22平米 | 西,https://s1.ljcdn.com/pegasus/redskull/images/common/default_house_list.png?_v=20240826145726
20240918,房山,燕山,101126482021,羊耳峪西区南北向两居室出售。,125万,13579元/平,中楼层 (共6层) | 2013年 | 3室2厅 | 92.06平米 | 南 北,https://s1.ljcdn.com/pegasus/redskull/images/common/default_house_list.png?_v=20240826145726
20240918,房山,燕山,101126476063,杰辉苑南北通透带地下室业主诚心出售,112万,11055元/平,高楼层 (共6层) 2室2厅 | 101.32平米 | 南 北,https://s1.ljcdn.com/pegasus/redskull/images/common/default_house_list.png?_v=20240826145726
20240918,房山,燕山,101126447132,东风北里 2室1厅 南,56万,10460元/平,中楼层 (共5层) 2室1厅 | 53.54平米 | 南,https://s1.ljcdn.com/pegasus/redskull/images/common/default_house_list.png?_v=20240826145726
20240918,房山,燕山,101126204547,羊耳峪北里 1室1厅 南 北,55万,13792元/平,底层 (共6层) 1室1厅 | 39.88平米 | 南 北,https://s1.ljcdn.com/pegasus/redskull/images/common/default_house_list.png?_v=20240826145726
20240918,房山,燕山,101126128902,迎风二里满五年唯一南北通透二居室无户口商品房,68万,11839元/平,中楼层 (共5层) 2室1厅 | 57.44平米 | 南 北,https://s1.ljcdn.com/pegasus/redskull/images/common/default_house_list.png?_v=20240826145726
20240918,房山,燕山,101126118286,中国铁建原香嘉苑西区 3室1厅 南 北,145万,15688元/平,高楼层 (共18层) 3室1厅 | 92.43平米 | 南 北,https://s1.ljcdn.com/pegasus/redskull/images/common/default_house_list.png?_v=20240826145726
20240918,房山,燕山,101125962190,东风东里 2室1厅 南,49万,8519元/平,顶层 (共6层) 2室1厅 | 57.52平米 | 南,https://s1.ljcdn.com/pegasus/redskull/images/common/default_house_list.png?_v=20240826145726
20240918,房山,燕山,101125930634,中国铁建原香嘉苑西区 3室1厅 南 北,170万,17604元/平,低楼层 (共18层) 3室1厅 | 96.57平米 | 南 北,https://s1.ljcdn.com/pegasus/redskull/images/common/default_house_list.png?_v=20240826145726
20240918,房山,燕山,101125294149,原香汇商业中心 东向  诚心出售,38万,14571元/平,高楼层 (共14层) 1室1厅 | 26.08平米 | 东,https://s1.ljcdn.com/pegasus/redskull/images/common/default_house_list.png?_v=20240826145726
20240918,房山,燕山,101125227575,中国铁建原香汇 1室1厅 西,37万,8186元/平,中楼层 (共11层) 1室1厅 | 45.2平米 | 西,https://s1.ljcdn.com/pegasus/redskull/images/common/default_house_list.png?_v=20240826145726
20240918,房山,燕山,101125027636,中国铁建原香嘉苑西区南北通透2居室,120万,13352元/平,高楼层 (共18层) 2室1厅 | 89.88平米 | 南 北,https://s1.ljcdn.com/pegasus/redskull/images/common/default_house_list.png?_v=20240826145726
20240918,房山,燕山,101124846010,中国铁建原香汇 1室1厅 南,31万,10276元/平,高楼层 (共14层) 1室1厅 | 30.17平米 | 南,https://s1.ljcdn.com/pegasus/redskull/images/common/default_house_list.png?_v=20240826145726
20240918,房山,燕山,101124740715,中国铁建原香汇 个人可购买  观山房,40万,9281元/平,中楼层 (共14层) 2室1厅 | 43.1平米 | 西,https://s1.ljcdn.com/pegasus/redskull/images/common/default_house_list.png?_v=20240826145726
20240918,房山,燕山,101124156648,中国铁建原香汇 1室1厅 南房主自荐,59万,12575元/平,中楼层 (共14层) 1室1厅 | 46.92平米 | 南,https://s1.ljcdn.com/pegasus/redskull/images/common/default_house_list.png?_v=20240826145726
20240918,房山,燕山,101123232668,中国铁建原香汇精装修 全明格局房主自荐,48万,9998元/平,高楼层 (共8层) 1室1厅 | 48.01平米 | 东,https://s1.ljcdn.com/pegasus/redskull/images/common/default_house_list.png?_v=20240826145726
20240918,房山,燕山,101122992362,中国铁建原香汇 1室1厅 南,50万,10721元/平,中楼层 (共14层) 1室1厅 | 46.64平米 | 南,https://s1.ljcdn.com/pegasus/redskull/images/common/default_house_list.png?_v=20240826145726
20240918,房山,燕山,101122248648,中国铁建原香汇房子诚意出售靠近地铁房主自荐,59万,12702元/平,中楼层 (共8层) 1室1厅 | 46.45平米 | 南,https://s1.ljcdn.com/pegasus/redskull/images/common/default_house_list.png?_v=20240826145726
20240918,房山,燕山,101122102720,中国铁建原香汇 复式结构 年轻人喜欢房主自荐,45万,10310元/平,高楼层 (共14层) 1室1厅 | 43.65平米 | 东,https://s1.ljcdn.com/pegasus/redskull/images/common/default_house_list.png?_v=20240826145726
20240918,房山,燕山,101121442891,中国铁建原香汇  复式结构 业主着急出售房主自荐,42万,9867元/平,高楼层 (共14层) 1室0厅 | 42.57平米 | 东,https://s1.ljcdn.com/pegasus/redskull/images/common/default_house_list.png?_v=20240826145726
