20240918,海淀,定慧寺,101126542848,定慧北里南北向的三居室中间层满五年随时看房必看好房,735万,89156元/平,中楼层 (共6层) 3室1厅 | 82.44平米 | 南 北,https://ke-image.ljcdn.com/110000-inspection/pc1_4XgaL367z_1.jpg!m_fill,w_280,h_210,f_jpg?from=ke.com
20240918,海淀,定慧寺,101126503151,带电梯 公园旁边 独院管理 诚心出售 看房方便必看好房,440万,70176元/平,中楼层 (共16层) | 1990年 | 2室1厅 | 62.7平米 | 东南,https://ke-image.ljcdn.com/110000-inspection/pc1_CeVMdJkfk_1.jpg!m_fill,w_280,h_210,f_jpg?from=ke.com
20240918,海淀,定慧寺,101126502974,带电梯 公园旁边 不邻街 产权清晰 无户口必看好房,440万,65379元/平,中楼层 (共16层) | 1990年 | 2室1厅 | 67.3平米 | 东 北,https://ke-image.ljcdn.com/110000-inspection/pc1_Oha2WKdkK_1.jpg!m_fill,w_280,h_210,f_jpg?from=ke.com
20240918,海淀,定慧寺,101126486515,航天桥核二院 南向带电梯 有正规客厅采光视野好必看好房,850万,114556元/平,中楼层 (共18层) | 1993年 | 2室1厅 | 74.2平米 | 南,https://ke-image.ljcdn.com/110000-inspection/pc1_jhej0xrwn_2.jpg!m_fill,w_280,h_210,f_jpg?from=ke.com
20240918,海淀,定慧寺,101126455527,满五年唯一商品房东南北向带电梯三居室视野开阔必看好房,569万,69560元/平,顶层 (共16层) | 1991年 | 3室1厅 | 81.8平米 | 南 西 北,https://ke-image.ljcdn.com/110000-inspection/pc1_um5wHnZRA_1.jpg!m_fill,w_280,h_210,f_jpg?from=ke.com
20240918,海淀,定慧寺,101126501571,定慧东里 3室1厅 南必看好房,870万,87000元/平,底层 (共16层) | 1996年 | 3室1厅 | 100平米 | 南,https://ke-image.ljcdn.com/110000-inspection/pc1_9B3uCAKmH_1.jpg!m_fill,w_280,h_210,f_jpg?from=ke.com
20240918,海淀,定慧寺,101126479777,房屋满五年产权干净装修的不错用心住着舒心必看好房,470万,70890元/平,高楼层 (共16层) 2室1厅 | 66.3平米 | 西北,https://ke-image.ljcdn.com/110000-inspection/pc1_f3SA4h9um.jpg!m_fill,w_280,h_210,f_jpg?from=ke.com
20240918,海淀,定慧寺,101126438021,高层两居室 采光好 视野佳 满五年唯一 管理好,450万,73290元/平,中楼层 (共16层) 2室1厅 | 61.4平米 | 西南,https://ke-image.ljcdn.com/110000-inspection/pc1_sHwnhab1m_1.jpg!m_fill,w_280,h_210,f_jpg?from=ke.com
20240918,海淀,定慧寺,101126406669,首师大家属院98年房龄有电梯西南三居大客厅必看好房,990万,111613元/平,中楼层 (共18层) 3室1厅 | 88.7平米 | 西南,https://ke-image.ljcdn.com/110000-inspection/pc1_K6N0JXr0W.jpg!m_fill,w_280,h_210,f_jpg?from=ke.com
20240918,海淀,定慧寺,101126394620,定慧东里高层一居室 视野好 满五年唯一必看好房,330万,73171元/平,高楼层 (共16层) 1室1厅 | 45.1平米 | 东北,https://ke-image.ljcdn.com/110000-inspection/pc1_hoIxbFt9t_1.jpg!m_fill,w_280,h_210,f_jpg?from=ke.com
20240918,海淀,定慧寺,101126331088,定慧福里南区 两居室 精装修 近地铁 四环内,880万,99368元/平,高楼层 (共12层) | 2011年 | 2室1厅 | 88.56平米 | 南,https://ke-image.ljcdn.com/110000-inspection/pc1_CS7Mbidyq_1.jpg!m_fill,w_280,h_210,f_jpg?from=ke.com
20240918,海淀,定慧寺,101126288112,亮甲店小区 满五年唯一 朝东 无遮挡 急售必看好房,298万,57308元/平,高楼层 (共7层) | 1998年 | 1室1厅 | 52平米 | 东,https://ke-image.ljcdn.com/110000-inspection/pc1_X8a5QVMs6_1.jpg!m_fill,w_280,h_210,f_jpg?from=ke.com
20240918,海淀,定慧寺,101126283943,南北通透明厅三居室采光好格局方正无浪费面积必看好房,608万,82609元/平,高楼层 (共6层) | 1999年 | 3室1厅 | 73.6平米 | 南 北,https://ke-image.ljcdn.com/110000-inspection/e9aa24e8-ab37-4a61-93cd-6dbbe2be5dbe_1000.jpg!m_fill,w_280,h_210,f_jpg?from=ke.com
20240918,海淀,定慧寺,101126264869,带电梯 南向一居室 通风效果好 格局方正必看好房,339万,66082元/平,低楼层 (共16层) 1室1厅 | 51.3平米 | 南,https://ke-image.ljcdn.com/110000-inspection/pc1_mg8flLZTS_1.jpg!m_fill,w_280,h_210,f_jpg?from=ke.com
20240918,海淀,定慧寺,101126264085,恩济庄82号院南北两居室中间楼层业主诚心卖必看好房,370万,63695元/平,中楼层 (共6层) 2室1厅 | 58.09平米 | 南,https://ke-image.ljcdn.com/110000-inspection/pc1_e3atM8JKT_1.jpg!m_fill,w_280,h_210,f_jpg?from=ke.com
20240918,海淀,定慧寺,101126214779,西三环北路105号西2区首师大家属院必看好房,988万,112019元/平,低楼层 (共18层) 3室1厅 | 88.2平米 | 西南,https://ke-image.ljcdn.com/110000-inspection/pc1_PUNluWEWU_2.jpg!m_fill,w_280,h_210,f_jpg?from=ke.com
20240918,海淀,定慧寺,101126208483,西三环北路105号院 2室1厅 南必看好房,750万,109650元/平,中楼层 (共16层) 2室1厅 | 68.4平米 | 南,https://ke-image.ljcdn.com/110000-inspection/pc1_PmjIxl7hd_2.jpg!m_fill,w_280,h_210,f_jpg?from=ke.com
20240918,海淀,定慧寺,101126177408,定慧福里南区 朝南两居室 无遮挡 业主诚意出售房主自荐,796万,99875元/平,低楼层 (共15层) | 2011年 | 2室1厅 | 79.7平米 | 南,https://ke-image.ljcdn.com/110000-inspection/pc1_7Rji5inVQ_1.jpg!m_fill,w_280,h_210,f_jpg?from=ke.com
20240918,海淀,定慧寺,101126119726,南向大两居 有电梯 高层 采光好 观景房必看好房,535万,74513元/平,高楼层 (共16层) 2室1厅 | 71.8平米 | 南,https://ke-image.ljcdn.com/110000-inspection/pc1_czDhPFNWn_1.jpg!m_fill,w_280,h_210,f_jpg?from=ke.com
20240918,海淀,定慧寺,101126111492,定慧东里 2室1厅 西北必看好房,460万,69382元/平,高楼层 (共16层) 2室1厅 | 66.3平米 | 西北,https://ke-image.ljcdn.com/110000-inspection/pc1_zxcnJXWtO_1.jpg!m_fill,w_280,h_210,f_jpg?from=ke.com
20240918,海淀,定慧寺,101126050564,定慧西里 2室1厅 南必看好房,510万,71031元/平,低楼层 (共16层) | 1991年 | 2室1厅 | 71.8平米 | 南,https://ke-image.ljcdn.com/110000-inspection/pc1_2azr4YBGQ_1.jpg!m_fill,w_280,h_210,f_jpg?from=ke.com
20240918,海淀,定慧寺,101126045504,八宝庄 南北通透 满五唯一 采光好 拎包入住必看好房,419万,75496元/平,高楼层 (共6层) 2室1厅 | 55.5平米 | 南 北,https://ke-image.ljcdn.com/110000-inspection/pc1_aQEffEKGo_1.jpg!m_fill,w_280,h_210,f_jpg?from=ke.com
20240918,海淀,定慧寺,101126021628,中塔园 1室1厅 南必看好房,382万,86524元/平,低楼层 (共6层) 1室1厅 | 44.15平米 | 南,https://ke-image.ljcdn.com/110000-inspection/pc1_n2Ej0IMKb_1.jpg!m_fill,w_280,h_210,f_jpg?from=ke.com
20240918,海淀,定慧寺,101125927956,定慧西里三居室 带电梯 户型好 明厨明卫必看好房,563万,68996元/平,低楼层 (共16层) 3室1厅 | 81.6平米 | 东 南 北,https://ke-image.ljcdn.com/110000-inspection/831f44f0-9968-4fed-a238-2ae2f84cbc19_1000.jpg!m_fill,w_280,h_210,f_jpg?from=ke.com
20240918,海淀,定慧寺,101125923923,中间楼层方正一居室无浪费无遮挡不临街必看好房,328万,67867元/平,中楼层 (共6层) | 2001年 | 1室1厅 | 48.33平米 | 南,https://ke-image.ljcdn.com/110000-inspection/pc1_q4QilIhGA_1.jpg!m_fill,w_280,h_210,f_jpg?from=ke.com
20240918,海淀,定慧寺,101125789583,3/6层 南北通透 全明格局 精装 拎包入住必看好房,515万,93807元/平,中楼层 (共6层) 2室1厅 | 54.9平米 | 东 南 北,https://ke-image.ljcdn.com/110000-inspection/pc1_lBYSxpO6m_1.jpg!m_fill,w_280,h_210,f_jpg?from=ke.com
20240918,海淀,定慧寺,101125744412,定慧福里南区 满五唯一 商品房社区 近地铁 有电梯必看好房,856万,87010元/平,高楼层 (共17层) | 2011年 | 2室1厅 | 98.38平米 | 东 西 北,https://ke-image.ljcdn.com/110000-inspection/0e743bd3-cfda-4979-9ae2-57c4660e4425_1000.jpg!m_fill,w_280,h_210,f_jpg?from=ke.com
20240918,海淀,定慧寺,101125703989,花园桥首师大家属院朝南两居明厅两居采光好必看好房,860万,132044元/平,高楼层 (共18层) 2室1厅 | 65.13平米 | 南,https://ke-image.ljcdn.com/110000-inspection/pc1_D0wyyDsJP_2.jpg!m_fill,w_280,h_210,f_jpg?from=ke.com
20240918,海淀,定慧寺,101125588200,海淀 花园社区 人车分流 一梯两户 高楼层 近地铁必看好房,1450万,113220元/平,中楼层 (共14层) 3室2厅 | 128.07平米 | 南 北,https://ke-image.ljcdn.com/110000-inspection/pc1_sntfqz3wU_1.jpg!m_fill,w_280,h_210,f_jpg?from=ke.com
20240918,海淀,定慧寺,101125513066,商圈好房 方便看房 没有多余成本必看好房,329万,57720元/平,顶层 (共6层) 2室1厅 | 57平米 | 南 北,https://ke-image.ljcdn.com/110000-inspection/pc1_YV4u9tuLt_1.jpg!m_fill,w_280,h_210,f_jpg?from=ke.com
20240918,海淀,定慧寺,101125442599,定慧北里南北通透三居室满五央产房采光好格局方正,878万,73308元/平,高楼层 (共6层) 3室2厅 | 119.77平米 | 南 北,https://ke-image.ljcdn.com/110000-inspection/pc1_iXG5f9AnI_1.jpg!m_fill,w_280,h_210,f_jpg?from=ke.com
20240918,海淀,定慧寺,101125324042,阜成路甲52号院航天桥99年电梯直达管理好有绿化房主自荐,670万,80433元/平,高楼层 (共18层) | 1999年 | 2室1厅 | 83.3平米 | 西南,https://ke-image.ljcdn.com/110000-inspection/pc1_LIyfotW4k.jpg!m_fill,w_280,h_210,f_jpg?from=ke.com
20240918,海淀,定慧寺,101125314264,恩济花园三层精装修看房方便全明格局,899万,94235元/平,中楼层 (共6层) 2室2厅 | 95.4平米 | 南 北,https://ke-image.ljcdn.com/110000-inspection/pc1_AzThmXa5d.jpg!m_fill,w_280,h_210,f_jpg?from=ke.com
20240918,海淀,定慧寺,101125288926,精装一居室   中间层  采光无遮挡必看好房,259万,65904元/平,中楼层 (共6层) 1室1厅 | 39.3平米 | 东,https://ke-image.ljcdn.com/110000-inspection/pc1_i9tXDySp1.jpg!m_fill,w_280,h_210,f_jpg?from=ke.com
20240918,海淀,定慧寺,101125266759,定慧寺 独院管理 看房随时 中间楼层视野好 三居室必看好房,568万,81868元/平,中楼层 (共6层) 3室1厅 | 69.38平米 | 东 西,https://ke-image.ljcdn.com/110000-inspection/pc1_Fv53LC71d_2.jpg!m_fill,w_280,h_210,f_jpg?from=ke.com
20240918,海淀,定慧寺,101125230584,恩济里小区 2室1厅 南 西 北必看好房,430万,79205元/平,高楼层 (共6层) 2室1厅 | 54.29平米 | 南 西 北,https://ke-image.ljcdn.com/110000-inspection/pc1_jJMPhA1Pj_1.jpg!m_fill,w_280,h_210,f_jpg?from=ke.com
20240918,海淀,定慧寺,101125228791,定慧东里 正对公园 南北2居  客厅带阳台必看好房,476万,80270元/平,底层 (共5层) 2室1厅 | 59.3平米 | 南 北,https://ke-image.ljcdn.com/110000-inspection/pc1_EqSLFAhdK_1.jpg!m_fill,w_280,h_210,f_jpg?from=ke.com
20240918,海淀,定慧寺,101125073590,亮甲店小区朝南一居室价格可谈近地铁房主自荐,370万,71154元/平,中楼层 (共7层) 1室1厅 | 52平米 | 南,https://ke-image.ljcdn.com/110000-inspection/pc1_yxwx1XVVE.jpg!m_fill,w_280,h_210,f_jpg?from=ke.com
20240918,海淀,定慧寺,101124993310,粮食局宿舍 正规一居室 业主诚心出售 随时可看必看好房,280万,75269元/平,中楼层 (共6层) | 1980年 | 1室1厅 | 37.2平米 | 南,https://ke-image.ljcdn.com/110000-inspection/pc1_yK7NnO48i_2.jpg!m_fill,w_280,h_210,f_jpg?from=ke.com
20240918,海淀,定慧寺,101124787895,恩济里小区 南北三居 中间位置 明厅必看好房,790万,87895元/平,中楼层 (共6层) 3室1厅 | 89.88平米 | 南 北,https://ke-image.ljcdn.com/110000-inspection/pc1_OjY8UkeFs_1.jpg!m_fill,w_280,h_210,f_jpg?from=ke.com
20240918,海淀,定慧寺,101124762976,水文大院南北向三居室精装修 满五年唯一中楼层,555万,84091元/平,低楼层 (共6层) 3室1厅 | 66平米 | 南 北,https://ke-image.ljcdn.com/110000-inspection/pc1_4QVzKvMEf.jpg!m_fill,w_280,h_210,f_jpg?from=ke.com
20240918,海淀,定慧寺,101124695538,南向两居室 中间楼层 满五年唯一 诚意出售必看好房,410万,74008元/平,中楼层 (共6层) | 1991年 | 2室1厅 | 55.4平米 | 南,https://ke-image.ljcdn.com/110000-inspection/pc1_ss2NdE53D_1.jpg!m_fill,w_280,h_210,f_jpg?from=ke.com
20240918,海淀,定慧寺,101124362043,定慧西里 3室1厅 北 南 西必看好房,539万,77891元/平,顶层 (共6层) 3室1厅 | 69.2平米 | 北 南 西,https://ke-image.ljcdn.com/110000-inspection/8e5896bd-c8e6-46f8-afe6-ae59a69021bd_1000.jpg!m_fill,w_280,h_210,f_jpg?from=ke.com
20240918,海淀,定慧寺,101124037298,满五年 精装修 独院管理 南北通透 随时签约必看好房,469万,79090元/平,高楼层 (共6层) 2室1厅 | 59.3平米 | 南 北,https://ke-image.ljcdn.com/110000-inspection/pc1_PLCybBd3m_2.jpg!m_fill,w_280,h_210,f_jpg?from=ke.com
20240918,海淀,定慧寺,101123947767,定慧东里南北通透精装修中间位置,439万,74458元/平,顶层 (共5层) 2室1厅 | 58.96平米 | 南 北,https://ke-image.ljcdn.com/110000-inspection/a8493bdd-020a-41b7-b864-632ba0a00d1d_1000.jpg!m_fill,w_280,h_210,f_jpg?from=ke.com
20240918,海淀,定慧寺,101123941949,定慧福里南区 中间层大三居落地窗 精装 观公园采光好必看好房,1280万,83721元/平,中楼层 (共17层) | 2011年 | 3室2厅 | 152.89平米 | 东南,https://ke-image.ljcdn.com/110000-inspection/pc1_97cgjBuoF.jpg!m_fill,w_280,h_210,f_jpg?from=ke.com
20240918,海淀,定慧寺,101123825287,房子户型好利用南北通透中间层精装修可拎包入住必看好房,490万,80765元/平,中楼层 (共6层) 3室1厅 | 60.67平米 | 南 北,https://ke-image.ljcdn.com/110000-inspection/pc1_mFiVvz7gG_2.jpg!m_fill,w_280,h_210,f_jpg?from=ke.com
20240918,海淀,定慧寺,101123697639,定慧东里经典一居室房屋满五年产权干净房主自荐,345万,76497元/平,中楼层 (共16层) 1室1厅 | 45.1平米 | 东北,https://ke-image.ljcdn.com/110000-inspection/pc1_O7ebxi7l3_1.jpg!m_fill,w_280,h_210,f_jpg?from=ke.com
20240918,海淀,定慧寺,101123549869,八里庄北里 电梯三居室 三面向阳 公园 地铁6.10号线必看好房,826万,78968元/平,低楼层 (共16层) | 1997年 | 3室2厅 | 104.6平米 | 南 西,https://ke-image.ljcdn.com/110000-inspection/287c11f6-f4e9-451c-9296-d13174ca3ae0_1000.jpg!m_fill,w_280,h_210,f_jpg?from=ke.com
20240918,海淀,定慧寺,101123470258,阜成路95号院供电局单位分房东西通透大两居,550万,69647元/平,底层 (共6层) 2室1厅 | 78.97平米 | 东 西,https://ke-image.ljcdn.com/110000-inspection/pc1_PI3QW1H97_1.jpg!m_fill,w_280,h_210,f_jpg?from=ke.com
20240918,海淀,定慧寺,101123358282,又一村小区 中间楼层 近地铁 户型方正 满五年且一套必看好房,490万,78526元/平,中楼层 (共6层) | 1987年 | 2室1厅 | 62.4平米 | 南 北,https://ke-image.ljcdn.com/110000-inspection/pc1_kI0QOrGo6_2.jpg!m_fill,w_280,h_210,f_jpg?from=ke.com
20240918,海淀,定慧寺,101123328247,水文大院南北通透全明户型方正,560万,87364元/平,低楼层 (共6层) 2室1厅 | 64.1平米 | 南 北,https://ke-image.ljcdn.com/110000-inspection/pc1_KJXwHGVAI.jpg!m_fill,w_280,h_210,f_jpg?from=ke.com
20240918,海淀,定慧寺,101123203927,海淀 2009年楼龄 近地铁 业主诚意出售！,560万,65102元/平,低楼层 (共16层) | 2010年 | 2室1厅 | 86.02平米 | 东 西,https://ke-image.ljcdn.com/110000-inspection/pc1_eh3FC2PUh_1.jpg!m_fill,w_280,h_210,f_jpg?from=ke.com
20240918,海淀,定慧寺,101123195969,西钓鱼台嘉园 全南两居室三居室 看有钥匙 带两个车位,1599万,122211元/平,高楼层 (共17层) 3室2厅 | 130.84平米 | 南,https://ke-image.ljcdn.com/110000-inspection/pc1_xidCPOZ9S.jpg!m_fill,w_280,h_210,f_jpg?from=ke.com
20240918,海淀,定慧寺,101122768015,阜成路甲52号满2年商品房现在是三居室,730万,83400元/平,中楼层 (共18层) | 1999年 | 3室2厅 | 87.53平米 | 东南,https://ke-image.ljcdn.com/110000-inspection/pc1_0Y0oZ8ZXk_1.jpg!m_fill,w_280,h_210,f_jpg?from=ke.com
20240918,海淀,定慧寺,101122601036,八宝庄视野无遮挡四居两厅两卫可观电视塔和俯瞰公园必看好房,1020万,79144元/平,高楼层 (共16层) 4室2厅 | 128.88平米 | 东南,https://ke-image.ljcdn.com/110000-inspection/pc1_b7e0X6bWK.jpg!m_fill,w_280,h_210,f_jpg?from=ke.com
20240918,海淀,定慧寺,101121045993,定慧东里满五唯一三居室 近公园 精装修 拎包入住必看好房,575万,73063元/平,中楼层 (共16层) 3室1厅 | 78.7平米 | 西北,https://ke-image.ljcdn.com/110000-inspection/e5ae4d11-1e54-4de8-839d-f9a1c5fcfe5c_1000.jpg!m_fill,w_280,h_210,f_jpg?from=ke.com
20240918,海淀,定慧寺,101115449904,北京印象南北四居室格局方正看房随时,1580万,73451元/平,低楼层 (共12层) | 2003年 | 4室2厅 | 215.11平米 | 南 西 北,https://ke-image.ljcdn.com/110000-inspection/954c56d6-a548-4b34-ac77-a1df3983361e_1000.jpg!m_fill,w_280,h_210,f_jpg?from=ke.com
20240918,海淀,定慧寺,101126518334,八宝庄单独管理南北通透两居室满5唯一商品房必看好房,398万,72233元/平,顶层 (共6层) 2室1厅 | 55.1平米 | 南 北,https://ke-image.ljcdn.com/110000-inspection/pc1_0q5XDRCKY.jpg!m_fill,w_280,h_210,f_jpg?from=ke.com
20240918,海淀,定慧寺,101126491694,定慧福里北区大一居室电梯直达无遮挡视野好必看好房,455万,73996元/平,高楼层 (共16层) | 2010年 | 1室1厅 | 61.49平米 | 东北,https://ke-image.ljcdn.com/110000-inspection/pc1_bAxUwWWgL_1.jpg!m_fill,w_280,h_210,f_jpg?from=ke.com
20240918,海淀,定慧寺,101126484932,八里庄北里 2室1厅 南 北必看好房,430万,78182元/平,中楼层 (共6层) 2室1厅 | 55平米 | 南 北,https://ke-image.ljcdn.com/110000-inspection/pc1_Sfb9H48wi_1.jpg!m_fill,w_280,h_210,f_jpg?from=ke.com
20240918,海淀,定慧寺,101126349883,定慧东里 南北明厅2居 有车位 地下室 公园边上必看好房,478万,81072元/平,中楼层 (共5层) 2室1厅 | 58.96平米 | 南 北,https://ke-image.ljcdn.com/110000-inspection/pc1_UnCrb8ghI_1.jpg!m_fill,w_280,h_210,f_jpg?from=ke.com
20240918,海淀,定慧寺,101126264118,双轨交汇 慈寿寺地铁站 楼层高视线开阔 随时签约必看好房,415万,76852元/平,高楼层 (共6层) 2室1厅 | 54平米 | 南 北,https://ke-image.ljcdn.com/110000-inspection/pc1_jcXBdGo0L_1.jpg!m_fill,w_280,h_210,f_jpg?from=ke.com
20240918,海淀,定慧寺,101126113042,大区聚焦房源 海淀八里庄北里 南北通透临公园近地铁必看好房,435万,60585元/平,顶层 (共6层) 2室1厅 | 71.8平米 | 南 北,https://ke-image.ljcdn.com/110000-inspection/pc1_jg6yoX1yD.jpg!m_fill,w_280,h_210,f_jpg?from=ke.com
20240918,海淀,定慧寺,101125951785,八里庄北里 客厅带窗户 低楼层 地铁6.10号线必看好房,428万,75220元/平,中楼层 (共6层) 2室1厅 | 56.9平米 | 西 北,https://ke-image.ljcdn.com/110000-inspection/pc1_wqL5yKjU9_1.jpg!m_fill,w_280,h_210,f_jpg?from=ke.com
20240918,海淀,定慧寺,101125911159,岭南路30号科委宿舍位置优越电梯直达南北两居钥匙,490万,98197元/平,中楼层 (共14层) | 1985年 | 2室1厅 | 49.9平米 | 南 北,https://ke-image.ljcdn.com/110000-inspection/pc1_GwjduBjh1.jpg!m_fill,w_280,h_210,f_jpg?from=ke.com
20240918,海淀,定慧寺,101125787329,定慧寺东里 带电梯 央企物业 高层采光视野无遮挡,618万,75551元/平,高楼层 (共16层) 3室1厅 | 81.8平米 | 东北 东 东南,https://ke-image.ljcdn.com/110000-inspection/pc1_C35sELJ8T_1.jpg!m_fill,w_280,h_210,f_jpg?from=ke.com
20240918,海淀,定慧寺,101125364463,八里庄北里 正对公园 视野采光好 诚心出售 满五年,319万,73673元/平,高楼层 (共6层) 1室1厅 | 43.3平米 | 东,https://ke-image.ljcdn.com/110000-inspection/pc1_Sf49iLnxw.jpg!m_fill,w_280,h_210,f_jpg?from=ke.com
20240918,海淀,定慧寺,101125264313,海淀区 定慧寺 八宝庄 满五年唯一 双卧朝南必看好房,393万,71926元/平,高楼层 (共6层) 2室1厅 | 54.64平米 | 南 北,https://ke-image.ljcdn.com/110000-inspection/pc1_ghS6W6nyD.jpg!m_fill,w_280,h_210,f_jpg?from=ke.com
20240918,海淀,定慧寺,101125204229,规划委社区 98年房龄 小区改造中 南北通透三居室必看好房,658万,62088元/平,顶层 (共6层) 3室1厅 | 105.98平米 | 南 北,https://ke-image.ljcdn.com/110000-inspection/pc1_cULlLCxk4_1.jpg!m_fill,w_280,h_210,f_jpg?from=ke.com
20240918,海淀,定慧寺,101125163824,北京印象 大两居室 户型好不临街满五年唯一商品房必看好房,920万,80308元/平,中楼层 (共10层) 2室1厅 | 114.56平米 | 东 西,https://ke-image.ljcdn.com/110000-inspection/pc1_Ur7aVnU0a.jpg!m_fill,w_280,h_210,f_jpg?from=ke.com
20240918,海淀,定慧寺,101124782232,定慧福里南区南北通透两居室精装修拎包入住必看好房,895万,91994元/平,低楼层 (共13层) | 2011年 | 2室1厅 | 97.29平米 | 南 北,https://ke-image.ljcdn.com/110000-inspection/3a983f36-df92-4ed3-89d4-3f3b55a065a4_1000.jpg!m_fill,w_280,h_210,f_jpg?from=ke.com
20240918,海淀,定慧寺,101124665928,又一村 2室1厅 南 北必看好房,386万,67958元/平,低楼层 (共6层) | 1987年 | 2室1厅 | 56.8平米 | 南 北,https://ke-image.ljcdn.com/110000-inspection/pc1_bktLFzRIh.jpg!m_fill,w_280,h_210,f_jpg?from=ke.com
20240918,海淀,定慧寺,101124573637,西四环内 板楼中间层 两居室 独院管理必看好房,409万,67149元/平,中楼层 (共6层) 2室1厅 | 60.91平米 | 东 北,https://ke-image.ljcdn.com/110000-inspection/pc1_oFD6aiM3z.jpg!m_fill,w_280,h_210,f_jpg?from=ke.com
20240918,海淀,定慧寺,101124562755,采光好 视野好 南向两居室 独院管理必看好房,518万,71154元/平,中楼层 (共16层) 2室1厅 | 72.8平米 | 南,https://ke-image.ljcdn.com/110000-inspection/pc1_QExmk84mZ_1.jpg!m_fill,w_280,h_210,f_jpg?from=ke.com
20240918,海淀,定慧寺,101124507551,双轨交汇慈寿寺地铁站邻双公园客厅带阳台满五唯一.必看好房,489万,83023元/平,高楼层 (共6层) | 1991年 | 2室1厅 | 58.9平米 | 南 北,https://ke-image.ljcdn.com/110000-inspection/pc1_EH5QAF2x3_1.jpg!m_fill,w_280,h_210,f_jpg?from=ke.com
20240918,海淀,定慧寺,101123619377,恩济里安苑管理好婚房精装修 4层南北通透 2居 满五年,499万,83445元/平,中楼层 (共6层) 2室1厅 | 59.8平米 | 南 北,https://ke-image.ljcdn.com/110000-inspection/pc1_OBe4FX46m.jpg!m_fill,w_280,h_210,f_jpg?from=ke.com
20240918,海淀,定慧寺,101123531855,核二院海实精装2居随时签约随时签约必看好房,518万,98181元/平,中楼层 (共5层) 2室1厅 | 52.76平米 | 南 北,https://ke-image.ljcdn.com/110000-inspection/pc1_B7cX89WwS.jpg!m_fill,w_280,h_210,f_jpg?from=ke.com
20240918,海淀,定慧寺,101123387949,南北通透全明格局  购房成本低 近地铁 配套全必看好房,349万,59659元/平,顶层 (共7层) | 1998年 | 2室1厅 | 58.5平米 | 南 北,https://ke-image.ljcdn.com/110000-inspection/pc1_Yrr4cmaa0_1.jpg!m_fill,w_280,h_210,f_jpg?from=ke.com
20240918,海淀,定慧寺,101126600842,定慧西里精装两居室 采光好 不临街  独院管理新上,538万,74723元/平,中楼层 (共16层) | 1990年 | 2室1厅 | 72平米 | 南,https://ke-image.ljcdn.com/110000-inspection/pc1_dCmkrM0uO_1.jpg!m_fill,w_280,h_210,f_jpg?from=ke.com
20240918,海淀,定慧寺,101126591271,航天桥核二院精装修两居室拎包入住。新上,820万,109773元/平,中楼层 (共5层) 2室1厅 | 74.7平米 | 东,https://ke-image.ljcdn.com/110000-inspection/pc1_gOmje8ZYp_2.jpg!m_fill,w_280,h_210,f_jpg?from=ke.com
20240918,海淀,定慧寺,101126578516,瑞新里小区东南三居室无遮挡诚心出售新上,1290万,104369元/平,低楼层 (共15层) 3室2厅 | 123.6平米 | 东南,https://ke-image.ljcdn.com/110000-inspection/pc1_CfQXcxkMz_1.jpg!m_fill,w_280,h_210,f_jpg?from=ke.com
20240918,海淀,定慧寺,101126555224,恩济庄 精装四居 南北通透 环境好 专人管理新上,679万,65095元/平,顶层 (共6层) 4室1厅 | 104.31平米 | 东 南 北,https://ke-image.ljcdn.com/110000-inspection/pc1_PQdvHRgeN_1.jpg!m_fill,w_280,h_210,f_jpg?from=ke.com
20240918,海淀,定慧寺,101126547574,水文大院 3室1厅 南 西 北新上,560万,89600元/平,中楼层 (共6层) | 1998年 | 3室1厅 | 62.5平米 | 南 西 北,https://ke-image.ljcdn.com/110000-inspection/pc1_EESyd4Sx0_2.jpg!m_fill,w_280,h_210,f_jpg?from=ke.com
20240918,海淀,定慧寺,101126379439,邻双轨交汇慈寿寺地铁站 钢混结构 朝南采光好单价低,355万,70859元/平,低楼层 (共10层) 1室1厅 | 50.1平米 | 南,https://ke-image.ljcdn.com/110000-inspection/pc1_zzIMcnR2G_1.jpg!m_fill,w_280,h_210,f_jpg?from=ke.com
20240918,海淀,定慧寺,101126370925,定慧西里 2室1厅 南 北,530万,81539元/平,高楼层 (共6层) 2室1厅 | 65平米 | 南 北,https://ke-image.ljcdn.com/110000-inspection/pc1_Gg0IEIT9F_1.jpg!m_fill,w_280,h_210,f_jpg?from=ke.com
20240918,海淀,定慧寺,101126357751,定慧寺东里 塔楼带电梯 央企社区 高层观景房,500万,81434元/平,中楼层 (共16层) 2室1厅 | 61.4平米 | 西南,https://ke-image.ljcdn.com/110000-inspection/cf67db2f-02eb-45e1-b154-2c47b88559cf_1000.jpg!m_fill,w_280,h_210,f_jpg?from=ke.com
20240918,海淀,定慧寺,101126356983,岭南路26号院 3室1厅 北 南,845万,102799元/平,中楼层 (共7层) 3室1厅 | 82.2平米 | 北 南,https://ke-image.ljcdn.com/110000-inspection/pc1_tUTsNxNHr_2.jpg!m_fill,w_280,h_210,f_jpg?from=ke.com
20240918,海淀,定慧寺,101126353569,房屋满五年产权干净房屋有电梯管理不错,450万,71543元/平,低楼层 (共16层) | 1990年 | 2室1厅 | 62.9平米 | 东北,https://ke-image.ljcdn.com/110000-inspection/pc1_CGKZ5xg7E.jpg!m_fill,w_280,h_210,f_jpg?from=ke.com
20240918,海淀,定慧寺,101126352357,恩济里中间层两居精装修双卧朝南满五年唯一无遮挡,520万,92692元/平,中楼层 (共6层) 2室1厅 | 56.1平米 | 南,https://ke-image.ljcdn.com/110000-inspection/pc1_4kgbFwQTY_1.jpg!m_fill,w_280,h_210,f_jpg?from=ke.com
20240918,海淀,定慧寺,101126346720,翠微精装自住明厨明卫临河临公园具体可看房源情况,408万,92413元/平,中楼层 (共6层) 1室1厅 | 44.15平米 | 东,https://ke-image.ljcdn.com/110000-inspection/pc1_mPIYukhCk_1.jpg!m_fill,w_280,h_210,f_jpg?from=ke.com
20240918,海淀,定慧寺,101126335463,北京印象 1室0厅 东,285万,89286元/平,底层 (共10层) | 2003年 | 1室0厅 | 31.92平米 | 东,https://ke-image.ljcdn.com/110000-inspection/pc1_H9aMkl4H7_1.jpg!m_fill,w_280,h_210,f_jpg?from=ke.com
20240918,海淀,定慧寺,101126325793,精装两居室   南北通透  满五年唯一,500万,84603元/平,高楼层 (共6层) | 2000年 | 2室1厅 | 59.1平米 | 南 北,https://ke-image.ljcdn.com/110000-inspection/pc1_mHETclpjM_1.jpg!m_fill,w_280,h_210,f_jpg?from=ke.com
20240918,海淀,定慧寺,101126315992,定慧寺 定慧福里南区 不临街 南北两居 采光好自住,950万,97167元/平,中楼层 (共12层) | 2011年 | 2室1厅 | 97.77平米 | 南 北,https://ke-image.ljcdn.com/110000-inspection/pc1_C4q5vzm7I_1.jpg!m_fill,w_280,h_210,f_jpg?from=ke.com
20240918,海淀,定慧寺,101126313608,阜成路95号院全明格局两居室南北通透诚心出售房主自荐,640万,82581元/平,高楼层 (共6层) 2室1厅 | 77.5平米 | 北 南,https://ke-image.ljcdn.com/110000-inspection/pc1_6BmRQql4B_1.jpg!m_fill,w_280,h_210,f_jpg?from=ke.com
20240918,海淀,定慧寺,101126293126,水文大院 2室1厅 南 北,420万,78213元/平,顶层 (共6层) 2室1厅 | 53.7平米 | 南 北,https://ke-image.ljcdn.com/110000-inspection/pc1_Q4dviXOUW_2.jpg!m_fill,w_280,h_210,f_jpg?from=ke.com
20240918,海淀,定慧寺,101126288283,定慧西里南北通透格局视野宽阔采光充足,470万,79500元/平,顶层 (共6层) 2室1厅 | 59.12平米 | 南 北,https://ke-image.ljcdn.com/110000-inspection/pc1_x5WpBr6Id.jpg!m_fill,w_280,h_210,f_jpg?from=ke.com
20240918,海淀,定慧寺,101126254217,恩济里 满五年唯一 南北通透两居 精装,540万,101504元/平,底层 (共5层) 2室1厅 | 53.2平米 | 南 北,https://ke-image.ljcdn.com/110000-inspection/pc1_vsILFr8LC_1.jpg!m_fill,w_280,h_210,f_jpg?from=ke.com
20240918,海淀,定慧寺,101126237734,定慧福里南区 西四环内两居 商品房 近地铁,959万,99420元/平,中楼层 (共15层) | 2011年 | 2室1厅 | 96.46平米 | 南 北,https://ke-image.ljcdn.com/110000-inspection/59bf62a5-403d-466e-85bf-4c2cb786d18f_1000.jpg!m_fill,w_280,h_210,f_jpg?from=ke.com
20240918,海淀,定慧寺,101126220749,定慧西里 2室1厅 南,510万,83607元/平,高楼层 (共13层) 2室1厅 | 61平米 | 南,https://ke-image.ljcdn.com/110000-inspection/pc1_LrgZSJSoA_1.jpg!m_fill,w_280,h_210,f_jpg?from=ke.com
20240918,海淀,定慧寺,101126162795,有电梯  诚意出售 格局方正 采光好,558万,77716元/平,中楼层 (共16层) 2室1厅 | 71.8平米 | 南,https://ke-image.ljcdn.com/110000-inspection/pc1_ib54xhJID_1.jpg!m_fill,w_280,h_210,f_jpg?from=ke.com
20240918,海淀,定慧寺,101126121610,阜成路甲52号院 2室1厅 南,658万,80628元/平,低楼层 (共18层) | 1999年 | 2室1厅 | 81.61平米 | 南,https://ke-image.ljcdn.com/110000-inspection/pc1_QJ39wTsPz.jpg!m_fill,w_280,h_210,f_jpg?from=ke.com
20240918,海淀,定慧寺,101126078105,岭南路26号院 2室1厅 南 北,670万,119857元/平,底层 (共6层) 2室1厅 | 55.9平米 | 南 北,https://ke-image.ljcdn.com/110000-inspection/pc1_dNoKxFpV0_2.jpg!m_fill,w_280,h_210,f_jpg?from=ke.com
20240918,海淀,定慧寺,101126075011,科委宿舍南北向三居室满五年唯一有钥匙电梯房,720万,99862元/平,中楼层 (共14层) | 1985年 | 3室1厅 | 72.1平米 | 南 北,https://ke-image.ljcdn.com/110000-inspection/pc1_6oUy5GC7F.jpg!m_fill,w_280,h_210,f_jpg?from=ke.com
20240918,海淀,定慧寺,101126071744,北京印象 一梯两户 南北通透 无遮挡 不临街,1380万,104388元/平,低楼层 (共11层) 3室2厅 | 132.2平米 | 南 北,https://ke-image.ljcdn.com/110000-inspection/pc1_U89IcETp4_1.jpg!m_fill,w_280,h_210,f_jpg?from=ke.com
20240918,海淀,定慧寺,101126031144,定慧西里 2室1厅 南 北,490万,82883元/平,高楼层 (共6层) 2室1厅 | 59.12平米 | 南 北,https://ke-image.ljcdn.com/110000-inspection/pc1_GrdgCimZl_1.jpg!m_fill,w_280,h_210,f_jpg?from=ke.com
20240918,海淀,定慧寺,101126008558,D家出售  观景视野好  业主诚意 总成本低有车位,1500万,114321元/平,中楼层 (共17层) | 2018年 | 2室2厅 | 131.21平米 | 南,https://ke-image.ljcdn.com/110000-inspection/pc1_7uV3A7u8G_1.jpg!m_fill,w_280,h_210,f_jpg?from=ke.com
20240918,海淀,定慧寺,101125991856,阜成路甲52新上 通透两居大阳台 带车位 满五唯一房主自荐,695万,78745元/平,中楼层 (共18层) | 1999年 | 2室2厅 | 88.26平米 | 东 西南,https://ke-image.ljcdn.com/110000-inspection/4fd7222f-79ff-4d03-8d43-a6481e92b744_1000.jpg!m_fill,w_280,h_210,f_jpg?from=ke.com
20240918,海淀,定慧寺,101125962495,亮甲店小区 2室1厅 南 北,569万,92521元/平,中楼层 (共7层) | 1998年 | 2室1厅 | 61.5平米 | 南 北,https://ke-image.ljcdn.com/110000-inspection/pc1_0JTZYnIJZ_1.jpg!m_fill,w_280,h_210,f_jpg?from=ke.com
20240918,海淀,定慧寺,101125958323,定慧北里南北通透两室两厅精装修有车位满五年唯一,538万,71553元/平,顶层 (共6层) 3室1厅 | 75.19平米 | 南 北,https://ke-image.ljcdn.com/110000-inspection/pc1_hwwi8HEgj_1.jpg!m_fill,w_280,h_210,f_jpg?from=ke.com
20240918,海淀,定慧寺,101125957659,水文大院 南北通透两室一厅精装修适合组合贷,598万,93292元/平,高楼层 (共6层) 2室1厅 | 64.1平米 | 南 北,https://ke-image.ljcdn.com/110000-inspection/pc1_mRQaJXeVQ_2.jpg!m_fill,w_280,h_210,f_jpg?from=ke.com
20240918,海淀,定慧寺,101125957404,西三环北路109号 3室1厅 东南 西北,740万,90355元/平,高楼层 (共18层) 3室1厅 | 81.9平米 | 东南 西北,https://ke-image.ljcdn.com/110000-inspection/pc1_959p7Lduu_2.jpg!m_fill,w_280,h_210,f_jpg?from=ke.com
20240918,海淀,定慧寺,101125929613,定慧北里 明厅两居 南北通透 小区环境好,489万,73007元/平,底层 (共6层) 2室1厅 | 66.98平米 | 南 北,https://ke-image.ljcdn.com/110000-inspection/b3dd9923-9fbe-43ae-aebe-72c15b9fda5b_1000.jpg!m_fill,w_280,h_210,f_jpg?from=ke.com
20240918,海淀,定慧寺,101125923425,海淀 五路居 恩济庄 南北三居 户型方正 格局合理,830万,84972元/平,顶层 (共6层) | 2000年 | 3室1厅 | 97.68平米 | 南 北,https://ke-image.ljcdn.com/110000-inspection/pc1_YTsndbkR7.jpg!m_fill,w_280,h_210,f_jpg?from=ke.com
20240918,海淀,定慧寺,101125892721,八里庄路61号院 朝南一居室 满屋唯一 看房随时。,370万,71154元/平,底层 (共7层) 1室1厅 | 52平米 | 南,https://ke-image.ljcdn.com/110000-inspection/pc1_tfXy8J84F.jpg!m_fill,w_280,h_210,f_jpg?from=ke.com
20240918,海淀,定慧寺,101125783910,八里庄路61号院 西四环 近地铁 五路居 一居室,359万,69039元/平,中楼层 (共7层) | 1998年 | 1室1厅 | 52平米 | 南,https://ke-image.ljcdn.com/110000-inspection/pc1_VVCMvOQpK_1.jpg!m_fill,w_280,h_210,f_jpg?from=ke.com
20240918,海淀,定慧寺,101125734305,不临街两居室  满五年唯一 有车位 采光充足,360万,63381元/平,顶层 (共6层) | 1990年 | 2室1厅 | 56.8平米 | 南 北,https://ke-image.ljcdn.com/110000-inspection/pc1_plOgpso7z.jpg!m_fill,w_280,h_210,f_jpg?from=ke.com
20240918,海淀,定慧寺,101125720095,水文大院 2室1厅 南 北房主自荐,450万,84270元/平,高楼层 (共6层) 2室1厅 | 53.4平米 | 南 北,https://ke-image.ljcdn.com/110000-inspection/pc1_pIzEQhiIV_2.jpg!m_fill,w_280,h_210,f_jpg?from=ke.com
20240918,海淀,定慧寺,101125715685,定慧东里各大部委福利分房有电梯独院管理绿化高停车方房主自荐,449万,67015元/平,低楼层 (共16层) | 1990年 | 2室1厅 | 67平米 | 西北,https://ke-image.ljcdn.com/110000-inspection/c9b3468e-e1bb-436e-8bf0-dfd10ce171e0_1000.jpg!m_fill,w_280,h_210,f_jpg?from=ke.com
20240918,海淀,定慧寺,101125705042,安装宿舍 2室1厅 西 北,425万,66097元/平,中楼层 (共16层) | 1989年 | 2室1厅 | 64.3平米 | 西 北,https://ke-image.ljcdn.com/110000-inspection/pc1_RpNiMaAMk_1.jpg!m_fill,w_280,h_210,f_jpg?from=ke.com
20240918,海淀,定慧寺,101125616006,安装宿舍两居室近地铁 看房方便房主自荐,279万,74006元/平,地下室 (共6层) 2室1厅 | 37.7平米 | 西 北,https://ke-image.ljcdn.com/110000-inspection/pc1_FPGmXUNl3_1.jpg!m_fill,w_280,h_210,f_jpg?from=ke.com
20240918,海淀,定慧寺,101125583859,高层电梯一居室 视野好 临公园 独院管理环境好,378万,81466元/平,顶层 (共16层) | 1990年 | 1室1厅 | 46.4平米 | 西南,https://ke-image.ljcdn.com/110000-inspection/pc1_QKjWWx1Dg_1.jpg!m_fill,w_280,h_210,f_jpg?from=ke.com
20240918,海淀,定慧寺,101125567680,阜成路47号院航天桥西北角阜成路北,538万,94503元/平,中楼层 (共5层) 2室1厅 | 56.93平米 | 南 北,https://ke-image.ljcdn.com/110000-inspection/pc1_rjbuAEnEP_2.jpg!m_fill,w_280,h_210,f_jpg?from=ke.com
20240918,海淀,定慧寺,101125558623,恩济里花园小区 精装南北通透 安静 绿化好房主自荐,505万,88164元/平,高楼层 (共6层) 2室1厅 | 57.28平米 | 南 北,https://ke-image.ljcdn.com/110000-inspection/pc1_3hEdyosnd_1.jpg!m_fill,w_280,h_210,f_jpg?from=ke.com
20240918,海淀,定慧寺,101125496887,西三环外恩济里小区全明格局两居 中间楼层 婚房装修房主自荐,495万,88236元/平,中楼层 (共6层) 2室1厅 | 56.1平米 | 南,https://ke-image.ljcdn.com/110000-inspection/pc1_ect7P7GCZ_1.jpg!m_fill,w_280,h_210,f_jpg?from=ke.com
20240918,海淀,定慧寺,101125474907,岭南路30号科委宿舍电梯精装一居室！,399万,126266元/平,高楼层 (共14层) | 1985年 | 1室1厅 | 31.6平米 | 北,https://ke-image.ljcdn.com/110000-inspection/pc1_QA4LMpSaz_2.jpg!m_fill,w_280,h_210,f_jpg?from=ke.com
20240918,海淀,定慧寺,101125469799,恩济花园 3室1厅 南 北,1030万,87960元/平,底层 (共6层) 3室1厅 | 117.1平米 | 南 北,https://ke-image.ljcdn.com/110000-inspection/pc1_RP8rrcCSG.jpg!m_fill,w_280,h_210,f_jpg?from=ke.com
20240918,海淀,定慧寺,101125442368,定慧北里 1室1厅 南,360万,78193元/平,中楼层 (共5层) 1室1厅 | 46.04平米 | 南,https://ke-image.ljcdn.com/110000-inspection/pc1_yl7xPzC3P_1.jpg!m_fill,w_280,h_210,f_jpg?from=ke.com
20240918,海淀,定慧寺,101125430601,定慧东里 2室1厅 南 西南,818万,71535元/平,高楼层 (共16层) 2室1厅 | 114.35平米 | 南 西南,https://ke-image.ljcdn.com/110000-inspection/0630d04a-12ee-4851-8fb2-112af55effa9_1000.jpg!m_fill,w_280,h_210,f_jpg?from=ke.com
20240918,海淀,定慧寺,101125403152,瑞新里南北通透满五年唯一商品房三居中间楼层诚售,1650万,106062元/平,低楼层 (共15层) | 2007年 | 3室1厅 | 155.57平米 | 南 北,https://ke-image.ljcdn.com/110000-inspection/pc1_AIwXZhTQV_1.jpg!m_fill,w_280,h_210,f_jpg?from=ke.com
20240918,海淀,定慧寺,101125372774,定慧北里 2室1厅 南 北,470万,73141元/平,顶层 (共6层) 2室1厅 | 64.26平米 | 南 北,https://ke-image.ljcdn.com/110000-inspection/pc1_meVuNrGr9_1.jpg!m_fill,w_280,h_210,f_jpg?from=ke.com
20240918,海淀,定慧寺,101125348133,核二院 马神庙一号院 航天桥 定慧寺 八里庄,520万,105907元/平,低楼层 (共7层) 1室1厅 | 49.1平米 | 东,https://ke-image.ljcdn.com/110000-inspection/pc1_UkgXSCEE2_2.jpg!m_fill,w_280,h_210,f_jpg?from=ke.com
20240918,海淀,定慧寺,101125344105,水文大院 2室1厅 东 西,450万,79506元/平,底层 (共6层) 2室1厅 | 56.6平米 | 东 西,https://ke-image.ljcdn.com/110000-inspection/pc1_3jS9u5dEt_2.jpg!m_fill,w_280,h_210,f_jpg?from=ke.com
20240918,海淀,定慧寺,101125297188,水文大院 南北向两居室满五年停车方便,420万,77491元/平,顶层 (共6层) | 1987年 | 2室1厅 | 54.2平米 | 南 北,https://ke-image.ljcdn.com/110000-inspection/pc1_KviIy4Oj8_2.jpg!m_fill,w_280,h_210,f_jpg?from=ke.com
20240918,海淀,定慧寺,101125292269,恩济庄46号院东南西向四居带电梯视野好,1190万,68078元/平,中楼层 (共14层) | 1996年 | 4室1厅 | 174.8平米 | 东 西 南,https://ke-image.ljcdn.com/110000-inspection/pc1_xZRWUjDbz_1.jpg!m_fill,w_280,h_210,f_jpg?from=ke.com
20240918,海淀,定慧寺,101125253338,恩济里小区 3室1厅 东 西 北,649万,82132元/平,中楼层 (共4层) 3室1厅 | 79.02平米 | 东 西 北,https://ke-image.ljcdn.com/110000-inspection/pc1_CSl3PMswj_1.jpg!m_fill,w_280,h_210,f_jpg?from=ke.com
20240918,海淀,定慧寺,101125244444,水文大院 2室1厅 南,499万,78831元/平,顶层 (共6层) 2室1厅 | 63.3平米 | 南,https://ke-image.ljcdn.com/110000-inspection/pc1_cH8eFXKLl_2.jpg!m_fill,w_280,h_210,f_jpg?from=ke.com
20240918,海淀,定慧寺,101125243391,恩济里小区 电梯直达  满五唯一  随时可看,549万,70494元/平,高楼层 (共14层) 2室1厅 | 77.88平米 | 南 北,https://ke-image.ljcdn.com/110000-inspection/pc1_BzExjH0GQ_1.jpg!m_fill,w_280,h_210,f_jpg?from=ke.com
20240918,海淀,定慧寺,101125243314,好房1999年商品房满5年家庭唯一精装三居室房主自荐,805万,81561元/平,中楼层 (共18层) | 1999年 | 3室2厅 | 98.7平米 | 南,https://ke-image.ljcdn.com/110000-inspection/pc1_2rIsRmjUS.jpg!m_fill,w_280,h_210,f_jpg?from=ke.com
20240918,海淀,定慧寺,101125240830,定慧北里朝南的一居室无遮挡 诚意出售 价格能谈,328万,71243元/平,底层 (共5层) 1室1厅 | 46.04平米 | 南,https://ke-image.ljcdn.com/110000-inspection/pc1_CrtpdROdH_1.jpg!m_fill,w_280,h_210,f_jpg?from=ke.com
20240918,海淀,定慧寺,101125238730,恩济花园 3室2厅 南 北,1200万,108372元/平,底层 (共6层) 3室2厅 | 110.73平米 | 南 北,https://ke-image.ljcdn.com/110000-inspection/pc1_XmB3CZyMl.jpg!m_fill,w_280,h_210,f_jpg?from=ke.com
20240918,海淀,定慧寺,101125229024,北京印象  四居室 精装 人车分流  金地物业,1533万,85101元/平,低楼层 (共12层) 4室2厅 | 180.14平米 | 南 北,https://ke-image.ljcdn.com/110000-inspection/pc1_pkCe1JgHX_1.jpg!m_fill,w_280,h_210,f_jpg?from=ke.com
20240918,海淀,定慧寺,101125174267,定慧东里 塔楼带电梯  央企单位物业管理  不临街,358万,77156元/平,低楼层 (共16层) | 1990年 | 1室1厅 | 46.4平米 | 东北,https://ke-image.ljcdn.com/110000-inspection/pc1_SrSpIkxEl.jpg!m_fill,w_280,h_210,f_jpg?from=ke.com
20240918,海淀,定慧寺,101125114407,海淀区西四环里  定慧寺 南向一居室 看房方便,289万,70317元/平,顶层 (共6层) 1室1厅 | 41.1平米 | 南,https://ke-image.ljcdn.com/110000-inspection/pc1_nOO6qF9ux_1.jpg!m_fill,w_280,h_210,f_jpg?from=ke.com
20240918,海淀,定慧寺,101125064765,恩济庄46号院电梯三居室满五年进地铁诚心出售,920万,78566元/平,中楼层 (共14层) 3室2厅 | 117.1平米 | 南 西 北,https://ke-image.ljcdn.com/110000-inspection/505e8f83-7139-44e9-a442-6d2bceffb845_1000.jpg!m_fill,w_280,h_210,f_jpg?from=ke.com
20240918,海淀,定慧寺,101125048742,定慧北里小区南北向一居室满五年唯一近地铁,326万,68059元/平,顶层 (共6层) 1室1厅 | 47.9平米 | 南 北,https://ke-image.ljcdn.com/110000-inspection/pc1_e3wBDeZF6_1.jpg!m_fill,w_280,h_210,f_jpg?from=ke.com
20240918,海淀,定慧寺,101124994402,八里庄北里 新上电梯东南北动静分离三居室,745万,81689元/平,中楼层 (共16层) | 1997年 | 3室1厅 | 91.2平米 | 东南 北,https://ke-image.ljcdn.com/110000-inspection/pc1_EoqSXrBJt.jpg!m_fill,w_280,h_210,f_jpg?from=ke.com
20240918,海淀,定慧寺,101124955613,西三环航天桥 八里庄北里 南北通透 临公园近地铁,386万,77200元/平,顶层 (共6层) | 1991年 | 2室1厅 | 50平米 | 南 北,https://ke-image.ljcdn.com/110000-inspection/pc1_FKZMg5UGT.jpg!m_fill,w_280,h_210,f_jpg?from=ke.com
20240918,海淀,定慧寺,101124937402,水文大院 2室1厅 南,450万,82569元/平,顶层 (共6层) 2室1厅 | 54.5平米 | 南,https://ke-image.ljcdn.com/110000-inspection/pc1_BaJR2J3XD.jpg!m_fill,w_280,h_210,f_jpg?from=ke.com
20240918,海淀,定慧寺,101124925821,八宝庄 1室1厅 西,378万,89958元/平,高楼层 (共16层) 1室1厅 | 42.02平米 | 西,https://ke-image.ljcdn.com/110000-inspection/pc1_dprXoCLby_1.jpg!m_fill,w_280,h_210,f_jpg?from=ke.com
20240918,海淀,定慧寺,101124919018,北京印象 两居室 带阳台 满五年唯一,1138万,88747元/平,高楼层 (共11层) 2室2厅 | 128.23平米 | 东 南 西,https://ke-image.ljcdn.com/110000-inspection/pc1_B9ee7l7bK_1.jpg!m_fill,w_280,h_210,f_jpg?from=ke.com
20240918,海淀,定慧寺,101124913031,西四环有电梯南向一居地铁6号线10号线满五唯一,305万,70602元/平,中楼层 (共16层) | 1989年 | 1室1厅 | 43.2平米 | 南,https://ke-image.ljcdn.com/110000-inspection/43e77bbd-6a30-4219-bf38-8ce4530135af_1000.jpg!m_fill,w_280,h_210,f_jpg?from=ke.com
20240918,海淀,定慧寺,101124894610,阜成路甲52号院 2室1厅 西南,689万,84426元/平,高楼层 (共18层) | 1999年 | 2室1厅 | 81.61平米 | 西南,https://ke-image.ljcdn.com/110000-inspection/675ae8ed-33c2-407c-ac7f-897bedf5f75b_1000.jpg!m_fill,w_280,h_210,f_jpg?from=ke.com
20240918,海淀,定慧寺,101124880971,水文大院双南向两居室精装修,448万,74419元/平,顶层 (共6层) 2室1厅 | 60.2平米 | 南,https://ke-image.ljcdn.com/110000-inspection/pc1_2fUa4Wagt.jpg!m_fill,w_280,h_210,f_jpg?from=ke.com
20240918,海淀,定慧寺,101124809811,双轨交汇慈寿寺地铁站 全朝南户型 格局采光好诚意卖,929万,81228元/平,底层 (共16层) | 1997年 | 3室2厅 | 114.37平米 | 东南,https://ke-image.ljcdn.com/110000-inspection/pc1_Jfu4KD0zz_1.jpg!m_fill,w_280,h_210,f_jpg?from=ke.com
20240918,海淀,定慧寺,101124797535,精装修 低楼层 满五唯一 明厨明卫 格局好,435万,104317元/平,底层 (共6层) 2室1厅 | 41.7平米 | 南 北,https://ke-image.ljcdn.com/110000-inspection/pc1_0HaLZtQ91_1.jpg!m_fill,w_280,h_210,f_jpg?from=ke.com
20240918,海淀,定慧寺,101124763858,八宝庄 2室1厅 南 北,465万,79897元/平,中楼层 (共6层) 2室1厅 | 58.2平米 | 南 北,https://ke-image.ljcdn.com/110000-inspection/3b3b26da-9068-4aa5-978e-d8ed532f764c_1000.jpg!m_fill,w_280,h_210,f_jpg?from=ke.com
20240918,海淀,定慧寺,101124753356,北京印象 金地物业 商品房人车分流 绿化高,1440万,80107元/平,中楼层 (共11层) | 2003年 | 3室2厅 | 179.76平米 | 南 北,https://ke-image.ljcdn.com/110000-inspection/d4a8e719-6785-4e14-a369-6e9c41c58cd6_1000.jpg!m_fill,w_280,h_210,f_jpg?from=ke.com
20240918,海淀,定慧寺,101124719025,双电梯直达+次顶层观景+卧室客厅落地窗满五年唯一,465万,80228元/平,高楼层 (共18层) | 2010年 | 1室1厅 | 57.96平米 | 东南,https://ke-image.ljcdn.com/110000-inspection/pc1_IxyiOAe08_2.jpg!m_fill,w_280,h_210,f_jpg?from=ke.com
20240918,海淀,定慧寺,101124677170,中间楼层 正规一居室 满五年唯一,335万,66867元/平,中楼层 (共7层) | 1998年 | 1室1厅 | 50.1平米 | 西,https://ke-image.ljcdn.com/110000-inspection/pc1_ezoz0ZDzw_1.jpg!m_fill,w_280,h_210,f_jpg?from=ke.com
20240918,海淀,定慧寺,101124651365,恩济里小区 电梯直达 南北通透两居室,538万,71534元/平,中楼层 (共14层) | 1999年 | 2室1厅 | 75.21平米 | 南 北,https://ke-image.ljcdn.com/110000-inspection/pc1_H5C4pXW6H.jpg!m_fill,w_280,h_210,f_jpg?from=ke.com
20240918,海淀,定慧寺,101124570789,首师大院里南北通透三居客厅带西窗 有电梯,880万,109453元/平,低楼层 (共18层) | 1998年 | 3室1厅 | 80.4平米 | 南 西 北,https://ke-image.ljcdn.com/110000-inspection/pc1_V7xJXBLvI.jpg!m_fill,w_280,h_210,f_jpg?from=ke.com
20240918,海淀,定慧寺,101124535934,水文大院 3室1厅 南 北,580万,84058元/平,顶层 (共6层) 3室1厅 | 69平米 | 南 北,https://ke-image.ljcdn.com/110000-inspection/f85a920d-2014-4bee-83a0-9c9371b839cf_1000.jpg!m_fill,w_280,h_210,f_jpg?from=ke.com
20240918,海淀,定慧寺,101124501941,西八里庄北里 高层正南3居2卫 精装修 采光视野棒房主自荐,668万,84880元/平,顶层 (共6层) 3室1厅 | 78.7平米 | 南 东南 西,https://ke-image.ljcdn.com/110000-inspection/pc1_Mw8SrGKdV.jpg!m_fill,w_280,h_210,f_jpg?from=ke.com
20240918,海淀,定慧寺,101124492099,科委宿舍 1室1厅 南,390万,123029元/平,中楼层 (共6层) | 1986年 | 1室1厅 | 31.7平米 | 南,https://ke-image.ljcdn.com/110000-inspection/pc1_I1NHOD5YY.jpg!m_fill,w_280,h_210,f_jpg?from=ke.com
20240918,海淀,定慧寺,101124409185,北京印象 小户型 中间位置 无遮挡 全明格局,370万,80910元/平,低楼层 (共12层) 1室1厅 | 45.73平米 | 西北,https://ke-image.ljcdn.com/110000-inspection/pc1_D1TmLQ16I_1.jpg!m_fill,w_280,h_210,f_jpg?from=ke.com
20240918,海淀,定慧寺,101124386066,正对花园全南朝向满五唯一简雅大方房主自荐,820万,98855元/平,低楼层 (共9层) | 2011年 | 2室1厅 | 82.95平米 | 南,https://ke-image.ljcdn.com/110000-inspection/b3468e53-3854-4e72-8c49-2b3717fd0f72_1000.jpg!m_fill,w_280,h_210,f_jpg?from=ke.com
20240918,海淀,定慧寺,101124382739,八宝庄南北通透三居室家庭名下一套住宅房主自荐,550万,81121元/平,高楼层 (共6层) 3室1厅 | 67.8平米 | 南 北,https://ke-image.ljcdn.com/110000-inspection/6d6ee8eb-dad0-42a3-8e28-e0f9cc02c15c_1000.jpg!m_fill,w_280,h_210,f_jpg?from=ke.com
20240918,海淀,定慧寺,101124382409,首师大家属院 随时签约随时过户随时入住,1050万,98131元/平,顶层 (共18层) 3室1厅 | 107平米 | 西南 北,https://ke-image.ljcdn.com/110000-inspection/pc1_O25EyHemg_2.jpg!m_fill,w_280,h_210,f_jpg?from=ke.com
20240918,海淀,定慧寺,101124372505,北京印象  朝东两居室  视野开阔  采光充足,980万,90157元/平,中楼层 (共11层) | 2003年 | 2室1厅 | 108.7平米 | 东,https://ke-image.ljcdn.com/110000-inspection/d3fd82df-cdbc-47c9-8623-988f656b4b47_1000.jpg!m_fill,w_280,h_210,f_jpg?from=ke.com
20240918,海淀,定慧寺,101124369913,定慧福里南区南北通透两居室满五年唯一有钥匙,1100万,112383元/平,中楼层 (共11层) | 2011年 | 2室1厅 | 97.88平米 | 南 北,https://ke-image.ljcdn.com/110000-inspection/pc1_9hDYfoUI1_1.jpg!m_fill,w_280,h_210,f_jpg?from=ke.com
20240918,海淀,定慧寺,101124269988,西三环航天桥 八里庄北里 中间楼层 临公园近地铁,435万,77265元/平,中楼层 (共6层) 2室1厅 | 56.3平米 | 东 西,https://ke-image.ljcdn.com/110000-inspection/85946e83-8236-4913-a1ed-08417aceea20_1000.jpg!m_fill,w_280,h_210,f_jpg?from=ke.com
20240918,海淀,定慧寺,101124262637,瑞新里小区一居室2007年商品房人车分流房主自荐,426万,93833元/平,高楼层 (共15层) 1室0厅 | 45.4平米 | 东北,https://ke-image.ljcdn.com/110000-inspection/pc1_V7BYIP8sh_1.jpg!m_fill,w_280,h_210,f_jpg?from=ke.com
20240918,海淀,定慧寺,101124231960,精装修两居室满五年唯一近地铁6号线海淀五路居站,733万,73161元/平,低楼层 (共15层) 2室1厅 | 100.19平米 | 北,https://ke-image.ljcdn.com/110000-inspection/d72108b5-1cd5-412f-9700-5ee24efda6fd_1000.jpg!m_fill,w_280,h_210,f_jpg?from=ke.com
20240918,海淀,定慧寺,101124230639,全明格局三居室户型方正满五唯一采光好,808万,90726元/平,中楼层 (共6层) 3室1厅 | 89.06平米 | 南 西 北,https://ke-image.ljcdn.com/110000-inspection/pc1_zmo2UDOid_1.jpg!m_fill,w_280,h_210,f_jpg?from=ke.com
20240918,海淀,定慧寺,101124188786,定慧寺八宝庄 带电梯 安静不临街 大客厅 户型方正,339万,68210元/平,低楼层 (共16层) 1室1厅 | 49.7平米 | 西,https://ke-image.ljcdn.com/110000-inspection/14d40d49-0820-4561-8ef3-e421f9aae2ae_1000.jpg!m_fill,w_280,h_210,f_jpg?from=ke.com
20240918,海淀,定慧寺,101124158632,西三环北路105号院 低楼层 两居室 采光好格局方正,680万,127580元/平,低楼层 (共6层) 2室1厅 | 53.3平米 | 南 北,https://ke-image.ljcdn.com/110000-inspection/pc1_GzLKgm6Lc.jpg!m_fill,w_280,h_210,f_jpg?from=ke.com
20240918,海淀,定慧寺,101124105635,西三环航天桥 西钓鱼台庄园 低密花园社区 临公园,1880万,86636元/平,低楼层 (共6层) 3室2厅 | 217平米 | 南 北,https://ke-image.ljcdn.com/110000-inspection/pc1_SAHOBDbfb_1.jpg!m_fill,w_280,h_210,f_jpg?from=ke.com
20240918,海淀,定慧寺,101124095478,物资部家属楼满五年家庭唯一大阳台采光好,339万,80715元/平,底层 (共16层) | 1990年 | 1室1厅 | 42平米 | 西南,https://ke-image.ljcdn.com/110000-inspection/pc1_FRXpZGgDc.jpg!m_fill,w_280,h_210,f_jpg?from=ke.com
20240918,海淀,定慧寺,101124004240,石店长推荐 御玺三居三卫双套房  电梯刷卡单独入户房主自荐,3360万,176304元/平,中楼层 (共25层) | 2021年 | 3室2厅 | 190.58平米 | 东 西,https://ke-image.ljcdn.com/110000-inspection/pc1_ciqzKyaQr_1.jpg!m_fill,w_280,h_210,f_jpg?from=ke.com
20240918,海淀,定慧寺,101123996105,西三环航天桥水文大院小区中间楼小区停车方便,470万,87524元/平,中楼层 (共6层) 2室1厅 | 53.7平米 | 南 北,https://ke-image.ljcdn.com/110000-inspection/pc1_RLTywTTLh.jpg!m_fill,w_280,h_210,f_jpg?from=ke.com
20240918,海淀,定慧寺,101123990554,同价位天花板 地铁欧式高档观河小区面宽9.2米低价三居,1680万,131910元/平,高楼层 (共17层) | 2018年 | 3室2厅 | 127.36平米 | 南 北,https://ke-image.ljcdn.com/110000-inspection/pc1_OcxjFvYTz_1.jpg!m_fill,w_280,h_210,f_jpg?from=ke.com
20240918,海淀,定慧寺,101123969783,八里庄恩济里小区定制精装修自住标准,349万,83493元/平,中楼层 (共6层) 1室1厅 | 41.8平米 | 南,https://ke-image.ljcdn.com/110000-inspection/pc1_s1ExgzV7T_1.jpg!m_fill,w_280,h_210,f_jpg?from=ke.com
20240918,海淀,定慧寺,101123954739,西三环北路105号院一居室户型方正朝南采光好,485万,112530元/平,中楼层 (共18层) | 1998年 | 1室1厅 | 43.1平米 | 南,https://ke-image.ljcdn.com/110000-inspection/pc1_rZ5lWYI1y.jpg!m_fill,w_280,h_210,f_jpg?from=ke.com
20240918,海淀,定慧寺,101123929337,定慧西里 2室1厅 南 北房主自荐,379万,61828元/平,低楼层 (共14层) 2室1厅 | 61.3平米 | 南 北,https://ke-image.ljcdn.com/110000-inspection/pc1_RGWhN7yFK.jpg!m_fill,w_280,h_210,f_jpg?from=ke.com
20240918,海淀,定慧寺,101123912254,双轨交汇慈寿寺地铁站 邻双公园 单价低 满满诚意卖,418万,70490元/平,顶层 (共6层) 2室1厅 | 59.3平米 | 东 西,https://ke-image.ljcdn.com/110000-inspection/pc1_aCXDYPsro_1.jpg!m_fill,w_280,h_210,f_jpg?from=ke.com
20240918,海淀,定慧寺,101123897487,首师大宿舍朝南向一居室采光视野好配套齐全,480万,114015元/平,高楼层 (共18层) | 1998年 | 1室1厅 | 42.1平米 | 南,https://ke-image.ljcdn.com/110000-inspection/pc1_Qo51wtG1V.jpg!m_fill,w_280,h_210,f_jpg?from=ke.com
20240918,海淀,定慧寺,101123897476,核二院 楼龄新小区环境好停车方便,445万,109337元/平,底层 (共7层) 2室1厅 | 40.7平米 | 东,https://ke-image.ljcdn.com/110000-inspection/pc1_91wzzGevz_2.jpg!m_fill,w_280,h_210,f_jpg?from=ke.com
20240918,海淀,定慧寺,101123877851,定慧寺 经典大两居 停车方便带地下室 不临街公园200米,570万,87828元/平,中楼层 (共6层) 2室1厅 | 64.9平米 | 南 北,https://ke-image.ljcdn.com/110000-inspection/pc1_prZKMzUsr.jpg!m_fill,w_280,h_210,f_jpg?from=ke.com
20240918,海淀,定慧寺,101123853256,西三环 航天桥 正规一居室 电梯直达 东南向 采光好,450万,101124元/平,低楼层 (共18层) 1室1厅 | 44.5平米 | 东南,https://ke-image.ljcdn.com/110000-inspection/pc1_sp3q8z6Sn_2.jpg!m_fill,w_280,h_210,f_jpg?from=ke.com
20240918,海淀,定慧寺,101123849399,可传承的亲水大宅 河面30米 2022新房 西三环一天没住,4530万,179919元/平,高楼层 (共10层) | 2021年 | 4室2厅 | 251.78平米 | 南 北,https://ke-image.ljcdn.com/110000-inspection/pc1_z6dOL9gur_1.jpg!m_fill,w_280,h_210,f_jpg?from=ke.com
20240918,海淀,定慧寺,101123782848,首师大家属院地段优越管理和人文好中层户型鲜出,860万,129714元/平,中楼层 (共6层) 3室1厅 | 66.3平米 | 南 北,https://ke-image.ljcdn.com/110000-inspection/pc1_2SVcdaGei.jpg!m_fill,w_280,h_210,f_jpg?from=ke.com
20240918,海淀,定慧寺,101123787333,亮甲店小区 精装 商品房  低楼层 近地铁 南北通透房主自荐,510万,81600元/平,低楼层 (共7层) 2室1厅 | 62.5平米 | 南 北,https://ke-image.ljcdn.com/110000-inspection/pc1_gjzkdSuBy_1.jpg!m_fill,w_280,h_210,f_jpg?from=ke.com
20240918,海淀,定慧寺,101123772306,中间楼层满五年唯一10线西钓鱼台站,438万,78919元/平,中楼层 (共6层) 2室1厅 | 55.5平米 | 南 北,https://ke-image.ljcdn.com/110000-inspection/pc1_F78koBIpw_1.jpg!m_fill,w_280,h_210,f_jpg?from=ke.com
20240918,海淀,定慧寺,101123752282,南北通透格局视野宽阔采光充足,380万,66902元/平,顶层 (共6层) | 1990年 | 2室1厅 | 56.8平米 | 南 北,https://ke-image.ljcdn.com/110000-inspection/pc1_o3Qt87BPr.jpg!m_fill,w_280,h_210,f_jpg?from=ke.com
20240918,海淀,定慧寺,101123737402,北洼路29号院 2室1厅 南 西,820万,89354元/平,高楼层 (共17层) 2室1厅 | 91.77平米 | 南 西,https://ke-image.ljcdn.com/110000-inspection/pc1_B9zHGq07k.jpg!m_fill,w_280,h_210,f_jpg?from=ke.com
20240918,海淀,定慧寺,101123654709,产权清晰 格局方正 随时签约 价格能谈房主自荐,359万,69981元/平,低楼层 (共16层) 1室1厅 | 51.3平米 | 南,https://ke-image.ljcdn.com/110000-inspection/05c36116-cf64-4480-8028-cad61f6adde3_1000.jpg!m_fill,w_280,h_210,f_jpg?from=ke.com
20240918,海淀,定慧寺,101123630448,恩济庄82号院 满五唯一 看房方便 近地铁 海淀三环半房主自荐,606万,76807元/平,中楼层 (共6层) 2室1厅 | 78.9平米 | 南 北,https://ke-image.ljcdn.com/110000-inspection/pc1_OmIdCyJO7_1.jpg!m_fill,w_280,h_210,f_jpg?from=ke.com
20240918,海淀,定慧寺,101123623789,海淀 西三环 人车分流纯商品房社区 近地铁 采光好！,1650万,106528元/平,低楼层 (共15层) 3室2厅 | 154.89平米 | 南 北,https://ke-image.ljcdn.com/110000-inspection/pc1_fwbZfoVl2.jpg!m_fill,w_280,h_210,f_jpg?from=ke.com
20240918,海淀,定慧寺,101123596318,北京印象  两居室 精装修 视野好 看房方便,718万,79496元/平,低楼层 (共12层) | 2003年 | 2室1厅 | 90.32平米 | 北,https://ke-image.ljcdn.com/110000-inspection/e21ccd8b-bfae-4a9b-98dd-a4ba66e6c265_1000.jpg!m_fill,w_280,h_210,f_jpg?from=ke.com
20240918,海淀,定慧寺,101123593362,八宝庄 2室1厅 西 东,428万,77118元/平,低楼层 (共6层) 2室1厅 | 55.5平米 | 西 东,https://ke-image.ljcdn.com/110000-inspection/5ad4f3f4-1015-4dc2-b778-366ca3948cff_1000.jpg!m_fill,w_280,h_210,f_jpg?from=ke.com
20240918,海淀,定慧寺,101123420989,满五唯一  楼龄新 管理好 电梯房 格局实用,740万,80087元/平,低楼层 (共18层) | 1999年 | 2室1厅 | 92.4平米 | 西,https://ke-image.ljcdn.com/110000-inspection/e61f7b10-d367-40e9-b7d8-b2bf3425399f_1000.jpg!m_fill,w_280,h_210,f_jpg?from=ke.com
20240918,海淀,定慧寺,101123395271,核二院 2室1厅 南,660万,94421元/平,中楼层 (共5层) 2室1厅 | 69.9平米 | 南,https://ke-image.ljcdn.com/110000-inspection/pc1_eK8vq24fS.jpg!m_fill,w_280,h_210,f_jpg?from=ke.com
20240918,海淀,定慧寺,101123383736,纯商品房大三居金地物业人车分流满五唯一,1886万,79960元/平,中楼层 (共15层) 3室2厅 | 235.87平米 | 南 北,https://ke-image.ljcdn.com/110000-inspection/pc1_DUxA0BpC0_1.jpg!m_fill,w_280,h_210,f_jpg?from=ke.com
20240918,海淀,定慧寺,101123313124,亮甲店甲1号院 户型方正固定车位诚意出售。,520万,52792元/平,顶层 (共5层) 2室2厅 | 98.5平米 | 北,https://ke-image.ljcdn.com/110000-inspection/pc1_SnRg5zLAk_1.jpg!m_fill,w_280,h_210,f_jpg?from=ke.com
20240918,海淀,定慧寺,101123306248,恩济里小区  中间楼层 南北通透  明厨明卫,469万,84036元/平,中楼层 (共6层) | 1991年 | 2室1厅 | 55.81平米 | 南 北,https://ke-image.ljcdn.com/110000-inspection/pc1_nov4OYGoq_1.jpg!m_fill,w_280,h_210,f_jpg?from=ke.com
20240918,海淀,定慧寺,101123292142,海淀 人车分流 花园社区 纯商品房 适合三代一起住！房主自荐,1780万,104344元/平,中楼层 (共15层) 4室2厅 | 170.59平米 | 南 北,https://ke-image.ljcdn.com/110000-inspection/pc1_LOmF6ZPDt_1.jpg!m_fill,w_280,h_210,f_jpg?from=ke.com
20240918,海淀,定慧寺,101123234894,定慧寺定慧北里南北向大两居钢混结构带电梯,630万,84508元/平,中楼层 (共10层) 2室1厅 | 74.55平米 | 南 北,https://ke-image.ljcdn.com/110000-inspection/pc1_xKeO9KXoN_1.jpg!m_fill,w_280,h_210,f_jpg?from=ke.com
20240918,海淀,定慧寺,101123081906,有电梯 高楼层 采光好 随时签约房主自荐,379万,73880元/平,顶层 (共16层) 1室1厅 | 51.3平米 | 南,https://ke-image.ljcdn.com/110000-inspection/pc1_8980L5vwW.jpg!m_fill,w_280,h_210,f_jpg?from=ke.com
20240918,海淀,定慧寺,101123008386,又一村 花园桥 南北通透精装修两居室满五年唯一房主自荐,530万,99512元/平,低楼层 (共6层) 2室1厅 | 53.26平米 | 南 北,https://ke-image.ljcdn.com/110000-inspection/pc1_b8xYWAuDI.jpg!m_fill,w_280,h_210,f_jpg?from=ke.com
20240918,海淀,定慧寺,101122971903,亮甲店小区朝东一室一厅满五年唯一商品房,320万,64569元/平,中楼层 (共7层) 1室1厅 | 49.56平米 | 东,https://ke-image.ljcdn.com/110000-inspection/pc1_D5ssZbfDd_1.jpg!m_fill,w_280,h_210,f_jpg?from=ke.com
20240918,海淀,定慧寺,101122954573,中塔园小区东西透通两居满五唯一商品房,426万,74921元/平,顶层 (共6层) 2室1厅 | 56.86平米 | 东 西,https://ke-image.ljcdn.com/110000-inspection/fc340529-25ad-40d0-85d9-595c8ff9501f_1000.jpg!m_fill,w_280,h_210,f_jpg?from=ke.com
20240918,海淀,定慧寺,101122901625,核二院电梯房满五唯一住房精装修随时签约,750万,118671元/平,中楼层 (共15层) 2室1厅 | 63.2平米 | 东 南,https://ke-image.ljcdn.com/110000-inspection/pc1_ZgE9EEG5g.jpg!m_fill,w_280,h_210,f_jpg?from=ke.com
20240918,海淀,定慧寺,101122886439,西四环 八里庄路63号院 南北通透 三居 采光好,840万,82176元/平,低楼层 (共18层) | 2010年 | 3室2厅 | 102.22平米 | 南 北,https://ke-image.ljcdn.com/110000-inspection/pc1_RKBakGM4w_1.jpg!m_fill,w_280,h_210,f_jpg?from=ke.com
20240918,海淀,定慧寺,101122799091,航天桥 核二院 正规三居室 满五年唯一 诚心卖 随时看,779万,93182元/平,底层 (共18层) 3室1厅 | 83.6平米 | 东南 西北,https://ke-image.ljcdn.com/110000-inspection/pc1_bUyyx6Gsm.jpg!m_fill,w_280,h_210,f_jpg?from=ke.com
20240918,海淀,定慧寺,101122725798,广电总局家属院  安全安静 房龄新 楼层好 南北通透,550万,93777元/平,中楼层 (共6层) 2室1厅 | 58.65平米 | 南 北,https://ke-image.ljcdn.com/110000-inspection/pc1_yhJv88BC3.jpg!m_fill,w_280,h_210,f_jpg?from=ke.com
20240918,海淀,定慧寺,101122702163,定慧西里南向中间楼层视野采光好,328万,79496元/平,中楼层 (共6层) 1室1厅 | 41.26平米 | 南,https://ke-image.ljcdn.com/110000-inspection/pc1_oUy2CwbCt.jpg!m_fill,w_280,h_210,f_jpg?from=ke.com
20240918,海淀,定慧寺,101122625511,定慧西里  南北朝向  满五唯一  临公园  视野好,470万,79527元/平,顶层 (共6层) 2室1厅 | 59.1平米 | 南 北,https://ke-image.ljcdn.com/110000-inspection/pc1_b34TBFkWO.jpg!m_fill,w_280,h_210,f_jpg?from=ke.com
20240918,海淀,定慧寺,101122505985,定慧北里规划委大两居南北通透采光充足房主自荐,720万,86477元/平,高楼层 (共6层) 2室1厅 | 83.26平米 | 南 北,https://ke-image.ljcdn.com/110000-inspection/pc1_rz1rgW5Ig_1.jpg!m_fill,w_280,h_210,f_jpg?from=ke.com
20240918,海淀,定慧寺,101122448344,定慧西里 带电梯 精装 正南一居室,351万,68422元/平,中楼层 (共16层) 1室1厅 | 51.3平米 | 南,https://ke-image.ljcdn.com/110000-inspection/pc1_hLKesmqzw_1.jpg!m_fill,w_280,h_210,f_jpg?from=ke.com
20240918,海淀,定慧寺,101122404251,2000年小区 地铁10号线 24小时热水 2梯5户铺地砖,1025万,81706元/平,中楼层 (共18层) | 1999年 | 3室1厅 | 125.45平米 | 南 北,https://ke-image.ljcdn.com/110000-inspection/pc1_6gndO1llG.jpg!m_fill,w_280,h_210,f_jpg?from=ke.com
20240918,海淀,定慧寺,101122404084,阜成路2000年小区地下地上停车地铁10号线西钓户型好,1070万,85293元/平,中楼层 (共18层) | 1999年 | 3室1厅 | 125.45平米 | 南 北,https://ke-image.ljcdn.com/110000-inspection/119a3f69-14b8-47a9-b48b-a3db8ca16ec4_1000.jpg!m_fill,w_280,h_210,f_jpg?from=ke.com
20240918,海淀,定慧寺,101122339568,恩济里小区  3层  精装修  满五唯一  全明户型房主自荐,369万,83447元/平,中楼层 (共4层) | 1991年 | 1室1厅 | 44.22平米 | 南 西北,https://ke-image.ljcdn.com/110000-inspection/pc1_rGaVkKjmT_1.jpg!m_fill,w_280,h_210,f_jpg?from=ke.com
20240918,海淀,定慧寺,101122330144,西三环北路105号院 2室1厅 南,720万,109091元/平,高楼层 (共18层) | 1998年 | 2室1厅 | 66平米 | 南,https://ke-image.ljcdn.com/110000-inspection/pc1_h4W0f7Ukh.jpg!m_fill,w_280,h_210,f_jpg?from=ke.com
20240918,海淀,定慧寺,101122216628,满五年电视台家属楼 两梯4户 双南大两居 双卫,930万,83604元/平,中楼层 (共16层) 3室1厅 | 111.24平米 | 南,https://ke-image.ljcdn.com/110000-inspection/pc1_hHvk1qFrj_1.jpg!m_fill,w_280,h_210,f_jpg?from=ke.com
20240918,海淀,定慧寺,101121850322,马神庙一号 正规一居室 交通便利 楼龄新 格局好,520万,109937元/平,中楼层 (共7层) 2室1厅 | 47.3平米 | 东,https://ke-image.ljcdn.com/110000-inspection/pc1_VcPRiiMom.jpg!m_fill,w_280,h_210,f_jpg?from=ke.com
20240918,海淀,定慧寺,101121770092,马神庙一号 满五年唯一央产 带客厅正规三居室,1050万,116202元/平,高楼层 (共6层) 3室1厅 | 90.36平米 | 北 南,https://ke-image.ljcdn.com/110000-inspection/pc1_OFYskwyXe.jpg!m_fill,w_280,h_210,f_jpg?from=ke.com
20240918,海淀,定慧寺,101121753298,西四环：客厅三卧朝南5居南北通透二次装修房主自荐,2980万,128676元/平,高楼层 (共15层) 5室1厅 | 231.59平米 | 南 北,https://ke-image.ljcdn.com/110000-inspection/pc1_fSqm9bhOa_1.jpg!m_fill,w_280,h_210,f_jpg?from=ke.com
20240918,海淀,定慧寺,101121748035,首师大家属院精装两居 楼龄新 不临街 有电梯 看房方便,799万,111143元/平,高楼层 (共18层) 2室1厅 | 71.89平米 | 东,https://ke-image.ljcdn.com/110000-inspection/pc1_xoMYh9O3V.jpg!m_fill,w_280,h_210,f_jpg?from=ke.com
20240918,海淀,定慧寺,101121713580,满两年商品房 精装修 有电梯 诚意出售,366万,71346元/平,中楼层 (共16层) | 1990年 | 1室1厅 | 51.3平米 | 南,https://ke-image.ljcdn.com/110000-inspection/pc1_8RTNuzeDS.jpg!m_fill,w_280,h_210,f_jpg?from=ke.com
20240918,海淀,定慧寺,101121110748,玉渊潭西中塔园 两室一厅 宜居低楼层 格局好 有客厅,500万,85252元/平,低楼层 (共6层) 2室1厅 | 58.65平米 | 东 西,https://ke-image.ljcdn.com/110000-inspection/pc1_2HCfTvSEG.jpg!m_fill,w_280,h_210,f_jpg?from=ke.com
20240918,海淀,定慧寺,101121083439,定慧西里南向一居室带电梯临公园视野好,380万,74075元/平,中楼层 (共16层) | 1991年 | 1室1厅 | 51.3平米 | 南,https://ke-image.ljcdn.com/110000-inspection/pc1_A4lWfI23e_2.jpg!m_fill,w_280,h_210,f_jpg?from=ke.com
20240918,海淀,定慧寺,101120992986,双卧朝南 观公园景 双卫 低板楼 南向采光无遮挡房主自荐,948万,92579元/平,底层 (共6层) 3室2厅 | 102.4平米 | 东 南 北,https://ke-image.ljcdn.com/110000-inspection/f5b6473d-c1d2-48e1-9313-20317e263d8b_1000.jpg!m_fill,w_280,h_210,f_jpg?from=ke.com
20240918,海淀,定慧寺,101120981295,公主坟翠微 中塔园 全明一居室 满五年央产房,450万,101926元/平,中楼层 (共6层) 1室1厅 | 44.15平米 | 东,https://ke-image.ljcdn.com/110000-inspection/pc1_pBE3rGOQQ.jpg!m_fill,w_280,h_210,f_jpg?from=ke.com
20240918,海淀,定慧寺,101120957018,工商银行家属楼 独院管理一居室,399万,77778元/平,中楼层 (共16层) 1室1厅 | 51.3平米 | 南,https://ke-image.ljcdn.com/110000-inspection/pc1_J7ysuu35B_1.jpg!m_fill,w_280,h_210,f_jpg?from=ke.com
20240918,海淀,定慧寺,101120657012,定慧西里 采光充足 看房随时 诚心出售房主自荐,630万,83224元/平,中楼层 (共11层) 3室1厅 | 75.7平米 | 南,https://ke-image.ljcdn.com/110000-inspection/pc1_WdFww6ZmI.jpg!m_fill,w_280,h_210,f_jpg?from=ke.com
20240918,海淀,定慧寺,101120526836,定慧西里两居中间楼层采光好无遮挡,498万,87677元/平,中楼层 (共6层) | 1990年 | 2室1厅 | 56.8平米 | 南 北,https://ke-image.ljcdn.com/110000-inspection/pc1_LqnblxaBW_1.jpg!m_fill,w_280,h_210,f_jpg?from=ke.com
20240918,海淀,定慧寺,101120000242,八宝庄精装南北一居 中间层 采光好离地铁近 出行便利房主自荐,389万,90676元/平,中楼层 (共6层) 1室1厅 | 42.9平米 | 南 北,https://ke-image.ljcdn.com/110000-inspection/pc1_tAJ2o4pmx_1.jpg!m_fill,w_280,h_210,f_jpg?from=ke.com
20240918,海淀,定慧寺,101118620399,西三环 昆玉河畔 钓鱼台地铁站 闹中取静 改善洋房,2070万,125046元/平,底层 (共3层) 3室1厅 | 165.54平米 | 南 北,https://ke-image.ljcdn.com/110000-inspection/pc1_5JiGiXj2R_1.jpg!m_fill,w_280,h_210,f_jpg?from=ke.com
20240918,海淀,定慧寺,101116977370,朝南一居室不临街 南邻公园 近地铁,315万,79346元/平,高楼层 (共6层) 1室1厅 | 39.7平米 | 南,https://ke-image.ljcdn.com/110000-inspection/5c76760a-29b4-4555-b58e-de86fdef8c54_1000.jpg!m_fill,w_280,h_210,f_jpg?from=ke.com
20240918,海淀,定慧寺,101126598650,瑞新里满五年业主诚意出售大三居随时看房新上,1598万,103720元/平,底层 (共15层) | 2007年 | 3室2厅 | 154.07平米 | 南 北,https://ke-image.ljcdn.com/110000-inspection/pc1_dvOqMs6CX.jpg!m_fill,w_280,h_210,f_jpg?from=ke.com
20240918,海淀,定慧寺,101126566523,此房是满两年唯一南北通透交通方便不临街新上,505万,71127元/平,顶层 (共6层) 2室2厅 | 71平米 | 南 北,https://ke-image.ljcdn.com/110000-inspection/pc1_bqPTujOOK.jpg!m_fill,w_280,h_210,f_jpg?from=ke.com
20240918,海淀,定慧寺,101126549210,定慧西里 2室1厅 西北新上,449万,75590元/平,低楼层 (共16层) 2室1厅 | 59.4平米 | 西北,https://ke-image.ljcdn.com/110000-inspection/45b2259f-9c2a-4b14-a9be-71f5d2379cc1_1000.jpg!m_fill,w_280,h_210,f_jpg?from=ke.com
20240918,海淀,定慧寺,101126519994,双地铁交汇6号线10号线慈寿寺 八里庄北里新上,360万,82569元/平,高楼层 (共6层) 1室1厅 | 43.6平米 | 东,https://ke-image.ljcdn.com/110000-inspection/pc1_pDk15OLlW_1.jpg!m_fill,w_280,h_210,f_jpg?from=ke.com
20240918,海淀,定慧寺,101126501124,慈寿寺地铁站一路之隔 南北通透 满五唯一 有电梯新上,745万,84949元/平,中楼层 (共9层) | 1997年 | 2室1厅 | 87.7平米 | 南 北,https://ke-image.ljcdn.com/110000-inspection/pc1_mHMivMvzb_1.jpg!m_fill,w_280,h_210,f_jpg?from=ke.com
20240918,海淀,定慧寺,101126454900,海淀定慧寺 低楼层 南北三居 不临街 近地铁无遮挡,775万,86884元/平,低楼层 (共6层) 3室1厅 | 89.2平米 | 南 北,https://ke-image.ljcdn.com/110000-inspection/pc1_ciNJmFAk7_1.jpg!m_fill,w_280,h_210,f_jpg?from=ke.com
20240918,海淀,定慧寺,101126448233,定慧西里精装修电梯两居室可拎包入住,420万,76364元/平,高楼层 (共16层) | 1991年 | 2室1厅 | 55平米 | 东 北,https://ke-image.ljcdn.com/110000-inspection/pc1_6VSMU7TRx.jpg!m_fill,w_280,h_210,f_jpg?from=ke.com
20240918,海淀,定慧寺,101126441684,阜成路47号院一层精装修小三居业主诚售！,560万,98367元/平,底层 (共5层) 2室1厅 | 56.93平米 | 南 北,https://ke-image.ljcdn.com/110000-inspection/pc1_IHklgdeT8.jpg!m_fill,w_280,h_210,f_jpg?from=ke.com
20240918,海淀,定慧寺,101126425501,西三环航天桥北洼路！小区停车方便！南向不临街,386万,91253元/平,顶层 (共6层) 1室1厅 | 42.3平米 | 南,https://ke-image.ljcdn.com/110000-inspection/pc1_12gPgHUp8.jpg!m_fill,w_280,h_210,f_jpg?from=ke.com
20240918,海淀,定慧寺,101126416126,贸促会宿舍电梯直达有门禁管理好改造完看房方便。,599万,99934元/平,中楼层 (共16层) 2室1厅 | 59.94平米 | 西南,https://ke-image.ljcdn.com/110000-inspection/pc1_uepzTXnNM_2.jpg!m_fill,w_280,h_210,f_jpg?from=ke.com
20240918,海淀,定慧寺,101126378852,北洼路29号院 2室1厅 西南,795万,84810元/平,低楼层 (共17层) 2室1厅 | 93.74平米 | 西南,https://ke-image.ljcdn.com/110000-inspection/pc1_TUIHfYcv7.jpg!m_fill,w_280,h_210,f_jpg?from=ke.com
20240918,海淀,定慧寺,101126374824,三环昆玉河畔 高档日不落小洋房 270度观河双明卫,2500万,113174元/平,中楼层 (共17层) | 2018年 | 3室2厅 | 220.9平米 | 东南 北,https://ke-image.ljcdn.com/110000-inspection/pc1_jkmDAPinL.jpg!m_fill,w_280,h_210,f_jpg?from=ke.com
20240918,海淀,定慧寺,101126365087,八宝庄 办公厅家属院 1994年 3层  管理好,650万,73948元/平,中楼层 (共6层) | 1994年 | 3室1厅 | 87.9平米 | 南 北,https://ke-image.ljcdn.com/110000-inspection/pc1_j7H1gwJRp.jpg!m_fill,w_280,h_210,f_jpg?from=ke.com
20240918,海淀,定慧寺,101126282496,定慧西里南向一居室  采光好 不临街  交通便利,259万,65240元/平,顶层 (共6层) 1室1厅 | 39.7平米 | 南 北,https://ke-image.ljcdn.com/110000-inspection/pc1_TV4lXNukL.jpg!m_fill,w_280,h_210,f_jpg?from=ke.com
20240918,海淀,定慧寺,101126268381,北洼路42号院 南北通透三居室,540万,97844元/平,顶层 (共5层) 3室1厅 | 55.19平米 | 南 北,https://ke-image.ljcdn.com/110000-inspection/pc1_9VyK1pK97.jpg!m_fill,w_280,h_210,f_jpg?from=ke.com
20240918,海淀,定慧寺,101126244972,海淀区八宝庄两居室 带电梯 不临街 有公园,435万,62835元/平,低楼层 (共16层) 2室1厅 | 69.23平米 | 东北,https://ke-image.ljcdn.com/110000-inspection/26603024-a86f-43f5-a6ba-b51c011e5af7_1000.jpg!m_fill,w_280,h_210,f_jpg?from=ke.com
20240918,海淀,定慧寺,101126242980,永安东里 南北通透三居 客厅带窗户 满五年唯一,788万,83079元/平,高楼层 (共6层) 3室1厅 | 94.85平米 | 东 南 北,https://ke-image.ljcdn.com/110000-inspection/pc1_dQwiyKDme_1.jpg!m_fill,w_280,h_210,f_jpg?from=ke.com
20240918,海淀,定慧寺,101126229621,海淀定慧寺恩济庄82号  正规南北通透2居室诚意卖,419万,68230元/平,顶层 (共6层) 2室1厅 | 61.41平米 | 南 北,https://ke-image.ljcdn.com/110000-inspection/pc1_MgKfBe2zw_1.jpg!m_fill,w_280,h_210,f_jpg?from=ke.com
20240918,海淀,定慧寺,101126196096,定慧北里 市政设计院分房 4层 朝南 采光好,350万,68107元/平,中楼层 (共6层) 1室0厅 | 51.39平米 | 南,https://ke-image.ljcdn.com/110000-inspection/pc1_Xhln1QdAL.jpg!m_fill,w_280,h_210,f_jpg?from=ke.com
20240918,海淀,定慧寺,101126190073,北洼路62号院 3室1厅 南 北,660万,96070元/平,中楼层 (共5层) 3室1厅 | 68.7平米 | 南 北,https://ke-image.ljcdn.com/110000-inspection/pc1_dl6qlXpMS.jpg!m_fill,w_280,h_210,f_jpg?from=ke.com
20240918,海淀,定慧寺,101126170784,恩济庄46号院 4室2厅 南,1158万,66248元/平,低楼层 (共14层) 4室2厅 | 174.8平米 | 南,https://ke-image.ljcdn.com/110000-inspection/pc1_HF9zgEgtP_1.jpg!m_fill,w_280,h_210,f_jpg?from=ke.com
20240918,海淀,定慧寺,101126116002,亮甲店甲1号院 2室2厅 西,475万,67858元/平,中楼层 (共5层) 2室2厅 | 70平米 | 西,https://ke-image.ljcdn.com/110000-inspection/pc1_Omcb8eg2O.jpg!m_fill,w_280,h_210,f_jpg?from=ke.com
20240918,海淀,定慧寺,101126111099,水文大院 南北通透两居室 有独立客厅,480万,79339元/平,顶层 (共6层) 2室1厅 | 60.5平米 | 南 北,https://ke-image.ljcdn.com/110000-inspection/pc1_gunJlXVwv_2.jpg!m_fill,w_280,h_210,f_jpg?from=ke.com
20240918,海淀,定慧寺,101126055605,定慧西里 财政部家属楼 带电梯 管理好 交通便利,380万,66784元/平,中楼层 (共14层) 2室1厅 | 56.9平米 | 西南,https://ke-image.ljcdn.com/110000-inspection/pc1_GAQI0seHY.jpg!m_fill,w_280,h_210,f_jpg?from=ke.com
20240918,海淀,定慧寺,101126051979,满五年唯一商品房  全明格局  南北通透,650万,79463元/平,中楼层 (共16层) | 1991年 | 3室1厅 | 81.8平米 | 东 南 北,https://ke-image.ljcdn.com/110000-inspection/8b22271f-7e7f-49da-bb80-80623c6bc461_1000.jpg!m_fill,w_280,h_210,f_jpg?from=ke.com
20240918,海淀,定慧寺,101126032342,临河观景三居双卫明卫 层高3.3米 大面宽短进深,1600万,118686元/平,高楼层 (共23层) 3室1厅 | 134.81平米 | 东南 北,https://ke-image.ljcdn.com/110000-inspection/pc1_zxRxcGNtC_1.jpg!m_fill,w_280,h_210,f_jpg?from=ke.com
20240918,海淀,定慧寺,101125994229,正规三居有客厅西南朝向采光好。有车位。自住看房方,640万,74049元/平,低楼层 (共16层) | 1989年 | 3室1厅 | 86.43平米 | 西南,https://ke-image.ljcdn.com/110000-inspection/pc1_jJbuIU0qj_1.jpg!m_fill,w_280,h_210,f_jpg?from=ke.com
20240918,海淀,定慧寺,101125951076,定慧北里 中间层 南北两居 满五年唯一 诚售,479万,78397元/平,中楼层 (共6层) | 1994年 | 2室1厅 | 61.1平米 | 南 北,https://ke-image.ljcdn.com/110000-inspection/pc1_bCIbRXzPa.jpg!m_fill,w_280,h_210,f_jpg?from=ke.com
20240918,海淀,定慧寺,101125944178,四环里 低密商品房社区 人车分流 居住舒适 品质首,1550万,80224元/平,低楼层 (共15层) | 2003年 | 4室1厅 | 193.21平米 | 东南,https://ke-image.ljcdn.com/110000-inspection/pc1_NO5rDbECM_1.jpg!m_fill,w_280,h_210,f_jpg?from=ke.com
20240918,海淀,定慧寺,101125853551,五路居 恩济庄永安东里 客厅带阳台 诚意出售三居室,638万,73732元/平,顶层 (共6层) 3室1厅 | 86.53平米 | 南 北,https://ke-image.ljcdn.com/110000-inspection/pc1_9pe7UJLB5_1.jpg!m_fill,w_280,h_210,f_jpg?from=ke.com
20240918,海淀,定慧寺,101125850830,定慧福里北区 近地铁 三居室 带电梯,808万,76213元/平,高楼层 (共16层) | 2010年 | 3室1厅 | 106.02平米 | 南 北,https://ke-image.ljcdn.com/110000-inspection/pc1_Jt4vZbswG.jpg!m_fill,w_280,h_210,f_jpg?from=ke.com
20240918,海淀,定慧寺,101125819287,中化分房 独门独院 满五年 带电梯 金茂物业,420万,63349元/平,底层 (共16层) 2室1厅 | 66.3平米 | 西北,https://ke-image.ljcdn.com/110000-inspection/pc1_ZJDMqvO37.jpg!m_fill,w_280,h_210,f_jpg?from=ke.com
20240918,海淀,定慧寺,101125787414,安静采光好户型方正南北通透的两居满五唯一,515万,89878元/平,高楼层 (共6层) | 1989年 | 2室1厅 | 57.3平米 | 南 北,https://ke-image.ljcdn.com/110000-inspection/pc1_KOCcqwI4x_1.jpg!m_fill,w_280,h_210,f_jpg?from=ke.com
20240918,海淀,定慧寺,101125752186,定慧福里南区 车位,45万,12088元/平,地下室 1室0厅 | 37.23平米 | 南,https://ke-image.ljcdn.com/110000-inspection/pc1_Zp71sxeXq.jpg!m_fill,w_280,h_210,f_jpg?from=ke.com
20240918,海淀,定慧寺,101125724803,定慧北里 精装修南北两居室 独院管理 车位先到先停,535万,78194元/平,高楼层 (共6层) 2室1厅 | 68.42平米 | 南 北,https://ke-image.ljcdn.com/110000-inspection/pc1_Bbp7KIXrF_1.jpg!m_fill,w_280,h_210,f_jpg?from=ke.com
20240918,海淀,定慧寺,101125642006,八里庄北里 板楼中间3层 南北通透 临公园近地铁,698万,83294元/平,中楼层 (共6层) 3室1厅 | 83.8平米 | 南 北,https://ke-image.ljcdn.com/110000-inspection/pc1_ELaWxYbb8_1.jpg!m_fill,w_280,h_210,f_jpg?from=ke.com
20240918,海淀,定慧寺,101125584623,西钓五居室 南北通透  精装修 观昆玉河 观西山,4000万,112464元/平,高楼层 (共22层) 5室2厅 | 355.67平米 | 南 北,https://ke-image.ljcdn.com/110000-inspection/1a6de2aa-ba41-461a-acf4-eb2c682a48a3_1000.jpg!m_fill,w_280,h_210,f_jpg?from=ke.com
20240918,海淀,定慧寺,101125517831,南北通透 明厨明卫 一层两户 满五年 精装修,430万,78943元/平,顶层 (共6层) | 1991年 | 2室1厅 | 54.47平米 | 南 北,https://ke-image.ljcdn.com/110000-inspection/d05a04a9-2daf-4297-8de0-b8d7c04ad018_1000.jpg!m_fill,w_280,h_210,f_jpg?from=ke.com
20240918,海淀,定慧寺,101125491628,定慧东里中间楼层两居室 满五年唯一 出行便利,446万,72639元/平,中楼层 (共16层) 2室1厅 | 61.4平米 | 东北,https://ke-image.ljcdn.com/110000-inspection/c594edb6-8b9f-4217-a094-1c138dec0f81_1000.jpg!m_fill,w_280,h_210,f_jpg?from=ke.com
20240918,海淀,定慧寺,101125491299,定慧寺恩济庄82号院诚意出售南北两居,339万,58358元/平,高楼层 (共6层) 2室1厅 | 58.09平米 | 南 北,https://ke-image.ljcdn.com/110000-inspection/pc1_EKykO8x8U_1.jpg!m_fill,w_280,h_210,f_jpg?from=ke.com
20240918,海淀,定慧寺,101125487052,首师大家属院一室一厅有电梯中间层不临街,570万,122318元/平,顶层 (共16层) 1室1厅 | 46.6平米 | 南,https://ke-image.ljcdn.com/110000-inspection/pc1_6dOPuppTa.jpg!m_fill,w_280,h_210,f_jpg?from=ke.com
20240918,海淀,定慧寺,101125442688,西三环北路105号院 2室1厅 西南,585万,107537元/平,高楼层 (共6层) 2室1厅 | 54.4平米 | 西南,https://ke-image.ljcdn.com/110000-inspection/pc1_ap7rM2M8q.jpg!m_fill,w_280,h_210,f_jpg?from=ke.com
20240918,海淀,定慧寺,101125435391,海淀 西四环 诺亚新洲 改善平层  不临街 视野好,2790万,120456元/平,高楼层 (共15层) | 2007年 | 6室1厅 | 231.62平米 | 南 北,https://ke-image.ljcdn.com/110000-inspection/pc1_nxDcklpFq_1.jpg!m_fill,w_280,h_210,f_jpg?from=ke.com
20240918,海淀,定慧寺,101125408742,中塔园小区  随时可看  满五年  房主自荐,410万,72107元/平,顶层 (共6层) 2室1厅 | 56.86平米 | 东 西,https://ke-image.ljcdn.com/110000-inspection/pc1_d3HsBeBZ4_2.jpg!m_fill,w_280,h_210,f_jpg?from=ke.com
20240918,海淀,定慧寺,101125325906,定慧东里 带电梯 高层采光 视野无遮挡 不临街,710万,86798元/平,中楼层 (共16层) 3室1厅 | 81.8平米 | 东北 东 东南,https://ke-image.ljcdn.com/110000-inspection/pc1_5IDvWI4yK_2.jpg!m_fill,w_280,h_210,f_jpg?from=ke.com
20240918,海淀,定慧寺,101125321544,恩济里小区南北通透的两居满五唯一,363万,80667元/平,顶层 (共6层) 2室1厅 | 45平米 | 南 北,https://ke-image.ljcdn.com/110000-inspection/50cf9e4a-4c32-4c2a-a2ef-b23445636c1a_1000.jpg!m_fill,w_280,h_210,f_jpg?from=ke.com
20240918,海淀,定慧寺,101125307348,核二院优质三室明厨明卫格局好单位管理好停车便利,780万,93302元/平,中楼层 (共18层) | 1993年 | 3室1厅 | 83.6平米 | 东南 西北,https://ke-image.ljcdn.com/110000-inspection/pc1_m0N4xq8rE_2.jpg!m_fill,w_280,h_210,f_jpg?from=ke.com
20240918,海淀,定慧寺,101125214467,恩济花园本单元有电梯南北精装两居室另有使用权地下室,980万,111491元/平,顶层 (共6层) 2室2厅 | 87.9平米 | 南 北,https://ke-image.ljcdn.com/110000-inspection/d934f239-3c7c-47f6-a3cc-faa6a35c5945_1000.jpg!m_fill,w_280,h_210,f_jpg?from=ke.com
20240918,海淀,定慧寺,101125180597,慈寿寺 恩济里 精装修南北通透 业主诚售,766万,91300元/平,中楼层 (共7层) 2室2厅 | 83.9平米 | 南 北,https://ke-image.ljcdn.com/110000-inspection/pc1_q9rfqF71N_1.jpg!m_fill,w_280,h_210,f_jpg?from=ke.com
20240918,海淀,定慧寺,101125155166,北京印象 三居室 不临街 带车位 满五年唯一,1460万,80071元/平,低楼层 (共11层) | 2003年 | 3室2厅 | 182.34平米 | 南 北,https://ke-image.ljcdn.com/110000-inspection/pc1_k6hRtTu6k_2.jpg!m_fill,w_280,h_210,f_jpg?from=ke.com
20240918,海淀,定慧寺,101125153063,花园桥首师大 精装修电梯房 南向高楼层采光视野好房主自荐,525万,121810元/平,高楼层 (共18层) 1室1厅 | 43.1平米 | 南,https://ke-image.ljcdn.com/110000-inspection/pc1_ikmPs93cg_2.jpg!m_fill,w_280,h_210,f_jpg?from=ke.com
20240918,海淀,定慧寺,101125149095,慈寿寺 精装修 南北通透两居 视野开阔 业主诚售,539万,93772元/平,中楼层 (共6层) 2室1厅 | 57.48平米 | 南 北,https://ke-image.ljcdn.com/110000-inspection/pc1_CAkR3g7k0_1.jpg!m_fill,w_280,h_210,f_jpg?from=ke.com
20240918,海淀,定慧寺,101125116110,定慧北里南北通透精装修 两居室 带车位,589万,80137元/平,高楼层 (共6层) 2室1厅 | 73.5平米 | 南 北,https://ke-image.ljcdn.com/110000-inspection/pc1_kiSTXPrie.jpg!m_fill,w_280,h_210,f_jpg?from=ke.com
20240918,海淀,定慧寺,101125079616,满五唯一建设部家属楼宽面宽户型好用好停车,446万,75915元/平,顶层 (共4层) 2室1厅 | 58.75平米 | 东,https://ke-image.ljcdn.com/110000-inspection/pc1_thVfeYEzJ.jpg!m_fill,w_280,h_210,f_jpg?from=ke.com
20240918,海淀,定慧寺,101125057080,恩济庄缘 5室3厅 南 北,1358万,63697元/平,顶层 (共6层) 5室3厅 | 213.2平米 | 南 北,https://ke-image.ljcdn.com/110000-inspection/pc1_L66p06uLz_1.jpg!m_fill,w_280,h_210,f_jpg?from=ke.com
20240918,海淀,定慧寺,101124994384,西三环 昆玉河畔 南北三居双卫 大面宽 成本低,1480万,116316元/平,低楼层 (共17层) | 2018年 | 3室2厅 | 127.24平米 | 南 北,https://ke-image.ljcdn.com/110000-inspection/pc1_cTkfyonZH.jpg!m_fill,w_280,h_210,f_jpg?from=ke.com
20240918,海淀,定慧寺,101124972371,定慧福里南区南北通透两居室满五年唯一中高楼层,960万,98573元/平,高楼层 (共12层) | 2011年 | 2室1厅 | 97.39平米 | 南 北,https://ke-image.ljcdn.com/110000-inspection/pc1_gTXmNgxPR_1.jpg!m_fill,w_280,h_210,f_jpg?from=ke.com
20240918,海淀,定慧寺,101124854695,定慧寺亮甲店小区大两居室 满五唯一看房方便房主自荐,568万,63821元/平,高楼层 (共7层) 2室1厅 | 89平米 | 东 西南,https://ke-image.ljcdn.com/110000-inspection/aa2204b9-5dce-4a03-89ee-5974d8d747fd_1000.jpg!m_fill,w_280,h_210,f_jpg?from=ke.com
20240918,海淀,定慧寺,101124822898,南北通透两居室户型方正南北卧室双阳台,540万,69741元/平,低楼层 (共10层) | 2000年 | 2室1厅 | 77.43平米 | 南 北,https://ke-image.ljcdn.com/110000-inspection/pc1_Opj7NLBR2_1.jpg!m_fill,w_280,h_210,f_jpg?from=ke.com
20240918,海淀,定慧寺,101124773468,永安东里东西两居室精装两居室业主诚售,530万,68832元/平,顶层 (共5层) 2室2厅 | 77平米 | 东 西,https://ke-image.ljcdn.com/110000-inspection/pc1_Rs7uG1qy4_1.jpg!m_fill,w_280,h_210,f_jpg?from=ke.com
20240918,海淀,定慧寺,101124726394,定慧北里 3室2厅 南 北,1050万,87669元/平,底层 (共6层) 3室2厅 | 119.77平米 | 南 北,https://ke-image.ljcdn.com/110000-inspection/pc1_xZ2yuKBTs_1.jpg!m_fill,w_280,h_210,f_jpg?from=ke.com
20240918,海淀,定慧寺,101124703271,航天桥 工商大学 核二院  电梯三居 全明户型,785万,95849元/平,中楼层 (共18层) 3室1厅 | 81.9平米 | 东南 西北,https://ke-image.ljcdn.com/110000-inspection/pc1_jy7NFjSdG.jpg!m_fill,w_280,h_210,f_jpg?from=ke.com
20240918,海淀,定慧寺,101124694889,恩济庄96号院带钥匙复式五居南北通透全明格局,798万,66445元/平,顶层 (共6层) 5室1厅 | 120.1平米 | 南 北,https://ke-image.ljcdn.com/110000-inspection/pc1_tp6Fieu7h_1.jpg!m_fill,w_280,h_210,f_jpg?from=ke.com
20240918,海淀,定慧寺,101124593459,航天桥 八里庄北里 带电梯的一居室 临公园近地铁,380万,84071元/平,高楼层 (共12层) 1室1厅 | 45.2平米 | 西,https://ke-image.ljcdn.com/110000-inspection/pc1_KWXtplxLD_1.jpg!m_fill,w_280,h_210,f_jpg?from=ke.com
20240918,海淀,定慧寺,101124586093,首师大家属院全南两居室业主诚心出售,820万,101991元/平,中楼层 (共18层) | 1998年 | 2室1厅 | 80.4平米 | 南,https://ke-image.ljcdn.com/110000-inspection/pc1_fwnYKDwtK_2.jpg!m_fill,w_280,h_210,f_jpg?from=ke.com
20240918,海淀,定慧寺,101124548410,五居室 南北通透 居住舒适 观昆玉河 观西山,4300万,120899元/平,低楼层 (共22层) 5室2厅 | 355.67平米 | 南 北,https://ke-image.ljcdn.com/110000-inspection/pc1_IC5UC16K4_1.jpg!m_fill,w_280,h_210,f_jpg?from=ke.com
20240918,海淀,定慧寺,101124546958,福里带电梯三居室南北通透业主诚意出售,850万,84126元/平,中楼层 (共16层) | 2010年 | 3室1厅 | 101.04平米 | 南 北,https://ke-image.ljcdn.com/110000-inspection/pc1_nqkQKsk1u_1.jpg!m_fill,w_280,h_210,f_jpg?from=ke.com
20240918,海淀,定慧寺,101124546594,定慧福里北区6号线地铁南北精装修,598万,78170元/平,高楼层 (共16层) | 2010年 | 2室1厅 | 76.5平米 | 南 北,https://ke-image.ljcdn.com/110000-inspection/pc1_05M4btgVG.jpg!m_fill,w_280,h_210,f_jpg?from=ke.com
20240918,海淀,定慧寺,101124546632,五路居地铁亮甲店小区精装修南向,268万,58580元/平,地下室 (共7层) 3室1厅 | 45.75平米 | 南,https://ke-image.ljcdn.com/110000-inspection/pc1_1nhvNN8eE_1.jpg!m_fill,w_280,h_210,f_jpg?from=ke.com
20240918,海淀,定慧寺,101124546597,定慧福里南区朝南三居室业主诚心卖,850万,102472元/平,顶层 (共13层) | 2011年 | 3室1厅 | 82.95平米 | 南,https://ke-image.ljcdn.com/110000-inspection/pc1_pwcrrNeFL_1.jpg!m_fill,w_280,h_210,f_jpg?from=ke.com
20240918,海淀,定慧寺,101124545912,安装宿舍楼下地铁站南向正规一室,300万,76336元/平,中楼层 (共6层) | 1991年 | 1室1厅 | 39.3平米 | 南,https://ke-image.ljcdn.com/110000-inspection/pc1_bJQCnIA45.jpg!m_fill,w_280,h_210,f_jpg?from=ke.com
20240918,海淀,定慧寺,101124544654,房子全明格局 精装修 近地铁 临公园 诚心出售,310万,74341元/平,中楼层 (共6层) 2室1厅 | 41.7平米 | 东,https://ke-image.ljcdn.com/110000-inspection/pc1_ITnPv8AlS_2.jpg!m_fill,w_280,h_210,f_jpg?from=ke.com
20240918,海淀,定慧寺,101124543692,八里庄北里小区精装东西通透一居室,360万,82759元/平,顶层 (共6层) 1室1厅 | 43.5平米 | 东 北 西,https://ke-image.ljcdn.com/110000-inspection/pc1_oGAnKRgOo.jpg!m_fill,w_280,h_210,f_jpg?from=ke.com
20240918,海淀,定慧寺,101124543551,海淀 八里庄 纯商品房社区 人车分流 近地铁！,930万,97803元/平,顶层 (共9层) | 2011年 | 2室1厅 | 95.09平米 | 南 北,https://ke-image.ljcdn.com/110000-inspection/pc1_XuUQRKuYf_1.jpg!m_fill,w_280,h_210,f_jpg?from=ke.com
20240918,海淀,定慧寺,101124542457,亮甲店小区南北三居室满五年央产房,750万,75981元/平,高楼层 (共7层) | 1997年 | 3室1厅 | 98.71平米 | 东南 北,https://ke-image.ljcdn.com/110000-inspection/pc1_lFlSwRixd_1.jpg!m_fill,w_280,h_210,f_jpg?from=ke.com
20240918,海淀,定慧寺,101124446220,八里庄北洼路板楼通透中间层全天阳光房主诚心,550万,102997元/平,低楼层 (共6层) 2室1厅 | 53.4平米 | 南 北,https://ke-image.ljcdn.com/110000-inspection/pc1_b74lVPE5a.jpg!m_fill,w_280,h_210,f_jpg?from=ke.com
20240918,海淀,定慧寺,101124365691,八里庄北里 电梯房 双地铁 双公园 97年建成,626万,81831元/平,低楼层 (共16层) 2室1厅 | 76.5平米 | 西南,https://ke-image.ljcdn.com/110000-inspection/db8400d9-9c67-40c3-9dd2-68ac55a27d96_1000.jpg!m_fill,w_280,h_210,f_jpg?from=ke.com
20240918,海淀,定慧寺,101124314610,八宝庄满五唯一复式结构 精装修,440万,61972元/平,顶层 (共6层) 3室1厅 | 71平米 | 东 西,https://ke-image.ljcdn.com/110000-inspection/pc1_ZEYjtEiiR.jpg!m_fill,w_280,h_210,f_jpg?from=ke.com
20240918,海淀,定慧寺,101124085941,定慧福里北区2011年建成楼下地铁口,535万,69844元/平,中楼层 (共16层) | 2010年 | 2室1厅 | 76.6平米 | 南 北,https://ke-image.ljcdn.com/110000-inspection/pc1_G0Cf07Nn4_1.jpg!m_fill,w_280,h_210,f_jpg?from=ke.com
20240918,海淀,定慧寺,101124048889,城内同价位环境品质天花板 地铁口 加点钱不住老小区房主自荐,950万,104030元/平,低楼层 (共17层) | 2018年 | 2室1厅 | 91.32平米 | 西北 东北,https://ke-image.ljcdn.com/110000-inspection/pc1_6kWCVFire.jpg!m_fill,w_280,h_210,f_jpg?from=ke.com
20240918,海淀,定慧寺,101124030029,恩济里小区 中楼层 南北通透 不临街 采光好,515万,88020元/平,中楼层 (共6层) 2室1厅 | 58.51平米 | 南 北,https://ke-image.ljcdn.com/110000-inspection/pc1_1KIJVPKrv_1.jpg!m_fill,w_280,h_210,f_jpg?from=ke.com
20240918,海淀,定慧寺,101124024171,阜成路95号院西钓鱼台地铁阜成路航天桥供电局宿舍房主自荐,850万,113334元/平,顶层 (共6层) 3室1厅 | 75平米 | 南 北,https://ke-image.ljcdn.com/110000-inspection/e1c2352c-6429-4a5e-b4fb-9eeafe82c239_1000.jpg!m_fill,w_280,h_210,f_jpg?from=ke.com
20240918,海淀,定慧寺,101123989146,满五年央产双客厅楼龄新中间楼层不临街,550万,82670元/平,中楼层 (共6层) | 1992年 | 2室1厅 | 66.53平米 | 东 西,https://ke-image.ljcdn.com/110000-inspection/pc1_1aSNJosn9_1.jpg!m_fill,w_280,h_210,f_jpg?from=ke.com
20240918,海淀,定慧寺,101123987314,购房成本低使用面积大居住人员素质高看房方便,730万,78159元/平,顶层 (共7层) 3室1厅 | 93.4平米 | 南 北,https://ke-image.ljcdn.com/110000-inspection/pc1_DeODtclly_1.jpg!m_fill,w_280,h_210,f_jpg?from=ke.com
20240918,海淀,定慧寺,101123849188,定慧福里南区 精装两居 近地铁 南北朝向房主自荐,980万,87932元/平,低楼层 (共9层) | 2011年 | 2室1厅 | 111.45平米 | 南 北,https://ke-image.ljcdn.com/110000-inspection/pc1_6GzwKtmlI_1.jpg!m_fill,w_280,h_210,f_jpg?from=ke.com
20240918,海淀,定慧寺,101123846351,双轨交汇慈寿寺地铁站 小区东门直接通公园带电梯钢混,450万,72174元/平,低楼层 (共16层) | 1997年 | 1室1厅 | 62.35平米 | 东南,https://ke-image.ljcdn.com/110000-inspection/pc1_oU6FACLTA_1.jpg!m_fill,w_280,h_210,f_jpg?from=ke.com
20240918,海淀,定慧寺,101123803925,昆玉河湾环抱西三环空中别墅玉渊潭在畔西山拱卫,8800万,111670元/平,顶层 (共22层) | 2006年 | 9室4厅 | 788.04平米 | 南 北 东,https://ke-image.ljcdn.com/110000-inspection/pc1_S9Q5DDe5n.jpg!m_fill,w_280,h_210,f_jpg?from=ke.com
20240918,海淀,定慧寺,101123748804,亮甲店小区 大三居 看房方便 近地铁 诚意出售房主自荐,560万,67781元/平,顶层 (共7层) 3室2厅 | 82.62平米 | 东南,https://ke-image.ljcdn.com/110000-inspection/pc1_DYgykezQo.jpg!m_fill,w_280,h_210,f_jpg?from=ke.com
20240918,海淀,定慧寺,101123644086,恩济庄缘正规带电梯复式三居单价低业主诚意出售,1320万,55926元/平,中楼层 (共12层) 3室1厅 | 236.03平米 | 南 北,https://ke-image.ljcdn.com/110000-inspection/pc1_IQP5pyhsS_1.jpg!m_fill,w_280,h_210,f_jpg?from=ke.com
20240918,海淀,定慧寺,101123622169,五路居 定慧福里北区 近地铁 正规一居 不临街 无遮挡,405万,71593元/平,顶层 (共16层) | 2010年 | 1室1厅 | 56.57平米 | 东,https://ke-image.ljcdn.com/110000-inspection/pc1_Kzsy8YyNa.jpg!m_fill,w_280,h_210,f_jpg?from=ke.com
20240918,海淀,定慧寺,101123566420,核情报所宿舍 管理好 花园式小区 南北通透,699万,116695元/平,顶层 (共6层) | 1982年 | 2室1厅 | 59.9平米 | 南 北,https://ke-image.ljcdn.com/110000-inspection/pc1_XTkK8PSbn.jpg!m_fill,w_280,h_210,f_jpg?from=ke.com
20240918,海淀,定慧寺,101123546630,十号线两居低楼层南北通透采光好业主诚意卖南侧公园房主自荐,440万,79280元/平,底层 (共6层) 2室1厅 | 55.5平米 | 南 北,https://ke-image.ljcdn.com/110000-inspection/pc1_h9uDbsvpo.jpg!m_fill,w_280,h_210,f_jpg?from=ke.com
20240918,海淀,定慧寺,101123508921,核二院 马神庙一号 精装修 满五唯一央产房,540万,129808元/平,底层 (共5层) 2室1厅 | 41.6平米 | 南 北,https://ke-image.ljcdn.com/110000-inspection/pc1_nhMzP36qA.jpg!m_fill,w_280,h_210,f_jpg?from=ke.com
20240918,海淀,定慧寺,101123424798,电梯南北通透双阳台视野光线好,590万,72527元/平,中楼层 (共12层) 2室1厅 | 81.35平米 | 南 北,https://ke-image.ljcdn.com/110000-inspection/pc1_CgRT3xJYu_1.jpg!m_fill,w_280,h_210,f_jpg?from=ke.com
20240918,海淀,定慧寺,101123409947,定慧东里 满五唯一 全明格局 采光好 视野开阔,520万,75692元/平,顶层 (共6层) 3室1厅 | 68.7平米 | 南 北,https://ke-image.ljcdn.com/110000-inspection/pc1_ZDIDqox7x.jpg!m_fill,w_280,h_210,f_jpg?from=ke.com
20240918,海淀,定慧寺,101123301973,粮食局宿舍 2室1厅 东北,428万,77960元/平,中楼层 (共6层) | 1980年 | 2室1厅 | 54.9平米 | 东北,https://ke-image.ljcdn.com/110000-inspection/pc1_KwVDOC0M9.jpg!m_fill,w_280,h_210,f_jpg?from=ke.com
20240918,海淀,定慧寺,101123290778,又一村 2室1厅 南 北,428万,80755元/平,中楼层 (共6层) | 1987年 | 2室1厅 | 53平米 | 南 北,https://ke-image.ljcdn.com/110000-inspection/pc1_VKXHqH9wh.jpg!m_fill,w_280,h_210,f_jpg?from=ke.com
20240918,海淀,定慧寺,101123281206,临河观景改善居住高档品质小区钥匙我手里随时可看,820万,89795元/平,中楼层 (共17层) | 2018年 | 2室1厅 | 91.32平米 | 东北,https://ke-image.ljcdn.com/110000-inspection/pc1_J1VF3HMv2_1.jpg!m_fill,w_280,h_210,f_jpg?from=ke.com
20240918,海淀,定慧寺,101123179081,定慧福里北区 精装 两居室  东西通透 有电梯,498万,67035元/平,中楼层 (共13层) | 2010年 | 2室1厅 | 74.29平米 | 东 西,https://ke-image.ljcdn.com/110000-inspection/pc1_FSPLSQyZ3.jpg!m_fill,w_280,h_210,f_jpg?from=ke.com
20240918,海淀,定慧寺,101123157142,定慧东里优质一居室房屋满五年唯一管理好,372万,82484元/平,低楼层 (共16层) 1室1厅 | 45.1平米 | 东 北,https://ke-image.ljcdn.com/110000-inspection/pc1_UxJn5XlCh.jpg!m_fill,w_280,h_210,f_jpg?from=ke.com
20240918,海淀,定慧寺,101123075697,南北通透精装修两居室诚意出售看房方便,580万,95082元/平,高楼层 (共6层) 2室1厅 | 61平米 | 南 北,https://ke-image.ljcdn.com/110000-inspection/pc1_wKaLlOnAU_1.jpg!m_fill,w_280,h_210,f_jpg?from=ke.com
20240918,海淀,定慧寺,101123060328,定慧福里南区  近地铁 四环内 南北两居室,1100万,104187元/平,低楼层 (共9层) | 2011年 | 2室2厅 | 105.58平米 | 南 北,https://ke-image.ljcdn.com/110000-inspection/pc1_ePdHExT0v_1.jpg!m_fill,w_280,h_210,f_jpg?from=ke.com
20240918,海淀,定慧寺,101123031775,花园桥航天桥首师大家属院 105号院南向两居室采光好,616万,106575元/平,顶层 (共6层) 2室1厅 | 57.8平米 | 南,https://ke-image.ljcdn.com/110000-inspection/pc1_le4WyJfUL.jpg!m_fill,w_280,h_210,f_jpg?from=ke.com
20240918,海淀,定慧寺,101122980958,水文大院 2室1厅 西南,609万,91032元/平,顶层 (共6层) 2室1厅 | 66.9平米 | 西南,https://ke-image.ljcdn.com/110000-inspection/pc1_TZTU8hF2g_1.jpg!m_fill,w_280,h_210,f_jpg?from=ke.com
20240918,海淀,定慧寺,101122792435,定慧寺亮甲店小区南北向两居室 满五唯一诚心出售,310万,52992元/平,地下室 (共7层) 2室1厅 | 58.5平米 | 南 北,https://ke-image.ljcdn.com/110000-inspection/pc1_VcDb1AlZE_1.jpg!m_fill,w_280,h_210,f_jpg?from=ke.com
20240918,海淀,定慧寺,101122792256,亮甲店小区出门地铁口南北二室业主诚心出售,390万,67827元/平,地下室 (共7层) | 1998年 | 2室1厅 | 57.5平米 | 南 北,https://ke-image.ljcdn.com/110000-inspection/pc1_tWBYhkkPF_1.jpg!m_fill,w_280,h_210,f_jpg?from=ke.com
20240918,海淀,定慧寺,101122735721,定慧寺定慧北里朝南向两居室满五年唯一低楼层无遮挡,480万,75460元/平,中楼层 (共5层) 2室1厅 | 63.61平米 | 南,https://ke-image.ljcdn.com/110000-inspection/pc1_EbSnmvRPo_1.jpg!m_fill,w_280,h_210,f_jpg?from=ke.com
20240918,海淀,定慧寺,101122667261,定慧福里北区南北三居室业主诚心卖,800万,79279元/平,高楼层 (共16层) | 2010年 | 3室1厅 | 100.91平米 | 南 北 西,https://ke-image.ljcdn.com/110000-inspection/pc1_BYMi3qQm0_1.jpg!m_fill,w_280,h_210,f_jpg?from=ke.com
20240918,海淀,定慧寺,101122415245,科委宿舍 3室1厅 南 北,788万,116054元/平,中楼层 (共14层) | 1985年 | 3室1厅 | 67.9平米 | 南 北,https://ke-image.ljcdn.com/110000-inspection/pc1_FRqpnbVRO.jpg!m_fill,w_280,h_210,f_jpg?from=ke.com
20240918,海淀,定慧寺,101122414475,北洼路44号院 2室1厅 北 南,485万,85993元/平,顶层 (共6层) | 1999年 | 2室1厅 | 56.4平米 | 北 南,https://ke-image.ljcdn.com/110000-inspection/pc1_PyYSujEnS.jpg!m_fill,w_280,h_210,f_jpg?from=ke.com
20240918,海淀,定慧寺,101122309884,航天桥核二院 3室1厅东南 有电梯业主诚售单价低随时看,725万,90400元/平,顶层 (共18层) 3室1厅 | 80.2平米 | 东南,https://ke-image.ljcdn.com/110000-inspection/bea42845-1296-4a76-ba88-37dec3d85710_1000.jpg!m_fill,w_280,h_210,f_jpg?from=ke.com
20240918,海淀,定慧寺,101121961989,定慧寺五路居新装修亮甲店三居方便看房,400万,51647元/平,地下室 (共7层) 3室1厅 | 77.45平米 | 东北,https://ke-image.ljcdn.com/110000-inspection/pc1_V0H08qvn7_1.jpg!m_fill,w_280,h_210,f_jpg?from=ke.com
20240918,海淀,定慧寺,101121343378,亮甲店小区带电梯大两居室满五年唯一,730万,80220元/平,高楼层 (共7层) | 1997年 | 2室1厅 | 91平米 | 东 西,https://ke-image.ljcdn.com/110000-inspection/pc1_vCSuUfhlW_2.jpg!m_fill,w_280,h_210,f_jpg?from=ke.com
20240918,海淀,定慧寺,101118748243,恩济里复式  南北通透  三室两厅  满五唯一  看房方便,699万,74840元/平,顶层 (共7层) 3室2厅 | 93.4平米 | 南 北,https://ke-image.ljcdn.com/110000-inspection/pc1_BAUrdn8Ce_1.jpg!m_fill,w_280,h_210,f_jpg?from=ke.com
20240918,海淀,定慧寺,101116717935,诚意出售 看房子方便 独院管理 格局方正,1058万,92322元/平,中楼层 (共16层) | 1996年 | 2室1厅 | 114.6平米 | 东南,https://ke-image.ljcdn.com/110000-inspection/pc1_AKlMq2LyF_1.jpg!m_fill,w_280,h_210,f_jpg?from=ke.com
20240918,海淀,定慧寺,101126611301,大区聚焦房源 海淀八里庄北里 精装3居临公园近地铁新上,598万,75601元/平,顶层 (共6层) 3室1厅 | 79.1平米 | 东南,https://s1.ljcdn.com/pegasus/redskull/images/common/default_house_list.png?_v=20240826145726
20240918,海淀,定慧寺,101126597148,八里庄北里 2室1厅 西南新上,668万,81863元/平,顶层 (共16层) | 1997年 | 2室1厅 | 81.6平米 | 西南,https://s1.ljcdn.com/pegasus/redskull/images/common/default_house_list.png?_v=20240826145726
20240918,海淀,定慧寺,101126594618,定慧寺 电梯大一居 高层视野开阔 阳光足物业管理好新上,350万,75432元/平,高楼层 (共16层) | 1990年 | 1室1厅 | 46.4平米 | 西南,https://s1.ljcdn.com/pegasus/redskull/images/common/default_house_list.png?_v=20240826145726
20240918,海淀,定慧寺,101126429550,永安东里 2室2厅 南 北,838万,90302元/平,中楼层 (共6层) 2室2厅 | 92.8平米 | 南 北,https://s1.ljcdn.com/pegasus/redskull/images/common/default_house_list.png?_v=20240826145726
20240918,海淀,定慧寺,101126426265,北京印象大两居满五年唯一 人车分流诚意出售临地铁,960万,83146元/平,底层 (共12层) 2室2厅 | 115.46平米 | 东 西,https://s1.ljcdn.com/pegasus/redskull/images/common/default_house_list.png?_v=20240826145726
20240918,海淀,定慧寺,101126356722,核二院 3室1厅 南 北,795万,90547元/平,顶层 (共7层) 3室1厅 | 87.8平米 | 南 北,https://s1.ljcdn.com/pegasus/redskull/images/common/default_house_list.png?_v=20240826145726
20240918,海淀,定慧寺,101126353010,恩济里小区 一层南北边户两居室 全明格局,545万,105641元/平,底层 (共6层) 2室1厅 | 51.59平米 | 南 西 北,https://s1.ljcdn.com/pegasus/redskull/images/common/default_house_list.png?_v=20240826145726
20240918,海淀,定慧寺,101126331442,定慧北里 3室1厅 南 北,680万,93228元/平,中楼层 (共6层) 3室1厅 | 72.94平米 | 南 北,https://s1.ljcdn.com/pegasus/redskull/images/common/default_house_list.png?_v=20240826145726
20240918,海淀,定慧寺,101126283102,亮甲店小区精装两居室,490万,75700元/平,高楼层 (共7层) 2室1厅 | 64.73平米 | 南 北,https://s1.ljcdn.com/pegasus/redskull/images/common/default_house_list.png?_v=20240826145726
20240918,海淀,定慧寺,101126230072,八里庄路62号院 1室0厅 西,140万,28654元/平,顶层 (共19层) | 2012年 | 1室0厅 | 48.86平米 | 西,https://s1.ljcdn.com/pegasus/redskull/images/common/default_house_list.png?_v=20240826145726
20240918,海淀,定慧寺,101126169685,北洼路44号院 3室1厅 南 西 北,556万,89968元/平,低楼层 (共6层) 3室1厅 | 61.8平米 | 南 西 北,https://s1.ljcdn.com/pegasus/redskull/images/common/default_house_list.png?_v=20240826145726
20240918,海淀,定慧寺,101126159644,定慧福里南区 西四环内  两居室 近地铁 满五年唯,688万,89386元/平,高楼层 (共17层) | 2011年 | 2室1厅 | 76.97平米 | 东,https://s1.ljcdn.com/pegasus/redskull/images/common/default_house_list.png?_v=20240826145726
20240918,海淀,定慧寺,101125894911,满五年 金茂物业 独门独院 西南采光好 停车方便,450万,73290元/平,中楼层 (共16层) | 1988年 | 2室1厅 | 61.4平米 | 西南,https://s1.ljcdn.com/pegasus/redskull/images/common/default_house_list.png?_v=20240826145726
20240918,海淀,定慧寺,101125609267,玲珑天地 1室0厅 北,228万,40170元/平,中楼层 (共12层) | 2012年 | 1室0厅 | 56.76平米 | 北,https://s1.ljcdn.com/pegasus/redskull/images/common/default_house_list.png?_v=20240826145726
20240918,海淀,定慧寺,101125512386,八里庄路62号院 1室1厅 东,195万,37500元/平,中楼层 (共19层) | 2012年 | 1室1厅 | 52平米 | 东,https://s1.ljcdn.com/pegasus/redskull/images/common/default_house_list.png?_v=20240826145726
20240918,海淀,定慧寺,101125491110,八宝庄 3室1厅 南 北,540万,79647元/平,中楼层 (共6层) 3室1厅 | 67.8平米 | 南 北,https://s1.ljcdn.com/pegasus/redskull/images/common/default_house_list.png?_v=20240826145726
20240918,海淀,定慧寺,101124922090,定慧东里 1室1厅 东,340万,77344元/平,中楼层 (共16层) | 1990年 | 1室1厅 | 43.96平米 | 东,https://s1.ljcdn.com/pegasus/redskull/images/common/default_house_list.png?_v=20240826145726
20240918,海淀,定慧寺,101124582745,八里庄路62号院 1室0厅 北,155万,30883元/平,低楼层 (共19层) | 2012年 | 1室0厅 | 50.19平米 | 北,https://s1.ljcdn.com/pegasus/redskull/images/common/default_house_list.png?_v=20240826145726
20240918,海淀,定慧寺,101124547439,八里庄路62号院6号线地铁诚意出售,153万,30485元/平,低楼层 (共19层) | 2012年 | 1室1厅 | 50.19平米 | 北,https://s1.ljcdn.com/pegasus/redskull/images/common/default_house_list.png?_v=20240826145726
20240918,海淀,定慧寺,101124546963,玲珑天地楼下地铁口业主诚意出售,398万,45758元/平,中楼层 (共12层) | 2012年 | 2室1厅 | 86.98平米 | 南,https://s1.ljcdn.com/pegasus/redskull/images/common/default_house_list.png?_v=20240826145726
20240918,海淀,定慧寺,101124451404,八里庄路62号院 2室1厅 西南,350万,36936元/平,低楼层 (共19层) | 2012年 | 2室1厅 | 94.76平米 | 西南,https://s1.ljcdn.com/pegasus/redskull/images/common/default_house_list.png?_v=20240826145726
20240918,海淀,定慧寺,101124259789,定慧北里  客厅带阳台  视野采光好  满五唯一,470万,60685元/平,高楼层 (共6层) 2室1厅 | 77.45平米 | 东 西,https://s1.ljcdn.com/pegasus/redskull/images/common/default_house_list.png?_v=20240826145726
20240918,海淀,定慧寺,101123653164,八里庄北里视野开阔三居室邻近南门购物方便,596万,85022元/平,高楼层 (共6层) 3室1厅 | 70.1平米 | 东 西,https://s1.ljcdn.com/pegasus/redskull/images/common/default_house_list.png?_v=20240826145726
20240918,海淀,定慧寺,101123537922,八里庄路62号院 1室0厅 西,142万,28624元/平,低楼层 (共19层) | 2012年 | 1室0厅 | 49.61平米 | 西,https://s1.ljcdn.com/pegasus/redskull/images/common/default_house_list.png?_v=20240826145726
20240918,海淀,定慧寺,101123090764,玲珑天地 1室1厅 北,161万,36666元/平,高楼层 (共12层) | 2012年 | 1室1厅 | 43.91平米 | 北,https://s1.ljcdn.com/pegasus/redskull/images/common/default_house_list.png?_v=20240826145726
20240918,海淀,定慧寺,101119586713,房子采光好楼层比较好配套设备齐全交通方便。,170万,33872元/平,中楼层 (共19层) | 2012年 | 1室0厅 | 50.19平米 | 北,https://s1.ljcdn.com/pegasus/redskull/images/common/default_house_list.png?_v=20240826145726
20240918,海淀,定慧寺,101117124810,玲珑天地 南向 光线好 高楼层 无遮挡 视野开阔,350万,40143元/平,顶层 (共12层) | 2012年 | 1室1厅 | 87.19平米 | 南,https://s1.ljcdn.com/pegasus/redskull/images/common/default_house_list.png?_v=20240826145726
20240918,海淀,定慧寺,101114871286,玲珑天地  楼下是地铁站对面是亮甲店菜市场,365万,41964元/平,中楼层 (共12层) | 2012年 | 1室1厅 | 86.98平米 | 南,https://s1.ljcdn.com/pegasus/redskull/images/common/default_house_list.png?_v=20240826145726
20240918,海淀,定慧寺,101113741128,八里庄路62号院房子优质地理位置优越,188万,37896元/平,低楼层 (共19层) | 2012年 | 1室1厅 | 49.61平米 | 西,https://s1.ljcdn.com/pegasus/redskull/images/common/default_house_list.png?_v=20240826145726
