20240918,通州,玉桥,101126572369,格兰晴天 2室1厅 南 北必看好房,309万,39369元/平,中楼层 (共9层) 2室1厅 | 78.49平米 | 南 北,https://ke-image.ljcdn.com/110000-inspection/66e863bc-939a-4fee-812e-560805eca3a6_1000.jpg!m_fill,w_280,h_210,f_jpg?from=ke.com
20240918,通州,玉桥,101126380903,格兰晴天精装修经典三居业主诚心出售必看好房,629万,47979元/平,中楼层 (共9层) | 2004年 | 3室1厅 | 131.1平米 | 南 北,https://ke-image.ljcdn.com/110000-inspection/pc1_nUryn053l.jpg!m_fill,w_280,h_210,f_jpg?from=ke.com
20240918,通州,玉桥,101126198620,合生滨江帝景二期 满五年唯一 正南向 无遮挡 三居必看好房,490万,49301元/平,低楼层 (共18层) | 2016年 | 3室2厅 | 99.39平米 | 南,https://ke-image.ljcdn.com/110000-inspection/pc1_ZWpYRfxNE_1.jpg!m_fill,w_280,h_210,f_jpg?from=ke.com
20240918,通州,玉桥,101125998632,玉桥东里 2室1厅 东 南 北必看好房,259万,33611元/平,高楼层 (共24层) | 2010年 | 2室1厅 | 77.06平米 | 东 南 北,https://ke-image.ljcdn.com/110000-inspection/pc1_1ZdssgQGg.jpg!m_fill,w_280,h_210,f_jpg?from=ke.com
20240918,通州,玉桥,101125757037,格兰晴天三居室 电梯房采光好没遮挡。必看好房,540万,40959元/平,低楼层 (共9层) 3室1厅 | 131.84平米 | 南 西,https://ke-image.ljcdn.com/110000-inspection/01195f06-5ba1-4fcf-985f-75fd0e13708b_1000.jpg!m_fill,w_280,h_210,f_jpg?from=ke.com
20240918,通州,玉桥,101126311057,玉桥南里 2室1厅 南 北必看好房,228万,33808元/平,底层 (共6层) 2室1厅 | 67.44平米 | 南 北,https://ke-image.ljcdn.com/110000-inspection/8a9e05d1-5291-4c37-9e67-abf6cada4536_1000.jpg!m_fill,w_280,h_210,f_jpg?from=ke.com
20240918,通州,玉桥,101126030224,远洋东方公馆玉桥西里大面积社区必看好房,780万,52192元/平,中楼层 (共18层) 3室1厅 | 149.45平米 | 南 北,https://ke-image.ljcdn.com/110000-inspection/87665b6a-19db-41d2-b346-4128039be014_1000.jpg!m_fill,w_280,h_210,f_jpg?from=ke.com
20240918,通州,玉桥,101125790119,幸福艺居 1室0厅 东 西,162万,33576元/平,中楼层 (共7层) 1室0厅 | 48.25平米 | 东 西,https://ke-image.ljcdn.com/110000-inspection/d6fb35d9-2c42-4983-b86f-d31f11bbf174_1000.jpg!m_fill,w_280,h_210,f_jpg?from=ke.com
20240918,通州,玉桥,101125766829,玉桥东里 电梯西南向一居室 精装修 省心入住房主自荐,187万,33700元/平,低楼层 (共21层) | 2010年 | 1室1厅 | 55.49平米 | 西南,https://ke-image.ljcdn.com/110000-inspection/pc1_qBI09qYwJ_1.jpg!m_fill,w_280,h_210,f_jpg?from=ke.com
20240918,通州,玉桥,101125735236,京艺天朗 1室1厅 南必看好房,219万,37578元/平,中楼层 (共12层) | 2004年 | 1室1厅 | 58.28平米 | 南,https://ke-image.ljcdn.com/110000-inspection/pc1_WoWkoZZPP_1.jpg!m_fill,w_280,h_210,f_jpg?from=ke.com
20240918,通州,玉桥,101125424111,远洋东方公馆 *两梯一户” 满五年唯一 精装修三居必看好房,868万,49032元/平,顶层 (共26层) 3室2厅 | 177.03平米 | 南 北,https://ke-image.ljcdn.com/110000-inspection/51f8d1a3-c5e9-4f46-a3f2-15b567ff9af9_1000.jpg!m_fill,w_280,h_210,f_jpg?from=ke.com
20240918,通州,玉桥,101124903889,合生滨江帝景一期 2室1厅 南 北必看好房,418万,46951元/平,低楼层 (共18层) | 2014年 | 2室1厅 | 89.03平米 | 南 北,https://ke-image.ljcdn.com/110000-inspection/cc03a5c6-8f52-4814-90dc-3a72ab73869c_1000.jpg!m_fill,w_280,h_210,f_jpg?from=ke.com
20240918,通州,玉桥,101124903775,大运河次新小区人车分流次顶层方正南向客厅唯一房主自荐,419万,46821元/平,高楼层 (共18层) 2室2厅 | 89.49平米 | 南,https://ke-image.ljcdn.com/110000-inspection/pc1_Io51iunEi.jpg!m_fill,w_280,h_210,f_jpg?from=ke.com
20240918,通州,玉桥,101124850969,运河大街南侧南北通透正规二居必看好房,215万,35045元/平,低楼层 (共6层) | 1992年 | 2室1厅 | 61.35平米 | 南 北,https://ke-image.ljcdn.com/110000-inspection/a2e81e97-f115-420f-85ba-a0159e268d19_1000.jpg!m_fill,w_280,h_210,f_jpg?from=ke.com
20240918,通州,玉桥,101124780066,合生滨江帝景一期 2室1厅 南 北必看好房,370万,41602元/平,低楼层 (共18层) 2室1厅 | 88.94平米 | 南 北,https://ke-image.ljcdn.com/110000-inspection/5341a873-05ef-4cd8-a8d2-4847b0935aa3_1000.jpg!m_fill,w_280,h_210,f_jpg?from=ke.com
20240918,通州,玉桥,101124477531,公路局家属楼 2室1厅 南 北,209万,34067元/平,中楼层 (共6层) | 1992年 | 2室1厅 | 61.35平米 | 南 北,https://ke-image.ljcdn.com/110000-inspection/0f6e7ad2-8f8a-4b43-a014-a446f7124450_1000.jpg!m_fill,w_280,h_210,f_jpg?from=ke.com
20240918,通州,玉桥,101124137214,远洋东方公馆 满五年唯一 中楼层 南北通透 采光好必看好房,938万,52204元/平,低楼层 (共26层) 3室2厅 | 179.68平米 | 南 北,https://ke-image.ljcdn.com/110000-inspection/pc1_s9SeM9xfn.jpg!m_fill,w_280,h_210,f_jpg?from=ke.com
20240918,通州,玉桥,101124089725,幸福艺居 3室2厅 南 北必看好房,330万,26069元/平,高楼层 (共7层) | 2002年 | 3室2厅 | 126.59平米 | 南 北,https://ke-image.ljcdn.com/110000-inspection/pc1_iFH8Hc3GZ.jpg!m_fill,w_280,h_210,f_jpg?from=ke.com
20240918,通州,玉桥,101123543725,合生滨江帝景二期 南北向两居室 前后无遮挡必看好房,429万,46896元/平,中楼层 (共18层) | 2015年 | 2室1厅 | 91.48平米 | 南 北,https://ke-image.ljcdn.com/110000-inspection/pc1_3W4sPsATz_1.jpg!m_fill,w_280,h_210,f_jpg?from=ke.com
20240918,通州,玉桥,101123532205,精装2居南向高档社区随时看房业主急售,368万,41122元/平,顶层 (共18层) 2室2厅 | 89.49平米 | 南,https://ke-image.ljcdn.com/110000-inspection/2d794b22-9ab6-44fa-a93f-d67fcf86063e_1000.jpg!m_fill,w_280,h_210,f_jpg?from=ke.com
20240918,通州,玉桥,101123477238,玉桥东里 全南1居室 满5年 精装修 带电梯商品房报价必看好房,156万,29800元/平,顶层 (共12层) | 2010年 | 1室1厅 | 52.35平米 | 南,https://ke-image.ljcdn.com/110000-inspection/pc1_5BmgJH7Yt.jpg!m_fill,w_280,h_210,f_jpg?from=ke.com
20240918,通州,玉桥,101123372175,美然百度城 1室1厅 东 西,160万,31330元/平,中楼层 (共5层) | 2002年 | 1室1厅 | 51.07平米 | 东 西,https://ke-image.ljcdn.com/110000-inspection/pc1_7Dd18NbiE.jpg!m_fill,w_280,h_210,f_jpg?from=ke.com
20240918,通州,玉桥,101126580531,京艺天朗 2室1厅 东 北必看好房,208万,34976元/平,高楼层 (共12层) | 2004年 | 2室1厅 | 59.47平米 | 东 北,https://ke-image.ljcdn.com/110000-inspection/pc1_f8pveymMr.jpg!m_fill,w_280,h_210,f_jpg?from=ke.com
20240918,通州,玉桥,101125735785,下跃四居室上下独立入户南侧正对小区花园必看好房,578万,63734元/平,底层 (共18层) | 2015年 | 4室2厅 | 90.69平米 | 南,https://ke-image.ljcdn.com/110000-inspection/pc1_I5QVUxEHE.jpg!m_fill,w_280,h_210,f_jpg?from=ke.com
20240918,通州,玉桥,101125299365,玉桥南里 1室1厅 南 北必看好房,187万,29854元/平,中楼层 (共6层) | 1999年 | 1室1厅 | 62.64平米 | 南 北,https://ke-image.ljcdn.com/110000-inspection/pc1_RvDyW04ss.jpg!m_fill,w_280,h_210,f_jpg?from=ke.com
20240918,通州,玉桥,101125205035,运河     南向精装 一居  首付43万必看好房,199万,35856元/平,底层 (共12层) | 2006年 | 1室1厅 | 55.5平米 | 南,https://ke-image.ljcdn.com/110000-inspection/pc1_pZTz1fTl0.jpg!m_fill,w_280,h_210,f_jpg?from=ke.com
20240918,通州,玉桥,101125080450,合生滨江帝景二期 满五年 正南向三居 无遮挡必看好房,459万,46182元/平,低楼层 (共18层) | 2016年 | 3室1厅 | 99.39平米 | 南,https://ke-image.ljcdn.com/110000-inspection/pc1_4HUStYxpd.jpg!m_fill,w_280,h_210,f_jpg?from=ke.com
20240918,通州,玉桥,101125035074,满五唯一南北通透户型方正业主诚心出售必看好房,393万,44188元/平,低楼层 (共18层) 2室1厅 | 88.94平米 | 南 北,https://ke-image.ljcdn.com/110000-inspection/12b181ce-c8e3-4564-819b-15b8e611d238_1000.jpg!m_fill,w_280,h_210,f_jpg?from=ke.com
20240918,通州,玉桥,101124857466,公路局家属楼运河西大街边上的,223万,43201元/平,底层 (共6层) | 1992年 | 1室1厅 | 51.62平米 | 南 北,https://ke-image.ljcdn.com/110000-inspection/99b6c2c4-f006-475c-8fbc-b7e162b565b0_1000.jpg!m_fill,w_280,h_210,f_jpg?from=ke.com
20240918,通州,玉桥,101124676634,玉桥南里 2室1厅 南 北,227万,33178元/平,低楼层 (共6层) 2室1厅 | 68.42平米 | 南 北,https://ke-image.ljcdn.com/110000-inspection/45f7320a-5a92-42fa-a50c-fdc76c00f0e3_1000.jpg!m_fill,w_280,h_210,f_jpg?from=ke.com
20240918,通州,玉桥,101124192594,满五唯一 南向 视野佳 采光足 保持的好 产权清晰必看好房,416万,46486元/平,高楼层 (共18层) 2室1厅 | 89.49平米 | 南,https://ke-image.ljcdn.com/110000-inspection/pc1_S9V25u3B3.jpg!m_fill,w_280,h_210,f_jpg?from=ke.com
20240918,通州,玉桥,101124011614,小区中间满五唯一随时可看通透三居前后花园必看好房,720万,52262元/平,中楼层 (共18层) | 2016年 | 3室2厅 | 137.77平米 | 南 北,https://ke-image.ljcdn.com/110000-inspection/pc1_v1jC4gMDm_1.jpg!m_fill,w_280,h_210,f_jpg?from=ke.com
20240918,通州,玉桥,101123970795,玉桥南里  正规两居室  低楼层  满五唯一,229万,33737元/平,低楼层 (共6层) 2室1厅 | 67.88平米 | 南,https://ke-image.ljcdn.com/110000-inspection/pc1_4fxPtQpwi_1.jpg!m_fill,w_280,h_210,f_jpg?from=ke.com
20240918,通州,玉桥,101123344734,婚房装修环保材料偶尔居住南北向大两居,298万,34989元/平,中楼层 (共6层) 2室2厅 | 85.17平米 | 南 北,https://ke-image.ljcdn.com/110000-inspection/pc1_KrNK3KVF1.jpg!m_fill,w_280,h_210,f_jpg?from=ke.com
20240918,通州,玉桥,101126528557,玉桥南里两居室南北通透卫生间带窗新上,289万,37714元/平,中楼层 (共6层) 3室1厅 | 76.63平米 | 南 北,https://ke-image.ljcdn.com/110000-inspection/pc1_sQ1o2hHpz.jpg!m_fill,w_280,h_210,f_jpg?from=ke.com
20240918,通州,玉桥,101126491240,合生滨江帝景一期南北通透大三居 视野好 位置佳,669万,43112元/平,顶层 (共27层) | 2014年 | 3室2厅 | 155.18平米 | 南 北,https://ke-image.ljcdn.com/110000-inspection/pc1_O1w5S1DtU_1.jpg!m_fill,w_280,h_210,f_jpg?from=ke.com
20240918,通州,玉桥,101126474088,玉桥南里 2室1厅 南 北,258万,45487元/平,底层 (共6层) | 1992年 | 2室1厅 | 56.72平米 | 南 北,https://ke-image.ljcdn.com/110000-inspection/pc1_fan34aJoC_1.jpg!m_fill,w_280,h_210,f_jpg?from=ke.com
20240918,通州,玉桥,101126413163,远洋东方公馆 一梯一户 电梯入户 高楼层 精装三居,798万,53727元/平,高楼层 (共18层) 3室1厅 | 148.53平米 | 南 北,https://ke-image.ljcdn.com/110000-inspection/499d0beb-d97d-4a4f-8693-348edb1dad61_1000.jpg!m_fill,w_280,h_210,f_jpg?from=ke.com
20240918,通州,玉桥,101126403428,幸福艺居 2室1厅 南 北,339万,41972元/平,底层 (共7层) 2室1厅 | 80.77平米 | 南 北,https://ke-image.ljcdn.com/110000-inspection/48b562f6-f46d-4fd1-8a3a-1e39ea182abe_1000.jpg!m_fill,w_280,h_210,f_jpg?from=ke.com
20240918,通州,玉桥,101126303440,幸福艺居H户型两居全明户型停车免费且充足,398万,41939元/平,中楼层 (共6层) | 2005年 | 2室1厅 | 94.9平米 | 南 北,https://ke-image.ljcdn.com/110000-inspection/9265f2fd-0340-46fc-b296-df5630449fef_1000.jpg!m_fill,w_280,h_210,f_jpg?from=ke.com
20240918,通州,玉桥,101126271668,格兰晴天 户型方正 南北户型 两居室 诚意出售,299万,38172元/平,底层 (共9层) 2室1厅 | 78.33平米 | 南 北,https://ke-image.ljcdn.com/110000-inspection/pc1_1rhCS701x.jpg!m_fill,w_280,h_210,f_jpg?from=ke.com
20240918,通州,玉桥,101126230454,柳岸方园交通便利满五唯一电梯房,245万,43805元/平,中楼层 (共10层) 1室0厅 | 55.93平米 | 南,https://ke-image.ljcdn.com/110000-inspection/15da3ecc-f7c9-4770-b980-e37814ed52d0_1000.jpg!m_fill,w_280,h_210,f_jpg?from=ke.com
20240918,通州,玉桥,101126223684,合生滨江帝景二期 南向三居室 对公园视野好,458万,46035元/平,低楼层 (共18层) 3室2厅 | 99.49平米 | 南,https://ke-image.ljcdn.com/110000-inspection/pc1_6cGobmz1a.jpg!m_fill,w_280,h_210,f_jpg?from=ke.com
20240918,通州,玉桥,101126219531,人车分流次新小区两个观景大阳台满五唯一环境美房主自荐,520万,46417元/平,中楼层 (共27层) | 2014年 | 3室1厅 | 112.03平米 | 南 北,https://ke-image.ljcdn.com/110000-inspection/c62bc5a3-c4ea-4597-8520-fd496028f95b_1000.jpg!m_fill,w_280,h_210,f_jpg?from=ke.com
20240918,通州,玉桥,101126212262,合生滨江帝景一期 2室1厅 北 南,430万,48348元/平,中楼层 (共18层) 2室1厅 | 88.94平米 | 北 南,https://ke-image.ljcdn.com/110000-inspection/2c0f284d-70b9-46e6-8543-4889306b72c2_1000.jpg!m_fill,w_280,h_210,f_jpg?from=ke.com
20240918,通州,玉桥,101126208292,源泉苑 1室1厅 南 北,170万,28804元/平,中楼层 (共6层) | 1999年 | 1室1厅 | 59.02平米 | 南 北,https://ke-image.ljcdn.com/110000-inspection/pc1_IJJKG3MbE_1.jpg!m_fill,w_280,h_210,f_jpg?from=ke.com
20240918,通州,玉桥,101126197178,玉桥东里72平全南向高层两层商品房,275万,37973元/平,高楼层 (共21层) | 2010年 | 2室1厅 | 72.42平米 | 南,https://ke-image.ljcdn.com/110000-inspection/pc1_EkS4Keogw.jpg!m_fill,w_280,h_210,f_jpg?from=ke.com
20240918,通州,玉桥,101126195365,柳岸方园  电梯两居   拎包入住,485万,46734元/平,高楼层 (共10层) 2室1厅 | 103.78平米 | 南 北,https://ke-image.ljcdn.com/110000-inspection/5c04a493-8455-4954-ae94-83775bbd0033_1000.jpg!m_fill,w_280,h_210,f_jpg?from=ke.com
20240918,通州,玉桥,101126171796,源泉苑 2室1厅 南 北,218万,30662元/平,顶层 (共6层) | 2000年 | 2室1厅 | 71.1平米 | 南 北,https://ke-image.ljcdn.com/110000-inspection/c679e752-e966-47b7-af20-9c834da6dd8a_1000.jpg!m_fill,w_280,h_210,f_jpg?from=ke.com
20240918,通州,玉桥,101126135401,合生滨江帝景一期 3室2厅 南 北,670万,43210元/平,顶层 (共27层) | 2014年 | 3室2厅 | 155.06平米 | 南 北,https://ke-image.ljcdn.com/110000-inspection/pc1_HG1VsYfXn.jpg!m_fill,w_280,h_210,f_jpg?from=ke.com
20240918,通州,玉桥,101126111170,南北向双阳台落地大阳台小区大广场旁采光明亮,377万,39489元/平,高楼层 (共6层) 2室2厅 | 95.47平米 | 南 北,https://ke-image.ljcdn.com/110000-inspection/pc1_GQAj5tSAW.jpg!m_fill,w_280,h_210,f_jpg?from=ke.com
20240918,通州,玉桥,101126109825,玉桥东里 3室2厅 南 北,310万,27410元/平,顶层 (共6层) 3室2厅 | 113.1平米 | 南 北,https://ke-image.ljcdn.com/110000-inspection/pc1_EJHrVDfeg_1.jpg!m_fill,w_280,h_210,f_jpg?from=ke.com
20240918,通州,玉桥,101126041239,合生滨江帝景二期 3室2厅 南 北,735万,52947元/平,低楼层 (共18层) | 2016年 | 3室2厅 | 138.82平米 | 南 北,https://ke-image.ljcdn.com/110000-inspection/80abea1d-90b4-41f5-a161-dee26c556159_1000.jpg!m_fill,w_280,h_210,f_jpg?from=ke.com
20240918,通州,玉桥,101125983129,合生滨江帝景二期 16年次新房社区 中间位置 精装,718万,52116元/平,中楼层 (共18层) | 2016年 | 3室2厅 | 137.77平米 | 南 北,https://ke-image.ljcdn.com/110000-inspection/1248a3b4-fa1f-4dab-a011-2f0042e7ee36_1000.jpg!m_fill,w_280,h_210,f_jpg?from=ke.com
20240918,通州,玉桥,101125976857,幸福艺居 1室1厅 南 北房主自荐,229万,36390元/平,中楼层 (共6层) | 2004年 | 1室1厅 | 62.93平米 | 南 北,https://ke-image.ljcdn.com/110000-inspection/f2517a99-afbe-4cc6-bdfe-5361d2ecd9b1_1000.jpg!m_fill,w_280,h_210,f_jpg?from=ke.com
20240918,通州,玉桥,101125947921,美然百度城 3室2厅 南 北,450万,47289元/平,顶层 (共9层) 3室2厅 | 95.16平米 | 南 北,https://ke-image.ljcdn.com/110000-inspection/pc1_vq8wlF8V6_1.jpg!m_fill,w_280,h_210,f_jpg?from=ke.com
20240918,通州,玉桥,101125928956,南北通透一居室通风和采光好 低楼层适合居住,159万,29748元/平,底层 (共6层) 1室1厅 | 53.45平米 | 南 北,https://ke-image.ljcdn.com/110000-inspection/pc1_DnpErHfDy_1.jpg!m_fill,w_280,h_210,f_jpg?from=ke.com
20240918,通州,玉桥,101125848900,合生滨江帝景一期 3室2厅 南 北,718万,46797元/平,低楼层 (共27层) | 2014年 | 3室2厅 | 153.43平米 | 南 北,https://ke-image.ljcdn.com/110000-inspection/pc1_iNR0WgSoW_1.jpg!m_fill,w_280,h_210,f_jpg?from=ke.com
20240918,通州,玉桥,101125791677,格兰晴天 2室2厅 南 北,349万,37451元/平,顶层 (共6层) | 2004年 | 2室2厅 | 93.19平米 | 南 北,https://ke-image.ljcdn.com/110000-inspection/a945a122-7291-4468-ae28-16ef86fab411_1000.jpg!m_fill,w_280,h_210,f_jpg?from=ke.com
20240918,通州,玉桥,101125782203,美然百度城南北通透3居低楼层精装修,560万,46808元/平,中楼层 (共5层) | 2002年 | 3室2厅 | 119.64平米 | 南 北,https://ke-image.ljcdn.com/110000-inspection/d8895871-f879-456f-bab8-7b3d87ca7824_1000.jpg!m_fill,w_280,h_210,f_jpg?from=ke.com
20240918,通州,玉桥,101125769593,京艺天朗雅园 双卧朝南全明三居 中间楼层 满五唯一,610万,48409元/平,中楼层 (共6层) 3室2厅 | 126.01平米 | 南 北,https://ke-image.ljcdn.com/110000-inspection/2aa221e9-0324-47a3-80c7-28655746f312_1000.jpg!m_fill,w_280,h_210,f_jpg?from=ke.com
20240918,通州,玉桥,101125768283,美然百度城 3室2厅 南 北,490万,41344元/平,中楼层 (共9层) 3室2厅 | 118.52平米 | 南 北,https://ke-image.ljcdn.com/110000-inspection/2039a1e8-776e-4e40-a48a-bca25cb94823_1000.jpg!m_fill,w_280,h_210,f_jpg?from=ke.com
20240918,通州,玉桥,101125752855,远洋东方公馆 3室2厅 东 南 北,980万,51412元/平,低楼层 (共26层) 3室2厅 | 190.62平米 | 东 南 北,https://ke-image.ljcdn.com/110000-inspection/pc1_QGVEoOTfR.jpg!m_fill,w_280,h_210,f_jpg?from=ke.com
20240918,通州,玉桥,101125752482,玉桥南里 3室1厅 南 北,265万,29870元/平,顶层 (共6层) 3室1厅 | 88.72平米 | 南 北,https://ke-image.ljcdn.com/110000-inspection/pc1_9CDpni2Xz_1.jpg!m_fill,w_280,h_210,f_jpg?from=ke.com
20240918,通州,玉桥,101125697403,合生滨江帝景二期 3室1厅 南,496万,49855元/平,高楼层 (共18层) 3室1厅 | 99.49平米 | 南,https://ke-image.ljcdn.com/110000-inspection/pc1_5jD9FYR90_1.jpg!m_fill,w_280,h_210,f_jpg?from=ke.com
20240918,通州,玉桥,101125678439,格兰晴天  板楼三层三居    满5唯一房主自荐,498万,47597元/平,中楼层 (共6层) 3室2厅 | 104.63平米 | 南 北,https://ke-image.ljcdn.com/110000-inspection/bdccdf25-6949-4dbd-bfcf-909ea95608af_1000.jpg!m_fill,w_280,h_210,f_jpg?from=ke.com
20240918,通州,玉桥,101125667915,幸福艺居 1室1厅 东 西,180万,37306元/平,高楼层 (共7层) 1室1厅 | 48.25平米 | 东 西,https://ke-image.ljcdn.com/110000-inspection/pc1_g1fxRH2RK.jpg!m_fill,w_280,h_210,f_jpg?from=ke.com
20240918,通州,玉桥,101125632000,合生滨江帝景二期 精装修南北两居室 新换的系统窗,449万,49190元/平,低楼层 (共18层) | 2015年 | 2室1厅 | 91.28平米 | 南 北,https://ke-image.ljcdn.com/110000-inspection/pc1_yrJwdnTAq_1.jpg!m_fill,w_280,h_210,f_jpg?from=ke.com
20240918,通州,玉桥,101125423918,格兰晴天 2室2厅 南 北,429万,44182元/平,中楼层 (共6层) | 2004年 | 2室2厅 | 97.1平米 | 南 北,https://ke-image.ljcdn.com/110000-inspection/bc96d9cb-5fb7-4b29-a260-cdab081e1467_1000.jpg!m_fill,w_280,h_210,f_jpg?from=ke.com
20240918,通州,玉桥,101125368963,滨江二期南北通透精装两居室一天未入住满五唯一诚售房主自荐,459万,50285元/平,中楼层 (共18层) | 2015年 | 2室2厅 | 91.28平米 | 南 北,https://ke-image.ljcdn.com/110000-inspection/pc1_eeDXTUNqx_1.jpg!m_fill,w_280,h_210,f_jpg?from=ke.com
20240918,通州,玉桥,101125360249,欣艺景园 南北通透 电梯房 卫生间有窗户,450万,50067元/平,低楼层 (共15层) 2室1厅 | 89.88平米 | 南 北,https://ke-image.ljcdn.com/110000-inspection/44a4aba5-3d43-47a4-b290-3502246772d0_1000.jpg!m_fill,w_280,h_210,f_jpg?from=ke.com
20240918,通州,玉桥,101125250126,玉桥东路19号院 南北2居 精装修 满5年诚心出售,330万,37142元/平,高楼层 (共6层) 2室1厅 | 88.85平米 | 南 北,https://ke-image.ljcdn.com/110000-inspection/pc1_GibtHv76L.jpg!m_fill,w_280,h_210,f_jpg?from=ke.com
20240918,通州,玉桥,101125241182,远洋东方公馆南北通透三居全明户型,919万,51787元/平,顶层 (共26层) | 2012年 | 3室2厅 | 177.46平米 | 南 北,https://ke-image.ljcdn.com/110000-inspection/bb15d1a3-857f-47b9-b3e0-5e03b519ae13_1000.jpg!m_fill,w_280,h_210,f_jpg?from=ke.com
20240918,通州,玉桥,101125229364,远洋东方公馆 2室1厅 南 北,660万,48434元/平,底层 (共18层) 2室1厅 | 136.27平米 | 南 北,https://ke-image.ljcdn.com/110000-inspection/517c06f7-6806-47fe-ab94-2e8e64f0a24f_1000.jpg!m_fill,w_280,h_210,f_jpg?from=ke.com
20240918,通州,玉桥,101125173661,合生滨江帝景一期 精装三居 高楼层无遮挡 产权清晰,535万,47713元/平,高楼层 (共27层) | 2014年 | 3室1厅 | 112.13平米 | 南,https://ke-image.ljcdn.com/110000-inspection/pc1_NTUEFubc4.jpg!m_fill,w_280,h_210,f_jpg?from=ke.com
20240918,通州,玉桥,101125131242,低楼层格局利用高不浪费面积旁边通州的 亮堂房主自荐,358万,44750元/平,低楼层 (共7层) 2室2厅 | 80平米 | 南 北,https://ke-image.ljcdn.com/110000-inspection/6fd995b4-0250-4bcb-a898-c37124946ae8_1000.jpg!m_fill,w_280,h_210,f_jpg?from=ke.com
20240918,通州,玉桥,101125100579,合生滨江帝景一期 3室1厅 南,538万,47916元/平,高楼层 (共27层) | 2014年 | 3室1厅 | 112.28平米 | 南,https://ke-image.ljcdn.com/110000-inspection/pc1_4AEphGehW_1.jpg!m_fill,w_280,h_210,f_jpg?from=ke.com
20240918,通州,玉桥,101125039339,格兰晴天 2室1厅 南 北,358万,45810元/平,低楼层 (共9层) 2室1厅 | 78.15平米 | 南 北,https://ke-image.ljcdn.com/110000-inspection/ce828d20-e2e9-4a0c-9088-b834e5ec9df9_1000.jpg!m_fill,w_280,h_210,f_jpg?from=ke.com
20240918,通州,玉桥,101125038731,幸福艺居南北两居诚心卖价格能商量停车免费,309万,35604元/平,高楼层 (共6层) 2室1厅 | 86.79平米 | 南 北,https://ke-image.ljcdn.com/110000-inspection/pc1_wKY7Mr6CY.jpg!m_fill,w_280,h_210,f_jpg?from=ke.com
20240918,通州,玉桥,101124990653,柳岸方园 满五年唯一  户型方正 电梯中高楼层,622万,48424元/平,中楼层 (共11层) 3室1厅 | 128.45平米 | 南 北,https://ke-image.ljcdn.com/110000-inspection/pc1_PxAOiaIu2.jpg!m_fill,w_280,h_210,f_jpg?from=ke.com
20240918,通州,玉桥,101124974301,玉桥东里 南向1居室 2010年 带电梯 满五住房,200万,40808元/平,中楼层 (共11层) 1室1厅 | 49.01平米 | 南,https://ke-image.ljcdn.com/110000-inspection/pc1_4TFk6rdOc.jpg!m_fill,w_280,h_210,f_jpg?from=ke.com
20240918,通州,玉桥,101124960156,玉桥南里 2室1厅 南 北,235万,36497元/平,低楼层 (共6层) 2室1厅 | 64.39平米 | 南 北,https://ke-image.ljcdn.com/110000-inspection/pc1_ZGwD4EVs9.jpg!m_fill,w_280,h_210,f_jpg?from=ke.com
20240918,通州,玉桥,101124954762,玉桥南里 2室1厅 南 北,200万,40202元/平,中楼层 (共6层) 2室1厅 | 49.75平米 | 南 北,https://ke-image.ljcdn.com/110000-inspection/f61e5da1-cd66-41b6-8623-ed1904000096_1000.jpg!m_fill,w_280,h_210,f_jpg?from=ke.com
20240918,通州,玉桥,101124940930,格兰晴天 满五唯一 南北通透 户型方正 全明格局,283万,34930元/平,顶层 (共6层) | 2004年 | 2室1厅 | 81.02平米 | 南 北,https://ke-image.ljcdn.com/110000-inspection/pc1_615GGpD46.jpg!m_fill,w_280,h_210,f_jpg?from=ke.com
20240918,通州,玉桥,101124919755,源泉苑 3室1厅 南 北,285万,34621元/平,高楼层 (共6层) | 2001年 | 3室1厅 | 82.32平米 | 南 北,https://ke-image.ljcdn.com/110000-inspection/ac9303b6-bd70-425b-b711-07ae543b220c_1000.jpg!m_fill,w_280,h_210,f_jpg?from=ke.com
20240918,通州,玉桥,101124866010,柳岸方园 南北通透 电梯居室,479万,45620元/平,高楼层 (共11层) | 2005年 | 2室1厅 | 105平米 | 南 北,https://ke-image.ljcdn.com/110000-inspection/pc1_3JFDRuJq3.jpg!m_fill,w_280,h_210,f_jpg?from=ke.com
20240918,通州,玉桥,101124767723,玉桥东里精装三居室南北通透满五唯一商品房诚心出售房主自荐,370万,42335元/平,高楼层 (共22层) | 2010年 | 2室1厅 | 87.4平米 | 南 北,https://ke-image.ljcdn.com/110000-inspection/pc1_bCfsf2917.jpg!m_fill,w_280,h_210,f_jpg?from=ke.com
20240918,通州,玉桥,101124767129,玉桥南里东西南朝向经典3居户型,380万,35604元/平,高楼层 (共6层) 3室1厅 | 106.73平米 | 东 南 北,https://ke-image.ljcdn.com/110000-inspection/pc1_0E44RtyWR.jpg!m_fill,w_280,h_210,f_jpg?from=ke.com
20240918,通州,玉桥,101124731318,玉桥东路19号院 2室1厅 南 北,345万,38419元/平,中楼层 (共6层) 2室1厅 | 89.8平米 | 南 北,https://ke-image.ljcdn.com/110000-inspection/8831e5df-b3c0-44f0-bbe5-f3075da49638_1000.jpg!m_fill,w_280,h_210,f_jpg?from=ke.com
20240918,通州,玉桥,101124719667,玉桥南里满五唯一小区改造完成,189万,30717元/平,顶层 (共6层) 2室1厅 | 61.53平米 | 南 北,https://ke-image.ljcdn.com/110000-inspection/pc1_wMdYdyCBb.jpg!m_fill,w_280,h_210,f_jpg?from=ke.com
20240918,通州,玉桥,101124693832,合生滨江帝景二期中层边户两居诚心出售有二次装修,430万,47005元/平,中楼层 (共18层) | 2015年 | 2室2厅 | 91.48平米 | 南 北,https://ke-image.ljcdn.com/110000-inspection/00ec1cbb-d2c4-4abe-9915-73c7791ebcae_1000.jpg!m_fill,w_280,h_210,f_jpg?from=ke.com
20240918,通州,玉桥,101124633746,幸福艺居 1室1厅 南,245万,38933元/平,高楼层 (共6层) | 2004年 | 1室1厅 | 62.93平米 | 南,https://ke-image.ljcdn.com/110000-inspection/pc1_btYYwaI6O_1.jpg!m_fill,w_280,h_210,f_jpg?from=ke.com
20240918,通州,玉桥,101124628264,玉桥西里70号院 2室1厅 南 北,280万,39123元/平,中楼层 (共6层) 2室1厅 | 71.57平米 | 南 北,https://ke-image.ljcdn.com/110000-inspection/pc1_TjjbTBqev.jpg!m_fill,w_280,h_210,f_jpg?from=ke.com
20240918,通州,玉桥,101124597326,玉桥南里 正规三居 南北通透 满五唯一 中间位置,288万,30675元/平,顶层 (共6层) 3室2厅 | 93.89平米 | 南 北,https://ke-image.ljcdn.com/110000-inspection/pc1_vUSs3Rrau.jpg!m_fill,w_280,h_210,f_jpg?from=ke.com
20240918,通州,玉桥,101124517136,精装修两居室拎包入住 全屋地暖 全明格局。房主自荐,440万,48098元/平,低楼层 (共18层) | 2015年 | 2室1厅 | 91.48平米 | 南 北,https://ke-image.ljcdn.com/110000-inspection/b00f73b1-d37a-4d55-abda-b5c3baa43294_1000.jpg!m_fill,w_280,h_210,f_jpg?from=ke.com
20240918,通州,玉桥,101124489814,京艺天朗 2室1厅 南 北,330万,41432元/平,中楼层 (共12层) | 2004年 | 2室1厅 | 79.65平米 | 南 北,https://ke-image.ljcdn.com/110000-inspection/893ca4e1-4948-4ab1-8a1f-0a43ca7dffd5_1000.jpg!m_fill,w_280,h_210,f_jpg?from=ke.com
20240918,通州,玉桥,101124445943,满五唯一南北通透正规三居客厅带阳台诚意出售,318万,36582元/平,高楼层 (共22层) | 2010年 | 3室1厅 | 86.93平米 | 南 北,https://ke-image.ljcdn.com/110000-inspection/pc1_snJ4MnbxQ.jpg!m_fill,w_280,h_210,f_jpg?from=ke.com
20240918,通州,玉桥,101124411292,幸福艺居 精装大2居 业主诚心出售 空间大 装修好房主自荐,299万,33286元/平,顶层 (共6层) 2室2厅 | 89.83平米 | 东 西,https://ke-image.ljcdn.com/110000-inspection/2d67b9d4-f81d-426c-a9f1-a7be7b8cd405_1000.jpg!m_fill,w_280,h_210,f_jpg?from=ke.com
20240918,通州,玉桥,101124392773,玉桥西里70号院 正规三居室 明厨明卫 适合一家三,420万,43650元/平,底层 (共6层) 3室1厅 | 96.22平米 | 南 北,https://ke-image.ljcdn.com/110000-inspection/pc1_Mb3DgOfNk.jpg!m_fill,w_280,h_210,f_jpg?from=ke.com
20240918,通州,玉桥,101124385743,此房满五唯一 中楼层 视野开阔 业主诚心出售,330万,37758元/平,中楼层 (共22层) | 2010年 | 3室1厅 | 87.4平米 | 南 北,https://ke-image.ljcdn.com/110000-inspection/c6a6f395-ab46-4b28-a320-a9458c578426_1000.jpg!m_fill,w_280,h_210,f_jpg?from=ke.com
20240918,通州,玉桥,101124369261,源泉苑两居中楼层南北通透卫生间有窗预约可看！,239万,33844元/平,中楼层 (共6层) | 1999年 | 2室1厅 | 70.62平米 | 南 北,https://ke-image.ljcdn.com/110000-inspection/pc1_kDFUYvPwb_1.jpg!m_fill,w_280,h_210,f_jpg?from=ke.com
20240918,通州,玉桥,101124317202,玉桥东里 3室1厅 南 北,350万,40065元/平,中楼层 (共24层) | 2010年 | 3室1厅 | 87.36平米 | 南 北,https://ke-image.ljcdn.com/110000-inspection/pc1_2VkuScrLM_1.jpg!m_fill,w_280,h_210,f_jpg?from=ke.com
20240918,通州,玉桥,101124280666,玉桥南里满五唯一小区中间位置小区改造完成,228万,34583元/平,高楼层 (共6层) 2室1厅 | 65.93平米 | 南 北,https://ke-image.ljcdn.com/110000-inspection/pc1_8qUMmMls3.jpg!m_fill,w_280,h_210,f_jpg?from=ke.com
20240918,通州,玉桥,101124250130,玉桥商圈 京艺天朗南想一居室精装修满五唯一,256万,43926元/平,中楼层 (共12层) | 2004年 | 1室1厅 | 58.28平米 | 南,https://ke-image.ljcdn.com/110000-inspection/pc1_GZralwLmE.jpg!m_fill,w_280,h_210,f_jpg?from=ke.com
20240918,通州,玉桥,101124158526,幸福艺居 3室2厅 南 北,548万,46611元/平,低楼层 (共7层) 3室2厅 | 117.57平米 | 南 北,https://ke-image.ljcdn.com/110000-inspection/pc1_l9jXZS4aI.jpg!m_fill,w_280,h_210,f_jpg?from=ke.com
20240918,通州,玉桥,101124119175,幸福艺居此房满五唯一南北双通透采光通风效果佳,496万,42188元/平,中楼层 (共7层) 3室2厅 | 117.57平米 | 南 北,https://ke-image.ljcdn.com/110000-inspection/pc1_AhETW51nT_1.jpg!m_fill,w_280,h_210,f_jpg?from=ke.com
20240918,通州,玉桥,101124076535,玉桥板块   满五唯一  带电梯  视野好,210万,40565元/平,高楼层 (共12层) | 2004年 | 1室1厅 | 51.77平米 | 北,https://ke-image.ljcdn.com/110000-inspection/pc1_WfJxWFWHf_1.jpg!m_fill,w_280,h_210,f_jpg?from=ke.com
20240918,通州,玉桥,101124056518,合生滨江帝景一期  精装修 满五唯一 南北通透 大三居,750万,49027元/平,低楼层 (共27层) | 2014年 | 3室2厅 | 152.98平米 | 南 北,https://ke-image.ljcdn.com/110000-inspection/55b7e715-673a-43d3-9ce1-063c5ef0109f_1000.jpg!m_fill,w_280,h_210,f_jpg?from=ke.com
20240918,通州,玉桥,101124018772,玉桥南里 少有一居户型 大客厅 卧室朝南带阳台,165万,34884元/平,顶层 (共6层) 1室1厅 | 47.3平米 | 南,https://ke-image.ljcdn.com/110000-inspection/3a5e14fd-b3f8-4b5c-9186-b21e0c735a68_1000.jpg!m_fill,w_280,h_210,f_jpg?from=ke.com
20240918,通州,玉桥,101124017199,合生滨江帝景一期南向高楼层2居室诚意出售,415万,46374元/平,高楼层 (共18层) 2室1厅 | 89.49平米 | 南,https://ke-image.ljcdn.com/110000-inspection/pc1_3o3wUVu4A.jpg!m_fill,w_280,h_210,f_jpg?from=ke.com
20240918,通州,玉桥,101124016843,此房南北通透户型方正采光好高楼层视野开阔,449万,50224元/平,顶层 (共18层) 2室1厅 | 89.4平米 | 南 北,https://ke-image.ljcdn.com/110000-inspection/pc1_50t4evtuX_1.jpg!m_fill,w_280,h_210,f_jpg?from=ke.com
20240918,通州,玉桥,101123970090,合生滨江帝景一期 2室1厅 南,460万,51351元/平,中楼层 (共18层) 2室1厅 | 89.58平米 | 南,https://ke-image.ljcdn.com/110000-inspection/d996cfae-8b63-4266-baa7-a51710ad6e3f_1000.jpg!m_fill,w_280,h_210,f_jpg?from=ke.com
20240918,通州,玉桥,101123951819,玉桥东里 中间楼层户型方正采光好,280万,38341元/平,中楼层 (共6层) 2室1厅 | 73.03平米 | 东 南 北,https://ke-image.ljcdn.com/110000-inspection/pc1_uePB3suIM.jpg!m_fill,w_280,h_210,f_jpg?from=ke.com
20240918,通州,玉桥,101123945238,合生滨江帝景一期 2室1厅 南 北,440万,49472元/平,低楼层 (共18层) 2室1厅 | 88.94平米 | 南 北,https://ke-image.ljcdn.com/110000-inspection/70bd0393-9812-4a1e-b353-83a32d1372a8_1000.jpg!m_fill,w_280,h_210,f_jpg?from=ke.com
20240918,通州,玉桥,101123923545,2011年电梯房满五年正规一居室业主自住,220万,42414元/平,中楼层 (共22层) | 2010年 | 1室1厅 | 51.87平米 | 东南,https://ke-image.ljcdn.com/110000-inspection/4a8732c0-fbe1-42d9-99ee-2076488a4466_1000.jpg!m_fill,w_280,h_210,f_jpg?from=ke.com
20240918,通州,玉桥,101123923024,幸福艺居精装1居室户型方正业主诚意出售,233万,35792元/平,高楼层 (共6层) | 2004年 | 1室1厅 | 65.1平米 | 南 北,https://ke-image.ljcdn.com/110000-inspection/96b20fd2-a1cb-414d-b00a-e01587f19604_1000.jpg!m_fill,w_280,h_210,f_jpg?from=ke.com
20240918,通州,玉桥,101123921230,远洋东方公馆 高楼层正规平层小三居室,798万,53594元/平,高楼层 (共18层) 3室1厅 | 148.9平米 | 南 北,https://ke-image.ljcdn.com/110000-inspection/pc1_ZTfiBJhQu.jpg!m_fill,w_280,h_210,f_jpg?from=ke.com
20240918,通州,玉桥,101123909355,京艺天朗雅园 满五唯一双通透双阳台中间楼层,338万,37850元/平,中楼层 (共6层) 2室1厅 | 89.3平米 | 南 北,https://ke-image.ljcdn.com/110000-inspection/cdb605c1-a92b-4196-9c08-226fd66f701a_1000.jpg!m_fill,w_280,h_210,f_jpg?from=ke.com
20240918,通州,玉桥,101123876733,房子南向精装修 拎包入住 中间楼层无遮挡 随时签约,428万,47262元/平,低楼层 (共18层) 2室1厅 | 90.56平米 | 南,https://ke-image.ljcdn.com/110000-inspection/35d1b297-b56c-42c5-ad36-3ab41660169a_1000.jpg!m_fill,w_280,h_210,f_jpg?from=ke.com
20240918,通州,玉桥,101123843283,美然百度城 正规一居室采光好 诚心出售 落地窗,175万,37692元/平,中楼层 (共5层) | 2002年 | 1室1厅 | 46.43平米 | 东,https://ke-image.ljcdn.com/110000-inspection/pc1_9jypT63nj.jpg!m_fill,w_280,h_210,f_jpg?from=ke.com
20240918,通州,玉桥,101123837604,玉桥东里 1室1厅 南,195万,38783元/平,高楼层 (共24层) | 2010年 | 1室1厅 | 50.28平米 | 南,https://ke-image.ljcdn.com/110000-inspection/pc1_2q1CcmN2G.jpg!m_fill,w_280,h_210,f_jpg?from=ke.com
20240918,通州,玉桥,101123809534,玉桥东路19号院满五唯一商品房南北通透诚意出售,310万,34672元/平,顶层 (共6层) 2室1厅 | 89.41平米 | 南 北,https://ke-image.ljcdn.com/110000-inspection/pc1_hSKAeyueo.jpg!m_fill,w_280,h_210,f_jpg?from=ke.com
20240918,通州,玉桥,101123793535,远洋东方公馆 正规三居室 南北通透 大三居室,1100万,63991元/平,中楼层 (共18层) 3室2厅 | 171.9平米 | 南 北,https://ke-image.ljcdn.com/110000-inspection/pc1_9hOPdFhj6.jpg!m_fill,w_280,h_210,f_jpg?from=ke.com
20240918,通州,玉桥,101123793094,合生滨江帝景二期 南向对花园 无遮挡,408万,44989元/平,低楼层 (共18层) | 2015年 | 2室1厅 | 90.69平米 | 南,https://ke-image.ljcdn.com/110000-inspection/pc1_zt7LI2HVF.jpg!m_fill,w_280,h_210,f_jpg?from=ke.com
20240918,通州,玉桥,101123782742,业主诚心出售满五唯一可拎包入住无遮挡,409万,45704元/平,低楼层 (共18层) 2室1厅 | 89.49平米 | 南,https://ke-image.ljcdn.com/110000-inspection/pc1_13PtxCQsI.jpg!m_fill,w_280,h_210,f_jpg?from=ke.com
20240918,通州,玉桥,101123768682,源泉苑 2室1厅 南 北,222万,31557元/平,高楼层 (共6层) 2室1厅 | 70.35平米 | 南 北,https://ke-image.ljcdn.com/110000-inspection/b6f39ba9-845f-44e2-ad92-89378600316e_1000.jpg!m_fill,w_280,h_210,f_jpg?from=ke.com
20240918,通州,玉桥,101123737849,南北通透精装自住视野开阔满五唯一随时可看,760万,54942元/平,低楼层 (共18层) | 2016年 | 3室2厅 | 138.33平米 | 南 北,https://ke-image.ljcdn.com/110000-inspection/b6b38aeb-2708-4282-a424-1bccdde74730_1000.jpg!m_fill,w_280,h_210,f_jpg?from=ke.com
20240918,通州,玉桥,101123705784,合生滨江帝景二期 中间位置 精装修 东户三居,750万,54219元/平,低楼层 (共18层) | 2016年 | 3室2厅 | 138.33平米 | 南 北,https://ke-image.ljcdn.com/110000-inspection/pc1_yPoIIAcHq.jpg!m_fill,w_280,h_210,f_jpg?from=ke.com
20240918,通州,玉桥,101123689934,远洋高楼层精装修   双卧室朝南   看房随时,1150万,63847元/平,高楼层 (共26层) | 2012年 | 3室2厅 | 180.12平米 | 南 北,https://ke-image.ljcdn.com/110000-inspection/pc1_WgKGkVMr8_1.jpg!m_fill,w_280,h_210,f_jpg?from=ke.com
20240918,通州,玉桥,101123685001,远洋东方三居   南北通透    看房方便房主自荐,808万,54847元/平,底层 (共18层) 3室1厅 | 147.32平米 | 南 北,https://ke-image.ljcdn.com/110000-inspection/pc1_yHhBTdOtU_1.jpg!m_fill,w_280,h_210,f_jpg?from=ke.com
20240918,通州,玉桥,101123615943,远洋东方公馆 3室2厅 南 北,999万,55464元/平,低楼层 (共26层) | 2012年 | 3室2厅 | 180.12平米 | 南 北,https://ke-image.ljcdn.com/110000-inspection/pc1_8aK7E6SRy.jpg!m_fill,w_280,h_210,f_jpg?from=ke.com
20240918,通州,玉桥,101123598663,玉桥商圈  地税局家属院南北通透两居室,340万,37930元/平,底层 (共6层) 2室1厅 | 89.64平米 | 南 北,https://ke-image.ljcdn.com/110000-inspection/bb30f32e-9531-4c24-b360-3fcafc9ef440_1000.jpg!m_fill,w_280,h_210,f_jpg?from=ke.com
20240918,通州,玉桥,101123518448,合生滨江帝景二期小区中间位置全南三居只交契税房主自荐,485万,48798元/平,高楼层 (共18层) | 2016年 | 3室2厅 | 99.39平米 | 南,https://ke-image.ljcdn.com/110000-inspection/7d4e2b9f-b0d0-4204-a65e-0fcdc0f5af90_1000.jpg!m_fill,w_280,h_210,f_jpg?from=ke.com
20240918,通州,玉桥,101123516833,玉桥东里 板楼中间楼层 满五唯一,258万,33801元/平,中楼层 (共6层) 2室1厅 | 76.33平米 | 南 西 北,https://ke-image.ljcdn.com/110000-inspection/pc1_qPFbmNXCU.jpg!m_fill,w_280,h_210,f_jpg?from=ke.com
20240918,通州,玉桥,101123507437,远洋东方公馆 3室2厅 南 北,1250万,65576元/平,高楼层 (共26层) 3室2厅 | 190.62平米 | 南 北,https://ke-image.ljcdn.com/110000-inspection/57c98a18-357d-4f75-8ac0-0419d29a10b8_1000.jpg!m_fill,w_280,h_210,f_jpg?from=ke.com
20240918,通州,玉桥,101123484455,源泉苑南北通透正规一居室满五唯一,172万,29712元/平,中楼层 (共6层) | 1999年 | 1室2厅 | 57.89平米 | 南 北,https://ke-image.ljcdn.com/110000-inspection/pc1_tLc9O6uoZ.jpg!m_fill,w_280,h_210,f_jpg?from=ke.com
20240918,通州,玉桥,101123479190,满五唯一南北双通透采光通风效果好业主诚心出售,528万,44303元/平,中楼层 (共7层) 3室2厅 | 119.18平米 | 南 北,https://ke-image.ljcdn.com/110000-inspection/pc1_pHLKh3C5A_1.jpg!m_fill,w_280,h_210,f_jpg?from=ke.com
20240918,通州,玉桥,101123436584,玉桥南里 1室1厅 南,199万,40563元/平,底层 (共6层) 1室1厅 | 49.06平米 | 南,https://ke-image.ljcdn.com/110000-inspection/pc1_dctTznndO.jpg!m_fill,w_280,h_210,f_jpg?from=ke.com
20240918,通州,玉桥,101123394819,合生滨江帝景一期 精装大三居 中楼层 没有遮挡 视野好,780万,50330元/平,中楼层 (共27层) | 2014年 | 3室2厅 | 154.98平米 | 南 北,https://ke-image.ljcdn.com/110000-inspection/f9812ef8-4ed6-4adf-8b19-0b7c2a00371e_1000.jpg!m_fill,w_280,h_210,f_jpg?from=ke.com
20240918,通州,玉桥,101123384338,合生滨江帝景一期 3室2厅 南 北,698万,45349元/平,低楼层 (共27层) | 2014年 | 3室2厅 | 153.92平米 | 南 北,https://ke-image.ljcdn.com/110000-inspection/pc1_v7r5CZp85.jpg!m_fill,w_280,h_210,f_jpg?from=ke.com
20240918,通州,玉桥,101123383130,远洋东方公馆 3室2厅 南 北,990万,51267元/平,低楼层 (共26层) | 2012年 | 3室2厅 | 193.11平米 | 南 北,https://ke-image.ljcdn.com/110000-inspection/pc1_aaTtAxjPy.jpg!m_fill,w_280,h_210,f_jpg?from=ke.com
20240918,通州,玉桥,101123350007,柳岸方园 2室2厅 南 北,475万,47016元/平,中楼层 (共12层) | 2005年 | 2室2厅 | 101.03平米 | 南 北,https://ke-image.ljcdn.com/110000-inspection/9a6a586d-3cdc-43a2-955c-ebec25723951_1000.jpg!m_fill,w_280,h_210,f_jpg?from=ke.com
20240918,通州,玉桥,101123332322,满五唯一 南北通透两居室 明厨明卫,246万,34969元/平,低楼层 (共6层) 2室1厅 | 70.35平米 | 南 北,https://ke-image.ljcdn.com/110000-inspection/65462c72-073e-4548-bc68-7c609be86650_1000.jpg!m_fill,w_280,h_210,f_jpg?from=ke.com
20240918,通州,玉桥,101123314974,幸福艺居低层优质两居室满五唯一户型方正南北通透,346万,41319元/平,底层 (共6层) | 2004年 | 2室1厅 | 83.74平米 | 南 北,https://ke-image.ljcdn.com/110000-inspection/8a90b9f8-847c-4ee3-a7e2-c85e59091959_1000.jpg!m_fill,w_280,h_210,f_jpg?from=ke.com
20240918,通州,玉桥,101123293810,玉桥南里满五年不临街小区已经改造完成,165万,34035元/平,高楼层 (共6层) 1室1厅 | 48.48平米 | 南 北,https://ke-image.ljcdn.com/110000-inspection/pc1_Lxf1QBiDF_1.jpg!m_fill,w_280,h_210,f_jpg?from=ke.com
20240918,通州,玉桥,101123268584,玉桥南里 2室1厅 南 北,225万,31526元/平,高楼层 (共6层) 2室1厅 | 71.37平米 | 南 北,https://ke-image.ljcdn.com/110000-inspection/pc1_rJWkwdmEv.jpg!m_fill,w_280,h_210,f_jpg?from=ke.com
20240918,通州,玉桥,101123260918,玉桥西里70号院 2室1厅 南 北,320万,37839元/平,顶层 (共6层) 2室1厅 | 84.57平米 | 南 北,https://ke-image.ljcdn.com/110000-inspection/pc1_VAiYwuFDU.jpg!m_fill,w_280,h_210,f_jpg?from=ke.com
20240918,通州,玉桥,101123260794,源泉苑 2室1厅 南 北,242万,34037元/平,中楼层 (共6层) 2室1厅 | 71.1平米 | 南 北,https://ke-image.ljcdn.com/110000-inspection/pc1_WzKjUH591.jpg!m_fill,w_280,h_210,f_jpg?from=ke.com
20240918,通州,玉桥,101123249217,玉桥南里 3室1厅 南 北,319万,37927元/平,中楼层 (共6层) 3室1厅 | 84.11平米 | 南 北,https://ke-image.ljcdn.com/110000-inspection/15e1d265-a4fd-4d6c-aa84-8f187d88bf95_1000.jpg!m_fill,w_280,h_210,f_jpg?from=ke.com
20240918,通州,玉桥,101123246209,玉桥东路19号院 满五唯一低楼层,360万,40161元/平,低楼层 (共6层) 2室1厅 | 89.64平米 | 南 北,https://ke-image.ljcdn.com/110000-inspection/pc1_c0YrgxH85.jpg!m_fill,w_280,h_210,f_jpg?from=ke.com
20240918,通州,玉桥,101123238126,玉桥南里 1室1厅 南,176万,37210元/平,中楼层 (共6层) 1室1厅 | 47.3平米 | 南,https://ke-image.ljcdn.com/110000-inspection/pc1_llcpGINjO.jpg!m_fill,w_280,h_210,f_jpg?from=ke.com
20240918,通州,玉桥,101123224683,玉桥南里 1室1厅 南 北,160万,32187元/平,中楼层 (共6层) 1室1厅 | 49.71平米 | 南 北,https://ke-image.ljcdn.com/110000-inspection/pc1_wRiDZHytz.jpg!m_fill,w_280,h_210,f_jpg?from=ke.com
20240918,通州,玉桥,101123204482,玉桥南里 2室1厅 南 北房主自荐,269万,38418元/平,底层 (共6层) 2室1厅 | 70.02平米 | 南 北,https://ke-image.ljcdn.com/110000-inspection/pc1_c0rgyyqRM.jpg!m_fill,w_280,h_210,f_jpg?from=ke.com
20240918,通州,玉桥,101123181662,幸福艺居 南北通透中间楼层没有遮挡采光充足,346万,42791元/平,中楼层 (共7层) 2室1厅 | 80.86平米 | 南 北,https://ke-image.ljcdn.com/110000-inspection/pc1_foFRWyGXR.jpg!m_fill,w_280,h_210,f_jpg?from=ke.com
20240918,通州,玉桥,101123148711,玉桥西里70号院 中间楼层正规两居室 南北通透,375万,44878元/平,中楼层 (共6层) 2室1厅 | 83.56平米 | 南 北,https://ke-image.ljcdn.com/110000-inspection/pc1_JIz2o0MOP.jpg!m_fill,w_280,h_210,f_jpg?from=ke.com
20240918,通州,玉桥,101123144146,幸福艺居 户型方正南北通透使用面积大不临街,280万,51949元/平,顶层 (共7层) 2室1厅 | 53.9平米 | 南 北,https://ke-image.ljcdn.com/110000-inspection/60d7a23b-4738-4499-b764-d806dea54fe6_1000.jpg!m_fill,w_280,h_210,f_jpg?from=ke.com
20240918,通州,玉桥,101123135028,远洋东方公馆 3室2厅 南 北,898万,48392元/平,底层 (共26层) | 2012年 | 3室2厅 | 185.57平米 | 南 北,https://ke-image.ljcdn.com/110000-inspection/pc1_qMUnLKyr5_1.jpg!m_fill,w_280,h_210,f_jpg?from=ke.com
20240918,通州,玉桥,101123057799,此房满五唯一 格局方正 采光充足,283万,40557元/平,高楼层 (共21层) 2室2厅 | 69.78平米 | 南,https://ke-image.ljcdn.com/110000-inspection/f56465fb-de2f-4e9f-9c83-cecfc3087549_1000.jpg!m_fill,w_280,h_210,f_jpg?from=ke.com
20240918,通州,玉桥,101123042682,幸福艺居 3室1厅 南 北,599万,43564元/平,中楼层 (共6层) | 2004年 | 3室1厅 | 137.5平米 | 南 北,https://ke-image.ljcdn.com/110000-inspection/pc1_4vGmBA6hD.jpg!m_fill,w_280,h_210,f_jpg?from=ke.com
20240918,通州,玉桥,101123037836,远洋东方公馆玉桥西里公园社区环境好,1100万,62077元/平,高楼层 (共26层) | 2012年 | 3室2厅 | 177.2平米 | 南 北,https://ke-image.ljcdn.com/110000-inspection/pc1_5b2l8zT6m_1.jpg!m_fill,w_280,h_210,f_jpg?from=ke.com
20240918,通州,玉桥,101123027558,远洋东方公馆 3室2厅 南 北 东,1145万,59967元/平,中楼层 (共14层) 3室2厅 | 190.94平米 | 南 北 东,https://ke-image.ljcdn.com/110000-inspection/pc1_HhjKEseZH.jpg!m_fill,w_280,h_210,f_jpg?from=ke.com
20240918,通州,玉桥,101122980699,满五唯一南北通透楼层好采光好配套齐全,385万,44213元/平,中楼层 (共6层) | 2008年 | 2室1厅 | 87.08平米 | 南 北,https://ke-image.ljcdn.com/110000-inspection/pc1_7o0jp8tTs.jpg!m_fill,w_280,h_210,f_jpg?from=ke.com
20240918,通州,玉桥,101122932760,玉桥东里 南北1居室 商品房 满5唯一 电梯房房主自荐,210万,38030元/平,高楼层 (共21层) | 2010年 | 1室1厅 | 55.22平米 | 南 北 西,https://ke-image.ljcdn.com/110000-inspection/pc1_bz03EYMg6_1.jpg!m_fill,w_280,h_210,f_jpg?from=ke.com
20240918,通州,玉桥,101122864224,精装修 南北通透 中间楼层 正规三居 满五唯一,445万,45284元/平,中楼层 (共6层) 3室1厅 | 98.27平米 | 南 北,https://ke-image.ljcdn.com/110000-inspection/pc1_lKZwebHr1.jpg!m_fill,w_280,h_210,f_jpg?from=ke.com
20240918,通州,玉桥,101122817713,格兰晴天 南北通透 带电梯 精装修两居,309万,40424元/平,低楼层 (共9层) | 2004年 | 2室1厅 | 76.44平米 | 南 北,https://ke-image.ljcdn.com/110000-inspection/pc1_gUlvwUrzs_1.jpg!m_fill,w_280,h_210,f_jpg?from=ke.com
20240918,通州,玉桥,101122612297,玉桥板块 满五唯一 高楼层 视野好,449万,45719元/平,高楼层 (共18层) 2室1厅 | 98.21平米 | 南 西,https://ke-image.ljcdn.com/110000-inspection/pc1_XeTT6E9fx.jpg!m_fill,w_280,h_210,f_jpg?from=ke.com
20240918,通州,玉桥,101122596883,合生正规三居电梯高楼层采光视野佳诚心出售,470万,48766元/平,顶层 (共18层) 3室1厅 | 96.38平米 | 南,https://ke-image.ljcdn.com/110000-inspection/pc1_yHgmacxyW_1.jpg!m_fill,w_280,h_210,f_jpg?from=ke.com
20240918,通州,玉桥,101122532119,格兰晴天 电梯两居 随时看房 诚心出售,359万,43776元/平,低楼层 (共9层) 2室1厅 | 82.01平米 | 东 北,https://ke-image.ljcdn.com/110000-inspection/pc1_KN2lbu45M.jpg!m_fill,w_280,h_210,f_jpg?from=ke.com
20240918,通州,玉桥,101122313962,玉桥南里 2室2厅 南 北,325万,37177元/平,底层 (共6层) | 1997年 | 2室2厅 | 87.42平米 | 南 北,https://ke-image.ljcdn.com/110000-inspection/pc1_h9vxhD65o_1.jpg!m_fill,w_280,h_210,f_jpg?from=ke.com
20240918,通州,玉桥,101122285104,玉桥南里三居室户型方正南北通透楼层好视野好,418万,37966元/平,低楼层 (共6层) | 1997年 | 3室1厅 | 110.1平米 | 南 北,https://ke-image.ljcdn.com/110000-inspection/pc1_NHdN2ybm0.jpg!m_fill,w_280,h_210,f_jpg?from=ke.com
20240918,通州,玉桥,101122124720,玉桥南里 2室1厅 南 北,300万,37281元/平,中楼层 (共6层) 2室1厅 | 80.47平米 | 南 北,https://ke-image.ljcdn.com/110000-inspection/pc1_Zvrym9PuY.jpg!m_fill,w_280,h_210,f_jpg?from=ke.com
20240918,通州,玉桥,101121500962,玉桥南里南北通透2居室诚意出售,290万,41848元/平,中楼层 (共6层) 2室1厅 | 69.3平米 | 南 北,https://ke-image.ljcdn.com/110000-inspection/pc1_AR6pTQ4Jq.jpg!m_fill,w_280,h_210,f_jpg?from=ke.com
20240918,通州,玉桥,101121491983,玉桥南里 2室1厅 南,260万,38445元/平,中楼层 (共6层) 2室1厅 | 67.63平米 | 南,https://ke-image.ljcdn.com/110000-inspection/pc1_IPDSo5IrG.jpg!m_fill,w_280,h_210,f_jpg?from=ke.com
20240918,通州,玉桥,101121216489,此房满五年不唯一户型方正南北通透一梯一户,1150万,64899元/平,高楼层 (共26层) | 2012年 | 3室2厅 | 177.2平米 | 南 北,https://ke-image.ljcdn.com/110000-inspection/pc1_fR0Pyj9Cy_1.jpg!m_fill,w_280,h_210,f_jpg?from=ke.com
20240918,通州,玉桥,101121150087,幸福艺居 满五唯一 南北通透 采光充足 正规两居室,368万,39677元/平,中楼层 (共7层) 2室2厅 | 92.75平米 | 南 北,https://ke-image.ljcdn.com/110000-inspection/pc1_ne6iUkSRo.jpg!m_fill,w_280,h_210,f_jpg?from=ke.com
20240918,通州,玉桥,101120974483,幸福艺居 房子是精装修的东西通透采光和视野很好,275万,32338元/平,高楼层 (共7层) 2室1厅 | 85.04平米 | 东 西,https://ke-image.ljcdn.com/110000-inspection/pc1_IAiqfR28K_1.jpg!m_fill,w_280,h_210,f_jpg?from=ke.com
20240918,通州,玉桥,101120196174,地税局家属院满五年唯一南北通透楼龄新采光好,315万,35454元/平,高楼层 (共6层) 2室2厅 | 88.85平米 | 南 北,https://ke-image.ljcdn.com/110000-inspection/92c47122-c91d-4f19-9e5d-4aacab305bc0_1000.jpg!m_fill,w_280,h_210,f_jpg?from=ke.com
20240918,通州,玉桥,101119517133,幸福艺居 南北通透 客厅朝南 卧室朝南 就这栋楼有,230万,36549元/平,高楼层 (共6层) | 2004年 | 1室1厅 | 62.93平米 | 南 北,https://ke-image.ljcdn.com/110000-inspection/pc1_6o3hIX2pr.jpg!m_fill,w_280,h_210,f_jpg?from=ke.com
20240918,通州,玉桥,101118706313,幸福艺居南北双通透三居不临街不把边,475万,39574元/平,高楼层 (共7层) | 2002年 | 3室2厅 | 120.03平米 | 南 北,https://ke-image.ljcdn.com/110000-inspection/83906c85-49e1-4ec9-af48-4039b4ad18e5_1000.jpg!m_fill,w_280,h_210,f_jpg?from=ke.com
20240918,通州,玉桥,101126582445,合生滨江帝景一期 2室1厅 南 北新上,490万,55094元/平,高楼层 (共18层) 2室1厅 | 88.94平米 | 南 北,https://ke-image.ljcdn.com/110000-inspection/pc1_qpIPPZxEw_1.jpg!m_fill,w_280,h_210,f_jpg?from=ke.com
20240918,通州,玉桥,101126429937,合生二期精装修南北两居室全明格局 两梯两户,400万,43822元/平,低楼层 (共18层) | 2015年 | 2室2厅 | 91.28平米 | 南 北,https://ke-image.ljcdn.com/110000-inspection/8603a6c4-a35e-4115-ac58-55e714ccf826_1000.jpg!m_fill,w_280,h_210,f_jpg?from=ke.com
20240918,通州,玉桥,101126365197,柳岸方园 2室1厅 南 北,443万,45530元/平,底层 (共11层) | 2005年 | 2室1厅 | 97.3平米 | 南 北,https://ke-image.ljcdn.com/110000-inspection/db2ebdf6-71e0-426f-bbac-a6f79dbd4c43_1000.jpg!m_fill,w_280,h_210,f_jpg?from=ke.com
20240918,通州,玉桥,101126341761,格兰晴天 2室1厅 东 南,469万,50984元/平,底层 (共9层) 2室1厅 | 91.99平米 | 东 南,https://ke-image.ljcdn.com/110000-inspection/0ba4ab36-a94c-40f9-9bdd-94b7830b491a_1000.jpg!m_fill,w_280,h_210,f_jpg?from=ke.com
20240918,通州,玉桥,101126293714,幸福艺居1+2复式不临街不把边无遮挡,699万,36711元/平,底层 (共6层) 4室2厅 | 190.41平米 | 南 北,https://ke-image.ljcdn.com/110000-inspection/pc1_fX8eJYUth_1.jpg!m_fill,w_280,h_210,f_jpg?from=ke.com
20240918,通州,玉桥,101126283845,合生滨江帝景一期 2室1厅 南 北,425万,47786元/平,高楼层 (共18层) 2室1厅 | 88.94平米 | 南 北,https://ke-image.ljcdn.com/110000-inspection/pc1_Vu8fgnZ2y_1.jpg!m_fill,w_280,h_210,f_jpg?from=ke.com
20240918,通州,玉桥,101126225771,合生滨江帝景二期 4室3厅 南 北,800万,57629元/平,底层 (共18层) | 2016年 | 4室3厅 | 138.82平米 | 南 北,https://ke-image.ljcdn.com/110000-inspection/a363b939-843a-4c98-a972-8e43c5cd54de_1000.jpg!m_fill,w_280,h_210,f_jpg?from=ke.com
20240918,通州,玉桥,101126211164,玉桥东里 77平米大两居 商品房报价 客户承担契税,288万,37374元/平,高楼层 (共24层) | 2010年 | 2室1厅 | 77.06平米 | 南 北,https://ke-image.ljcdn.com/110000-inspection/210cbffe-42fd-47cf-a47e-c7c45094d9ef_1000.jpg!m_fill,w_280,h_210,f_jpg?from=ke.com
20240918,通州,玉桥,101126026647,美然百度城 1室1厅 东 西,290万,56785元/平,中楼层 (共5层) | 2002年 | 1室1厅 | 51.07平米 | 东 西,https://ke-image.ljcdn.com/110000-inspection/c13895c3-7deb-4184-8065-d0d6be271197_1000.jpg!m_fill,w_280,h_210,f_jpg?from=ke.com
20240918,通州,玉桥,101126006169,柳岸方园玉桥西里8栋洋房社区,625万,47882元/平,中楼层 (共11层) 3室1厅 | 130.53平米 | 南 北,https://ke-image.ljcdn.com/110000-inspection/pc1_G933Jr2Qu.jpg!m_fill,w_280,h_210,f_jpg?from=ke.com
20240918,通州,玉桥,101125939338,柳岸方园 电梯南向一居 满五唯一 随时签约,258万,46554元/平,高楼层 (共12层) 1室0厅 | 55.42平米 | 南,https://ke-image.ljcdn.com/110000-inspection/pc1_QODeAEgYO.jpg!m_fill,w_280,h_210,f_jpg?from=ke.com
20240918,通州,玉桥,101125927887,京艺天朗雅园 2室2厅 南 北,430万,49262元/平,底层 (共6层) | 2008年 | 2室2厅 | 87.29平米 | 南 北,https://ke-image.ljcdn.com/110000-inspection/pc1_NLTBqjk88.jpg!m_fill,w_280,h_210,f_jpg?from=ke.com
20240918,通州,玉桥,101125864946,幸福艺居 2室2厅 西 东,305万,40027元/平,中楼层 (共7层) 2室2厅 | 76.2平米 | 西 东,https://ke-image.ljcdn.com/110000-inspection/pc1_Wzaj2OBct.jpg!m_fill,w_280,h_210,f_jpg?from=ke.com
20240918,通州,玉桥,101125843074,幸福艺居 2室1厅 南 北,345万,42932元/平,中楼层 (共7层) | 2002年 | 2室1厅 | 80.36平米 | 南 北,https://ke-image.ljcdn.com/110000-inspection/pc1_wtCyCMg7N.jpg!m_fill,w_280,h_210,f_jpg?from=ke.com
20240918,通州,玉桥,101125821958,玉桥西里70号院 正规三居室 三面采光,409万,41621元/平,高楼层 (共6层) 3室1厅 | 98.27平米 | 南 北,https://ke-image.ljcdn.com/110000-inspection/pc1_9M62jYZWZ_1.jpg!m_fill,w_280,h_210,f_jpg?from=ke.com
20240918,通州,玉桥,101125809894,合生滨江帝景二期 3室1厅 南,465万,48242元/平,顶层 (共18层) | 2016年 | 3室1厅 | 96.39平米 | 南,https://ke-image.ljcdn.com/110000-inspection/cd41e987-bca7-4e5e-a51a-8ea9c5093074_1000.jpg!m_fill,w_280,h_210,f_jpg?from=ke.com
20240918,通州,玉桥,101125796319,妇幼家属楼 3室2厅 南 北,369万,34313元/平,低楼层 (共6层) | 1999年 | 3室2厅 | 107.54平米 | 南 北,https://ke-image.ljcdn.com/110000-inspection/pc1_hakpMsg0h.jpg!m_fill,w_280,h_210,f_jpg?from=ke.com
20240918,通州,玉桥,101125756520,玉桥南里南北通透两居室已经改造,268万,36799元/平,底层 (共6层) | 1994年 | 2室1厅 | 72.83平米 | 南 北,https://ke-image.ljcdn.com/110000-inspection/a38f28fa-1396-4329-b2d9-41ff62b38e93_1000.jpg!m_fill,w_280,h_210,f_jpg?from=ke.com
20240918,通州,玉桥,101125755865,京艺天朗雅园 2室2厅 南 北房主自荐,390万,45020元/平,中楼层 (共6层) | 2008年 | 2室2厅 | 86.63平米 | 南 北,https://ke-image.ljcdn.com/110000-inspection/pc1_1KI8LQpj0.jpg!m_fill,w_280,h_210,f_jpg?from=ke.com
20240918,通州,玉桥,101125751066,幸福艺居优质4+5复式全明户型南北通透,489万,36164元/平,中楼层 (共5层) 3室2厅 | 135.22平米 | 南 北,https://ke-image.ljcdn.com/110000-inspection/3653499e-b5fb-488a-8a6e-16f6dea4057b_1000.jpg!m_fill,w_280,h_210,f_jpg?from=ke.com
20240918,通州,玉桥,101125742274,源泉苑正规一居室 南北通透 满五年房主自荐,168万,29021元/平,高楼层 (共6层) 1室2厅 | 57.89平米 | 南 北,https://ke-image.ljcdn.com/110000-inspection/pc1_0fgosfGAD_1.jpg!m_fill,w_280,h_210,f_jpg?from=ke.com
20240918,通州,玉桥,101125735070,源泉苑 敞亮三居室 无遮挡 采光好,316万,37116元/平,中楼层 (共6层) 3室1厅 | 85.14平米 | 南 北 东,https://ke-image.ljcdn.com/110000-inspection/pc1_oehxAAOoV_1.jpg!m_fill,w_280,h_210,f_jpg?from=ke.com
20240918,通州,玉桥,101125715438,玉桥南里南北通透3居、户型方正、成熟社区、采光好,268万,28697元/平,顶层 (共6层) 3室1厅 | 93.39平米 | 南 北,https://ke-image.ljcdn.com/110000-inspection/7b2a74b1-96ca-459a-98e7-74fd3e9e04e6_1000.jpg!m_fill,w_280,h_210,f_jpg?from=ke.com
20240918,通州,玉桥,101125704783,满五唯一商品房安静五居室两厅两明卫复式结构,558万,31195元/平,中楼层 (共5层) | 2004年 | 5室2厅 | 178.88平米 | 南 北 西,https://ke-image.ljcdn.com/110000-inspection/pc1_JXcmuvZFD.jpg!m_fill,w_280,h_210,f_jpg?from=ke.com
20240918,通州,玉桥,101125684932,70万精装修 南北通透 三居室 拎包入住,699万,45355元/平,低楼层 (共27层) | 2014年 | 3室2厅 | 154.12平米 | 南 北,https://ke-image.ljcdn.com/110000-inspection/pc1_I7qrII8e7.jpg!m_fill,w_280,h_210,f_jpg?from=ke.com
20240918,通州,玉桥,101125638004,格局方正南北向房子格局方正安静不临街大卧室,333万,38307元/平,底层 (共6层) 2室2厅 | 86.93平米 | 南 北,https://ke-image.ljcdn.com/110000-inspection/pc1_57KrfO8Sf.jpg!m_fill,w_280,h_210,f_jpg?from=ke.com
20240918,通州,玉桥,101125636956,幸福艺居正规3居南北通透明厨明卫车位充足,445万,42029元/平,中楼层 (共6层) 3室2厅 | 105.88平米 | 东 南 北,https://ke-image.ljcdn.com/110000-inspection/d28f2356-97f5-4ccd-8f17-6ce6f0fb7a89_1000.jpg!m_fill,w_280,h_210,f_jpg?from=ke.com
20240918,通州,玉桥,101125636620,此房满五唯一南北通透格局采光优越中间楼层配,360万,39383元/平,中楼层 (共5层) 2室2厅 | 91.41平米 | 南 北,https://ke-image.ljcdn.com/110000-inspection/pc1_9XLojLR1C.jpg!m_fill,w_280,h_210,f_jpg?from=ke.com
20240918,通州,玉桥,101125635235,玉桥南里 一居 户型通透 房子1999年,175万,27629元/平,顶层 (共6层) 1室1厅 | 63.34平米 | 东 南 西,https://ke-image.ljcdn.com/110000-inspection/pc1_ECVpNqfvf.jpg!m_fill,w_280,h_210,f_jpg?from=ke.com
20240918,通州,玉桥,101125632949,玉桥南里南北通透装修不错的两居室,215万,34025元/平,顶层 (共6层) 2室1厅 | 63.19平米 | 南 北,https://ke-image.ljcdn.com/110000-inspection/pc1_wozEScQdD_1.jpg!m_fill,w_280,h_210,f_jpg?from=ke.com
20240918,通州,玉桥,101125628933,幸福艺居南北通透精装修2居房主自荐,338万,36912元/平,顶层 (共6层) 2室1厅 | 91.57平米 | 南 北,https://ke-image.ljcdn.com/110000-inspection/pc1_lyUkF4xJ8_1.jpg!m_fill,w_280,h_210,f_jpg?from=ke.com
20240918,通州,玉桥,101125626041,远洋东方公馆 3室2厅 南 北,970万,53713元/平,低楼层 (共26层) | 2012年 | 3室2厅 | 180.59平米 | 南 北,https://ke-image.ljcdn.com/110000-inspection/pc1_sDhkQKpym_1.jpg!m_fill,w_280,h_210,f_jpg?from=ke.com
20240918,通州,玉桥,101125620258,房子户型方正 正规3居 南北通透 诚意出售,325万,28736元/平,高楼层 (共6层) 3室1厅 | 113.1平米 | 南 北,https://ke-image.ljcdn.com/110000-inspection/4b0d1e4c-1896-4076-8aff-52583b879c7f_1000.jpg!m_fill,w_280,h_210,f_jpg?from=ke.com
20240918,通州,玉桥,101125583576,玉桥南里 2室1厅 南 北,240万,39657元/平,低楼层 (共6层) 2室1厅 | 60.52平米 | 南 北,https://ke-image.ljcdn.com/110000-inspection/pc1_pkuy7pr8P_1.jpg!m_fill,w_280,h_210,f_jpg?from=ke.com
20240918,通州,玉桥,101125583023,京艺天朗 电梯南北通透两居装修好满五唯一,330万,41385元/平,高楼层 (共12层) | 2004年 | 2室1厅 | 79.74平米 | 南 北,https://ke-image.ljcdn.com/110000-inspection/pc1_hrDzCe98z.jpg!m_fill,w_280,h_210,f_jpg?from=ke.com
20240918,通州,玉桥,101125567773,景馨家园 2室1厅 西 东,409万,40970元/平,低楼层 (共18层) 2室1厅 | 99.83平米 | 西 东,https://ke-image.ljcdn.com/110000-inspection/ac8ee849-7561-4ff9-906e-8b7cd69f80cb_1000.jpg!m_fill,w_280,h_210,f_jpg?from=ke.com
20240918,通州,玉桥,101125541083,幸福艺居南北通透三居单价3万2车位充足免费,345万,32566元/平,顶层 (共6层) 3室1厅 | 105.94平米 | 南 北,https://ke-image.ljcdn.com/110000-inspection/pc1_7w7dZ7q9v.jpg!m_fill,w_280,h_210,f_jpg?from=ke.com
20240918,通州,玉桥,101125532522,幸福艺居 2室2厅 南 北,349万,38047元/平,顶层 (共6层) | 2004年 | 2室2厅 | 91.73平米 | 南 北,https://ke-image.ljcdn.com/110000-inspection/pc1_c1VtSJxuT.jpg!m_fill,w_280,h_210,f_jpg?from=ke.com
20240918,通州,玉桥,101125532407,京艺天朗 4室2厅 南 西 北,576万,40544元/平,顶层 (共12层) | 2004年 | 4室2厅 | 142.07平米 | 南 西 北,https://ke-image.ljcdn.com/110000-inspection/pc1_jYADc9vYS_1.jpg!m_fill,w_280,h_210,f_jpg?from=ke.com
20240918,通州,玉桥,101125517686,京艺天朗雅园 1室1厅 南 北,269万,39065元/平,顶层 (共6层) | 2008年 | 1室1厅 | 68.86平米 | 南 北,https://ke-image.ljcdn.com/110000-inspection/pc1_dd2l7b1z6.jpg!m_fill,w_280,h_210,f_jpg?from=ke.com
20240918,通州,玉桥,101125513272,玉桥南里 2室2厅 南 北,200万,26940元/平,顶层 (共6层) 2室2厅 | 74.24平米 | 南 北,https://ke-image.ljcdn.com/110000-inspection/43f1163f-cc0c-4891-928b-13414214eb8d_1000.jpg!m_fill,w_280,h_210,f_jpg?from=ke.com
20240918,通州,玉桥,101125487624,玉桥南里 三居 南北通透 看房方便,409万,35153元/平,高楼层 (共6层) 3室1厅 | 116.35平米 | 南 北,https://ke-image.ljcdn.com/110000-inspection/7764a47b-a022-4445-8568-17547e4df5b6_1000.jpg!m_fill,w_280,h_210,f_jpg?from=ke.com
20240918,通州,玉桥,101125434668,格兰晴天  电梯两居 南北通透   不临街,340万,43214元/平,中楼层 (共9层) 2室1厅 | 78.68平米 | 南 北,https://ke-image.ljcdn.com/110000-inspection/pc1_7ny6z3Msm.jpg!m_fill,w_280,h_210,f_jpg?from=ke.com
20240918,通州,玉桥,101125433190,南向大阳台  采光好 电梯房  装修位置好,225万,40541元/平,低楼层 (共12层) | 2005年 | 1室1厅 | 55.5平米 | 南,https://ke-image.ljcdn.com/110000-inspection/pc1_jLsYI02yr.jpg!m_fill,w_280,h_210,f_jpg?from=ke.com
20240918,通州,玉桥,101125398309,远洋东方 南北通透高楼层采光好一梯一户,1080万,59961元/平,高楼层 (共26层) | 2012年 | 3室2厅 | 180.12平米 | 南 北,https://ke-image.ljcdn.com/110000-inspection/pc1_B8w1d8wQC.jpg!m_fill,w_280,h_210,f_jpg?from=ke.com
20240918,通州,玉桥,101125312758,妇幼家属楼 3室1厅 南 北,358万,32953元/平,中楼层 (共6层) 3室1厅 | 108.64平米 | 南 北,https://ke-image.ljcdn.com/110000-inspection/pc1_eWyztHnIl.jpg!m_fill,w_280,h_210,f_jpg?from=ke.com
20240918,通州,玉桥,101125220434,玉桥东里 3室1厅 南 北,340万,39135元/平,高楼层 (共24层) | 2010年 | 3室1厅 | 86.88平米 | 南 北,https://ke-image.ljcdn.com/110000-inspection/0ccd291f-d2ac-41db-af59-99953dda595d_1000.jpg!m_fill,w_280,h_210,f_jpg?from=ke.com
20240918,通州,玉桥,101125190659,玉桥南里 2室2厅 南 北,325万,37534元/平,中楼层 (共6层) 2室2厅 | 86.59平米 | 南 北,https://ke-image.ljcdn.com/110000-inspection/2e805383-f535-4ef9-a75a-9aeea985dafb_1000.jpg!m_fill,w_280,h_210,f_jpg?from=ke.com
20240918,通州,玉桥,101125154018,玉桥商圈配套设施齐全公交站小区环境整洁有花园,248万,28272元/平,顶层 (共6层) 3室2厅 | 87.72平米 | 南 北 西,https://ke-image.ljcdn.com/110000-inspection/a7a63f40-1806-42fa-8e9d-b29c8f1c313c_1000.jpg!m_fill,w_280,h_210,f_jpg?from=ke.com
20240918,通州,玉桥,101125047506,玉桥东里正规一居满五年高楼层视野开阔采光好,179万,34510元/平,顶层 (共22层) | 2010年 | 1室1厅 | 51.87平米 | 西南,https://ke-image.ljcdn.com/110000-inspection/pc1_R3hFZcTEJ_1.jpg!m_fill,w_280,h_210,f_jpg?from=ke.com
20240918,通州,玉桥,101124915337,合生滨江帝景二期 3室2厅 南 北,749万,54229元/平,低楼层 (共18层) | 2016年 | 3室2厅 | 138.12平米 | 南 北,https://ke-image.ljcdn.com/110000-inspection/pc1_GBsbYHaD4.jpg!m_fill,w_280,h_210,f_jpg?from=ke.com
20240918,通州,玉桥,101124888447,京艺天朗电梯两居客厅带东窗带南阳台全新装修,320万,40176元/平,中楼层 (共12层) | 2004年 | 2室1厅 | 79.65平米 | 东南,https://ke-image.ljcdn.com/110000-inspection/ead014b8-80cc-4ef4-90f0-48786f3260b6_1000.jpg!m_fill,w_280,h_210,f_jpg?from=ke.com
20240918,通州,玉桥,101124887383,合生滨江帝景二期 满5唯一 全南向2居 随时可看,409万,45099元/平,低楼层 (共18层) | 2015年 | 2室1厅 | 90.69平米 | 南,https://ke-image.ljcdn.com/110000-inspection/pc1_a8DdOqGe7.jpg!m_fill,w_280,h_210,f_jpg?from=ke.com
20240918,通州,玉桥,101124848208,格兰晴天 2室1厅 南 北,499万,48631元/平,低楼层 (共9层) | 2004年 | 2室1厅 | 102.61平米 | 南 北,https://ke-image.ljcdn.com/110000-inspection/pc1_Mq4xsLDO9.jpg!m_fill,w_280,h_210,f_jpg?from=ke.com
20240918,通州,玉桥,101124843256,远洋东方公馆  一梯一户 人车分流 精装修,796万,53405元/平,低楼层 (共18层) 3室1厅 | 149.05平米 | 南 北,https://ke-image.ljcdn.com/110000-inspection/pc1_0IscncjtG.jpg!m_fill,w_280,h_210,f_jpg?from=ke.com
20240918,通州,玉桥,101124816443,只有契税满五年唯一住房随时看全南向正规两居房主自荐,439万,48477元/平,高楼层 (共18层) 2室1厅 | 90.56平米 | 南,https://ke-image.ljcdn.com/110000-inspection/pc1_PHMnwPXtj_1.jpg!m_fill,w_280,h_210,f_jpg?from=ke.com
20240918,通州,玉桥,101124781810,远洋东方公馆 边户三居 满五年唯一 精装修一梯一户,998万,52230元/平,低楼层 (共26层) | 2012年 | 3室2厅 | 191.08平米 | 南 北,https://ke-image.ljcdn.com/110000-inspection/5006a0d4-e4b2-494d-a1ae-06b3f66b4451_1000.jpg!m_fill,w_280,h_210,f_jpg?from=ke.com
20240918,通州,玉桥,101124779573,格兰晴天 满五唯一 南北精装修 全明户型四居室,620万,45059元/平,高楼层 (共6层) | 2004年 | 4室2厅 | 137.6平米 | 南 西 北,https://ke-image.ljcdn.com/110000-inspection/pc1_xymvF1MlU.jpg!m_fill,w_280,h_210,f_jpg?from=ke.com
20240918,通州,玉桥,101124743503,格兰晴天 满五唯一 诚意出售 带电梯 户型方正房主自荐,389万,39565元/平,低楼层 (共9层) | 2004年 | 2室1厅 | 98.32平米 | 南 西,https://ke-image.ljcdn.com/110000-inspection/pc1_5eiITcdfC.jpg!m_fill,w_280,h_210,f_jpg?from=ke.com
20240918,通州,玉桥,101124717343,2016年次新房社区满五唯一诚心出售,393万,43055元/平,底层 (共18层) | 2015年 | 2室1厅 | 91.28平米 | 南 北,https://ke-image.ljcdn.com/110000-inspection/pc1_XaCq7vJSv.jpg!m_fill,w_280,h_210,f_jpg?from=ke.com
20240918,通州,玉桥,101124625555,玉桥商圈 景馨家园东西通透两居室 满五唯一,390万,42240元/平,底层 (共12层) 2室1厅 | 92.33平米 | 东 西,https://ke-image.ljcdn.com/110000-inspection/pc1_RiOEqSF7p_1.jpg!m_fill,w_280,h_210,f_jpg?from=ke.com
20240918,通州,玉桥,101124590566,远洋东方公馆 4室2厅 南 北房主自荐,1420万,63916元/平,中楼层 (共20层) 4室2厅 | 222.17平米 | 南 北,https://ke-image.ljcdn.com/110000-inspection/pc1_Mm2U5PR10_1.jpg!m_fill,w_280,h_210,f_jpg?from=ke.com
20240918,通州,玉桥,101124563211,满五唯一南北通透全明户型总价适合交通便利,156万,27947元/平,顶层 (共6层) 2室1厅 | 55.82平米 | 南 北,https://ke-image.ljcdn.com/110000-inspection/bd9e1887-b207-41ab-86e0-4a9334071118_1000.jpg!m_fill,w_280,h_210,f_jpg?from=ke.com
20240918,通州,玉桥,101124554163,玉桥南里正规南北三居室 采光好 无遮挡 交通便利,325万,35151元/平,底层 (共6层) | 1993年 | 3室2厅 | 92.46平米 | 南 北,https://ke-image.ljcdn.com/110000-inspection/caf35761-8908-4643-9d0e-d831230ade3c_1000.jpg!m_fill,w_280,h_210,f_jpg?from=ke.com
20240918,通州,玉桥,101124541670,合生滨江帝景一期高楼层房子满五唯一精装修户型方房主自荐,430万,48002元/平,高楼层 (共18层) 2室1厅 | 89.58平米 | 南,https://ke-image.ljcdn.com/110000-inspection/pc1_2LW560bNv.jpg!m_fill,w_280,h_210,f_jpg?from=ke.com
20240918,通州,玉桥,101124448729,格局好可用空间大自住装修保持好,155万,33384元/平,顶层 (共5层) | 2002年 | 1室1厅 | 46.43平米 | 东 西,https://ke-image.ljcdn.com/110000-inspection/pc1_kvHEc05Lq.jpg!m_fill,w_280,h_210,f_jpg?from=ke.com
20240918,通州,玉桥,101124433249,满五唯一全南向两居户型方正带电梯2011年,249万,34474元/平,底层 (共21层) 2室1厅 | 72.23平米 | 南,https://ke-image.ljcdn.com/110000-inspection/eb2e2dd8-128c-4f1f-aa69-4c5a670746c1_1000.jpg!m_fill,w_280,h_210,f_jpg?from=ke.com
20240918,通州,玉桥,101124425312,玉桥板块 低楼层 全明户型三居室,560万,42115元/平,低楼层 (共6层) | 2004年 | 3室1厅 | 132.97平米 | 南 北,https://ke-image.ljcdn.com/110000-inspection/pc1_47cmHyfLd.jpg!m_fill,w_280,h_210,f_jpg?from=ke.com
20240918,通州,玉桥,101124330453,京艺天朗 两居室 满五唯一 电梯房 高楼层 没遮挡,198万,38247元/平,高楼层 (共12层) | 2004年 | 2室1厅 | 51.77平米 | 北,https://ke-image.ljcdn.com/110000-inspection/pc1_WYrNKYHSY_1.jpg!m_fill,w_280,h_210,f_jpg?from=ke.com
20240918,通州,玉桥,101124174263,妇幼家属楼 2室1厅 南 北,239万,28062元/平,顶层 (共6层) 2室1厅 | 85.17平米 | 南 北,https://ke-image.ljcdn.com/110000-inspection/pc1_SsFly1rWf.jpg!m_fill,w_280,h_210,f_jpg?from=ke.com
20240918,通州,玉桥,101124110905,玉桥南里 2室1厅 南 北,228万,30712元/平,顶层 (共6层) 2室1厅 | 74.24平米 | 南 北,https://ke-image.ljcdn.com/110000-inspection/pc1_8mW7bUEhE_1.jpg!m_fill,w_280,h_210,f_jpg?from=ke.com
20240918,通州,玉桥,101124060992,满五唯一、精装三居双卫、适合各类人群拎包入住,400万,32857元/平,底层 (共18层) 3室1厅 | 121.74平米 | 东 南 北,https://ke-image.ljcdn.com/110000-inspection/pc1_mdfI5Gxka.jpg!m_fill,w_280,h_210,f_jpg?from=ke.com
20240918,通州,玉桥,101124050434,格兰晴天玉桥西里72号19栋楼大型社区,355万,43612元/平,中楼层 (共9层) 2室1厅 | 81.4平米 | 东南,https://ke-image.ljcdn.com/110000-inspection/pc1_5OP7EOGGl_1.jpg!m_fill,w_280,h_210,f_jpg?from=ke.com
20240918,通州,玉桥,101124007609,满五唯一  南北通透 采光充足 配套齐全 交通便利,260万,30528元/平,高楼层 (共6层) 2室1厅 | 85.17平米 | 南 北,https://ke-image.ljcdn.com/110000-inspection/pc1_hPjWG9cls_1.jpg!m_fill,w_280,h_210,f_jpg?from=ke.com
20240918,通州,玉桥,101123997392,南北通透采光通风好 业主自住装修可拎包入住诚心卖,310万,35288元/平,高楼层 (共6层) | 2004年 | 2室1厅 | 87.85平米 | 南 北,https://ke-image.ljcdn.com/110000-inspection/pc1_cSK6rj50a.jpg!m_fill,w_280,h_210,f_jpg?from=ke.com
20240918,通州,玉桥,101123950870,幸福艺居 2室1厅 南 北,359万,44713元/平,中楼层 (共7层) | 2002年 | 2室1厅 | 80.29平米 | 南 北,https://ke-image.ljcdn.com/110000-inspection/pc1_55d9w3he8.jpg!m_fill,w_280,h_210,f_jpg?from=ke.com
20240918,通州,玉桥,101123871736,妇幼家属楼 3室2厅 南 北,359万,32750元/平,中楼层 (共6层) 3室2厅 | 109.62平米 | 南 北,https://ke-image.ljcdn.com/110000-inspection/pc1_hjvxgS7zJ.jpg!m_fill,w_280,h_210,f_jpg?from=ke.com
20240918,通州,玉桥,101123728027,幸福艺居30万精装两居LOFT车位充足免费停车房主自荐,185万,36692元/平,顶层 (共6层) | 2005年 | 1室1厅 | 50.42平米 | 南 北,https://ke-image.ljcdn.com/110000-inspection/pc1_0WD4UNbhA.jpg!m_fill,w_280,h_210,f_jpg?from=ke.com
20240918,通州,玉桥,101123720554,玉桥南里 1室1厅 南,149万,29974元/平,顶层 (共6层) 1室1厅 | 49.71平米 | 南,https://ke-image.ljcdn.com/110000-inspection/742f997b-4fea-4fda-8a02-4deb82374b79_1000.jpg!m_fill,w_280,h_210,f_jpg?from=ke.com
20240918,通州,玉桥,101123714200,满五家庭名下唯一住房无贷款小区刚改造完,162万,33089元/平,顶层 (共6层) 1室1厅 | 48.96平米 | 南 北,https://ke-image.ljcdn.com/110000-inspection/pc1_bG3gFJiNp_1.jpg!m_fill,w_280,h_210,f_jpg?from=ke.com
20240918,通州,玉桥,101123707276,格兰晴天 2室2厅 南 北,353万,41835元/平,顶层 (共6层) 2室2厅 | 84.38平米 | 南 北,https://ke-image.ljcdn.com/110000-inspection/14ce21fe-4725-4ac9-98e9-ae307101ae80_1000.jpg!m_fill,w_280,h_210,f_jpg?from=ke.com
20240918,通州,玉桥,101123663718,合生滨江帝景二期新上中高层三居无遮挡随时可看,528万,53125元/平,高楼层 (共18层) | 2016年 | 3室2厅 | 99.39平米 | 南,https://ke-image.ljcdn.com/110000-inspection/5acefbcc-6b2a-4a90-b2a8-8188e36118df_1000.jpg!m_fill,w_280,h_210,f_jpg?from=ke.com
20240918,通州,玉桥,101123647381,源泉苑 2室2厅 南 北,230万,32820元/平,顶层 (共6层) 2室2厅 | 70.08平米 | 南 北,https://ke-image.ljcdn.com/110000-inspection/pc1_CJyxWkEye_1.jpg!m_fill,w_280,h_210,f_jpg?from=ke.com
20240918,通州,玉桥,101123585172,幸福艺居 南北通透 产权清晰 业主诚心出售房主自荐,380万,30019元/平,高楼层 (共7层) 3室2厅 | 126.59平米 | 南 北,https://ke-image.ljcdn.com/110000-inspection/0a9c816b-de7d-45b1-b7f3-40d112472ae7_1000.jpg!m_fill,w_280,h_210,f_jpg?from=ke.com
20240918,通州,玉桥,101123575025,叠拼别墅户型方正南北通透格局合理带车库房主自荐,720万,31373元/平,中楼层 (共4层) 4室2厅 | 229.5平米 | 南 北,https://ke-image.ljcdn.com/110000-inspection/pc1_MEAC1Wpry.jpg!m_fill,w_280,h_210,f_jpg?from=ke.com
20240918,通州,玉桥,101123476664,京艺天朗满五唯一不临街采光通风好,468万,37507元/平,中楼层 (共6层) 3室1厅 | 124.78平米 | 东 西,https://ke-image.ljcdn.com/110000-inspection/pc1_IlwrbeRSA.jpg!m_fill,w_280,h_210,f_jpg?from=ke.com
20240918,通州,玉桥,101123476553,幸福艺居小区干净整洁车位充足免费全明户型,172万,33581元/平,高楼层 (共6层) 1室0厅 | 51.22平米 | 南 北,https://ke-image.ljcdn.com/110000-inspection/pc1_NbOi8Jdrc.jpg!m_fill,w_280,h_210,f_jpg?from=ke.com
20240918,通州,玉桥,101123472423,玉桥东里 满5年唯一 商品房带电梯 南北1居中间位置房主自荐,185万,33735元/平,顶层 (共21层) | 2010年 | 1室1厅 | 54.84平米 | 南 北,https://ke-image.ljcdn.com/110000-inspection/pc1_Mr4Du0Mhl_1.jpg!m_fill,w_280,h_210,f_jpg?from=ke.com
20240918,通州,玉桥,101123344880,玉桥东里 南向1居首套首付44万 满5唯一中间位置,191万,38972元/平,中楼层 (共11层) 1室1厅 | 49.01平米 | 南,https://ke-image.ljcdn.com/110000-inspection/cd76af53-0047-47c0-b72f-0b4482be03ab_1000.jpg!m_fill,w_280,h_210,f_jpg?from=ke.com
20240918,通州,玉桥,101123343620,玉桥东里 东南1居 满5唯一 商品房 中间位置,200万,36043元/平,低楼层 (共21层) | 2010年 | 1室1厅 | 55.49平米 | 西南,https://ke-image.ljcdn.com/110000-inspection/pc1_EnPNJG2BO.jpg!m_fill,w_280,h_210,f_jpg?from=ke.com
20240918,通州,玉桥,101123342966,玉桥南里  实用型大2居 空间大价格低 上下学很方便,209万,27775元/平,顶层 (共6层) 2室1厅 | 75.25平米 | 南 北,https://ke-image.ljcdn.com/110000-inspection/pc1_TmsFqfGRh.jpg!m_fill,w_280,h_210,f_jpg?from=ke.com
20240918,通州,玉桥,101123342742,京艺天朗雅园满五年婚房装修新风系统中央空调房主自荐,269万,37866元/平,顶层 (共6层) 2室1厅 | 71.04平米 | 南 北,https://ke-image.ljcdn.com/110000-inspection/pc1_edzDSxdBA.jpg!m_fill,w_280,h_210,f_jpg?from=ke.com
20240918,通州,玉桥,101123225555,幸福艺居满五唯一精装修不临街不把边,248万,39409元/平,顶层 (共6层) | 2004年 | 1室1厅 | 62.93平米 | 南 北,https://ke-image.ljcdn.com/110000-inspection/pc1_c8yTxDZQm_1.jpg!m_fill,w_280,h_210,f_jpg?from=ke.com
20240918,通州,玉桥,101123219592,幸福艺居/电梯2居南北通透随时看房,465万,46566元/平,中楼层 (共11层) | 2005年 | 2室2厅 | 99.86平米 | 南 北,https://ke-image.ljcdn.com/110000-inspection/pc1_1h09UF4jO.jpg!m_fill,w_280,h_210,f_jpg?from=ke.com
20240918,通州,玉桥,101123209362,合生滨江 精装大三居 南北通透 高楼层视野好,760万,49115元/平,高楼层 (共27层) | 2014年 | 3室2厅 | 154.74平米 | 南 北,https://ke-image.ljcdn.com/110000-inspection/pc1_MYK0mju0W.jpg!m_fill,w_280,h_210,f_jpg?from=ke.com
20240918,通州,玉桥,101123209349,玉桥南里 2室1厅 南 北,258万,41795元/平,中楼层 (共6层) 2室1厅 | 61.73平米 | 南 北,https://ke-image.ljcdn.com/110000-inspection/pc1_U1pVWyESi.jpg!m_fill,w_280,h_210,f_jpg?from=ke.com
20240918,通州,玉桥,101123091964,一层下跃楼上楼下建筑面积相同有下沉式花园房主自荐,698万,70158元/平,底层 (共18层) 6室2厅 | 99.49平米 | 南,https://ke-image.ljcdn.com/110000-inspection/pc1_Km4sDcIgP.jpg!m_fill,w_280,h_210,f_jpg?from=ke.com
20240918,通州,玉桥,101123077924,合生滨江帝景二期新上中高层三居诚心出售,735万,53408元/平,高楼层 (共18层) | 2016年 | 3室2厅 | 137.62平米 | 南 北,https://ke-image.ljcdn.com/110000-inspection/pc1_Q3GMvgbuP_1.jpg!m_fill,w_280,h_210,f_jpg?from=ke.com
20240918,通州,玉桥,101123073337,满五唯一南北通透采光好配套齐全交通便利,299万,34001元/平,高楼层 (共6层) | 1999年 | 2室1厅 | 87.94平米 | 南 北,https://ke-image.ljcdn.com/110000-inspection/pc1_GW6XHtLPe_1.jpg!m_fill,w_280,h_210,f_jpg?from=ke.com
20240918,通州,玉桥,101123047904,京艺天朗雅园 2室1厅 南 北,382万,43868元/平,中楼层 (共6层) 2室1厅 | 87.08平米 | 南 北,https://ke-image.ljcdn.com/110000-inspection/pc1_gBVpBooUX.jpg!m_fill,w_280,h_210,f_jpg?from=ke.com
20240918,通州,玉桥,101122981306,此房南北通透满五唯一没有抵押看房方便,200万,35830元/平,顶层 (共6层) 2室1厅 | 55.82平米 | 南 北,https://ke-image.ljcdn.com/110000-inspection/pc1_74MA1wVC1_1.jpg!m_fill,w_280,h_210,f_jpg?from=ke.com
20240918,通州,玉桥,101122921608,玉桥南里正规南北两居室 采光好 配套齐 交通便利,260万,34947元/平,中楼层 (共6层) 2室1厅 | 74.4平米 | 南 北,https://ke-image.ljcdn.com/110000-inspection/619b4cb0-f016-4d33-a60b-38a37e2a8f1d_1000.jpg!m_fill,w_280,h_210,f_jpg?from=ke.com
20240918,通州,玉桥,101122863759,玉桥南里 1室1厅 南 北,149万,28621元/平,顶层 (共6层) 1室1厅 | 52.06平米 | 南 北,https://ke-image.ljcdn.com/110000-inspection/7a559387-83e7-45f9-8819-cff30170fb44_1000.jpg!m_fill,w_280,h_210,f_jpg?from=ke.com
20240918,通州,玉桥,101122821557,玉桥南里 南北通透 户型方正 中间楼层 装修好,175万,34207元/平,中楼层 (共6层) 1室1厅 | 51.16平米 | 南 北,https://ke-image.ljcdn.com/110000-inspection/184baf96-d02e-4444-9e91-d569515289d4_1000.jpg!m_fill,w_280,h_210,f_jpg?from=ke.com
20240918,通州,玉桥,101122797789,远洋四居  随时看房  全明户型   一梯一户,1320万,59414元/平,低楼层 (共20层) | 2012年 | 4室1厅 | 222.17平米 | 东 南 北,https://ke-image.ljcdn.com/110000-inspection/pc1_1FnP3zJyJ.jpg!m_fill,w_280,h_210,f_jpg?from=ke.com
20240918,通州,玉桥,101122694107,美然百度城户型方正全明格局明厨明卫,165万,32309元/平,顶层 (共5层) | 2002年 | 1室1厅 | 51.07平米 | 东 西,https://ke-image.ljcdn.com/110000-inspection/pc1_c11WkDOa2.jpg!m_fill,w_280,h_210,f_jpg?from=ke.com
20240918,通州,玉桥,101122671247,满五唯一 南北通透 通风和采光好,160万,32936元/平,顶层 (共6层) 1室1厅 | 48.58平米 | 南 北,https://ke-image.ljcdn.com/110000-inspection/c30e07eb-ce07-4b97-b358-7caa907e5d35_1000.jpg!m_fill,w_280,h_210,f_jpg?from=ke.com
20240918,通州,玉桥,101122640088,玉桥东里中高层正规一居精装修可拎包入住房主自荐,195万,37594元/平,中楼层 (共22层) | 2010年 | 1室1厅 | 51.87平米 | 东南,https://ke-image.ljcdn.com/110000-inspection/c37ac7c3-8247-4bc9-afb0-208e45474337_1000.jpg!m_fill,w_280,h_210,f_jpg?from=ke.com
20240918,通州,玉桥,101122611989,格兰晴天低楼层南北通透三居室业主诚心出售,550万,52567元/平,低楼层 (共6层) 3室2厅 | 104.63平米 | 南 北,https://ke-image.ljcdn.com/110000-inspection/70635305-c116-4ffe-979f-7ff918151b7c_1000.jpg!m_fill,w_280,h_210,f_jpg?from=ke.com
20240918,通州,玉桥,101122483269,合生滨江帝景二期 3室2厅 南 北,765万,55251元/平,高楼层 (共18层) | 2016年 | 3室2厅 | 138.46平米 | 南 北,https://ke-image.ljcdn.com/110000-inspection/pc1_U8KqAvxH7.jpg!m_fill,w_280,h_210,f_jpg?from=ke.com
20240918,通州,玉桥,101121826519,幸福艺居南北通透中高楼层没有遮挡采光充足,367万,43309元/平,高楼层 (共6层) | 2004年 | 2室1厅 | 84.74平米 | 南 北,https://ke-image.ljcdn.com/110000-inspection/pc1_C9X8WAa7N.jpg!m_fill,w_280,h_210,f_jpg?from=ke.com
20240918,通州,玉桥,101121752031,格兰晴天四室两厅户型好采光好满五唯一,699万,49526元/平,中楼层 (共6层) 4室2厅 | 141.14平米 | 南 西 北,https://ke-image.ljcdn.com/110000-inspection/pc1_LL1r1GQz1_1.jpg!m_fill,w_280,h_210,f_jpg?from=ke.com
20240918,通州,玉桥,101121617237,京艺天朗南北通透满五唯一视野采光好不临街,309万,35174元/平,高楼层 (共6层) | 2004年 | 2室1厅 | 87.85平米 | 南 北,https://ke-image.ljcdn.com/110000-inspection/pc1_MF84aVFDb_1.jpg!m_fill,w_280,h_210,f_jpg?from=ke.com
20240918,通州,玉桥,101121240755,精装修  户型方正 南向一居室,190万,39240元/平,高楼层 (共6层) 1室1厅 | 48.42平米 | 南,https://ke-image.ljcdn.com/110000-inspection/025acada-8576-41bb-a616-c6a1796b565e_1000.jpg!m_fill,w_280,h_210,f_jpg?from=ke.com
20240918,通州,玉桥,101120915133,格兰晴天 满五唯一 客厅加双卧朝南 看房随时 无遮挡,618万,48124元/平,高楼层 (共6层) 3室2厅 | 128.42平米 | 南 北,https://ke-image.ljcdn.com/110000-inspection/2f9d2cdb-3813-4e1d-8a03-7a2559ea60a4_1000.jpg!m_fill,w_280,h_210,f_jpg?from=ke.com
20240918,通州,玉桥,101119757530,合生滨江二期 一层下跃 有花园,800万,88340元/平,底层 (共18层) 5室2厅 | 90.56平米 | 南,https://ke-image.ljcdn.com/110000-inspection/pc1_8bh0IAVtq.jpg!m_fill,w_280,h_210,f_jpg?from=ke.com
20240918,通州,玉桥,101119275010,格兰晴天经典三居 业主诚心出售,566万,44476元/平,顶层 (共6层) | 2004年 | 3室2厅 | 127.26平米 | 南 北,https://ke-image.ljcdn.com/110000-inspection/44770854-efcc-428c-994f-d2585432ca5c_1000.jpg!m_fill,w_280,h_210,f_jpg?from=ke.com
20240918,通州,玉桥,101118052571,玉桥东里南北通透大三居满五唯一房主自荐,380万,32504元/平,顶层 (共6层) 3室2厅 | 116.91平米 | 南 北,https://ke-image.ljcdn.com/110000-inspection/pc1_e5upqCtoi.jpg!m_fill,w_280,h_210,f_jpg?from=ke.com
20240918,通州,玉桥,101126554894,格兰晴天 中间楼层 中间位置 满五唯一 南北两居新上,455万,46758元/平,中楼层 (共6层) 2室1厅 | 97.31平米 | 南 北,https://s1.ljcdn.com/pegasus/redskull/images/common/default_house_list.png?_v=20240826145726
20240918,通州,玉桥,101126537081,柳岸方园 1室0厅 南新上,223万,40181元/平,低楼层 (共12层) | 2005年 | 1室0厅 | 55.5平米 | 南,https://s1.ljcdn.com/pegasus/redskull/images/common/default_house_list.png?_v=20240826145726
20240918,通州,玉桥,101126497743,格兰晴天 满五唯一 中间楼层 采光好 南北通透,425万,42969元/平,中楼层 (共6层) | 2004年 | 2室2厅 | 98.91平米 | 南 北,https://s1.ljcdn.com/pegasus/redskull/images/common/default_house_list.png?_v=20240826145726
20240918,通州,玉桥,101126416053,合生滨江帝景一期满五年唯一人车分流采光充足,536万,47743元/平,低楼层 (共27层) | 2014年 | 3室1厅 | 112.27平米 | 南,https://s1.ljcdn.com/pegasus/redskull/images/common/default_house_list.png?_v=20240826145726
20240918,通州,玉桥,101126330396,源泉苑满五唯一两居室中间楼层诚意出售,247万,34976元/平,中楼层 (共6层) 2室1厅 | 70.62平米 | 南 北,https://s1.ljcdn.com/pegasus/redskull/images/common/default_house_list.png?_v=20240826145726
20240918,通州,玉桥,101126330002,幸福艺居 2室1厅 南 北,342万,42596元/平,低楼层 (共7层) 2室1厅 | 80.29平米 | 南 北,https://s1.ljcdn.com/pegasus/redskull/images/common/default_house_list.png?_v=20240826145726
20240918,通州,玉桥,101126014368,玉桥东里 2室1厅 南,160万,30847元/平,中楼层 (共22层) | 2010年 | 2室1厅 | 51.87平米 | 南,https://s1.ljcdn.com/pegasus/redskull/images/common/default_house_list.png?_v=20240826145726
20240918,通州,玉桥,101125927139,玉桥东里 1室1厅 东南,209万,41387元/平,低楼层 (共21层) | 2010年 | 1室1厅 | 50.5平米 | 东南,https://s1.ljcdn.com/pegasus/redskull/images/common/default_house_list.png?_v=20240826145726
