20240912,朝阳,东大桥,101123475074,向军北里 无遮挡 呼家楼 白家庄必看好房,490万,87112元/平,低楼层 (共18层) | 1990年 | 2室1厅 | 56.25平米 | 南,https://ke-image.ljcdn.com/110000-inspection/8f263b3a-d4c3-423d-8a98-e3f8b075974c_1000.jpg!m_fill,w_280,h_210,f_jpg?from=ke.com
20240912,朝阳,东大桥,101121506116,90后小一居总价不高位置挺好楼层适中有电梯。必看好房,269万,66833元/平,中楼层 (共22层) 1室1厅 | 40.25平米 | 西南,https://ke-image.ljcdn.com/110000-inspection/0cd6bead-77b9-484c-acd4-d24986c5eb71_1000.jpg!m_fill,w_280,h_210,f_jpg?from=ke.com
20240912,朝阳,东大桥,101120584351,向军北里 中间楼层  +80近地铁必看好房,470万,81654元/平,中楼层 (共5层) | 1980年 | 2室1厅 | 57.56平米 | 南 北,https://ke-image.ljcdn.com/110000-inspection/pc1_F5gJjatGU.jpg!m_fill,w_280,h_210,f_jpg?from=ke.com
20240912,朝阳,东大桥,101126002725,工人体育场东路 全南小两居 近地铁必看好房,320万,66820元/平,中楼层 (共5层) 2室1厅 | 47.89平米 | 南,https://ke-image.ljcdn.com/110000-inspection/ea63df25-5d36-4f90-aa09-a567b86db630_1000.jpg!m_fill,w_280,h_210,f_jpg?from=ke.com
20240912,朝阳,东大桥,101125857657,核桃园北里 2室1厅 东南必看好房,599万,92268元/平,中楼层 (共18层) | 1990年 | 2室1厅 | 64.92平米 | 东南,https://ke-image.ljcdn.com/110000-inspection/pc1_nQ50BUmOh_1.jpg!m_fill,w_280,h_210,f_jpg?from=ke.com
20240912,朝阳,东大桥,101125775702,大区主推 白家庄 核桃园北里 中间楼层 东南向一居房主自荐,440万,100480元/平,中楼层 (共15层) | 1987年 | 1室1厅 | 43.79平米 | 南,https://ke-image.ljcdn.com/110000-inspection/34aa22a7-f45c-49ef-958d-49fe8b372a5d_1000.jpg!m_fill,w_280,h_210,f_jpg?from=ke.com
20240912,朝阳,东大桥,101124859276,工人体育场南路小区 闹中取静 诚意出售,380万,64418元/平,低楼层 (共6层) | 1987年 | 2室1厅 | 58.99平米 | 东 西,https://ke-image.ljcdn.com/110000-inspection/dc175091-d6e5-4f2d-8e15-adc7031d0661_1000.jpg!m_fill,w_280,h_210,f_jpg?from=ke.com
20240912,朝阳,东大桥,101124787162,农业部、农丰里、六号线地铁口、南北向2+1户型必看好房,593万,92124元/平,中楼层 (共6层) | 1981年 | 2室1厅 | 64.37平米 | 南 北,https://ke-image.ljcdn.com/110000-inspection/pc1_ZAfJExSku.jpg!m_fill,w_280,h_210,f_jpg?from=ke.com
20240912,朝阳,东大桥,101124551707,南向正规一居室民水民电有燃气拎包入住必看好房,680万,75347元/平,低楼层 (共42层) | 2005年 | 1室1厅 | 90.25平米 | 南,https://ke-image.ljcdn.com/110000-inspection/c44ecde1-3538-45df-8d88-3f97c58108c6_1000.jpg!m_fill,w_280,h_210,f_jpg?from=ke.com
20240912,朝阳,东大桥,101126211847,核桃园北里 板楼2层 南北通透3居满五年唯一必看好房,698万,90485元/平,低楼层 (共6层) 3室1厅 | 77.14平米 | 南 北,https://ke-image.ljcdn.com/110000-inspection/721aaa92-3a48-4e81-8e72-408d2fc94da5_1000.jpg!m_fill,w_280,h_210,f_jpg?from=ke.com
20240912,朝阳,东大桥,101126063219,核桃园北里 满五唯一 南北朝向,510万,84228元/平,高楼层 (共6层) | 1986年 | 2室1厅 | 60.55平米 | 南 北,https://ke-image.ljcdn.com/110000-inspection/f9ddcba5-c3ee-4bb2-8d01-da1590c87c74_1000.jpg!m_fill,w_280,h_210,f_jpg?from=ke.com
20240912,朝阳,东大桥,101125994567,诚意卖【工体南路】四地铁交汇成熟商圈,285万,69530元/平,中楼层 (共5层) 2室1厅 | 40.99平米 | 南 北,https://ke-image.ljcdn.com/110000-inspection/8b0eb4a8-5e9e-490c-9e37-8dd2d5ff90ed_1000.jpg!m_fill,w_280,h_210,f_jpg?from=ke.com
20240912,朝阳,东大桥,101125823335,大区主推 核桃园北里 五建家属楼必看好房,425万,97055元/平,低楼层 (共15层) | 1987年 | 1室1厅 | 43.79平米 | 东南,https://ke-image.ljcdn.com/110000-inspection/90c9c206-e061-411e-af45-76cbc29ee3c4_1000.jpg!m_fill,w_280,h_210,f_jpg?from=ke.com
20240912,朝阳,东大桥,101125289978,民政局家属楼电梯三居室满五唯一小区环境好,599万,85756元/平,低楼层 (共18层) | 1992年 | 3室1厅 | 69.85平米 | 东 南 西 北,https://ke-image.ljcdn.com/110000-inspection/pc1_rcJIKcLDl.jpg!m_fill,w_280,h_210,f_jpg?from=ke.com
20240912,朝阳,东大桥,101124561622,世茂宫园 板楼南北通透三居室 满五唯一 可看房房主自荐,1699万,75764元/平,中楼层 (共7层) 3室1厅 | 224.25平米 | 南 北,https://ke-image.ljcdn.com/110000-inspection/766ca665-21e3-4fc5-91f4-cba1144135db_1000.jpg!m_fill,w_280,h_210,f_jpg?from=ke.com
20240912,朝阳,东大桥,101124368191,国贸 东大桥 CBD 三居 双卧朝南 采光好 观公园 诚意卖,550万,62879元/平,中楼层 (共18层) | 1985年 | 3室1厅 | 87.47平米 | 西南,https://ke-image.ljcdn.com/110000-inspection/pc1_TAGt5Xc0A_1.jpg!m_fill,w_280,h_210,f_jpg?from=ke.com
20240912,朝阳,东大桥,101124052254,70年产权 4梯4户 高楼层 无抵押随时可签必看好房,930万,30695元/平,高楼层 (共32层) | 2008年 | 3室1厅 | 302.99平米 | 西南,https://ke-image.ljcdn.com/110000-inspection/753e3e46-fb59-4ebf-80e3-8450c1cd7991_1000.jpg!m_fill,w_280,h_210,f_jpg?from=ke.com
20240912,朝阳,东大桥,101124052228,70年产权  4梯4户 高楼层 东南向 视野好必看好房,1163万,30255元/平,高楼层 (共32层) | 2007年 | 4室1厅 | 384.4平米 | 东南,https://ke-image.ljcdn.com/110000-inspection/448025a4-b810-4258-b69b-16b80f960719_1000.jpg!m_fill,w_280,h_210,f_jpg?from=ke.com
20240912,朝阳,东大桥,101124003180,新城国际 高层 观景一居室 满五年 随时交易房主自荐,845万,95849元/平,中楼层 (共32层) | 2003年 | 1室1厅 | 88.16平米 | 西北,https://ke-image.ljcdn.com/110000-inspection/f5f1a013-0789-4d43-8847-63fc4f973250_1000.jpg!m_fill,w_280,h_210,f_jpg?from=ke.com
20240912,朝阳,东大桥,101123717154,满五年唯一东向俩居室可以给6个月周期。,1160万,93421元/平,中楼层 (共29层) 2室1厅 | 124.17平米 | 东,https://ke-image.ljcdn.com/110000-inspection/9736dd5d-ccf2-4ccf-b704-1c418c34a1dd_1000.jpg!m_fill,w_280,h_210,f_jpg?from=ke.com
20240912,朝阳,东大桥,101122249266,圣世一品 高楼层无遮挡 装修保养好房主自荐,1300万,84658元/平,高楼层 (共21层) | 2010年 | 2室2厅 | 153.56平米 | 西,https://ke-image.ljcdn.com/110000-inspection/pc1_PW5ahC8Vz_1.jpg!m_fill,w_280,h_210,f_jpg?from=ke.com
20240912,朝阳,东大桥,101122050062,圣世一品 精装修两居室 2010年小区 封闭式管理,800万,83482元/平,低楼层 (共21层) | 2010年 | 2室2厅 | 95.83平米 | 西北,https://ke-image.ljcdn.com/110000-inspection/pc1_9y22q4d6g.jpg!m_fill,w_280,h_210,f_jpg?from=ke.com
20240912,朝阳,东大桥,101125917861,三环内国贸商圈位置好有会所品质物业管理,245万,42118元/平,低楼层 (共31层) | 2008年 | 1室0厅 | 58.17平米 | 北,https://s1.ljcdn.com/pegasus/redskull/images/common/default_house_list.png?_v=20240826145726
20240912,朝阳,东大桥,101124184406,世界城小区 位置好 小区环境好 朝南向 精装修,285万,50443元/平,高楼层 (共29层) | 2008年 | 1室0厅 | 56.5平米 | 南,https://s1.ljcdn.com/pegasus/redskull/images/common/default_house_list.png?_v=20240826145726
20240912,朝阳,东大桥,101126485168,工体东路 2室1厅 南 北新上,370万,76621元/平,底层 (共5层) 2室1厅 | 48.29平米 | 南 北,https://ke-image.ljcdn.com/110000-inspection/6a7e9234-a782-4d45-8fed-7f5bd496028a_1000.jpg!m_fill,w_280,h_210,f_jpg?from=ke.com
20240912,朝阳,东大桥,101126431642,东大桥斜街南北通透两居室精装修看房有钥匙新上,479万,97062元/平,底层 (共5层) | 1978年 | 2室1厅 | 49.35平米 | 南 北,https://ke-image.ljcdn.com/110000-inspection/pc1_8s5axjqDu_1.jpg!m_fill,w_280,h_210,f_jpg?from=ke.com
20240912,朝阳,东大桥,101126414175,核桃园北里东南向一居室采光好呼家楼东大桥三里屯新上,379万,86550元/平,顶层 (共15层) | 1987年 | 1室1厅 | 43.79平米 | 东南,https://ke-image.ljcdn.com/110000-inspection/18e38885-eb44-4adb-b086-ac3490330fa1_1000.jpg!m_fill,w_280,h_210,f_jpg?from=ke.com
20240912,朝阳,东大桥,101126399602,工体东路双卫生间东西通透3个阳台户型难得新上,639万,68270元/平,中楼层 (共5层) | 1993年 | 3室1厅 | 93.6平米 | 东 西北,https://ke-image.ljcdn.com/110000-inspection/361bed07-988b-403f-8002-2e3edfec4183_1000.jpg!m_fill,w_280,h_210,f_jpg?from=ke.com
20240912,朝阳,东大桥,101126362640,工体南路 南向一居室 采光充足 带电梯 有停车场,248万,57595元/平,低楼层 (共18层) | 1987年 | 1室0厅 | 43.06平米 | 南,https://ke-image.ljcdn.com/110000-inspection/27c1f541-42f9-49bb-9524-8a5911d267c2_1000.jpg!m_fill,w_280,h_210,f_jpg?from=ke.com
20240912,朝阳,东大桥,101126318458,向军北里 板楼中间层 1993年建成 南北通透,510万,89710元/平,中楼层 (共6层) | 1993年 | 2室1厅 | 56.85平米 | 南 北,https://ke-image.ljcdn.com/110000-inspection/pc1_lPYRNrGXY_1.jpg!m_fill,w_280,h_210,f_jpg?from=ke.com
20240912,朝阳,东大桥,101126256411,向军北里 八十 电梯高层 南北无遮挡 满五年,470万,83556元/平,高楼层 (共18层) | 1990年 | 2室1厅 | 56.25平米 | 南 北,https://ke-image.ljcdn.com/110000-inspection/8ff4c179-771e-4794-a3d3-426337abd65b_1000.jpg!m_fill,w_280,h_210,f_jpg?from=ke.com
20240912,朝阳,东大桥,101126243584,主推房源 白家庄 核桃园北里 中间楼层 3居室户型,780万,97671元/平,中楼层 (共6层) | 1986年 | 3室1厅 | 79.86平米 | 南 北,https://ke-image.ljcdn.com/110000-inspection/c41fc5e6-f70f-423b-be80-2b203a961b1a_1000.jpg!m_fill,w_280,h_210,f_jpg?from=ke.com
20240912,朝阳,东大桥,101126226588,工体东路电梯房1居室 精装修 高层视野开阔 无遮挡,329万,81740元/平,中楼层 (共22层) 1室1厅 | 40.25平米 | 东南,https://ke-image.ljcdn.com/110000-inspection/4fc8e229-3cce-4069-ad89-1f2ae7475983_1000.jpg!m_fill,w_280,h_210,f_jpg?from=ke.com
20240912,朝阳,东大桥,101126223542,旺座中心公寓 3室2厅 西南,1150万,45084元/平,中楼层 (共30层) | 2005年 | 3室2厅 | 255.08平米 | 西南,https://ke-image.ljcdn.com/110000-inspection/bfd81455-4c9c-4333-9128-c880db2df4f2_1000.jpg!m_fill,w_280,h_210,f_jpg?from=ke.com
20240912,朝阳,东大桥,101126191565,可贷款430万   70年产权 可居住 居住楼盘,650万,33351元/平,低楼层 (共32层) | 2007年 | 3室1厅 | 194.9平米 | 东 北,https://ke-image.ljcdn.com/110000-inspection/c38033fc-a738-46b9-acb6-0c53172c04a8_1000.jpg!m_fill,w_280,h_210,f_jpg?from=ke.com
20240912,朝阳,东大桥,101126174329,纯南向  3梯2户  三居室  房子采光佳  急售,860万,45261元/平,低楼层 (共30层) | 2005年 | 3室2厅 | 190.01平米 | 南,https://ke-image.ljcdn.com/110000-inspection/e1d2014b-bc28-4b0f-9dc1-ab43bb75cb76_1000.jpg!m_fill,w_280,h_210,f_jpg?from=ke.com
20240912,朝阳,东大桥,101126106782,圣世一品 高层一居 可看房 满五年 价格能商量,710万,94591元/平,顶层 (共21层) | 2010年 | 1室1厅 | 75.06平米 | 西,https://ke-image.ljcdn.com/110000-inspection/4f5f4f9d-9d0c-4644-85d4-3defd459836d_1000.jpg!m_fill,w_280,h_210,f_jpg?from=ke.com
20240912,朝阳,东大桥,101126069523,【白+80】 满五唯一  博洛尼精装  三室一厅,649万,97978元/平,中楼层 (共6层) 3室1厅 | 66.24平米 | 南 北,https://ke-image.ljcdn.com/110000-inspection/pc1_mLyLyqhni_1.jpg!m_fill,w_280,h_210,f_jpg?from=ke.com
20240912,朝阳,东大桥,101126061953,东大桥东里 2室1厅 东南,388万,66541元/平,底层 (共16层) 2室1厅 | 58.31平米 | 东南,https://ke-image.ljcdn.com/110000-inspection/9b1cd3f0-285e-495f-a370-274691db5acd_1000.jpg!m_fill,w_280,h_210,f_jpg?from=ke.com
20240912,朝阳,东大桥,101126045445,兵器部家属楼有管理不临街91年带电梯可公积金贷,680万,87641元/平,底层 (共22层) 3室1厅 | 77.59平米 | 东 南 西 北,https://ke-image.ljcdn.com/110000-inspection/eea514fa-d87f-4f7c-93ae-edafd24dac01_1000.jpg!m_fill,w_280,h_210,f_jpg?from=ke.com
20240912,朝阳,东大桥,101125988093,工体南路 精装修 两居室 诚意出售,480万,88042元/平,低楼层 (共18层) 2室1厅 | 54.52平米 | 南,https://ke-image.ljcdn.com/110000-inspection/af7f19af-6bb7-4997-ab6d-c6b5fb263bd1_1000.jpg!m_fill,w_280,h_210,f_jpg?from=ke.com
20240912,朝阳,东大桥,101125985119,【农丰里小区】换房业主诚意出售！,565万,88739元/平,高楼层 (共6层) 2室1厅 | 63.67平米 | 南 北,https://ke-image.ljcdn.com/110000-inspection/30a035ba-32c9-4961-bc40-ffd05ae24d78_1000.jpg!m_fill,w_280,h_210,f_jpg?from=ke.com
20240912,朝阳,东大桥,101125956396,圣世一品 独体独户 私享电梯 双卫设计,1400万,89578元/平,低楼层 (共22层) | 2010年 | 2室1厅 | 156.29平米 | 西北,https://ke-image.ljcdn.com/110000-inspection/76f66c44-3abe-47ac-9a30-e6407dfbed30_1000.jpg!m_fill,w_280,h_210,f_jpg?from=ke.com
20240912,朝阳,东大桥,101125651082,核桃园北里小区 五建家属楼,769万,99689元/平,中楼层 (共6层) 3室1厅 | 77.14平米 | 南 北,https://ke-image.ljcdn.com/110000-inspection/pc1_PmsyxFfZ6_1.jpg!m_fill,w_280,h_210,f_jpg?from=ke.com
20240912,朝阳,东大桥,101125593376,大区主推东大桥斜街 精装修 三居室,725万,92181元/平,低楼层 (共14层) | 1989年 | 3室1厅 | 78.65平米 | 西南,https://ke-image.ljcdn.com/110000-inspection/513079f5-78b1-4562-98c9-6f3b2f5e7cbd_1000.jpg!m_fill,w_280,h_210,f_jpg?from=ke.com
20240912,朝阳,东大桥,101125589639,关东店北街 全南向 带电梯 视野开阔 采光充足,647.5万,87548元/平,中楼层 (共18层) 3室1厅 | 73.96平米 | 南 西南,https://ke-image.ljcdn.com/110000-inspection/868a6dbb-1af0-44e5-97e9-1c9c9982766c_1000.jpg!m_fill,w_280,h_210,f_jpg?from=ke.com
20240912,朝阳,东大桥,101125586129,工体南路 正规三居室 全明格局 带电梯 楼层高,550万,72369元/平,高楼层 (共18层) | 1987年 | 3室1厅 | 76平米 | 东 西 北,https://ke-image.ljcdn.com/110000-inspection/325cd982-042e-42d0-987c-70854675131d_1000.jpg!m_fill,w_280,h_210,f_jpg?from=ke.com
20240912,朝阳,东大桥,101125522842,圣世一品 3室2厅 南 北,2300万,100297元/平,中楼层 (共22层) | 2010年 | 3室2厅 | 229.32平米 | 南 北,https://ke-image.ljcdn.com/110000-inspection/pc1_zGSKXZJcf.jpg!m_fill,w_280,h_210,f_jpg?from=ke.com
20240912,朝阳,东大桥,101125408681,精装修全明格局小区不临街有管理近地铁房主自荐,239万,72800元/平,顶层 (共5层) | 1974年 | 1室1厅 | 32.83平米 | 南,https://ke-image.ljcdn.com/110000-inspection/944ae08d-8642-4e2e-9db1-a1a28cc8380a_1000.jpg!m_fill,w_280,h_210,f_jpg?from=ke.com
20240912,朝阳,东大桥,101125392607,95年楼一层2户自住客户多环境干净有车位,550万,82670元/平,顶层 (共6层) 2室1厅 | 66.53平米 | 南 北,https://ke-image.ljcdn.com/110000-inspection/9ec53bca-2c76-4199-855b-ea7db724a0bd_1000.jpg!m_fill,w_280,h_210,f_jpg?from=ke.com
20240912,朝阳,东大桥,101125374760,工体东路 1室1厅 南,340万,79589元/平,高楼层 (共14层) 1室1厅 | 42.72平米 | 南,https://ke-image.ljcdn.com/110000-inspection/pc1_R3o52amyM.jpg!m_fill,w_280,h_210,f_jpg?from=ke.com
20240912,朝阳,东大桥,101125369472,北京财富中心 1室0厅 南,670万,81519元/平,高楼层 (共42层) | 2005年 | 1室0厅 | 82.19平米 | 南,https://ke-image.ljcdn.com/110000-inspection/dcea4f6c-e224-4d43-9649-884f15374336_1000.jpg!m_fill,w_280,h_210,f_jpg?from=ke.com
20240912,朝阳,东大桥,101125364475,白+八十 双南向 精装修 好楼层 两居室随时看,480万,94769元/平,中楼层 (共5层) 2室1厅 | 50.65平米 | 南,https://ke-image.ljcdn.com/110000-inspection/cdd359ec-d9f0-4b27-8bba-1fb5abcdc99a_1000.jpg!m_fill,w_280,h_210,f_jpg?from=ke.com
20240912,朝阳,东大桥,101125157531,工体南路 1室1厅 南,260万,60381元/平,底层 (共18层) 1室1厅 | 43.06平米 | 南,https://ke-image.ljcdn.com/110000-inspection/bd80a673-23f5-42e4-b532-2a485d74c7f8_1000.jpg!m_fill,w_280,h_210,f_jpg?from=ke.com
20240912,朝阳,东大桥,101125044208,东大桥东里 2室1厅 南 北房主自荐,435万,84107元/平,底层 (共5层) 2室1厅 | 51.72平米 | 南 北,https://ke-image.ljcdn.com/110000-inspection/59fe3232-9048-40c8-8751-921f67291f5c_1000.jpg!m_fill,w_280,h_210,f_jpg?from=ke.com
20240912,朝阳,东大桥,101124977436,圣世一品10年次新小区管理好中高层视野无挡。,2050万,89395元/平,中楼层 (共22层) | 2010年 | 3室2厅 | 229.32平米 | 南 北,https://ke-image.ljcdn.com/110000-inspection/6c28ac7f-ed00-41e9-8b45-5bfacca7aee9_1000.jpg!m_fill,w_280,h_210,f_jpg?from=ke.com
20240912,朝阳,东大桥,101124952968,向军南里 一居室 高层 满五年,425万,99323元/平,顶层 (共19层) | 1993年 | 1室1厅 | 42.79平米 | 西北,https://ke-image.ljcdn.com/110000-inspection/2cc63d58-4712-461f-a8a2-664e79dde8a9_1000.jpg!m_fill,w_280,h_210,f_jpg?from=ke.com
20240912,朝阳,东大桥,101124861841,白家庄 核桃园北里 中间楼层 南北通透 精装修,550万,90745元/平,中楼层 (共6层) 2室1厅 | 60.61平米 | 南 北,https://ke-image.ljcdn.com/110000-inspection/f8361dcf-969f-4454-aeee-e545756e56f8_1000.jpg!m_fill,w_280,h_210,f_jpg?from=ke.com
20240912,朝阳,东大桥,101124767199,东大桥东里 芳草地 西南北向 精装修 采光好,669万,84173元/平,中楼层 (共16层) 2室1厅 | 79.48平米 | 西南 北,https://ke-image.ljcdn.com/110000-inspection/3edb47d1-f4dc-4660-80aa-574d7a786ca9_1000.jpg!m_fill,w_280,h_210,f_jpg?from=ke.com
20240912,朝阳,东大桥,101124605271,满五年央产房有小区有管理诚意出售,549万,79543元/平,高楼层 (共14层) | 1983年 | 3室1厅 | 69.02平米 | 西北,https://ke-image.ljcdn.com/110000-inspection/9ca3d078-7df0-47bd-b4b5-844d5643d035_1000.jpg!m_fill,w_280,h_210,f_jpg?from=ke.com
20240912,朝阳,东大桥,101124600257,东大桥东里 南北通透三居室 看房随时 业主诚意出售,409万,59147元/平,顶层 (共6层) 3室1厅 | 69.15平米 | 南 北,https://ke-image.ljcdn.com/110000-inspection/3890d811-bb56-4705-9b3e-ef71641c2f90_1000.jpg!m_fill,w_280,h_210,f_jpg?from=ke.com
20240912,朝阳,东大桥,101124410398,东大桥东里满五年东南两居室客厅可放沙发,329万,64208元/平,中楼层 (共6层) | 1984年 | 2室1厅 | 51.24平米 | 东南,https://ke-image.ljcdn.com/110000-inspection/18374bb8-1e51-4af4-9d0f-6c8c8d32e738_1000.jpg!m_fill,w_280,h_210,f_jpg?from=ke.com
20240912,朝阳,东大桥,101124370793,旺座中心公寓 3室2厅 南 东房主自荐,1280万,50355元/平,低楼层 (共30层) | 2005年 | 3室2厅 | 254.2平米 | 南 东,https://ke-image.ljcdn.com/110000-inspection/b7fe5e12-d300-49d6-a343-46ead6562371_1000.jpg!m_fill,w_280,h_210,f_jpg?from=ke.com
20240912,朝阳,东大桥,101124362844,工体东路 2室1厅 东 西,468万,76446元/平,中楼层 (共5层) 2室1厅 | 61.22平米 | 东 西,https://ke-image.ljcdn.com/110000-inspection/4a4ca57c-49db-49a4-a3a3-0d0dc001afd3_1000.jpg!m_fill,w_280,h_210,f_jpg?from=ke.com
20240912,朝阳,东大桥,101124273437,向军北里 南北通透 呼家楼地铁 中间楼层无遮挡,480万,83595元/平,中楼层 (共6层) | 1987年 | 2室1厅 | 57.42平米 | 南 北,https://ke-image.ljcdn.com/110000-inspection/pc1_UfCikSyjq_1.jpg!m_fill,w_280,h_210,f_jpg?from=ke.com
20240912,朝阳,东大桥,101124173060,1层适合老人住无遮挡停车位充足房主自荐,455万,84542元/平,底层 (共18层) | 1987年 | 2室0厅 | 53.82平米 | 东北,https://ke-image.ljcdn.com/110000-inspection/prod-ea7aa00e-aea7-4f48-814e-1431898c3f39.jpg!m_fill,w_280,h_210,f_jpg?from=ke.com
20240912,朝阳,东大桥,101124138447,农丰里南北通透格局楼层好视野宽阔采光充足,650万,101452元/平,中楼层 (共6层) 2室1厅 | 64.07平米 | 南 北,https://ke-image.ljcdn.com/110000-inspection/dd6a1342-33c3-4974-be9b-a595a4d0ea37_1000.jpg!m_fill,w_280,h_210,f_jpg?from=ke.com
20240912,朝阳,东大桥,101124129919,核桃园北里 带电梯 南向两居室 独立客厅 精装修,788万,106372元/平,高楼层 (共20层) | 1991年 | 2室1厅 | 74.08平米 | 南 北,https://ke-image.ljcdn.com/110000-inspection/917aa758-b05c-438d-a432-849b7318f759_1000.jpg!m_fill,w_280,h_210,f_jpg?from=ke.com
20240912,朝阳,东大桥,101124080530,农丰里白家庄 中层南向带电梯 满五年 管理好,450万,90362元/平,中楼层 (共16层) 1室1厅 | 49.8平米 | 南,https://ke-image.ljcdn.com/110000-inspection/1f80e6f2-66da-48fc-b225-041b36af0d57_1000.jpg!m_fill,w_280,h_210,f_jpg?from=ke.com
20240912,朝阳,东大桥,101124074974,向军北里 2室1厅 南,520万,92445元/平,高楼层 (共18层) | 1990年 | 2室1厅 | 56.25平米 | 南,https://ke-image.ljcdn.com/110000-inspection/3660c763-89f2-4265-82d8-2182341f0159_1000.jpg!m_fill,w_280,h_210,f_jpg?from=ke.com
20240912,朝阳,东大桥,101123997547,工体东路一居室中间楼层诚意出售交通便利房主自荐,275万,84616元/平,中楼层 (共5层) 1室1厅 | 32.5平米 | 南,https://ke-image.ljcdn.com/110000-inspection/469d9930-d47e-4cbb-a7a9-6f1291bfce95_1000.jpg!m_fill,w_280,h_210,f_jpg?from=ke.com
20240912,朝阳,东大桥,101123995949,向军北里 2室1厅 南 北,488万,85840元/平,顶层 (共6层) | 1993年 | 2室1厅 | 56.85平米 | 南 北,https://ke-image.ljcdn.com/110000-inspection/f794bc3f-1d30-4984-9c12-afce1dcb5885_1000.jpg!m_fill,w_280,h_210,f_jpg?from=ke.com
20240912,朝阳,东大桥,101123865243,关东店北街南北通透三居室户型方正采光好。,458万,81640元/平,中楼层 (共5层) 3室1厅 | 56.1平米 | 南 北,https://ke-image.ljcdn.com/110000-inspection/811731cf-34a1-4435-a51e-4f99ddd278b8_1000.jpg!m_fill,w_280,h_210,f_jpg?from=ke.com
20240912,朝阳,东大桥,101123823643,向军北里 白家庄 八十 精装修 满五年唯一 带电梯,583万,84469元/平,低楼层 (共14层) 3室1厅 | 69.02平米 | 东北,https://ke-image.ljcdn.com/110000-inspection/5b69fe58-0711-4e38-a9b1-74fbd1a76876_1000.jpg!m_fill,w_280,h_210,f_jpg?from=ke.com
20240912,朝阳,东大桥,101123753167,农丰里小区双南户型户型方正央产管理。,488万,87944元/平,顶层 (共6层) | 1979年 | 2室1厅 | 55.49平米 | 南,https://ke-image.ljcdn.com/110000-inspection/2ea725cf-0a3b-4f88-83aa-9041bc281fc9_1000.jpg!m_fill,w_280,h_210,f_jpg?from=ke.com
20240912,朝阳,东大桥,101123687339,工体南路 高层无遮挡 观工体 环境好房主自荐,318万,74474元/平,高楼层 (共18层) 1室1厅 | 42.7平米 | 北 东,https://ke-image.ljcdn.com/110000-inspection/9102eb60-0c8b-4294-8a3a-284f911e6af0_1000.jpg!m_fill,w_280,h_210,f_jpg?from=ke.com
20240912,朝阳,东大桥,101123675461,核桃园北里全南向2居室户型方正采光好,550万,96951元/平,中楼层 (共15层) | 1987年 | 2室1厅 | 56.73平米 | 南,https://ke-image.ljcdn.com/110000-inspection/011ba5f8-6ddd-4558-8d48-0765b3623e04_1000.jpg!m_fill,w_280,h_210,f_jpg?from=ke.com
20240912,朝阳,东大桥,101123421752,通透户型 车位充足 采光明亮 有小区环境。,413万,75201元/平,底层 (共5层) 2室1厅 | 54.92平米 | 南 北,https://ke-image.ljcdn.com/110000-inspection/65f06ed9-99b4-40c4-9f19-d9f5f1a7fab1_1000.jpg!m_fill,w_280,h_210,f_jpg?from=ke.com
20240912,朝阳,东大桥,101123388647,农丰里 南北通透三居室 交通便利 诚意出售,719万,90316元/平,顶层 (共6层) 3室1厅 | 79.61平米 | 南 北,https://ke-image.ljcdn.com/110000-inspection/pc1_Ut99vCZHt_1.jpg!m_fill,w_280,h_210,f_jpg?from=ke.com
20240912,朝阳,东大桥,101123382632,东草园五巷 正规两居室 南北通透 不临街 视野开阔,390万,64314元/平,中楼层 (共6层) 2室1厅 | 60.64平米 | 南 北,https://ke-image.ljcdn.com/110000-inspection/45757465-524c-4e5d-89b8-d7b16efa219d_1000.jpg!m_fill,w_280,h_210,f_jpg?from=ke.com
20240912,朝阳,东大桥,101123379845,南北通透1995年楼龄新精装修小区有管理有车位,580万,90640元/平,顶层 (共6层) | 1995年 | 2室1厅 | 63.99平米 | 南 北,https://ke-image.ljcdn.com/110000-inspection/3f42b28a-e846-40c7-980b-5a861e12a2ef_1000.jpg!m_fill,w_280,h_210,f_jpg?from=ke.com
20240912,朝阳,东大桥,101123352577,工体东路全明格局精装修拎包入住满5年唯一,390万,68723元/平,中楼层 (共5层) 2室1厅 | 56.75平米 | 东,https://ke-image.ljcdn.com/110000-inspection/3b120fb8-8f88-4d97-9fc5-e1a4587bda20_1000.jpg!m_fill,w_280,h_210,f_jpg?from=ke.com
20240912,朝阳,东大桥,101123348063,核桃园北里 南北通透两居室 满五年唯一,615万,92440元/平,底层 (共6层) 2室1厅 | 66.53平米 | 南 北,https://ke-image.ljcdn.com/110000-inspection/2e3daf17-e0c8-4550-a7b4-5a3973065a96_1000.jpg!m_fill,w_280,h_210,f_jpg?from=ke.com
20240912,朝阳,东大桥,101123343430,【看遍工体南路】：发现繁华都市的宜居户型！,270万,65870元/平,顶层 (共5层) 2室1厅 | 40.99平米 | 南 北,https://ke-image.ljcdn.com/110000-inspection/99df9675-e271-4a33-a0fc-fae295c8bec0_1000.jpg!m_fill,w_280,h_210,f_jpg?from=ke.com
20240912,朝阳,东大桥,101123295339,向军南里精装修南向两居室呼家楼国贸CBD满五唯一,543万,81630元/平,高楼层 (共19层) | 1993年 | 2室1厅 | 66.52平米 | 西南,https://ke-image.ljcdn.com/110000-inspection/e315ead2-7c23-4d42-8f07-a0ce36d44855_1000.jpg!m_fill,w_280,h_210,f_jpg?from=ke.com
20240912,朝阳,东大桥,101123265247,东大桥 国贸 CBD 精装三居 双卧朝南 采光好 观公园,755万,86316元/平,中楼层 (共18层) | 1987年 | 3室1厅 | 87.47平米 | 西南,https://ke-image.ljcdn.com/110000-inspection/ce704926-2074-4ca1-aa89-557f6c1094c3_1000.jpg!m_fill,w_280,h_210,f_jpg?from=ke.com
20240912,朝阳,东大桥,101123151686,圣世一品满五年唯一可以接受贷款西向采光好视野开阔,760万,91073元/平,低楼层 (共21层) | 2010年 | 1室1厅 | 83.45平米 | 西,https://ke-image.ljcdn.com/110000-inspection/pc1_LG6GAqkMs.jpg!m_fill,w_280,h_210,f_jpg?from=ke.com
20240912,朝阳,东大桥,101123145084,向军南里房子装修很好自住的标准,510万,80088元/平,顶层 (共25层) | 1993年 | 2室1厅 | 63.68平米 | 南,https://ke-image.ljcdn.com/110000-inspection/f750a797-dc29-442f-b0e3-80334ad97bbd_1000.jpg!m_fill,w_280,h_210,f_jpg?from=ke.com
20240912,朝阳,东大桥,101123144845,关东店北街双南户型布局合理,558万,88446元/平,低楼层 (共18层) 2室1厅 | 63.09平米 | 南,https://ke-image.ljcdn.com/110000-inspection/52dc818e-2dc7-4c56-bd31-33340661dfe1_1000.jpg!m_fill,w_280,h_210,f_jpg?from=ke.com
20240912,朝阳,东大桥,101123064967,圣世一品视野开阔看国贸全景2010年楼盘品质好金地物业,2300万,98794元/平,低楼层 (共22层) | 2010年 | 3室2厅 | 232.81平米 | 南 北,https://ke-image.ljcdn.com/110000-inspection/pc1_RQVECnL1o_1.jpg!m_fill,w_280,h_210,f_jpg?from=ke.com
20240912,朝阳,东大桥,101123009406,国贸北侧钢混两居带电梯业主诚意满五唯一,354万,60857元/平,底层 (共18层) | 1985年 | 2室1厅 | 58.17平米 | 西 北,https://ke-image.ljcdn.com/110000-inspection/85db1105-2531-4de4-8380-4340e6666193_1000.jpg!m_fill,w_280,h_210,f_jpg?from=ke.com
20240912,朝阳,东大桥,101122957224,【白+80】 高楼层 管理好 带电梯三居室 诚意出售,578万,87062元/平,高楼层 (共18层) 3室1厅 | 66.39平米 | 西北,https://ke-image.ljcdn.com/110000-inspection/dc943266-26d1-4fda-bcec-846f29cecbf2_1000.jpg!m_fill,w_280,h_210,f_jpg?from=ke.com
20240912,朝阳,东大桥,101122957121,呼家楼【白+80】 高层电梯房 全新装修 双南两居,598万,97921元/平,高楼层 (共18层) 2室1厅 | 61.07平米 | 南,https://ke-image.ljcdn.com/110000-inspection/217613a8-9f86-4a8a-9a4f-4b58ec6f41d9_1000.jpg!m_fill,w_280,h_210,f_jpg?from=ke.com
20240912,朝阳,东大桥,101122927004,白家庄+八十 精装两居 南北通透 满五唯一 拎包入住,490万,86192元/平,低楼层 (共6层) | 1993年 | 2室1厅 | 56.85平米 | 南 北,https://ke-image.ljcdn.com/110000-inspection/65ceb3b7-dee2-4f89-af50-1ca9204bf9b3_1000.jpg!m_fill,w_280,h_210,f_jpg?from=ke.com
20240912,朝阳,东大桥,101122918110,圣世一品5梯4户正看小区花园,2388万,91730元/平,中楼层 (共22层) | 2010年 | 3室2厅 | 260.33平米 | 南 西南 北,https://ke-image.ljcdn.com/110000-inspection/20440120-1749-4783-8879-24a28bc00ad2_1000.jpg!m_fill,w_280,h_210,f_jpg?from=ke.com
20240912,朝阳,东大桥,101122825948,东大桥东里 一居室 精装修 芳草地 日坛,340万,82806元/平,底层 (共6层) 1室1厅 | 41.06平米 | 东,https://ke-image.ljcdn.com/110000-inspection/3b6ec8cf-963e-45bb-8fe0-892bdab6a230_1000.jpg!m_fill,w_280,h_210,f_jpg?from=ke.com
20240912,朝阳,东大桥,101122780053,【白+八十】【管理好 电梯】【三居室】交通生活便利,565万,85104元/平,低楼层 (共18层) 3室1厅 | 66.39平米 | 西北,https://ke-image.ljcdn.com/110000-inspection/77eb4126-f905-4de1-a9b9-c91886404c08_1000.jpg!m_fill,w_280,h_210,f_jpg?from=ke.com
20240912,朝阳,东大桥,101122766976,核桃园北里 精装修一居室 高层有电梯 看房方便,458万,104591元/平,高楼层 (共15层) | 1987年 | 1室1厅 | 43.79平米 | 西南,https://ke-image.ljcdn.com/110000-inspection/pc1_JzchntgFB.jpg!m_fill,w_280,h_210,f_jpg?from=ke.com
20240912,朝阳,东大桥,101122645059,工体南路 正规两居室 东西向 满五年 中间层 单位分房,407万,76146元/平,中楼层 (共6层) 2室1厅 | 53.45平米 | 东 西,https://ke-image.ljcdn.com/110000-inspection/3bded78a-adf1-41d6-99c4-53f721d2902e_1000.jpg!m_fill,w_280,h_210,f_jpg?from=ke.com
20240912,朝阳,东大桥,101122507346,南北通透大三居室方正户型无浪费面积,570万,86679元/平,底层 (共6层) 3室1厅 | 65.76平米 | 南 北,https://ke-image.ljcdn.com/110000-inspection/pc1_D04zG8EV3.jpg!m_fill,w_280,h_210,f_jpg?from=ke.com
20240912,朝阳,东大桥,101122312062,圣世一品东向高楼层一居室满五年唯一就这一套,860万,101643元/平,高楼层 (共21层) | 2010年 | 1室1厅 | 84.61平米 | 东,https://ke-image.ljcdn.com/110000-inspection/f2931449-58a4-471b-806b-046a0eb4a5fc_1000.jpg!m_fill,w_280,h_210,f_jpg?from=ke.com
20240912,朝阳,东大桥,101122278694,工体东路西南3居带电梯采光充足无遮挡,610万,87493元/平,中楼层 (共14层) 3室1厅 | 69.72平米 | 西南,https://ke-image.ljcdn.com/110000-inspection/70d3d814-031c-4025-88e1-c8646e544867_1000.jpg!m_fill,w_280,h_210,f_jpg?from=ke.com
20240912,朝阳,东大桥,101122126721,工体南路 2室1厅 东 西,350万,60743元/平,顶层 (共6层) | 1999年 | 2室1厅 | 57.62平米 | 东 西,https://ke-image.ljcdn.com/110000-inspection/0ef337eb-4e88-4966-a0fe-419f8cc925d4_1000.jpg!m_fill,w_280,h_210,f_jpg?from=ke.com
20240912,朝阳,东大桥,101122094278,盐业公司家属楼 双南向户型 车位充足 采光明亮。,450万,85568元/平,中楼层 (共6层) 2室1厅 | 52.59平米 | 南,https://ke-image.ljcdn.com/110000-inspection/01d933a3-e1ea-4033-830f-02ff85163962_1000.jpg!m_fill,w_280,h_210,f_jpg?from=ke.com
20240912,朝阳,东大桥,101122052186,圣世一品南北通透三居室观景CBD诚意出售房主自荐,2200万,94498元/平,中楼层 (共22层) | 2010年 | 3室2厅 | 232.81平米 | 南 北,https://ke-image.ljcdn.com/110000-inspection/pc1_Quioaby2C.jpg!m_fill,w_280,h_210,f_jpg?from=ke.com
20240912,朝阳,东大桥,101121986913,向军北里 带电梯 东南向两居室 明厅 无遮挡,530万,89001元/平,中楼层 (共18层) | 1990年 | 2室1厅 | 59.55平米 | 东南 西,https://ke-image.ljcdn.com/110000-inspection/pc1_v0iKUdXxd_1.jpg!m_fill,w_280,h_210,f_jpg?from=ke.com
20240912,朝阳,东大桥,101121896414,圣世一品一居能看房落地窗视野无遮挡房主自荐,769万,90248元/平,顶层 (共21层) | 2010年 | 1室1厅 | 85.21平米 | 西,https://ke-image.ljcdn.com/110000-inspection/pc1_4GnMahR5V.jpg!m_fill,w_280,h_210,f_jpg?from=ke.com
20240912,朝阳,东大桥,101121892208,呼家楼地铁 三居、电梯房 八十 国贸 团结公园,619万,91555元/平,低楼层 (共15层) | 1984年 | 3室1厅 | 67.61平米 | 东 北,https://ke-image.ljcdn.com/110000-inspection/075e1325-568a-459b-bd2c-c6e4d75dd096_1000.jpg!m_fill,w_280,h_210,f_jpg?from=ke.com
20240912,朝阳,东大桥,101121836178,工体东路带电梯南北通透2居室采光充足视野开阔,325万,74439元/平,中楼层 (共14层) 2室0厅 | 43.66平米 | 南 北,https://ke-image.ljcdn.com/110000-inspection/45bfd996-9a0b-4cc6-9b51-842fa6a86825_1000.jpg!m_fill,w_280,h_210,f_jpg?from=ke.com
20240912,朝阳,东大桥,101121827178,向军北里 电梯楼 三居室 带拐角大阳台,590万,85483元/平,中楼层 (共14层) | 1983年 | 3室1厅 | 69.02平米 | 东 西 北,https://ke-image.ljcdn.com/110000-inspection/297aa34b-e61a-42a3-b4a8-7a9ab7288faf_1000.jpg!m_fill,w_280,h_210,f_jpg?from=ke.com
20240912,朝阳,东大桥,101121745765,圣世一品东向满五年唯一带衣帽间不临街,1288万,81992元/平,中楼层 (共21层) | 2010年 | 2室1厅 | 157.09平米 | 东,https://ke-image.ljcdn.com/110000-inspection/pc1_E8nx6KLie.jpg!m_fill,w_280,h_210,f_jpg?from=ke.com
20240912,朝阳,东大桥,101121406828,核桃园北里 满五年唯一 小区干净整洁 有电梯,558万,88110元/平,中楼层 (共18层) | 1990年 | 2室1厅 | 63.33平米 | 南,https://ke-image.ljcdn.com/110000-inspection/f919ddd0-3553-47c2-ba49-233ec25b259d_1000.jpg!m_fill,w_280,h_210,f_jpg?from=ke.com
20240912,朝阳,东大桥,101121399451,工体东路全南向两居室近地铁户型好,509万,88048元/平,顶层 (共22层) 2室1厅 | 57.81平米 | 西南,https://ke-image.ljcdn.com/110000-inspection/bc2c9493-78fa-433a-8d28-891a35be315c_1000.jpg!m_fill,w_280,h_210,f_jpg?from=ke.com
20240912,朝阳,东大桥,101121291969,工体东路全明格局正规南向1居室无遮挡有钥匙,279万,83885元/平,中楼层 (共5层) 1室1厅 | 33.26平米 | 南,https://ke-image.ljcdn.com/110000-inspection/3d738b5e-18b9-4cd7-bdb6-579ccedafe19_1000.jpg!m_fill,w_280,h_210,f_jpg?from=ke.com
20240912,朝阳,东大桥,101121102688,工体南路 带电梯 有停车场 近地铁 南向 正规两居室,525万,88504元/平,低楼层 (共18层) | 1987年 | 2室1厅 | 59.32平米 | 南,https://ke-image.ljcdn.com/110000-inspection/1cf50e20-9114-46c7-a229-1e33a09ed7ac_1000.jpg!m_fill,w_280,h_210,f_jpg?from=ke.com
20240912,朝阳,东大桥,101121073559,核桃园北里 3室1厅 南 北,560万,82257元/平,顶层 (共6层) 3室1厅 | 68.08平米 | 南 北,https://ke-image.ljcdn.com/110000-inspection/f735f876-7f23-40e3-8eda-8a04237920d7_1000.jpg!m_fill,w_280,h_210,f_jpg?from=ke.com
20240912,朝阳,东大桥,101120918677,核桃园北里 1室1厅 南,450万,87311元/平,中楼层 (共20层) | 1991年 | 1室1厅 | 51.54平米 | 南,https://ke-image.ljcdn.com/110000-inspection/5da155fd-f709-495f-b558-1ee7cad41160_1000.jpg!m_fill,w_280,h_210,f_jpg?from=ke.com
20240912,朝阳,东大桥,101120868146,农丰里 高楼层三居室 满五唯一 精装修,712万,100015元/平,高楼层 (共16层) 3室1厅 | 71.19平米 | 东 西 北,https://ke-image.ljcdn.com/110000-inspection/125cdef6-7df4-45e3-9755-34d4f07cd329_1000.jpg!m_fill,w_280,h_210,f_jpg?from=ke.com
20240912,朝阳,东大桥,101120852876,两居室带大客厅 南北通透 户型方正,790万,106642元/平,低楼层 (共20层) | 1991年 | 2室1厅 | 74.08平米 | 南 北,https://ke-image.ljcdn.com/110000-inspection/a36edb85-0de7-40cb-a81e-ba3d472b507c_1000.jpg!m_fill,w_280,h_210,f_jpg?from=ke.com
20240912,朝阳,东大桥,101120773851,核桃园北里 电梯2居室南向采光好满五唯一,576万,102986元/平,低楼层 (共15层) | 1987年 | 2室1厅 | 55.93平米 | 南,https://ke-image.ljcdn.com/110000-inspection/pc1_lwSboq3dq.jpg!m_fill,w_280,h_210,f_jpg?from=ke.com
20240912,朝阳,东大桥,101120748795,白家庄 核桃园北里 东西通透 高楼层 95年楼龄,525万,82045元/平,顶层 (共6层) 2室1厅 | 63.99平米 | 东 西,https://ke-image.ljcdn.com/110000-inspection/pc1_rmnO37nxi_1.jpg!m_fill,w_280,h_210,f_jpg?from=ke.com
20240912,朝阳,东大桥,101120642476,工体南路 1室1厅 北,309万,82488元/平,底层 (共18层) 1室1厅 | 37.46平米 | 北,https://ke-image.ljcdn.com/110000-inspection/pc1_oyIkELW7H_1.jpg!m_fill,w_280,h_210,f_jpg?from=ke.com
20240912,朝阳,东大桥,101120451615,【6号线】【东大桥】【精装修】【户型通透】,450万,73904元/平,高楼层 (共6层) | 1987年 | 2室1厅 | 60.89平米 | 东 西,https://ke-image.ljcdn.com/110000-inspection/2be1727d-cfbf-4e15-abf9-fb00935f7d41_1000.jpg!m_fill,w_280,h_210,f_jpg?from=ke.com
20240912,朝阳,东大桥,101119434919,东大桥东里南向一居室近地铁,290万,69048元/平,顶层 (共6层) 1室1厅 | 42平米 | 南,https://ke-image.ljcdn.com/110000-inspection/pc1_Y6u2Ep4m2.jpg!m_fill,w_280,h_210,f_jpg?from=ke.com
20240912,朝阳,东大桥,101118787260,圣世一品 高层方正两居室 保养新 采光充足 不临街可看,1400万,94239元/平,中楼层 (共21层) | 2010年 | 2室1厅 | 148.56平米 | 西,https://ke-image.ljcdn.com/110000-inspection/09dd2ed2-820f-40f3-9d3a-f2dfecad6e2c_1000.jpg!m_fill,w_280,h_210,f_jpg?from=ke.com
20240912,朝阳,东大桥,101118713960,白家庄 核桃园一居满五唯一看房方便,530万,102833元/平,中楼层 (共20层) | 1991年 | 1室1厅 | 51.54平米 | 南 北,https://ke-image.ljcdn.com/110000-inspection/6bcd6f5e-762d-43fa-90d8-df942c590978_1000.jpg!m_fill,w_280,h_210,f_jpg?from=ke.com
20240912,朝阳,东大桥,101118039163,工人体育场东路小区高楼层采光好,310万,77019元/平,高楼层 (共22层) 1室1厅 | 40.25平米 | 西,https://ke-image.ljcdn.com/110000-inspection/62b36293-6da5-4a1a-bb37-f42a848bfbd0_1000.jpg!m_fill,w_280,h_210,f_jpg?from=ke.com
20240912,朝阳,东大桥,101117972172,工体东路 2室1厅 西 东,299万,64440元/平,顶层 (共5层) 2室1厅 | 46.4平米 | 西 东,https://ke-image.ljcdn.com/110000-inspection/3df3f882-792a-489c-8a84-6374ee0a5bb8_1000.jpg!m_fill,w_280,h_210,f_jpg?from=ke.com
20240912,朝阳,东大桥,101117839870,核桃园北里 2室1厅 南 北,585万,91535元/平,底层 (共6层) | 1986年 | 2室1厅 | 63.91平米 | 南 北,https://ke-image.ljcdn.com/110000-inspection/pc1_SzmQtVztb_1.jpg!m_fill,w_280,h_210,f_jpg?from=ke.com
20240912,朝阳,东大桥,101117808571,呼家楼双南向三环里两居向军南里,540万,84574元/平,中楼层 (共22层) | 1993年 | 2室1厅 | 63.85平米 | 东南 东北,https://ke-image.ljcdn.com/110000-inspection/90797ff4-8cb8-4443-9ab4-a26be97d6ad8_1000.jpg!m_fill,w_280,h_210,f_jpg?from=ke.com
20240912,朝阳,东大桥,101117732594,向军南里 楼龄新 2居室 位置安静 有电梯房主自荐,580万,87022元/平,中楼层 (共25层) | 1993年 | 2室1厅 | 66.65平米 | 东北,https://ke-image.ljcdn.com/110000-inspection/ff4febe8-6f5c-4d78-a052-6746d4f440d0_1000.jpg!m_fill,w_280,h_210,f_jpg?from=ke.com
20240912,朝阳,东大桥,101117645178,4梯2户此户型每层2户空置有钥匙单价低诚意卖,795万,42793元/平,低楼层 (共30层) | 2005年 | 2室1厅 | 185.78平米 | 北,https://ke-image.ljcdn.com/110000-inspection/pc1_Vs4FnE8MA.jpg!m_fill,w_280,h_210,f_jpg?from=ke.com
20240912,朝阳,东大桥,101117539693,东三环圣世一品东南北三面采光满五年唯一业主诚意出售,2100万,75415元/平,中楼层 (共22层) | 2010年 | 3室2厅 | 278.46平米 | 东 南 北,https://ke-image.ljcdn.com/110000-inspection/b3e13412-9aef-428f-8e56-85f88f28a83a_1000.jpg!m_fill,w_280,h_210,f_jpg?from=ke.com
20240912,朝阳,东大桥,101117425580,【工体南路】【户型方正】【楼层适中】【配套完善】,373万,73281元/平,低楼层 (共6层) 2室1厅 | 50.9平米 | 东,https://ke-image.ljcdn.com/110000-inspection/pc1_gIl5tSXMf_2.jpg!m_fill,w_280,h_210,f_jpg?from=ke.com
20240912,朝阳,东大桥,101117324055,东大桥东里芳草地中国盐业家属楼高楼层无遮挡,490万,84034元/平,高楼层 (共16层) 2室1厅 | 58.31平米 | 东南,https://ke-image.ljcdn.com/110000-inspection/pc1_eATqZiaIT.jpg!m_fill,w_280,h_210,f_jpg?from=ke.com
20240912,朝阳,东大桥,101114774878,三期正南向四居室采光好户型方正诚意出售。,2750万,126373元/平,低楼层 (共30层) | 2007年 | 4室2厅 | 217.61平米 | 东南 西,https://ke-image.ljcdn.com/110000-inspection/prod-34016a90-e017-41a4-ba13-cdae8aaf1369.jpg!m_fill,w_280,h_210,f_jpg?from=ke.com
20240912,朝阳,东大桥,101126525611,旺座中心公寓 1室1厅 西新上,600万,52116元/平,低楼层 (共30层) | 2005年 | 1室1厅 | 115.13平米 | 西,https://ke-image.ljcdn.com/110000-inspection/7795619e-b447-4487-a1b5-c1769ad876ac_1000.jpg!m_fill,w_280,h_210,f_jpg?from=ke.com
20240912,朝阳,东大桥,101126525501,旺座中心公寓 2室1厅 西 北新上,800万,50862元/平,中楼层 (共30层) | 2005年 | 2室1厅 | 157.29平米 | 西 北,https://ke-image.ljcdn.com/110000-inspection/4c7124c2-fb4a-43f0-beed-b97666492819_1000.jpg!m_fill,w_280,h_210,f_jpg?from=ke.com
20240912,朝阳,东大桥,101126525357,旺座中心公寓 1室1厅 东新上,690万,59933元/平,中楼层 (共30层) | 2005年 | 1室1厅 | 115.13平米 | 东,https://ke-image.ljcdn.com/110000-inspection/04696658-1072-49a9-a1f6-c489b2028cc0_1000.jpg!m_fill,w_280,h_210,f_jpg?from=ke.com
20240912,朝阳,东大桥,101126514367,70年产权住宅 有燃气 可以贷款303万 无抵押新上,599万,54624元/平,中楼层 (共30层) | 2005年 | 1室1厅 | 109.66平米 | 东,https://ke-image.ljcdn.com/110000-inspection/77b8b015-83da-4c47-b383-da17701c680c_1000.jpg!m_fill,w_280,h_210,f_jpg?from=ke.com
20240912,朝阳,东大桥,101126513063,国贸高楼层带电梯。配套齐全关东店南街新上,560万,79264元/平,顶层 (共18层) | 1985年 | 2室1厅 | 70.65平米 | 南,https://ke-image.ljcdn.com/110000-inspection/9f40bc15-794c-4cc3-9a20-7f6a706e3e32_1000.jpg!m_fill,w_280,h_210,f_jpg?from=ke.com
20240912,朝阳,东大桥,101126506599,视野无遮挡 业主诚意 价格能谈 近地铁新上,770万,88792元/平,低楼层 (共42层) | 2005年 | 1室1厅 | 86.72平米 | 北,https://ke-image.ljcdn.com/110000-inspection/pc1_q5JNlfWfj.jpg!m_fill,w_280,h_210,f_jpg?from=ke.com
20240912,朝阳,东大桥,101126503364,看小区花园 中国尊央视东三环满五唯一有钥匙新上,850万,94183元/平,低楼层 (共42层) | 2005年 | 1室1厅 | 90.25平米 | 南,https://ke-image.ljcdn.com/110000-inspection/4e9b6660-f254-4ab2-8667-551c3d44ffa2_1000.jpg!m_fill,w_280,h_210,f_jpg?from=ke.com
20240912,朝阳,东大桥,101126473839,高层两居室能开窗无遮挡无抵押随时交易新上,898万,56977元/平,高楼层 (共30层) | 2005年 | 2室1厅 | 157.61平米 | 西 北,https://ke-image.ljcdn.com/110000-inspection/f8903654-8939-4f47-a57d-2d2e318a0381_1000.jpg!m_fill,w_280,h_210,f_jpg?from=ke.com
20240912,朝阳,东大桥,101126473100,新上高层观景一居室 可贷款600万 诚意卖 方便看新上,820万,86008元/平,高楼层 (共42层) | 2005年 | 1室1厅 | 95.34平米 | 北,https://ke-image.ljcdn.com/110000-inspection/5e33671a-3475-45ae-b9fb-46668f67636b_1000.jpg!m_fill,w_280,h_210,f_jpg?from=ke.com
20240912,朝阳,东大桥,101126472970,旺座中心公寓 2室1厅 西北新上,760万,48319元/平,中楼层 (共30层) | 2005年 | 2室1厅 | 157.29平米 | 西北,https://ke-image.ljcdn.com/110000-inspection/54e2e662-8ab8-405d-900a-85d71b7985ce_1000.jpg!m_fill,w_280,h_210,f_jpg?from=ke.com
20240912,朝阳,东大桥,101126471601,农业部家属院南北小三居管理规范出行便利。新上,560万,91834元/平,高楼层 (共6层) | 1979年 | 3室1厅 | 60.98平米 | 南 北,https://ke-image.ljcdn.com/110000-inspection/pc1_qzio5e14D.jpg!m_fill,w_280,h_210,f_jpg?from=ke.com
20240912,朝阳,东大桥,101126471088,世贸国际公寓 诚意出售一居室 仅有契税新上,688万,91514元/平,中楼层 (共30层) | 2001年 | 1室0厅 | 75.18平米 | 北,https://ke-image.ljcdn.com/110000-inspection/a51aa530-e6d0-47d4-b33a-5375676085d0_1000.jpg!m_fill,w_280,h_210,f_jpg?from=ke.com
20240912,朝阳,东大桥,101126459374,关东店南街 2室1厅 东北新上,420万,62622元/平,高楼层 (共18层) | 1985年 | 2室1厅 | 67.07平米 | 东北,https://ke-image.ljcdn.com/110000-inspection/3fcd15a5-9df0-4809-984e-d07059e58799_1000.jpg!m_fill,w_280,h_210,f_jpg?from=ke.com
20240912,朝阳,东大桥,101126457291,世贸国际公寓 3室2厅 南 北新上,1650万,88444元/平,高楼层 (共30层) | 2001年 | 3室2厅 | 186.56平米 | 南 北,https://ke-image.ljcdn.com/110000-inspection/4075f2f3-24c4-44f7-82a7-94fa4b6b462d_1000.jpg!m_fill,w_280,h_210,f_jpg?from=ke.com
20240912,朝阳,东大桥,101126454765,新城国际 1室0厅 东新上,838万,115778元/平,高楼层 (共30层) | 2008年 | 1室0厅 | 72.38平米 | 东,https://ke-image.ljcdn.com/110000-inspection/7b8755fc-5c50-4b7e-9ced-784cd0d3b480_1000.jpg!m_fill,w_280,h_210,f_jpg?from=ke.com
20240912,朝阳,东大桥,101126454427,国贸周边带电梯关钢混结构关东店南街新上,425万,63358元/平,高楼层 (共18层) | 1985年 | 2室1厅 | 67.08平米 | 东北,https://ke-image.ljcdn.com/110000-inspection/6d6b033c-72a5-4720-b5e5-7d064b979301_1000.jpg!m_fill,w_280,h_210,f_jpg?from=ke.com
20240912,朝阳,东大桥,101126454328,南向复式两居室动静区分离二次精装修诚意出售新上,1545万,87407元/平,低楼层 (共20层) | 2001年 | 2室2厅 | 176.76平米 | 南,https://ke-image.ljcdn.com/110000-inspection/pc1_EIkeNeI31.jpg!m_fill,w_280,h_210,f_jpg?from=ke.com
20240912,朝阳,东大桥,101126435940,装修很好次卧室带外置阳台随时看满五唯一新上,1638万,88274元/平,低楼层 (共30层) | 2001年 | 3室2厅 | 185.56平米 | 南,https://ke-image.ljcdn.com/110000-inspection/8172f0b6-6a5b-43d1-bcb7-44d4678b1200_1000.jpg!m_fill,w_280,h_210,f_jpg?from=ke.com
20240912,朝阳,东大桥,101126435801,公司产权满三年  全新装修配置  南北通透随时看新上,2280万,88198元/平,中楼层 (共21层) | 2001年 | 3室2厅 | 258.51平米 | 南 北,https://ke-image.ljcdn.com/110000-inspection/c3f3d6e1-8500-4196-b8ab-ab422398e445_1000.jpg!m_fill,w_280,h_210,f_jpg?from=ke.com
20240912,朝阳,东大桥,101126411885,关东店南街 3室1厅 东南 南新上,510万,67541元/平,底层 (共18层) | 1985年 | 3室1厅 | 75.51平米 | 东南 南,https://ke-image.ljcdn.com/110000-inspection/cfb92596-f3fd-46cc-986e-11631deffaa0_1000.jpg!m_fill,w_280,h_210,f_jpg?from=ke.com
20240912,朝阳,东大桥,101126392401,世茂宫园 1室1厅 北新上,895万,78221元/平,中楼层 (共27层) | 2010年 | 1室1厅 | 114.42平米 | 北,https://ke-image.ljcdn.com/110000-inspection/c2dbae8a-1c9a-497b-bd1b-3e25f8c89076_1000.jpg!m_fill,w_280,h_210,f_jpg?from=ke.com
20240912,朝阳,东大桥,101126380665,农丰里农业部家属楼  全南两居室 楼龄新 看房方便,550万,92035元/平,高楼层 (共6层) 2室1厅 | 59.76平米 | 南,https://ke-image.ljcdn.com/110000-inspection/e5a9e5ba-b60e-4b09-a471-d56519c7468d_1000.jpg!m_fill,w_280,h_210,f_jpg?from=ke.com
20240912,朝阳,东大桥,101126365412,工体东路 2室1厅 南,445万,76977元/平,低楼层 (共22层) 2室1厅 | 57.81平米 | 南,https://ke-image.ljcdn.com/110000-inspection/1718d990-ab67-469e-9d48-4bb6f7aa5b68_1000.jpg!m_fill,w_280,h_210,f_jpg?from=ke.com
20240912,朝阳,东大桥,101126340630,满五唯一全南向采光充足 业主诚意卖,1550万,85292元/平,中楼层 (共31层) 2室2厅 | 181.73平米 | 南,https://ke-image.ljcdn.com/110000-inspection/5ed445a3-44a5-4751-aa4a-8438983c654a_1000.jpg!m_fill,w_280,h_210,f_jpg?from=ke.com
20240912,朝阳,东大桥,101126318515,满五唯一全南向中高层次卧室有外置阳台看花园,1769万,97343元/平,中楼层 (共31层) 3室2厅 | 181.73平米 | 南,https://ke-image.ljcdn.com/110000-inspection/4e8a9439-7559-4c3b-8512-97910f554382_1000.jpg!m_fill,w_280,h_210,f_jpg?from=ke.com
20240912,朝阳,东大桥,101126265173,呼家楼+八十 有电梯南向一居室随时看房随时签约,395万,101024元/平,中楼层 (共14层) | 1985年 | 1室1厅 | 39.1平米 | 南,https://ke-image.ljcdn.com/110000-inspection/4232c143-b7f3-4599-b1f6-47c239d74f44_1000.jpg!m_fill,w_280,h_210,f_jpg?from=ke.com
20240912,朝阳,东大桥,101126260338,新城国际四期优质两居室 看房方便 可贷款870万,1215万,94952元/平,低楼层 (共30层) | 2008年 | 2室1厅 | 127.96平米 | 西,https://ke-image.ljcdn.com/110000-inspection/4968cdda-08ea-4d99-82df-3031b86f8b65_1000.jpg!m_fill,w_280,h_210,f_jpg?from=ke.com
20240912,朝阳,东大桥,101126231028,向军北里有装修两居室看团结湖公园,500万,79127元/平,高楼层 (共15层) 2室1厅 | 63.19平米 | 东,https://ke-image.ljcdn.com/110000-inspection/pc1_QViBdvLw8_1.jpg!m_fill,w_280,h_210,f_jpg?from=ke.com
20240912,朝阳,东大桥,101126208925,呼家楼向军南里  临地铁  精装修一居  有电梯,410万,98181元/平,低楼层 (共25层) | 1993年 | 1室1厅 | 41.76平米 | 西南 西 西北,https://ke-image.ljcdn.com/110000-inspection/bb3c8d60-a8ff-4ee6-a4ab-30bf1ea68b05_1000.jpg!m_fill,w_280,h_210,f_jpg?from=ke.com
20240912,朝阳,东大桥,101126192167,圣世一品 1室1厅 东,668万,82572元/平,中楼层 (共21层) | 2010年 | 1室1厅 | 80.9平米 | 东,https://ke-image.ljcdn.com/110000-inspection/pc1_dpS8USm1g_2.jpg!m_fill,w_280,h_210,f_jpg?from=ke.com
20240912,朝阳,东大桥,101126174404,LOFT户型 观景房 有过二次装修 可贷520万,1195万,86967元/平,中楼层 (共31层) | 2006年 | 2室2厅 | 137.41平米 | 东 东北,https://ke-image.ljcdn.com/110000-inspection/5327a8ef-7eec-4e6a-879b-49a0cc7fddb9_1000.jpg!m_fill,w_280,h_210,f_jpg?from=ke.com
20240912,朝阳,东大桥,101126129678,新城国际 2室2厅 南,1699万,124415元/平,高楼层 (共29层) | 2006年 | 2室2厅 | 136.56平米 | 南,https://ke-image.ljcdn.com/110000-inspection/c45bec6b-ab8b-4279-ac65-b2c12682fd7f_1000.jpg!m_fill,w_280,h_210,f_jpg?from=ke.com
20240912,朝阳,东大桥,101126129610,尚都国际中心 3室1厅 西北,685万,34123元/平,中楼层 (共29层) | 2004年 | 3室1厅 | 200.75平米 | 西北,https://ke-image.ljcdn.com/110000-inspection/7388d37b-a585-441c-84ff-c342d5eb5d9e_1000.jpg!m_fill,w_280,h_210,f_jpg?from=ke.com
20240912,朝阳,东大桥,101126094988,北京财富中心 2室1厅 南,1200万,75019元/平,低楼层 (共42层) | 2005年 | 2室1厅 | 159.96平米 | 南,https://ke-image.ljcdn.com/110000-inspection/7efa703c-07a2-41ad-8be7-c5ef03c982cf_1000.jpg!m_fill,w_280,h_210,f_jpg?from=ke.com
20240912,朝阳,东大桥,101126075855,农丰里小区双南两居室带电梯户型方正央产管理,580万,93958元/平,低楼层 (共16层) 2室1厅 | 61.73平米 | 南,https://ke-image.ljcdn.com/110000-inspection/dd3f26c4-ab87-4df3-9827-a275d4280b87_1000.jpg!m_fill,w_280,h_210,f_jpg?from=ke.com
20240912,朝阳,东大桥,101126054711,新城国际  东南三居室 格局方正无浪费面积,1450万,98366元/平,低楼层 (共31层) | 2005年 | 3室2厅 | 147.41平米 | 南,https://ke-image.ljcdn.com/110000-inspection/f8fe43ce-197c-468b-bc5c-5860e85ee273_1000.jpg!m_fill,w_280,h_210,f_jpg?from=ke.com
20240912,朝阳,东大桥,101126049709,世茂宫园 白八十 带阳台 精装修 满五年且唯一,860万,85098元/平,顶层 (共27层) | 2010年 | 1室2厅 | 101.06平米 | 北,https://ke-image.ljcdn.com/110000-inspection/2fd664e6-f29a-4944-9f30-6b07646fd8c5_1000.jpg!m_fill,w_280,h_210,f_jpg?from=ke.com
20240912,朝阳,东大桥,101126001120,国贸高品质住宅小区 24小时管家 诚意出售的两居室,990万,73042元/平,低楼层 (共42层) | 2005年 | 2室1厅 | 135.54平米 | 东北,https://ke-image.ljcdn.com/110000-inspection/aacf58c5-429a-4337-aa22-1013e3e07384_1000.jpg!m_fill,w_280,h_210,f_jpg?from=ke.com
20240912,朝阳,东大桥,101125954874,圣世一品1梯1户小区楼 私密性好精装地暖,3000万,84412元/平,中楼层 (共22层) | 2010年 | 4室2厅 | 355.4平米 | 南,https://ke-image.ljcdn.com/110000-inspection/33f30367-07dd-40e3-8e5e-6a89c034350d_1000.jpg!m_fill,w_280,h_210,f_jpg?from=ke.com
20240912,朝阳,东大桥,101125831332,工人体育场东路小区 带电梯两居室,440万,78684元/平,低楼层 (共12层) | 1980年 | 2室1厅 | 55.92平米 | 东,https://ke-image.ljcdn.com/110000-inspection/37b8dd49-3131-482e-b69a-57a612429068_1000.jpg!m_fill,w_280,h_210,f_jpg?from=ke.com
20240912,朝阳,东大桥,101125829745,工体南路小区 电梯房 中楼层无遮挡 采光好视野开阔房主自荐,330万,77356元/平,中楼层 (共18层) | 1987年 | 1室1厅 | 42.66平米 | 南,https://ke-image.ljcdn.com/110000-inspection/pc1_7Clqbqc0v.jpg!m_fill,w_280,h_210,f_jpg?from=ke.com
20240912,朝阳,东大桥,101125825500,东大桥东里近地铁精装修拎包入住,725万,82650元/平,顶层 (共6层) 3室1厅 | 87.72平米 | 南 北,https://ke-image.ljcdn.com/110000-inspection/ec4cb2b1-a7a0-44ad-bfa8-0c6637cf5a46_1000.jpg!m_fill,w_280,h_210,f_jpg?from=ke.com
20240912,朝阳,东大桥,101125796906,单价9.5万 满五唯一 高层观景 有钥匙随时看,1300万,95176元/平,高楼层 (共29层) | 2005年 | 2室2厅 | 136.59平米 | 西,https://ke-image.ljcdn.com/110000-inspection/e543bb9d-7494-48f7-b4b5-506b4c0533e8_1000.jpg!m_fill,w_280,h_210,f_jpg?from=ke.com
20240912,朝阳,东大桥,101125755724,此房满五年唯一高楼层把边户南北通透挂西窗,2320万,89993元/平,中楼层 (共31层) 3室2厅 | 257.8平米 | 南 西 北,https://ke-image.ljcdn.com/110000-inspection/2f3e6685-6040-4467-88bc-3c03b75aed98_1000.jpg!m_fill,w_280,h_210,f_jpg?from=ke.com
20240912,朝阳,东大桥,101125755699,世贸国际公寓1号楼高层南向两居 视野无遮挡采光好,1640万,90026元/平,高楼层 (共31层) 2室2厅 | 182.17平米 | 南,https://ke-image.ljcdn.com/110000-inspection/580e034a-9027-4a7a-ae7e-2485556437e1_1000.jpg!m_fill,w_280,h_210,f_jpg?from=ke.com
20240912,朝阳,东大桥,101125716825,新城三期2居室满五年不唯一仅有契税,1120万,99831元/平,中楼层 (共30层) | 2006年 | 2室2厅 | 112.19平米 | 西,https://ke-image.ljcdn.com/110000-inspection/3f7cf7c7-954e-4830-8a51-f46a5e9dd605_1000.jpg!m_fill,w_280,h_210,f_jpg?from=ke.com
20240912,朝阳,东大桥,101125618523,向军北里  南向两居室 采光好 交通出行方便,469万,92780元/平,顶层 (共5层) | 1980年 | 2室1厅 | 50.55平米 | 南,https://ke-image.ljcdn.com/110000-inspection/pc1_uTi1LQrT0.jpg!m_fill,w_280,h_210,f_jpg?from=ke.com
20240912,朝阳,东大桥,101125564061,关东店南街 2室1厅 西北,360万,61888元/平,低楼层 (共18层) | 1985年 | 2室1厅 | 58.17平米 | 西北,https://ke-image.ljcdn.com/110000-inspection/506404ae-761b-45cb-8a4c-a90c6f4764a0_1000.jpg!m_fill,w_280,h_210,f_jpg?from=ke.com
20240912,朝阳,东大桥,101125533549,世贸国际公寓 3室2厅 南 北,2199万,85230元/平,中楼层 (共31层) 3室2厅 | 258.01平米 | 南 北,https://ke-image.ljcdn.com/110000-inspection/cfb70b4f-fd6b-483a-a324-016af6bd5a7f_1000.jpg!m_fill,w_280,h_210,f_jpg?from=ke.com
20240912,朝阳,东大桥,101125480513,可以贷款345万 精装修 纯居住 别错过请咨询,820万,57291元/平,中楼层 (共32层) | 2007年 | 3室1厅 | 143.13平米 | 西北,https://ke-image.ljcdn.com/110000-inspection/97c068b2-5a6d-403c-aa49-dd4bf2aeb96e_1000.jpg!m_fill,w_280,h_210,f_jpg?from=ke.com
20240912,朝阳,东大桥,101125428058,Central Park 双主卧套房设计双明卫。,2250万,103396元/平,中楼层 (共30层) | 2006年 | 4室2厅 | 217.61平米 | 南,https://ke-image.ljcdn.com/110000-inspection/a12fb654-d4fb-49a4-9eab-bf494c448eff_1000.jpg!m_fill,w_280,h_210,f_jpg?from=ke.com
20240912,朝阳,东大桥,101125425392,向军南里 精装修一居室 保养好 南向 八十,420万,100575元/平,低楼层 (共25层) | 1993年 | 1室1厅 | 41.76平米 | 南,https://ke-image.ljcdn.com/110000-inspection/07b5fabb-9315-47fb-bbff-c383e513bde0_1000.jpg!m_fill,w_280,h_210,f_jpg?from=ke.com
20240912,朝阳,东大桥,101125372005,国贸必看高层两居室视野开阔采光好,950万,69936元/平,中楼层 (共42层) | 2005年 | 2室1厅 | 135.84平米 | 北,https://ke-image.ljcdn.com/110000-inspection/d0871337-64dc-403b-b5a2-7b2d41942e26_1000.jpg!m_fill,w_280,h_210,f_jpg?from=ke.com
20240912,朝阳,东大桥,101125348060,新装修 南向正规一居室 带衣帽间,630万,69807元/平,低楼层 (共42层) | 2005年 | 1室1厅 | 90.25平米 | 南,https://ke-image.ljcdn.com/110000-inspection/pc1_tygrx4Uiy.jpg!m_fill,w_280,h_210,f_jpg?from=ke.com
20240912,朝阳,东大桥,101125323512,世茂宫园 板楼三居 一梯两户 真实在售可看本房房主自荐,2060万,91862元/平,中楼层 (共7层) | 2004年 | 3室1厅 | 224.25平米 | 南 北,https://ke-image.ljcdn.com/110000-inspection/pc1_LeM5yAWIh.jpg!m_fill,w_280,h_210,f_jpg?from=ke.com
20240912,朝阳,东大桥,101125197042,CentralPark4期 全屋落地窗 一居室房主自荐,750万,99207元/平,低楼层 (共25层) | 2008年 | 1室1厅 | 75.6平米 | 北,https://ke-image.ljcdn.com/110000-inspection/7b408420-c4bd-4d54-8b25-76e506317f19_1000.jpg!m_fill,w_280,h_210,f_jpg?from=ke.com
20240912,朝阳,东大桥,101125126803,新城国际四期超高层 观景三居 满五唯一,1790万,94584元/平,高楼层 (共30层) 3室1厅 | 189.25平米 | 东南,https://ke-image.ljcdn.com/110000-inspection/165a1f3a-d009-4e59-bf9a-527e31631832_1000.jpg!m_fill,w_280,h_210,f_jpg?from=ke.com
20240912,朝阳,东大桥,101125073721,世茂宫园 3室1厅 东南,1800万,90294元/平,低楼层 (共27层) | 2004年 | 3室1厅 | 199.35平米 | 东南,https://ke-image.ljcdn.com/110000-inspection/pc1_C1yaGBIL4_1.jpg!m_fill,w_280,h_210,f_jpg?from=ke.com
20240912,朝阳,东大桥,101125067705,满五唯一  纯南向  可以贷款1100万 有二次装,1499万,85171元/平,高楼层 (共21层) 2室1厅 | 176平米 | 南,https://ke-image.ljcdn.com/110000-inspection/c063d8d7-f3f9-4f64-b37a-27b10dc2261f_1000.jpg!m_fill,w_280,h_210,f_jpg?from=ke.com
20240912,朝阳,东大桥,101125032931,三期中高层通透户型双供暖观国贸景观和CBD大花,1980万,105012元/平,中楼层 (共30层) | 2006年 | 4室1厅 | 188.55平米 | 东南,https://ke-image.ljcdn.com/110000-inspection/43865778-afcb-4b6c-9921-b93f511963fc_1000.jpg!m_fill,w_280,h_210,f_jpg?from=ke.com
20240912,朝阳,东大桥,101125029246,旺座中心公寓 2室1厅 东北,688万,43653元/平,高楼层 (共30层) | 2005年 | 2室1厅 | 157.61平米 | 东北,https://ke-image.ljcdn.com/110000-inspection/69f39521-c34d-45b2-a524-7a3bf4d37732_1000.jpg!m_fill,w_280,h_210,f_jpg?from=ke.com
20240912,朝阳,东大桥,101124962661,圣世一品 3室2厅 南,2850万,80192元/平,中楼层 (共22层) | 2010年 | 3室2厅 | 355.4平米 | 南,https://ke-image.ljcdn.com/110000-inspection/pc1_NDb3qzrnU.jpg!m_fill,w_280,h_210,f_jpg?from=ke.com
20240912,朝阳,东大桥,101124962739,新城国际三期精装修四居室三卧室朝南明厨明卫,1980万,90989元/平,低楼层 (共30层) | 2006年 | 4室1厅 | 217.61平米 | 东 西 南,https://ke-image.ljcdn.com/110000-inspection/bd75a8d2-38bf-4a04-80e9-b6c4a4c3312c_1000.jpg!m_fill,w_280,h_210,f_jpg?from=ke.com
20240912,朝阳,东大桥,101124815559,新城国际二次装修小三居东西通透看花园满五唯一房主自荐,1550万,95379元/平,低楼层 (共29层) 3室1厅 | 162.51平米 | 东 西,https://ke-image.ljcdn.com/110000-inspection/78aeb335-260f-443e-a9e7-1d9b0009e387_1000.jpg!m_fill,w_280,h_210,f_jpg?from=ke.com
20240912,朝阳,东大桥,101124738901,北京财富中心 2室1厅 北,969万,71334元/平,中楼层 (共42层) | 2005年 | 2室1厅 | 135.84平米 | 北,https://ke-image.ljcdn.com/110000-inspection/pc1_u4ck5iW9X.jpg!m_fill,w_280,h_210,f_jpg?from=ke.com
20240912,朝阳,东大桥,101124737780,此房南北通透格局好高楼层采光好田字格户型,515万,74899元/平,顶层 (共5层) | 1980年 | 3室1厅 | 68.76平米 | 南 北,https://ke-image.ljcdn.com/110000-inspection/42b270cd-ed10-49f6-908e-e29a4c53cf48_1000.jpg!m_fill,w_280,h_210,f_jpg?from=ke.com
20240912,朝阳,东大桥,101124694344,旺座中心公寓 1室1厅 西,599万,52029元/平,低楼层 (共30层) | 2005年 | 1室1厅 | 115.13平米 | 西,https://ke-image.ljcdn.com/110000-inspection/19147fba-d3e4-4995-bbe9-de60117f6a69_1000.jpg!m_fill,w_280,h_210,f_jpg?from=ke.com
20240912,朝阳,东大桥,101124681901,世茂宫园 南向大阳台两居 次顶层 满五可看房,1480万,89763元/平,高楼层 (共27层) | 2010年 | 2室1厅 | 164.88平米 | 南,https://ke-image.ljcdn.com/110000-inspection/pc1_4tELceb3u_1.jpg!m_fill,w_280,h_210,f_jpg?from=ke.com
20240912,朝阳,东大桥,101124645269,观景整个国贸南北通透三居满五年唯一诚意出售,2100万,90203元/平,中楼层 (共22层) | 2010年 | 3室2厅 | 232.81平米 | 南 北,https://ke-image.ljcdn.com/110000-inspection/26cde1c7-cd10-49f5-91c9-f3caa499b8fa_1000.jpg!m_fill,w_280,h_210,f_jpg?from=ke.com
20240912,朝阳,东大桥,101124620522,新城国际+一梯2户+东西通透+3米净高+看公园花园,1390万,99230元/平,中楼层 (共6层) 2室1厅 | 140.08平米 | 东 西,https://ke-image.ljcdn.com/110000-inspection/pc1_g49f41KsD_2.jpg!m_fill,w_280,h_210,f_jpg?from=ke.com
20240912,朝阳,东大桥,101124349512,世贸国际公寓4号楼中高层南北3居室二次装修出售,2300万,86806元/平,中楼层 (共29层) 3室2厅 | 264.96平米 | 南 北,https://ke-image.ljcdn.com/110000-inspection/c2591f3e-6294-4b6e-b6c3-e7ae0861616e_1000.jpg!m_fill,w_280,h_210,f_jpg?from=ke.com
20240912,朝阳,东大桥,101124348713,东大桥地铁口东大桥东里首套首付不到80万入住东大桥,249万,50497元/平,地下室 (共6层) 2室1厅 | 49.31平米 | 西,https://ke-image.ljcdn.com/110000-inspection/pc1_Sx95lrKFR.jpg!m_fill,w_280,h_210,f_jpg?from=ke.com
20240912,朝阳,东大桥,101124323989,新城国际全新装修正规一居室改造厨卫,885万,100386元/平,高楼层 (共32层) | 2003年 | 1室1厅 | 88.16平米 | 西北,https://ke-image.ljcdn.com/110000-inspection/6369dce4-e0ad-4f09-8aee-c12af973f0ff_1000.jpg!m_fill,w_280,h_210,f_jpg?from=ke.com
20240912,朝阳,东大桥,101124135032,双采光明卫正规三居室落地窗物业管理好房主自荐,1250万,75374元/平,低楼层 (共42层) | 2005年 | 3室1厅 | 165.84平米 | 东 北,https://ke-image.ljcdn.com/110000-inspection/a81f2587-9413-4c19-9a9d-afb73650efa1_1000.jpg!m_fill,w_280,h_210,f_jpg?from=ke.com
20240912,朝阳,东大桥,101124133970,东大桥东里小区高层无遮挡无抵押产权清晰诚意出售,379万,68972元/平,高楼层 (共16层) | 1989年 | 2室1厅 | 54.95平米 | 东,https://ke-image.ljcdn.com/110000-inspection/9d0a28ee-690a-4062-9760-9c6e111a546b_1000.jpg!m_fill,w_280,h_210,f_jpg?from=ke.com
20240912,朝阳,东大桥,101123863908,圣世一品2010年小区精装修看花园,669万,80759元/平,低楼层 (共21层) | 2010年 | 1室1厅 | 82.84平米 | 东,https://ke-image.ljcdn.com/110000-inspection/74034756-e2f6-4843-bd9c-a0db6dde1937_1000.jpg!m_fill,w_280,h_210,f_jpg?from=ke.com
20240912,朝阳,东大桥,101123814643,新城国际 3室1厅 南 西 北,1800万,101558元/平,中楼层 (共33层) | 2005年 | 3室1厅 | 177.24平米 | 南 西 北,https://ke-image.ljcdn.com/110000-inspection/94053258-a92f-4c6f-b894-805e82053d0d_1000.jpg!m_fill,w_280,h_210,f_jpg?from=ke.com
20240912,朝阳,东大桥,101123651212,报价9.1万 底价有惊喜两居 随时看房,1150万,92810元/平,低楼层 (共29层) 2室1厅 | 123.91平米 | 东 东南,https://ke-image.ljcdn.com/110000-inspection/4732e6dd-6d38-4fee-b7af-a8ffb5970e0e_1000.jpg!m_fill,w_280,h_210,f_jpg?from=ke.com
20240912,朝阳,东大桥,101123607550,二次装修过的带阳台四居室满五唯一,3200万,111608元/平,中楼层 (共27层) | 2008年 | 4室1厅 | 286.72平米 | 东南,https://ke-image.ljcdn.com/110000-inspection/83606848-6fdc-4b71-bb0e-ad888fa3dbc5_1000.jpg!m_fill,w_280,h_210,f_jpg?from=ke.com
20240912,朝阳,东大桥,101123594412,新城国际看花园小户型 租户马上到期 随时交房,650万,83259元/平,低楼层 (共29层) | 2006年 | 1室0厅 | 78.07平米 | 北,https://ke-image.ljcdn.com/110000-inspection/830e01e9-7fc7-4923-b7e6-3a4c6a6a50ef_1000.jpg!m_fill,w_280,h_210,f_jpg?from=ke.com
20240912,朝阳,东大桥,101123439818,新城高层观景1居室 二次装修 带燃气,900万,102088元/平,中楼层 (共32层) | 2003年 | 1室1厅 | 88.16平米 | 西北,https://ke-image.ljcdn.com/110000-inspection/071e38f7-7521-478d-b46f-34024f75de8f_1000.jpg!m_fill,w_280,h_210,f_jpg?from=ke.com
20240912,朝阳,东大桥,101123415231,北京财富中心 2室1厅 东,1250万,82705元/平,低楼层 (共42层) | 2005年 | 2室1厅 | 151.14平米 | 东,https://ke-image.ljcdn.com/110000-inspection/pc1_8ElWO1WSP.jpg!m_fill,w_280,h_210,f_jpg?from=ke.com
20240912,朝阳,东大桥,101123408044,交通方便地铁6号线和17号线东大桥站出行方便,420万,91744元/平,底层 (共6层) 2室1厅 | 45.78平米 | 南,https://ke-image.ljcdn.com/110000-inspection/4faeba84-bb48-46bd-841f-025a4e0ebb31_1000.jpg!m_fill,w_280,h_210,f_jpg?from=ke.com
20240912,朝阳,东大桥,101123360648,向军北里 精装修 两居室 拎包入住,398万,86843元/平,底层 (共6层) 2室1厅 | 45.83平米 | 东 北,https://ke-image.ljcdn.com/110000-inspection/pc1_jzjmHugtS.jpg!m_fill,w_280,h_210,f_jpg?from=ke.com
20240912,朝阳,东大桥,101123331914,工体南路全明格局1居室看工体视野好停车位充足,358万,88923元/平,中楼层 (共18层) | 1987年 | 2室1厅 | 40.26平米 | 西北,https://ke-image.ljcdn.com/110000-inspection/5ab591da-9a78-4a2d-8580-900e4294d8da_1000.jpg!m_fill,w_280,h_210,f_jpg?from=ke.com
20240912,朝阳,东大桥,101123285811,世茂宫园满五年唯一看央视全景无遮挡1850万,1800万,81485元/平,中楼层 (共27层) | 2010年 | 3室2厅 | 220.9平米 | 西南,https://ke-image.ljcdn.com/110000-inspection/2706fc85-a75b-428c-a4b4-43b1ae5fc290_1000.jpg!m_fill,w_280,h_210,f_jpg?from=ke.com
20240912,朝阳,东大桥,101123252884,世茂宫园 2010年交房没住过 次顶层毛坯三居室 随时看,1660万,74025元/平,中楼层 (共7层) | 2004年 | 3室2厅 | 224.25平米 | 南 北,https://ke-image.ljcdn.com/110000-inspection/a8a002a9-1009-4599-a177-0c6166648bb3_1000.jpg!m_fill,w_280,h_210,f_jpg?from=ke.com
20240912,朝阳,东大桥,101123201996,世茂宫园 高层带书房一居室带阳台 可看本房 满五年,875万,79589元/平,高楼层 (共27层) | 2010年 | 1室1厅 | 109.94平米 | 北,https://ke-image.ljcdn.com/110000-inspection/pc1_Ajs0K8Hzo_1.jpg!m_fill,w_280,h_210,f_jpg?from=ke.com
20240912,朝阳,东大桥,101123187421,满五年唯一近地铁精装修不临街随时可看可签约房主自荐,499万,86904元/平,高楼层 (共6层) | 1987年 | 2室1厅 | 57.42平米 | 南 北,https://ke-image.ljcdn.com/110000-inspection/6de1b28d-93df-458a-93f9-17588533c8ed_1000.jpg!m_fill,w_280,h_210,f_jpg?from=ke.com
20240912,朝阳,东大桥,101123116834,核桃园北里 满五年商品房 全明格局 精装修 诚意出售,540万,104733元/平,中楼层 (共15层) | 1987年 | 2室1厅 | 51.56平米 | 南 东 西,https://ke-image.ljcdn.com/110000-inspection/pc1_IidfRdLIU_2.jpg!m_fill,w_280,h_210,f_jpg?from=ke.com
20240912,朝阳,东大桥,101123075255,白 八十 关东店北街电梯楼 南向二居 无遮挡 急售,509万,83130元/平,低楼层 (共18层) | 1989年 | 2室1厅 | 61.23平米 | 南,https://ke-image.ljcdn.com/110000-inspection/690c63d1-295a-408b-bbc0-a0ed64151be1_1000.jpg!m_fill,w_280,h_210,f_jpg?from=ke.com
20240912,朝阳,东大桥,101123055468,工体南路全明格局3居室诚意卖无遮挡,440万,69390元/平,顶层 (共5层) | 1986年 | 3室1厅 | 63.41平米 | 东 西,https://ke-image.ljcdn.com/110000-inspection/8be5c726-f95d-49d2-9fcd-7ee0c0dcd42c_1000.jpg!m_fill,w_280,h_210,f_jpg?from=ke.com
20240912,朝阳,东大桥,101122873883,世茂宫园 东三环内 板楼大三居 南北通透 大客厅,2050万,91416元/平,低楼层 (共7层) 3室2厅 | 224.25平米 | 南 北,https://ke-image.ljcdn.com/110000-inspection/1ef634f2-2598-4533-b5c3-67cee951ccd0_1000.jpg!m_fill,w_280,h_210,f_jpg?from=ke.com
20240912,朝阳,东大桥,101122825121,喜欢国贸夜景的您来看看这套房子新装修满五唯一,1238万,81239元/平,中楼层 (共42层) | 2005年 | 2室1厅 | 152.39平米 | 东,https://ke-image.ljcdn.com/110000-inspection/pc1_NO5muec4W.jpg!m_fill,w_280,h_210,f_jpg?from=ke.com
20240912,朝阳,东大桥,101122816431,白家庄核桃园南北两居带客厅中间层采光视野好,660万,103142元/平,中楼层 (共6层) | 1995年 | 2室1厅 | 63.99平米 | 南 北,https://ke-image.ljcdn.com/110000-inspection/ace5c4e1-5c12-4ec9-a84b-e74076d48f5f_1000.jpg!m_fill,w_280,h_210,f_jpg?from=ke.com
20240912,朝阳,东大桥,101122803298,圣世一品能看房东向不临街管家式服务,698万,82497元/平,中楼层 (共21层) | 2010年 | 1室1厅 | 84.61平米 | 东,https://ke-image.ljcdn.com/110000-inspection/4aa885e0-2bcf-4a82-a899-ba2c06ddc426_1000.jpg!m_fill,w_280,h_210,f_jpg?from=ke.com
20240912,朝阳,东大桥,101122759965,新城国际三期双供暖四居室有钥匙无浪费空间。,2180万,115620元/平,中楼层 (共30层) | 2006年 | 4室1厅 | 188.55平米 | 东南 西北,https://ke-image.ljcdn.com/110000-inspection/8bbd52c4-bd50-4d0b-ad8b-0508c2604178_1000.jpg!m_fill,w_280,h_210,f_jpg?from=ke.com
20240912,朝阳,东大桥,101122745291,新城国际 2室1厅 南,1820万,133275元/平,高楼层 (共29层) | 2006年 | 2室1厅 | 136.56平米 | 南,https://ke-image.ljcdn.com/110000-inspection/pc1_zmfADxqaq.jpg!m_fill,w_280,h_210,f_jpg?from=ke.com
20240912,朝阳,东大桥,101122701927,新城国际三期双供暖小4居东南西北通透 看小区花园安静,2050万,108725元/平,低楼层 (共30层) | 2006年 | 4室2厅 | 188.55平米 | 东南 西北,https://ke-image.ljcdn.com/110000-inspection/9a919dfb-bf4f-4aa0-9a36-34d1de158b24_1000.jpg!m_fill,w_280,h_210,f_jpg?from=ke.com
20240912,朝阳,东大桥,101122698584,新城国际看花园视野好满五年保养好。,750万,88194元/平,高楼层 (共6层) | 2008年 | 1室0厅 | 85.04平米 | 北,https://ke-image.ljcdn.com/110000-inspection/c6e2819a-6f99-450f-b7a7-c16ff997748c_1000.jpg!m_fill,w_280,h_210,f_jpg?from=ke.com
20240912,朝阳,东大桥,101122674583,圣世一品2010年的住宅属性的小区满五年东向看花园,1100万,104494元/平,低楼层 (共21层) | 2010年 | 2室1厅 | 105.27平米 | 东北,https://ke-image.ljcdn.com/110000-inspection/6d041011-fd18-4546-bd00-da0a60542432_1000.jpg!m_fill,w_280,h_210,f_jpg?from=ke.com
20240912,朝阳,东大桥,101122640529,新城国际二期入门级开间 二次装修拎包入住全新家具,625万,99602元/平,低楼层 (共31层) | 2005年 | 1室0厅 | 62.75平米 | 东 北,https://ke-image.ljcdn.com/110000-inspection/0b38cf82-81f4-4b81-96fa-035d6b175274_1000.jpg!m_fill,w_280,h_210,f_jpg?from=ke.com
20240912,朝阳,东大桥,101122202748,世贸边户+西南北三面采光+明厨明卫+使用集中供暖水暖,2350万,89218元/平,低楼层 (共20层) 4室2厅 | 263.4平米 | 南 西 北,https://ke-image.ljcdn.com/110000-inspection/4c6d5ed8-9524-484a-842e-59febd417f68_1000.jpg!m_fill,w_280,h_210,f_jpg?from=ke.com
20240912,朝阳,东大桥,101122117579,高层 西南向 一居室 双供暖 采光好 首套贷款300万,900万,102088元/平,中楼层 (共32层) | 2003年 | 1室1厅 | 88.16平米 | 东北,https://ke-image.ljcdn.com/110000-inspection/05463895-31fb-4c63-9f57-c0a805b13649_1000.jpg!m_fill,w_280,h_210,f_jpg?from=ke.com
20240912,朝阳,东大桥,101122057985,新房+新城23号楼+新风地暖+新装修+南向二居,1550万,113912元/平,低楼层 (共33层) | 2008年 | 2室1厅 | 136.07平米 | 南 北,https://ke-image.ljcdn.com/110000-inspection/af80b7cb-18ae-44ac-b059-9c2637ae7718_1000.jpg!m_fill,w_280,h_210,f_jpg?from=ke.com
20240912,朝阳,东大桥,101121941640,三期楼龄新双供暖对CBD花园南向保养好。,1550万,114005元/平,中楼层 (共31层) | 2006年 | 2室1厅 | 135.96平米 | 南,https://ke-image.ljcdn.com/110000-inspection/e6d18530-0f23-4c38-87e1-73c78c306b6d_1000.jpg!m_fill,w_280,h_210,f_jpg?from=ke.com
20240912,朝阳,东大桥,101121879141,核桃园北里 三居室 采光通风好,588万,82434元/平,低楼层 (共18层) | 1990年 | 3室1厅 | 71.33平米 | 南 北,https://ke-image.ljcdn.com/110000-inspection/0654b841-b3b8-4adb-9bda-d83bb6661b95_1000.jpg!m_fill,w_280,h_210,f_jpg?from=ke.com
20240912,朝阳,东大桥,101121874932,世茂宫园高层看工体正规三居室,1850万,83749元/平,中楼层 (共27层) | 2010年 | 3室2厅 | 220.9平米 | 西南,https://ke-image.ljcdn.com/110000-inspection/510469df-f057-4ab8-b19c-953b48afd6b6_1000.jpg!m_fill,w_280,h_210,f_jpg?from=ke.com
20240912,朝阳,东大桥,101121798230,圣世一品 一梯一户 双门厅三居室 可看房 价可议,2450万,94112元/平,中楼层 (共22层) | 2010年 | 3室2厅 | 260.33平米 | 西南,https://ke-image.ljcdn.com/110000-inspection/pc1_7ceFCodht.jpg!m_fill,w_280,h_210,f_jpg?from=ke.com
20240912,朝阳,东大桥,101121416524,高楼层 视野好 满五年 名下只有一套,860万,110158元/平,高楼层 (共29层) | 2006年 | 1室0厅 | 78.07平米 | 北,https://ke-image.ljcdn.com/110000-inspection/fd8cf08a-7a0b-40b3-b546-58384b1d6f83_1000.jpg!m_fill,w_280,h_210,f_jpg?from=ke.com
20240912,朝阳,东大桥,101121356545,新城国际二期 小2居 满五唯一 看房方便 适合婚房房主自荐,1200万,108460元/平,高楼层 (共24层) | 2005年 | 2室1厅 | 110.64平米 | 东,https://ke-image.ljcdn.com/110000-inspection/33a84acb-9c1f-473c-b2a2-11695b65fab5_1000.jpg!m_fill,w_280,h_210,f_jpg?from=ke.com
20240912,朝阳,东大桥,101121350540,工人体育场东路  高楼层两居室 无遮挡 采光好,358万,75069元/平,顶层 (共5层) | 1974年 | 2室1厅 | 47.69平米 | 东,https://ke-image.ljcdn.com/110000-inspection/pc1_Gcr3gE547_1.jpg!m_fill,w_280,h_210,f_jpg?from=ke.com
20240912,朝阳,东大桥,101121293365,尚都国际中心 1室0厅 西北,515万,28821元/平,中楼层 (共29层) | 2003年 | 1室0厅 | 178.69平米 | 西北,https://ke-image.ljcdn.com/110000-inspection/ec1a13eb-331c-4634-b15f-599e8336f23a_1000.jpg!m_fill,w_280,h_210,f_jpg?from=ke.com
20240912,朝阳,东大桥,101121123317,呼家楼向军南里临地铁 楼龄新两居室,565万,84937元/平,低楼层 (共22层) | 1993年 | 2室1厅 | 66.52平米 | 西南,https://ke-image.ljcdn.com/110000-inspection/pc1_OeNCkbTLG_1.jpg!m_fill,w_280,h_210,f_jpg?from=ke.com
20240912,朝阳,东大桥,101121065002,此房楼层高视野好有钥匙看房随时正规3居室,598万,88449元/平,高楼层 (共15层) | 1984年 | 3室1厅 | 67.61平米 | 东北,https://ke-image.ljcdn.com/110000-inspection/8342d2b8-3bfc-4b9c-91cb-318802c7f24f_1000.jpg!m_fill,w_280,h_210,f_jpg?from=ke.com
20240912,朝阳,东大桥,101120996810,关东店北街 正规三居室 中间楼层 无遮挡 采光充足,610万,89905元/平,中楼层 (共5层) 3室1厅 | 67.85平米 | 南 北,https://ke-image.ljcdn.com/110000-inspection/1cf59200-2ab3-4fcf-8ebf-4bb529381452_1000.jpg!m_fill,w_280,h_210,f_jpg?from=ke.com
20240912,朝阳,东大桥,101120984143,工人体育场南路小区 高楼层三居室,480万,70135元/平,高楼层 (共6层) | 1987年 | 3室1厅 | 68.44平米 | 东 西,https://ke-image.ljcdn.com/110000-inspection/pc1_AzEP3iXGo_1.jpg!m_fill,w_280,h_210,f_jpg?from=ke.com
20240912,朝阳,东大桥,101120983272,新城国际东北向正规一居室 落地窗 有钥匙随时可看,850万,97243元/平,低楼层 (共33层) | 2003年 | 1室1厅 | 87.41平米 | 东北,https://ke-image.ljcdn.com/110000-inspection/pc1_vcxGkH8dI.jpg!m_fill,w_280,h_210,f_jpg?from=ke.com
20240912,朝阳,东大桥,101120980548,圣世一品西南向方正复式四居室视野好,2090万,179940元/平,高楼层 (共22层) | 2010年 | 4室2厅 | 116.15平米 | 西南,https://ke-image.ljcdn.com/110000-inspection/afb14a00-bfd5-4f8f-bd4b-fec6deff9f48_1000.jpg!m_fill,w_280,h_210,f_jpg?from=ke.com
20240912,朝阳,东大桥,101120919910,世茂宫园南向大两居室观景圆弧形阳台视野好房主自荐,1500万,86331元/平,中楼层 (共27层) | 2010年 | 2室1厅 | 173.75平米 | 南,https://ke-image.ljcdn.com/110000-inspection/b36b0b90-3745-44d9-829d-70bd62aed834_1000.jpg!m_fill,w_280,h_210,f_jpg?from=ke.com
20240912,朝阳,东大桥,101120915005,海关家属楼南向正规一居室芳草地+日坛,393万,83724元/平,高楼层 (共6层) | 1992年 | 1室1厅 | 46.94平米 | 南,https://ke-image.ljcdn.com/110000-inspection/pc1_iOmL9IGMf.jpg!m_fill,w_280,h_210,f_jpg?from=ke.com
20240912,朝阳,东大桥,101120820194,中间楼层南北通透  全明格局,710万,104290元/平,中楼层 (共6层) 2室1厅 | 68.08平米 | 南 北,https://ke-image.ljcdn.com/110000-inspection/c2456183-88ef-4b51-bd5d-fbb6a2f92305_1000.jpg!m_fill,w_280,h_210,f_jpg?from=ke.com
20240912,朝阳,东大桥,101120683487,京水公寓 2003年商品房 两梯三户 诚意售,830万,91916元/平,高楼层 (共14层) 1室2厅 | 90.3平米 | 东,https://ke-image.ljcdn.com/110000-inspection/8c8df636-9b7d-4d8a-9441-a3cf062ba0c6_1000.jpg!m_fill,w_280,h_210,f_jpg?from=ke.com
20240912,朝阳,东大桥,101120496514,一梯一户新城三期四居室带外置阳台观国贸全景。,2800万,115818元/平,顶层 (共9层) 4室2厅 | 241.76平米 | 南 北,https://ke-image.ljcdn.com/110000-inspection/f4a8ee81-f506-4532-943a-7dc9c20c167e_1000.jpg!m_fill,w_280,h_210,f_jpg?from=ke.com
20240912,朝阳,东大桥,101120490327,Penthouse【顶层复式】空中阳台和花园观国贸中国尊,5180万,161911元/平,顶层 (共27层) | 2008年 | 4室2厅 | 319.93平米 | 南 北,https://ke-image.ljcdn.com/110000-inspection/d1d3abc8-da6c-448e-8151-8ba9f2c55f4b_1000.jpg!m_fill,w_280,h_210,f_jpg?from=ke.com
20240912,朝阳,东大桥,101120435621,【世贸复式】楼下客厅楼上卧室动静分离满五唯一,1638万,93069元/平,中楼层 (共20层) 2室1厅 | 176平米 | 南,https://ke-image.ljcdn.com/110000-inspection/774db0e0-822b-40db-b26d-20ebcd9b354a_1000.jpg!m_fill,w_280,h_210,f_jpg?from=ke.com
20240912,朝阳,东大桥,101120206587,公司产权契税 高楼层59层 视野开阔采光无遮挡,5600万,127491元/平,高楼层 (共57层) | 2008年 | 4室2厅 | 439.25平米 | 东 南 北,https://ke-image.ljcdn.com/110000-inspection/fddfba42-1ffa-4636-a8d8-6ff2f0e55961_1000.jpg!m_fill,w_280,h_210,f_jpg?from=ke.com
20240912,朝阳,东大桥,101119852236,新城国际+四期+三面采光+正南+明卫+视野开阔房主自荐,1430万,113574元/平,中楼层 (共30层) | 2008年 | 2室1厅 | 125.91平米 | 东南 西南 南,https://ke-image.ljcdn.com/110000-inspection/e4f19920-667c-4816-b0f6-f5ee37f4ab1d_1000.jpg!m_fill,w_280,h_210,f_jpg?from=ke.com
20240912,朝阳,东大桥,101119518406,新城国际 4期开间 落地窗 满五唯一,900万,119048元/平,中楼层 (共25层) | 2008年 | 1室1厅 | 75.6平米 | 北,https://ke-image.ljcdn.com/110000-inspection/30c9a256-7c1e-4690-a658-633747292619_1000.jpg!m_fill,w_280,h_210,f_jpg?from=ke.com
20240912,朝阳,东大桥,101119422597,新城国际+动静分离+中高楼层+视野开阔+采光充足+新装房主自荐,1850万,103439元/平,中楼层 (共29层) 3室2厅 | 178.85平米 | 西南,https://ke-image.ljcdn.com/110000-inspection/ddff7f87-a5a0-4619-8897-971f2f686ac3_1000.jpg!m_fill,w_280,h_210,f_jpg?from=ke.com
20240912,朝阳,东大桥,101119388493,【边户】西南北三面采光+板楼得房率83%+明厨明卫房主自荐,2350万,89589元/平,中楼层 (共30层) | 2001年 | 3室2厅 | 262.31平米 | 南 西 北,https://ke-image.ljcdn.com/110000-inspection/764df4c6-c07c-4358-8451-65831e68c32a_1000.jpg!m_fill,w_280,h_210,f_jpg?from=ke.com
20240912,朝阳,东大桥,101119278524,四期高层带外置阳台观景国贸视野好随时看。,3400万,118583元/平,高楼层 (共27层) | 2008年 | 4室2厅 | 286.72平米 | 东南 西北,https://ke-image.ljcdn.com/110000-inspection/867d0931-4edd-4b65-8399-aacd3b96ca3b_1000.jpg!m_fill,w_280,h_210,f_jpg?from=ke.com
20240912,朝阳,东大桥,101119275011,新城国际 2室1厅 东,1500万,120803元/平,中楼层 (共29层) | 2003年 | 2室1厅 | 124.17平米 | 东,https://ke-image.ljcdn.com/110000-inspection/9189d31b-3d30-4305-b52f-499d9d8e8dc1_1000.jpg!m_fill,w_280,h_210,f_jpg?from=ke.com
20240912,朝阳,东大桥,101118512733,【Studio】新城开间各功能间齐全麻雀虽小五脏俱全,725万,116093元/平,中楼层 (共31层) | 2005年 | 1室0厅 | 62.45平米 | 西北,https://ke-image.ljcdn.com/110000-inspection/1f8a663b-edea-428e-a8f4-98f7cb672955_1000.jpg!m_fill,w_280,h_210,f_jpg?from=ke.com
20240912,朝阳,东大桥,101118482277,东大桥东里 东西通透无遮挡采光好配套齐全,430万,71619元/平,高楼层 (共6层) 2室1厅 | 60.04平米 | 东 西,https://ke-image.ljcdn.com/110000-inspection/pc1_xahUue3vf.jpg!m_fill,w_280,h_210,f_jpg?from=ke.com
20240912,朝阳,东大桥,101118014517,新城国际四期高层开间户型仅契税,920万,127107元/平,高楼层 (共30层) | 2008年 | 1室0厅 | 72.38平米 | 东,https://ke-image.ljcdn.com/110000-inspection/cde5f531-7944-4527-85fe-ea425648375d_1000.jpg!m_fill,w_280,h_210,f_jpg?from=ke.com
20240912,朝阳,东大桥,101117142927,世贸国际公寓 北向一居室 看小区花园 视野开阔无遮挡,678万,90485元/平,中楼层 (共30层) | 2001年 | 1室1厅 | 74.93平米 | 北,https://ke-image.ljcdn.com/110000-inspection/pc1_sryg7ae9r.jpg!m_fill,w_280,h_210,f_jpg?from=ke.com
20240912,朝阳,东大桥,101114762341,新城国际+中高楼层+满五年唯一+南北通透+舒适四居房主自荐,3300万,124944元/平,中楼层 (共28层) 4室1厅 | 264.12平米 | 南 北,https://ke-image.ljcdn.com/110000-inspection/4d0b97aa-7296-4d91-b4e5-c3cd8dc91ede_1000.jpg!m_fill,w_280,h_210,f_jpg?from=ke.com
20240912,朝阳,东大桥,101112207852,新城国际一期正规一居室视野无遮挡诚意出售。,1030万,116834元/平,中楼层 (共32层) | 2003年 | 1室1厅 | 88.16平米 | 西北,https://ke-image.ljcdn.com/110000-inspection/a330cfc6-7eb0-4731-918c-0f136f27651e_1000.jpg!m_fill,w_280,h_210,f_jpg?from=ke.com
20240912,朝阳,东大桥,101107716407,圣世一品顶层大户型 上下复式 独门独户,10000万,114170元/平,高楼层 (共22层) | 2010年 | 6室3厅 | 875.89平米 | 东 南 西 北,https://ke-image.ljcdn.com/110000-inspection/pc1_lk6NVs9VH_1.jpg!m_fill,w_280,h_210,f_jpg?from=ke.com
20240912,朝阳,东大桥,101126508256,带租约出售  西南向  70年产权住宅 有燃气新上,1160万,45634元/平,低楼层 (共30层) | 2005年 | 3室2厅 | 254.2平米 | 西南,https://s1.ljcdn.com/pegasus/redskull/images/common/default_house_list.png?_v=20240826145726
20240912,朝阳,东大桥,101126498929,世界城 1室0厅 南新上,270万,47072元/平,高楼层 (共29层) | 2009年 | 1室0厅 | 57.36平米 | 南,https://s1.ljcdn.com/pegasus/redskull/images/common/default_house_list.png?_v=20240826145726
20240912,朝阳,东大桥,101126490121,旺座中心公寓 3室2厅 南新上,950万,49895元/平,中楼层 (共30层) | 2005年 | 3室2厅 | 190.4平米 | 南,https://s1.ljcdn.com/pegasus/redskull/images/common/default_house_list.png?_v=20240826145726
20240912,朝阳,东大桥,101126357114,北京财富中心 2室1厅 南,1280万,79806元/平,中楼层 (共42层) | 2005年 | 2室1厅 | 160.39平米 | 南,https://s1.ljcdn.com/pegasus/redskull/images/common/default_house_list.png?_v=20240826145726
20240912,朝阳,东大桥,101126252721,正规一居室原购价高仅有契税全新二次装修拎包入住,630万,55099元/平,低楼层 (共30层) | 2005年 | 1室1厅 | 114.34平米 | 东,https://s1.ljcdn.com/pegasus/redskull/images/common/default_house_list.png?_v=20240826145726
20240912,朝阳,东大桥,101126182323,核桃园北里正规一居室满五年不唯一,430万,98196元/平,高楼层 (共15层) | 1987年 | 1室1厅 | 43.79平米 | 东南 南,https://s1.ljcdn.com/pegasus/redskull/images/common/default_house_list.png?_v=20240826145726
20240912,朝阳,东大桥,101126166953,南北通透有客厅户型精装修不临街近地铁,500万,93844元/平,低楼层 (共6层) 2室1厅 | 53.28平米 | 南 北,https://s1.ljcdn.com/pegasus/redskull/images/common/default_house_list.png?_v=20240826145726
20240912,朝阳,东大桥,101126134931,旺座中心公寓 1室1厅 西,585万,53347元/平,中楼层 (共30层) | 2005年 | 1室1厅 | 109.66平米 | 西,https://s1.ljcdn.com/pegasus/redskull/images/common/default_house_list.png?_v=20240826145726
20240912,朝阳,东大桥,101126129502,向军北里新上两居室业主在京随时可签,500万,80920元/平,底层 (共18层) | 1990年 | 2室1厅 | 61.79平米 | 东 西 北,https://s1.ljcdn.com/pegasus/redskull/images/common/default_house_list.png?_v=20240826145726
20240912,朝阳,东大桥,101126109857,向军北里 3室1厅 南 北,530万,76194元/平,高楼层 (共6层) | 1993年 | 3室1厅 | 69.56平米 | 南 北,https://s1.ljcdn.com/pegasus/redskull/images/common/default_house_list.png?_v=20240826145726
20240912,朝阳,东大桥,101126098781,中骏世界城、高层南向、楼盘品质高、地段配套完善房主自荐,450万,50894元/平,高楼层 (共29层) | 2009年 | 1室1厅 | 88.42平米 | 南,https://s1.ljcdn.com/pegasus/redskull/images/common/default_house_list.png?_v=20240826145726
20240912,朝阳,东大桥,101126092223,东大桥斜街3居室好房子朝向视野很好,725万,92181元/平,高楼层 (共14层) | 1989年 | 3室1厅 | 78.65平米 | 西南,https://s1.ljcdn.com/pegasus/redskull/images/common/default_house_list.png?_v=20240826145726
20240912,朝阳,东大桥,101126051916,高层视野开阔户型方正好用精装修,215万,39106元/平,中楼层 (共23层) 1室0厅 | 54.98平米 | 南 西,https://s1.ljcdn.com/pegasus/redskull/images/common/default_house_list.png?_v=20240826145726
20240912,朝阳,东大桥,101126010583,复地国际公寓 1室1厅 东 南 西,480万,39464元/平,顶层 (共23层) 1室1厅 | 121.63平米 | 东 南 西,https://s1.ljcdn.com/pegasus/redskull/images/common/default_house_list.png?_v=20240826145726
20240912,朝阳,东大桥,101125964323,御金台+舒适隐私+视野开阔+满五唯一+保养好景观佳,1696万,119935元/平,中楼层 (共57层) | 2008年 | 2室1厅 | 141.41平米 | 北,https://s1.ljcdn.com/pegasus/redskull/images/common/default_house_list.png?_v=20240826145726
20240912,朝阳,东大桥,101125868857,Central Park 全新装修的入门户型房主自荐,700万,111554元/平,低楼层 (共31层) | 2005年 | 1室1厅 | 62.75平米 | 北,https://s1.ljcdn.com/pegasus/redskull/images/common/default_house_list.png?_v=20240826145726
20240912,朝阳,东大桥,101125763014,新上！四期loft户型房本满五年保养好可以看,1100万,80088元/平,低楼层 (共27层) 2室1厅 | 137.35平米 | 西北,https://s1.ljcdn.com/pegasus/redskull/images/common/default_house_list.png?_v=20240826145726
20240912,朝阳,东大桥,101125757860,新城国际四期！高层复式三居！满五年！三卫设计！,2200万,116249元/平,高楼层 (共30层) 3室2厅 | 189.25平米 | 东南,https://s1.ljcdn.com/pegasus/redskull/images/common/default_house_list.png?_v=20240826145726
20240912,朝阳,东大桥,101125517909,世界城 1室1厅 南,278万,48466元/平,中楼层 (共29层) | 2008年 | 1室1厅 | 57.36平米 | 南,https://s1.ljcdn.com/pegasus/redskull/images/common/default_house_list.png?_v=20240826145726
20240912,朝阳,东大桥,101125499243,白家庄 核桃园北里 1995年楼龄 中间楼层 南北,525万,100287元/平,中楼层 (共5层) | 1995年 | 1室1厅 | 52.35平米 | 南 北,https://s1.ljcdn.com/pegasus/redskull/images/common/default_house_list.png?_v=20240826145726
20240912,朝阳,东大桥,101125459660,新城三期板楼 总高11层 带外置阳台一梯一户房主自荐,2799万,113421元/平,中楼层 (共9层) 4室1厅 | 246.78平米 | 南 北,https://s1.ljcdn.com/pegasus/redskull/images/common/default_house_list.png?_v=20240826145726
20240912,朝阳,东大桥,101125428251,复地国际公寓 1室1厅 西,155万,38338元/平,低楼层 (共23层) | 2008年 | 1室1厅 | 40.43平米 | 西,https://s1.ljcdn.com/pegasus/redskull/images/common/default_house_list.png?_v=20240826145726
20240912,朝阳,东大桥,101125408230,关东店北街 白家庄 呼家楼 小户型 满两年八十,315万,100543元/平,地下室 (共5层) | 1978年 | 1室1厅 | 31.33平米 | 南,https://s1.ljcdn.com/pegasus/redskull/images/common/default_house_list.png?_v=20240826145726
20240912,朝阳,东大桥,101125106358,南北通透明厨明卫 客厅看花园 目前有外国人租户,1900万,99628元/平,低楼层 (共32层) | 2003年 | 3室2厅 | 190.71平米 | 南 北,https://s1.ljcdn.com/pegasus/redskull/images/common/default_house_list.png?_v=20240826145726
20240912,朝阳,东大桥,101124841674,双朝南户型电梯房高层视野好房本满两年,490万,82603元/平,高楼层 (共18层) | 1987年 | 2室1厅 | 59.32平米 | 南,https://s1.ljcdn.com/pegasus/redskull/images/common/default_house_list.png?_v=20240826145726
20240912,朝阳,东大桥,101123669466,世界城精装修房业主着急出售价格可谈,380万,49648元/平,中楼层 (共29层) | 2008年 | 1室1厅 | 76.54平米 | 北,https://s1.ljcdn.com/pegasus/redskull/images/common/default_house_list.png?_v=20240826145726
20240912,朝阳,东大桥,101123642003,世界城 1室0厅 北,295万,50749元/平,中楼层 (共29层) | 2008年 | 1室0厅 | 58.13平米 | 北,https://s1.ljcdn.com/pegasus/redskull/images/common/default_house_list.png?_v=20240826145726
20240912,朝阳,东大桥,101123435203,北京财富中心 2室1厅 北,950万,69684元/平,高楼层 (共42层) | 2005年 | 2室1厅 | 136.33平米 | 北,https://s1.ljcdn.com/pegasus/redskull/images/common/default_house_list.png?_v=20240826145726
20240912,朝阳,东大桥,101122811260,东大桥地铁站旁租金高总低价精装高品,198万,37156元/平,低楼层 (共23层) 1室0厅 | 53.29平米 | 西,https://s1.ljcdn.com/pegasus/redskull/images/common/default_house_list.png?_v=20240826145726
20240912,朝阳,东大桥,101122756727,复地国际公寓 1室0厅 南,240万,38474元/平,低楼层 (共23层) | 2008年 | 1室0厅 | 62.38平米 | 南,https://s1.ljcdn.com/pegasus/redskull/images/common/default_house_list.png?_v=20240826145726
20240912,朝阳,东大桥,101122756687,复地国际公寓 1室1厅 东 南 西,490万,40287元/平,高楼层 (共23层) | 2008年 | 1室1厅 | 121.63平米 | 东 南 西,https://s1.ljcdn.com/pegasus/redskull/images/common/default_house_list.png?_v=20240826145726
20240912,朝阳,东大桥,101122247206,工体东路全明格局中间楼层不临街,512万,77954元/平,中楼层 (共5层) 3室1厅 | 65.68平米 | 南 北,https://s1.ljcdn.com/pegasus/redskull/images/common/default_house_list.png?_v=20240826145726
20240912,朝阳,东大桥,101121015242,世界城 临近世贸天阶地理位置好 业主享用免费游泳池,425万,55527元/平,中楼层 (共29层) | 2008年 | 1室1厅 | 76.54平米 | 东北,https://s1.ljcdn.com/pegasus/redskull/images/common/default_house_list.png?_v=20240826145726
20240912,朝阳,东大桥,101117388511,南向正规一室诚产权清晰无抵押诚意出售！,442万,49166元/平,中楼层 (共29层) | 2008年 | 1室1厅 | 89.9平米 | 东 南,https://s1.ljcdn.com/pegasus/redskull/images/common/default_house_list.png?_v=20240826145726
