20240912,朝阳,北工大,101126473193,满五唯一+精装修+产权清晰+前后不临街+看房方便必看好房,375万,60927元/平,中楼层 (共6层) | 1995年 | 2室1厅 | 61.55平米 | 南 北,https://ke-image.ljcdn.com/110000-inspection/41f57c15-e7d2-45f7-a4bb-faa52db4e336_1000.jpg!m_fill,w_280,h_210,f_jpg?from=ke.com
20240912,朝阳,北工大,101126194158,潘道庙+满五年唯一+板楼中间层+近地铁必看好房,221万,53356元/平,中楼层 (共6层) 2室1厅 | 41.42平米 | 南,https://ke-image.ljcdn.com/110000-inspection/e4b68f4a-c949-4be2-a3b4-2b03a80ce25a_1000.jpg!m_fill,w_280,h_210,f_jpg?from=ke.com
20240912,朝阳,北工大,101126170795,房子精装修楼层好距离地铁近且双出行 小区环境好必看好房,243万,60030元/平,低楼层 (共6层) | 1987年 | 1室1厅 | 40.48平米 | 南,https://ke-image.ljcdn.com/110000-inspection/914eb495-fe0d-4f64-b75f-65cf4aa5fe58_1000.jpg!m_fill,w_280,h_210,f_jpg?from=ke.com
20240912,朝阳,北工大,101126002040,满五唯一精装修南向一居室必看好房,253万,54316元/平,低楼层 (共18层) | 1990年 | 1室1厅 | 46.58平米 | 南,https://ke-image.ljcdn.com/110000-inspection/4e715b28-7d27-4c2b-99a8-e2f5589b4e36_1000.jpg!m_fill,w_280,h_210,f_jpg?from=ke.com
20240912,朝阳,北工大,101125831353,松榆东里 双卧室朝南 中间层 前后无遮挡 满五唯一必看好房,262万,47602元/平,中楼层 (共6层) 2室1厅 | 55.04平米 | 南 北,https://ke-image.ljcdn.com/110000-inspection/84a5f9b5-d6d5-4866-a4eb-ea56d7212083_1000.jpg!m_fill,w_280,h_210,f_jpg?from=ke.com
20240912,朝阳,北工大,101125927916,北工大+平乐园+精装修+满五唯一房主自荐,375万,60927元/平,中楼层 (共6层) 2室1厅 | 61.55平米 | 南 北,https://ke-image.ljcdn.com/110000-inspection/0c172013-dadc-4c94-862e-ae06de1d1193_1000.jpg!m_fill,w_280,h_210,f_jpg?from=ke.com
20240912,朝阳,北工大,101125827525,磨房北里花园小区 双地铁 商品房 不临街业主诚意卖必看好房,330万,47806元/平,底层 (共18层) | 1992年 | 2室1厅 | 69.03平米 | 南,https://ke-image.ljcdn.com/110000-inspection/d6e8279a-3453-4d59-aa99-8d49a2fc8b7c_1000.jpg!m_fill,w_280,h_210,f_jpg?from=ke.com
20240912,朝阳,北工大,101125695470,潘道庙 2007年钢混住宅 满五年唯一 带租赁车位房主自荐,439万,60294元/平,高楼层 (共6层) | 2007年 | 2室1厅 | 72.81平米 | 南,https://ke-image.ljcdn.com/110000-inspection/ce59d52b-0d83-4ac6-9dac-581193a3e48e_1000.jpg!m_fill,w_280,h_210,f_jpg?from=ke.com
20240912,朝阳,北工大,101125693120,平乐园 满五年成本价 低楼层南北通透 不临街无遮挡,296万,45143元/平,底层 (共6层) 2室2厅 | 65.57平米 | 南 北,https://ke-image.ljcdn.com/110000-inspection/f5ae1723-37f4-4e1d-a3ea-74fe7ba8c8e0_1000.jpg!m_fill,w_280,h_210,f_jpg?from=ke.com
20240912,朝阳,北工大,101125231274,满五年 精装修 南北通透 大客厅 诚心卖 经典户型必看好房,449万,60676元/平,低楼层 (共6层) 3室1厅 | 74平米 | 南 北,https://ke-image.ljcdn.com/110000-inspection/fd229013-c6fc-466b-99d4-42bc1558afec_1000.jpg!m_fill,w_280,h_210,f_jpg?from=ke.com
20240912,朝阳,北工大,101124908116,松榆东里+电梯楼一居室+东南向+次顶层+随时看房房主自荐,219万,44951元/平,高楼层 (共18层) | 1993年 | 1室1厅 | 48.72平米 | 东南,https://ke-image.ljcdn.com/110000-inspection/pc1_eBJhaNotN_1.jpg!m_fill,w_280,h_210,f_jpg?from=ke.com
20240912,朝阳,北工大,101124906632,松榆东里+板楼一居室+南北通透+看房方便+随时签约必看好房,209万,46026元/平,中楼层 (共6层) | 1994年 | 1室1厅 | 45.41平米 | 南 北,https://ke-image.ljcdn.com/110000-inspection/pc1_oRIUlVTFd_1.jpg!m_fill,w_280,h_210,f_jpg?from=ke.com
20240912,朝阳,北工大,101124845928,北工大西门磨房北里南北通透中间楼层看房方便必看好房,380万,58824元/平,中楼层 (共6层) 3室1厅 | 64.6平米 | 南 北,https://ke-image.ljcdn.com/110000-inspection/pc1_yygJK8RAD.jpg!m_fill,w_280,h_210,f_jpg?from=ke.com
20240912,朝阳,北工大,101124692900,经理推荐！磨房南里大一居室精装修采光好楼龄新必看好房,219万,41066元/平,中楼层 (共6层) | 1996年 | 1室1厅 | 53.33平米 | 东 西,https://ke-image.ljcdn.com/110000-inspection/55ecf948-7c28-46a6-944a-48c5f5886069_1000.jpg!m_fill,w_280,h_210,f_jpg?from=ke.com
20240912,朝阳,北工大,101124614872,磨房北里精装一居采光好地铁十号线十四号线必看好房,212万,45938元/平,底层 (共6层) 1室1厅 | 46.15平米 | 南,https://ke-image.ljcdn.com/110000-inspection/1620edb9-4688-4616-b589-c6ca79d6d748_1000.jpg!m_fill,w_280,h_210,f_jpg?from=ke.com
20240912,朝阳,北工大,101124230819,满五年唯一+近地铁+业主热情+卖房换房+商圈主推房必看好房,196万,39580元/平,顶层 (共6层) 1室1厅 | 49.52平米 | 南,https://ke-image.ljcdn.com/110000-inspection/6cc57d10-d991-47fd-97f3-14bc02e78510_1000.jpg!m_fill,w_280,h_210,f_jpg?from=ke.com
20240912,朝阳,北工大,101123790609,磨房南里南北通透大客厅中间楼层楼龄新,250万,46878元/平,中楼层 (共6层) | 1997年 | 1室1厅 | 53.33平米 | 南 北,https://ke-image.ljcdn.com/110000-inspection/pc1_VFCOO71KG.jpg!m_fill,w_280,h_210,f_jpg?from=ke.com
20240912,朝阳,北工大,101123701573,北工大 平乐园  南北通透 精装两居必看好房,356万,58659元/平,中楼层 (共6层) 2室1厅 | 60.69平米 | 南 北,https://ke-image.ljcdn.com/110000-inspection/c35f828b-46ef-427b-bed1-fa716fdcb6a4_1000.jpg!m_fill,w_280,h_210,f_jpg?from=ke.com
20240912,朝阳,北工大,101122395099,平乐园小区 满五年唯一 南北通透格局采光充足,385万,67238元/平,高楼层 (共6层) 2室1厅 | 57.26平米 | 南 北,https://ke-image.ljcdn.com/110000-inspection/pc1_ccnfzfXGP.jpg!m_fill,w_280,h_210,f_jpg?from=ke.com
20240912,朝阳,北工大,101126267165,14号线平乐园站磨房北里小区东南朝向两居室满五唯一,348万,51648元/平,低楼层 (共18层) 2室1厅 | 67.38平米 | 南,https://ke-image.ljcdn.com/110000-inspection/d684b3ed-e5aa-4ebc-bfb3-0d58278d9ad6_1000.jpg!m_fill,w_280,h_210,f_jpg?from=ke.com
20240912,朝阳,北工大,101125260456,满五唯一近地铁 工大家属院管理好 绿化高车位充足必看好房,530万,58474元/平,中楼层 (共6层) 3室2厅 | 90.64平米 | 南 北,https://ke-image.ljcdn.com/110000-inspection/pc1_lAaflJwjX.jpg!m_fill,w_280,h_210,f_jpg?from=ke.com
20240912,朝阳,北工大,101123407517,潘道庙双南向两居室精装修拎包入住必看好房,467万,64070元/平,中楼层 (共6层) | 2007年 | 2室1厅 | 72.89平米 | 南,https://ke-image.ljcdn.com/110000-inspection/pc1_VbtIlsDgF.jpg!m_fill,w_280,h_210,f_jpg?from=ke.com
20240912,朝阳,北工大,101126465199,潘家园北工大近地铁楼龄新业主诚心出售新上,278万,46088元/平,低楼层 (共18层) 2室1厅 | 60.32平米 | 东 西,https://ke-image.ljcdn.com/110000-inspection/f6f5be13-d2f7-4020-840c-b7acf266fd47_1000.jpg!m_fill,w_280,h_210,f_jpg?from=ke.com
20240912,朝阳,北工大,101126376187,店长主推+平乐园小区+近地铁+电梯楼直达+满五唯一新上,355万,58475元/平,高楼层 (共18层) 2室1厅 | 60.71平米 | 东南,https://ke-image.ljcdn.com/110000-inspection/4d652bb0-c461-474e-8dc5-ca8984f9feda_1000.jpg!m_fill,w_280,h_210,f_jpg?from=ke.com
20240912,朝阳,北工大,101126314816,工大家属院 满五年唯一 楼龄新 环境好,488万,55996元/平,高楼层 (共6层) 3室1厅 | 87.15平米 | 南 北,https://ke-image.ljcdn.com/110000-inspection/a65638dd-820d-4528-98c7-5adf05d53550_1000.jpg!m_fill,w_280,h_210,f_jpg?from=ke.com
20240912,朝阳,北工大,101126269809,磨房北里花园小区 双地铁 电梯直达 采光好,251万,55262元/平,中楼层 (共18层) 1室1厅 | 45.42平米 | 南,https://ke-image.ljcdn.com/110000-inspection/79245511-da77-41f5-9066-1a2442561113_1000.jpg!m_fill,w_280,h_210,f_jpg?from=ke.com
20240912,朝阳,北工大,101126196700,松榆东里 精装修板楼中间层 南北通透大客厅 户型好房主自荐,348万,59014元/平,中楼层 (共6层) | 1995年 | 2室1厅 | 58.97平米 | 南 北,https://ke-image.ljcdn.com/110000-inspection/ad2cce13-1327-488e-8074-40a9a2c9fe52_1000.jpg!m_fill,w_280,h_210,f_jpg?from=ke.com
20240912,朝阳,北工大,101126158679,北工大松榆东里南向大居出行方便光线好,215万,43417元/平,高楼层 (共6层) 1室1厅 | 49.52平米 | 南,https://ke-image.ljcdn.com/110000-inspection/30c8b86a-ca2c-4dd4-956e-adbaba811e87_1000.jpg!m_fill,w_280,h_210,f_jpg?from=ke.com
20240912,朝阳,北工大,101126099127,平乐园小区+近地铁+非顶层+满五唯一+诚意出售,245万,51688元/平,高楼层 (共6层) | 1994年 | 1室1厅 | 47.4平米 | 南,https://ke-image.ljcdn.com/110000-inspection/bdc7c971-3e4e-435a-a4c5-dd2522e1c1cb_1000.jpg!m_fill,w_280,h_210,f_jpg?from=ke.com
20240912,朝阳,北工大,101126092210,西大望路甲27号院 1室1厅 南,205万,54377元/平,顶层 (共6层) | 1988年 | 1室1厅 | 37.7平米 | 南,https://ke-image.ljcdn.com/110000-inspection/ce7c6d53-7b6b-4270-b190-81e25dd7ca90_1000.jpg!m_fill,w_280,h_210,f_jpg?from=ke.com
20240912,朝阳,北工大,101126053967,松榆东里 2室1厅 西北,265万,48402元/平,中楼层 (共6层) 2室1厅 | 54.75平米 | 西北,https://ke-image.ljcdn.com/110000-inspection/pc1_shCnKMUcL_1.jpg!m_fill,w_280,h_210,f_jpg?from=ke.com
20240912,朝阳,北工大,101126028535,平乐园小区  双卧室朝南    满五唯一商品房,435万,69136元/平,高楼层 (共18层) | 1996年 | 2室1厅 | 62.92平米 | 东南,https://ke-image.ljcdn.com/110000-inspection/fa343c00-747b-4885-843e-7069bab2dc79_1000.jpg!m_fill,w_280,h_210,f_jpg?from=ke.com
20240912,朝阳,北工大,101125985151,磨房南里 满五年 大客厅 电梯房大一居 近地铁,268万,45812元/平,低楼层 (共18层) | 1996年 | 1室1厅 | 58.5平米 | 西南,https://ke-image.ljcdn.com/110000-inspection/607c97ca-6cdc-4431-a0e9-c79781fb13e3_1000.jpg!m_fill,w_280,h_210,f_jpg?from=ke.com
20240912,朝阳,北工大,101125978093,松榆东里 1室1厅 南 北,212万,46057元/平,低楼层 (共6层) | 1994年 | 1室1厅 | 46.03平米 | 南 北,https://ke-image.ljcdn.com/110000-inspection/959cfbab-e960-4748-b773-9e017a2db52f_1000.jpg!m_fill,w_280,h_210,f_jpg?from=ke.com
20240912,朝阳,北工大,101125879683,劲松平乐园商圈花园小区磨房北里小区电梯一居室,220万,46650元/平,顶层 (共18层) | 1989年 | 1室1厅 | 47.16平米 | 南,https://ke-image.ljcdn.com/110000-inspection/f4bf5b88-301f-4e96-b1cb-3e25fd011e38_1000.jpg!m_fill,w_280,h_210,f_jpg?from=ke.com
20240912,朝阳,北工大,101125842488,平乐园+精装南北两居+满五年+诚意出售+近公园地铁,325万,52898元/平,高楼层 (共6层) 2室1厅 | 61.44平米 | 南 北,https://ke-image.ljcdn.com/110000-inspection/7ab84a89-cbca-447a-8aef-d9027dc51594_1000.jpg!m_fill,w_280,h_210,f_jpg?from=ke.com
20240912,朝阳,北工大,101125785143,平乐园+南向一居+满五唯一+环境好+管理好+近地铁,238万,49980元/平,底层 (共6层) 1室1厅 | 47.62平米 | 南,https://ke-image.ljcdn.com/110000-inspection/8d59a424-7476-4d67-a34e-054e8fc47204_1000.jpg!m_fill,w_280,h_210,f_jpg?from=ke.com
20240912,朝阳,北工大,101125758292,磨房南里 1室1厅 东 南,245万,41881元/平,中楼层 (共18层) 1室1厅 | 58.5平米 | 东 南,https://ke-image.ljcdn.com/110000-inspection/f9e08f8d-807f-4630-a775-3b3354dfdfbc_1000.jpg!m_fill,w_280,h_210,f_jpg?from=ke.com
20240912,朝阳,北工大,101125661638,松榆东里 1室1厅 南,233万,56226元/平,底层 (共6层) 1室1厅 | 41.44平米 | 南,https://ke-image.ljcdn.com/110000-inspection/bd924758-4a3b-4cc9-b9db-32ac6e02638b_1000.jpg!m_fill,w_280,h_210,f_jpg?from=ke.com
20240912,朝阳,北工大,101125607744,磨房北里 1室1厅 南 北,260万,57269元/平,中楼层 (共6层) 1室1厅 | 45.4平米 | 南 北,https://ke-image.ljcdn.com/110000-inspection/pc1_mwvFiCZR5.jpg!m_fill,w_280,h_210,f_jpg?from=ke.com
20240912,朝阳,北工大,101125577807,北工大 平乐园  近地铁 满五唯一 商品房房主自荐,368万,56616元/平,高楼层 (共18层) 2室1厅 | 65平米 | 东南,https://ke-image.ljcdn.com/110000-inspection/4cffc873-c091-4595-bdd1-195f649fd81c_1000.jpg!m_fill,w_280,h_210,f_jpg?from=ke.com
20240912,朝阳,北工大,101125514764,松榆东里近地铁1居室窗户外是小区,192.5万,39198元/平,中楼层 (共12层) | 2000年 | 1室0厅 | 49.11平米 | 西,https://ke-image.ljcdn.com/110000-inspection/547555f4-32d2-4c48-a6b9-a3a2985ce997_1000.jpg!m_fill,w_280,h_210,f_jpg?from=ke.com
20240912,朝阳,北工大,101125490725,潘道庙小区南向一居室2007年,350万,60304元/平,低楼层 (共6层) | 2007年 | 1室1厅 | 58.04平米 | 南,https://ke-image.ljcdn.com/110000-inspection/5f9a9960-34e7-465f-ab52-118abaeefd1d_1000.jpg!m_fill,w_280,h_210,f_jpg?from=ke.com
20240912,朝阳,北工大,101125487615,北工大 平乐园 满五唯一 商品房,227万,47760元/平,高楼层 (共6层) 1室1厅 | 47.53平米 | 南,https://ke-image.ljcdn.com/110000-inspection/45d85d8b-26bd-4988-aa0f-3cc97e41d461_1000.jpg!m_fill,w_280,h_210,f_jpg?from=ke.com
20240912,朝阳,北工大,101125467472,松榆东里中间楼层全明格局南向两居室房主自荐,285万,51067元/平,中楼层 (共6层) | 1992年 | 2室1厅 | 55.81平米 | 南,https://ke-image.ljcdn.com/110000-inspection/ad7a266c-6840-4c44-beb8-35d57732d2f7_1000.jpg!m_fill,w_280,h_210,f_jpg?from=ke.com
20240912,朝阳,北工大,101125441340,松榆东里+电梯楼一居室+精装修+近地铁+看房方便,238万,53102元/平,中楼层 (共18层) | 1993年 | 1室1厅 | 44.82平米 | 东南,https://ke-image.ljcdn.com/110000-inspection/eea840f5-cbab-4861-a889-03b859bac0d0_1000.jpg!m_fill,w_280,h_210,f_jpg?from=ke.com
20240912,朝阳,北工大,101125433260,磨房南里 低楼层 近地铁 满两年,218万,52569元/平,低楼层 (共6层) 1室1厅 | 41.47平米 | 南,https://ke-image.ljcdn.com/110000-inspection/5bd591b7-902e-4e80-9ddb-2a67bdb4b201_1000.jpg!m_fill,w_280,h_210,f_jpg?from=ke.com
20240912,朝阳,北工大,101125389369,松榆东里 电梯楼一室一厅 满五唯一 随时签约,229万,51094元/平,中楼层 (共18层) | 1993年 | 1室1厅 | 44.82平米 | 南,https://ke-image.ljcdn.com/110000-inspection/a6b6739d-9849-4d54-95dc-b183b0366d1b_1000.jpg!m_fill,w_280,h_210,f_jpg?from=ke.com
20240912,朝阳,北工大,101125240976,松榆东里+电梯楼次顶层+精装修+近地铁+靠谱签约,238万,53102元/平,高楼层 (共18层) | 1993年 | 1室1厅 | 44.82平米 | 西南,https://ke-image.ljcdn.com/110000-inspection/pc1_eue0SCQMw.jpg!m_fill,w_280,h_210,f_jpg?from=ke.com
20240912,朝阳,北工大,101125230498,房子是板楼公摊少利用率高无遮挡全明格局,277万,47101元/平,中楼层 (共6层) 2室1厅 | 58.81平米 | 东 西,https://ke-image.ljcdn.com/110000-inspection/4f6c057d-df8c-4f9b-b515-93e8562e4c7d_1000.jpg!m_fill,w_280,h_210,f_jpg?from=ke.com
20240912,朝阳,北工大,101125222243,磨房南里 带两车位正规一居 大客厅 满五唯一房主自荐,259万,44335元/平,顶层 (共6层) 1室1厅 | 58.42平米 | 东,https://ke-image.ljcdn.com/110000-inspection/e8cb9194-b437-4b99-9b77-a1cab7d848e7_1000.jpg!m_fill,w_280,h_210,f_jpg?from=ke.com
20240912,朝阳,北工大,101124982843,把边带窗户  两居室的使用面积   只有契税,253万,53252元/平,顶层 (共6层) | 1993年 | 2室1厅 | 47.51平米 | 南 北 西,https://ke-image.ljcdn.com/110000-inspection/db72f616-99b2-4635-b2b4-58b2d0e95195_1000.jpg!m_fill,w_280,h_210,f_jpg?from=ke.com
20240912,朝阳,北工大,101124847597,磨房南里 边户带窗 低楼层 近地铁,230万,52261元/平,低楼层 (共6层) 1室1厅 | 44.01平米 | 西南,https://ke-image.ljcdn.com/110000-inspection/pc1_ko4pQopAO.jpg!m_fill,w_280,h_210,f_jpg?from=ke.com
20240912,朝阳,北工大,101124769100,潘道庙+满五年+板楼中间层+南向无遮挡+近地铁,305万,54788元/平,中楼层 (共6层) 2室1厅 | 55.67平米 | 南,https://ke-image.ljcdn.com/110000-inspection/68e1f830-e852-4ce7-bee6-038e81ceaf9a_1000.jpg!m_fill,w_280,h_210,f_jpg?from=ke.com
20240912,朝阳,北工大,101124658290,松榆东里 地铁100米+板楼南北通透+满五唯一,215万,45667元/平,顶层 (共6层) 2室1厅 | 47.08平米 | 南 北,https://ke-image.ljcdn.com/110000-inspection/pc1_znIYlZGkI.jpg!m_fill,w_280,h_210,f_jpg?from=ke.com
20240912,朝阳,北工大,101124649636,平乐园 精装修 南北通透 满五唯一不临街 无遮挡,319万,54428元/平,高楼层 (共6层) 2室1厅 | 58.61平米 | 南 北,https://ke-image.ljcdn.com/110000-inspection/3bdaeb82-a94d-4db1-b0cb-ef51ad73ba3f_1000.jpg!m_fill,w_280,h_210,f_jpg?from=ke.com
20240912,朝阳,北工大,101124605411,14号线平乐园站磨房北里小区精装修有电梯南向一居室,300万,61288元/平,中楼层 (共18层) 1室1厅 | 48.95平米 | 南,https://ke-image.ljcdn.com/110000-inspection/pc1_4veL83Vx1.jpg!m_fill,w_280,h_210,f_jpg?from=ke.com
20240912,朝阳,北工大,101124556989,平乐园小区+精装修+满五唯一+看房方便+近地铁,399万,66678元/平,底层 (共6层) 2室1厅 | 59.84平米 | 东 西,https://ke-image.ljcdn.com/110000-inspection/93e27840-16bd-45d9-8a71-7ac1315be905_1000.jpg!m_fill,w_280,h_210,f_jpg?from=ke.com
20240912,朝阳,北工大,101124546188,平乐园 满五唯一 中楼层 不临街 无遮挡 诚意出售,368万,60998元/平,低楼层 (共18层) | 1996年 | 2室1厅 | 60.33平米 | 东南,https://ke-image.ljcdn.com/110000-inspection/00d2d3ef-4a32-4ed7-9082-f0d7a1bf47cc_1000.jpg!m_fill,w_280,h_210,f_jpg?from=ke.com
20240912,朝阳,北工大,101124359786,中间层精装三居室可拎包入住！没有遮挡满五唯一房主自荐,590万,70080元/平,高楼层 (共6层) | 2007年 | 3室1厅 | 84.19平米 | 南 北,https://ke-image.ljcdn.com/110000-inspection/32deea10-94dc-4da0-a8ae-725e3704d916_1000.jpg!m_fill,w_280,h_210,f_jpg?from=ke.com
20240912,朝阳,北工大,101124310120,磨房北里 2室1厅 西北,386万,59239元/平,高楼层 (共18层) | 1992年 | 2室1厅 | 65.16平米 | 西北,https://ke-image.ljcdn.com/110000-inspection/a48b9a30-de32-4df6-b364-bd4ec060f120_1000.jpg!m_fill,w_280,h_210,f_jpg?from=ke.com
20240912,朝阳,北工大,101124300448,松榆东里+满二年+次顶层+精装修+近地铁,210万,45663元/平,高楼层 (共6层) 1室1厅 | 45.99平米 | 南 北,https://ke-image.ljcdn.com/110000-inspection/692aab48-f40b-4de6-a52a-52c2e380a5a3_1000.jpg!m_fill,w_280,h_210,f_jpg?from=ke.com
20240912,朝阳,北工大,101124290869,平乐园南北通透两居+户型好+采光好+不临街+近地铁,319万,51828元/平,高楼层 (共6层) 2室1厅 | 61.55平米 | 南 北,https://ke-image.ljcdn.com/110000-inspection/pc1_vKeu0yAKe.jpg!m_fill,w_280,h_210,f_jpg?from=ke.com
20240912,朝阳,北工大,101124279505,平乐园地铁口 板楼三居 南北通透 满五唯一 精装修,319万,45468元/平,顶层 (共6层) | 1988年 | 3室1厅 | 70.16平米 | 南 北,https://ke-image.ljcdn.com/110000-inspection/578957ee-ab99-4fe0-a833-83ec7878d10b_1000.jpg!m_fill,w_280,h_210,f_jpg?from=ke.com
20240912,朝阳,北工大,101124222986,松榆东里2层一居室精装修,225万,48956元/平,低楼层 (共6层) | 1990年 | 1室1厅 | 45.96平米 | 南,https://ke-image.ljcdn.com/110000-inspection/8036821e-9ee2-4485-a215-b438b46aa037_1000.jpg!m_fill,w_280,h_210,f_jpg?from=ke.com
20240912,朝阳,北工大,101124149734,满五唯一  采光好  小区中间位置,385万,63668元/平,高楼层 (共6层) 2室1厅 | 60.47平米 | 南 西 北,https://ke-image.ljcdn.com/110000-inspection/c9eaa60b-4eeb-48b6-abf8-ec7a9d0f8d97_1000.jpg!m_fill,w_280,h_210,f_jpg?from=ke.com
20240912,朝阳,北工大,101124098681,北工大松榆东里 南向一居室 中楼层 无遮挡,230万,57789元/平,中楼层 (共6层) 1室1厅 | 39.8平米 | 南,https://ke-image.ljcdn.com/110000-inspection/bdf09630-69ef-46f1-8b1a-60ffac7c3193_1000.jpg!m_fill,w_280,h_210,f_jpg?from=ke.com
20240912,朝阳,北工大,101123976166,北京工业大学家属楼 磨房南里小区中间楼层诚意出售房主自荐,429万,58471元/平,中楼层 (共6层) 2室1厅 | 73.37平米 | 南 北,https://ke-image.ljcdn.com/110000-inspection/74f37687-c2de-4840-a97e-f46967af156d_1000.jpg!m_fill,w_280,h_210,f_jpg?from=ke.com
20240912,朝阳,北工大,101123967177,磨房北里花园小区高楼层采光好全明格局看房方便,370万,65027元/平,顶层 (共18层) | 1987年 | 2室1厅 | 56.9平米 | 东 西,https://ke-image.ljcdn.com/110000-inspection/pc1_9jD0IAwhR.jpg!m_fill,w_280,h_210,f_jpg?from=ke.com
20240912,朝阳,北工大,101123864687,松榆东里 3室1厅 南 北,398万,49472元/平,高楼层 (共6层) 3室1厅 | 80.45平米 | 南 北,https://ke-image.ljcdn.com/110000-inspection/pc1_dlPC8QT6z.jpg!m_fill,w_280,h_210,f_jpg?from=ke.com
20240912,朝阳,北工大,101123784984,平乐园  正规3居室  满五唯一  近地铁,432万,54698元/平,高楼层 (共18层) | 1996年 | 3室1厅 | 78.98平米 | 东 南 北,https://ke-image.ljcdn.com/110000-inspection/124a94ed-99d0-44f0-906f-534f07edcc17_1000.jpg!m_fill,w_280,h_210,f_jpg?from=ke.com
20240912,朝阳,北工大,101123765513,14号线平乐园站10号线劲松站磨房北里小区南向两室,362万,63034元/平,低楼层 (共18层) 2室1厅 | 57.43平米 | 南 北,https://ke-image.ljcdn.com/110000-inspection/pc1_3vvIXU9iB_1.jpg!m_fill,w_280,h_210,f_jpg?from=ke.com
20240912,朝阳,北工大,101123643775,平乐园小区 二层   观花园   购房成本低  看房方便,229万,48548元/平,低楼层 (共6层) | 1998年 | 1室1厅 | 47.17平米 | 东 西,https://ke-image.ljcdn.com/110000-inspection/pc1_Ks3xW8D9Y_1.jpg!m_fill,w_280,h_210,f_jpg?from=ke.com
20240912,朝阳,北工大,101123594801,松榆东里 近地铁公交 出行购物方便 满五唯一,320万,54786元/平,高楼层 (共6层) 2室1厅 | 58.41平米 | 南 北,https://ke-image.ljcdn.com/110000-inspection/pc1_fH6qrlJ9F.jpg!m_fill,w_280,h_210,f_jpg?from=ke.com
20240912,朝阳,北工大,101123582181,10号线劲松14号线平乐园磨房北里小区明厨明卫满五唯一,339万,58916元/平,中楼层 (共18层) | 1989年 | 2室1厅 | 57.54平米 | 东 西 北,https://ke-image.ljcdn.com/110000-inspection/pc1_gnQBe8qmQ.jpg!m_fill,w_280,h_210,f_jpg?from=ke.com
20240912,朝阳,北工大,101123544877,松榆东里离地铁近不临街有车位,389万,49347元/平,顶层 (共6层) 3室2厅 | 78.83平米 | 南 北,https://ke-image.ljcdn.com/110000-inspection/pc1_IlFK19xpe.jpg!m_fill,w_280,h_210,f_jpg?from=ke.com
20240912,朝阳,北工大,101123527157,松榆东里 电梯房一居室 小区中间 近地铁,270万,49047元/平,高楼层 (共18层) | 2000年 | 1室1厅 | 55.05平米 | 南,https://ke-image.ljcdn.com/110000-inspection/pc1_OH3AJdLH5.jpg!m_fill,w_280,h_210,f_jpg?from=ke.com
20240912,朝阳,北工大,101123507027,松榆东里 南向大客厅+近地铁+南北通透+板楼中间层,348万,56613元/平,中楼层 (共6层) 2室1厅 | 61.47平米 | 南 北,https://ke-image.ljcdn.com/110000-inspection/9e5890ed-c250-4e28-b074-f3e69e98b4e7_1000.jpg!m_fill,w_280,h_210,f_jpg?from=ke.com
20240912,朝阳,北工大,101123371063,劲松北工大磨房南里一居室低楼层近地铁,165万,37492元/平,低楼层 (共6层) 1室1厅 | 44.01平米 | 东南,https://ke-image.ljcdn.com/110000-inspection/pc1_0T9fxxy6g.jpg!m_fill,w_280,h_210,f_jpg?from=ke.com
20240912,朝阳,北工大,101123345343,平乐园小区南向一居室 满五唯一业主诚意出售 价格可谈,239万,51620元/平,顶层 (共6层) 1室1厅 | 46.3平米 | 南 北,https://ke-image.ljcdn.com/110000-inspection/pc1_k6tyduMQn.jpg!m_fill,w_280,h_210,f_jpg?from=ke.com
20240912,朝阳,北工大,101123262622,松榆东里14号线地铁朝南低层诚意出售,225万,48882元/平,低楼层 (共6层) | 1994年 | 1室1厅 | 46.03平米 | 南 北,https://ke-image.ljcdn.com/110000-inspection/pc1_v25if5KMv.jpg!m_fill,w_280,h_210,f_jpg?from=ke.com
20240912,朝阳,北工大,101123202241,北工大 磨房北里 近地铁 交通便利 业主诚意出售,325万,54853元/平,中楼层 (共6层) | 2004年 | 2室1厅 | 59.25平米 | 南 北,https://ke-image.ljcdn.com/110000-inspection/pc1_GPnOoNqCV.jpg!m_fill,w_280,h_210,f_jpg?from=ke.com
20240912,朝阳,北工大,101123199454,磨房北里高层南向一居采光无遮挡,258万,54708元/平,高楼层 (共18层) | 1989年 | 1室1厅 | 47.16平米 | 西南,https://ke-image.ljcdn.com/110000-inspection/pc1_SLq2lZZPm.jpg!m_fill,w_280,h_210,f_jpg?from=ke.com
20240912,朝阳,北工大,101123143201,精装修满五年房子目前空置随时能看 业主诚意出售,210万,47717元/平,中楼层 (共6层) | 1991年 | 1室1厅 | 44.01平米 | 南 北,https://ke-image.ljcdn.com/110000-inspection/935b7353-9989-4362-bc14-a73b74466d55_1000.jpg!m_fill,w_280,h_210,f_jpg?from=ke.com
20240912,朝阳,北工大,101123119771,磨房南里 3室1厅 北 东,430万,47927元/平,底层 (共18层) 3室1厅 | 89.72平米 | 北 东,https://ke-image.ljcdn.com/110000-inspection/pc1_RtoxwfKx2.jpg!m_fill,w_280,h_210,f_jpg?from=ke.com
20240912,朝阳,北工大,101123089968,松榆东里 正规三居室 精装修 非顶层 视野好 采光好,435万,51425元/平,高楼层 (共6层) | 1990年 | 3室1厅 | 84.59平米 | 东 南 西,https://ke-image.ljcdn.com/110000-inspection/0c5c98a4-de0c-4e62-a3c1-38c4b2fe5862_1000.jpg!m_fill,w_280,h_210,f_jpg?from=ke.com
20240912,朝阳,北工大,101123023109,满五年唯一+环境好南向采光好+精装修+近地铁+带公园,420万,68238元/平,高楼层 (共6层) 2室1厅 | 61.55平米 | 南 北,https://ke-image.ljcdn.com/110000-inspection/pc1_Wa0DZ0sCM.jpg!m_fill,w_280,h_210,f_jpg?from=ke.com
20240912,朝阳,北工大,101122995646,满五唯一 视野宽阔 采光充足 配套设施齐全,495万,55172元/平,中楼层 (共18层) 3室1厅 | 89.72平米 | 西 北,https://ke-image.ljcdn.com/110000-inspection/09740208-32de-41ff-881b-ccc0c25e9f9e_1000.jpg!m_fill,w_280,h_210,f_jpg?from=ke.com
20240912,朝阳,北工大,101122898508,松榆东里 14号线北工大地铁200米内 钢混一居室房主自荐,210万,42762元/平,底层 (共12层) | 2000年 | 1室1厅 | 49.11平米 | 东,https://ke-image.ljcdn.com/110000-inspection/pc1_cPZU4PPvN.jpg!m_fill,w_280,h_210,f_jpg?from=ke.com
20240912,朝阳,北工大,101122770644,14号线 磨房南里 一室一厅  业主诚意卖,239万,44243元/平,高楼层 (共6层) | 1996年 | 1室1厅 | 54.02平米 | 西 北,https://ke-image.ljcdn.com/110000-inspection/pc1_7jbDiWw8N.jpg!m_fill,w_280,h_210,f_jpg?from=ke.com
20240912,朝阳,北工大,101122231381,满五年南北通透低楼层阳光充足全明格局,660万,56833元/平,中楼层 (共4层) 3室1厅 | 116.13平米 | 南 北,https://ke-image.ljcdn.com/110000-inspection/pc1_Y73lEaWJB.jpg!m_fill,w_280,h_210,f_jpg?from=ke.com
20240912,朝阳,北工大,101121936556,南北通透满五唯一不临街高楼层采光好。,330万,54955元/平,顶层 (共6层) 2室1厅 | 60.05平米 | 南 北,https://ke-image.ljcdn.com/110000-inspection/pc1_7IrRq86XU.jpg!m_fill,w_280,h_210,f_jpg?from=ke.com
20240912,朝阳,北工大,101121915473,北工大松榆东里南向一居室户型方正,228万,50210元/平,低楼层 (共6层) | 1995年 | 1室1厅 | 45.41平米 | 南,https://ke-image.ljcdn.com/110000-inspection/3c877b8b-ce57-4010-a3c3-35e76492832d_1000.jpg!m_fill,w_280,h_210,f_jpg?from=ke.com
20240912,朝阳,北工大,101121591028,平乐园+满五年唯一+二层+随时可看可签,279万,48497元/平,低楼层 (共6层) | 1988年 | 2室1厅 | 57.53平米 | 南 北,https://ke-image.ljcdn.com/110000-inspection/pc1_mRo6LkauS_2.jpg!m_fill,w_280,h_210,f_jpg?from=ke.com
20240912,朝阳,北工大,101121486794,磨房北里满五唯一南北通透出门花园 近地铁出入方便,328万,64063元/平,底层 (共6层) 2室1厅 | 51.2平米 | 南 北,https://ke-image.ljcdn.com/110000-inspection/350237a2-b106-4266-bc5f-13df22cfe809_1000.jpg!m_fill,w_280,h_210,f_jpg?from=ke.com
20240912,朝阳,北工大,101121437763,电梯楼中高层东向一居室房子有装修户型方正。,295万,50428元/平,高楼层 (共18层) | 1996年 | 1室1厅 | 58.5平米 | 东南,https://ke-image.ljcdn.com/110000-inspection/d1812d54-a29c-4e84-b4ff-86a15348ddcc_1000.jpg!m_fill,w_280,h_210,f_jpg?from=ke.com
20240912,朝阳,北工大,101121378656,松榆东里全明格局一居室改做两居室精装修近地铁房主自荐,248万,50623元/平,顶层 (共6层) 1室1厅 | 48.99平米 | 西,https://ke-image.ljcdn.com/110000-inspection/fdf3dc83-f267-47dd-999b-caed241082b8_1000.jpg!m_fill,w_280,h_210,f_jpg?from=ke.com
20240912,朝阳,北工大,101121292775,南北通透+前后不临街+近地铁+产权清晰+配套完善,235万,49820元/平,顶层 (共6层) 1室1厅 | 47.17平米 | 南 北,https://ke-image.ljcdn.com/110000-inspection/pc1_xXJ8GbIiM_1.jpg!m_fill,w_280,h_210,f_jpg?from=ke.com
20240912,朝阳,北工大,101120908780,松榆东里电梯楼出行方便近地铁一居室配套齐全。,196万,39911元/平,中楼层 (共12层) | 2000年 | 1室1厅 | 49.11平米 | 东,https://ke-image.ljcdn.com/110000-inspection/pc1_DT3O1od0X.jpg!m_fill,w_280,h_210,f_jpg?from=ke.com
20240912,朝阳,北工大,101120859990,商圈主推+满五年无增值税+位置出行方便+稳定签约,336万,57922元/平,高楼层 (共6层) 2室1厅 | 58.01平米 | 南,https://ke-image.ljcdn.com/110000-inspection/pc1_iKAp3YC2e.jpg!m_fill,w_280,h_210,f_jpg?from=ke.com
20240912,朝阳,北工大,101120800253,松榆东里  精准修大客厅   距离地铁100米  带电梯,218万,44391元/平,低楼层 (共12层) | 2000年 | 1室1厅 | 49.11平米 | 西南,https://ke-image.ljcdn.com/110000-inspection/pc1_7KcGVm8EG.jpg!m_fill,w_280,h_210,f_jpg?from=ke.com
20240912,朝阳,北工大,101120769772,西大望路甲27号院+不临街+近地铁+产权清晰+看房随时,275万,49046元/平,顶层 (共6层) 2室1厅 | 56.07平米 | 南,https://ke-image.ljcdn.com/110000-inspection/b20d8238-6a99-4be2-8bd9-4d45bbdc4b59_1000.jpg!m_fill,w_280,h_210,f_jpg?from=ke.com
20240912,朝阳,北工大,101120656671,松榆东里+地铁14号线+南向全明+满五年,262万,65830元/平,底层 (共6层) 1室1厅 | 39.8平米 | 南,https://ke-image.ljcdn.com/110000-inspection/db056a41-25b2-4417-86b9-db7c93c75f70_1000.jpg!m_fill,w_280,h_210,f_jpg?from=ke.com
20240912,朝阳,北工大,101120144337,北工大+松榆东里+精装修+双南明厨明卫,301万,54609元/平,顶层 (共6层) 2室1厅 | 55.12平米 | 南,https://ke-image.ljcdn.com/110000-inspection/d8ee7220-711e-417f-82ac-ccaf86c59d50_1000.jpg!m_fill,w_280,h_210,f_jpg?from=ke.com
20240912,朝阳,北工大,101119770286,磨房北里 南北通透一居 成本低 地铁10号线14号线,202万,43771元/平,顶层 (共6层) 1室1厅 | 46.15平米 | 南 北,https://ke-image.ljcdn.com/110000-inspection/pc1_2H8StCXTa.jpg!m_fill,w_280,h_210,f_jpg?from=ke.com
20240912,朝阳,北工大,101119325769,松榆东里 近地铁 出行方便 带电梯一居室,228万,46427元/平,高楼层 (共12层) | 2000年 | 1室1厅 | 49.11平米 | 西,https://ke-image.ljcdn.com/110000-inspection/pc1_cGLj3iilD.jpg!m_fill,w_280,h_210,f_jpg?from=ke.com
20240912,朝阳,北工大,101118835496,松榆东里+满五年+南北全明+不临街+管理干净,353万,65553元/平,高楼层 (共6层) 2室1厅 | 53.85平米 | 南 北,https://ke-image.ljcdn.com/110000-inspection/pc1_rbtUwCMhQ.jpg!m_fill,w_280,h_210,f_jpg?from=ke.com
20240912,朝阳,北工大,101118284335,磨房南里大一居双阳台采光好距离地铁比较近。,310万,52561元/平,中楼层 (共18层) 1室1厅 | 58.98平米 | 西,https://ke-image.ljcdn.com/110000-inspection/pc1_mCtWC02VG.jpg!m_fill,w_280,h_210,f_jpg?from=ke.com
20240912,朝阳,北工大,101117728710,松榆东里 近地铁口 带电梯一居室,255万,51925元/平,顶层 (共12层) | 2000年 | 1室1厅 | 49.11平米 | 西,https://ke-image.ljcdn.com/110000-inspection/5403ad7f-37e2-4fb7-8f5b-677166e457b9_1000.jpg!m_fill,w_280,h_210,f_jpg?from=ke.com
20240912,朝阳,北工大,101114058502,磨房北里 小户型  有外窗 半地下,205万,31476元/平,地下室 (共18层) | 1990年 | 2室1厅 | 65.13平米 | 西北,https://ke-image.ljcdn.com/110000-inspection/pc1_X3WAHNSAG_1.jpg!m_fill,w_280,h_210,f_jpg?from=ke.com
20240912,朝阳,北工大,101126546017,磨房北里板楼南北通透两居室花园小区看房随时,280万,46628元/平,高楼层 (共6层) | 1988年 | 2室1厅 | 60.05平米 | 南 北,https://ke-image.ljcdn.com/110000-inspection/9085139d-04c7-4edd-9e90-cbc6fafe1c43_1000.jpg!m_fill,w_280,h_210,f_jpg?from=ke.com
20240912,朝阳,北工大,101126535878,平乐园小区+环境好南向采光好+满五唯一+近地铁,243万,47360元/平,底层 (共6层) | 1995年 | 2室1厅 | 51.31平米 | 南,https://ke-image.ljcdn.com/110000-inspection/67723f52-6d90-4035-82a6-62a56fad9736_1000.jpg!m_fill,w_280,h_210,f_jpg?from=ke.com
20240912,朝阳,北工大,101126509821,平乐园小区 2室1厅 南 北,359万,59212元/平,低楼层 (共6层) | 1995年 | 2室1厅 | 60.63平米 | 南 北,https://ke-image.ljcdn.com/110000-inspection/8db63b31-095b-426a-a82a-76fcf9a7c59c_1000.jpg!m_fill,w_280,h_210,f_jpg?from=ke.com
20240912,朝阳,北工大,101126455304,14号线平乐园站磨房北里小区南北通透两居室满五唯一新上,318万,55829元/平,高楼层 (共6层) | 1992年 | 2室1厅 | 56.96平米 | 南 北,https://ke-image.ljcdn.com/110000-inspection/d18144ee-32d9-495e-957d-fd5fe11eda06_1000.jpg!m_fill,w_280,h_210,f_jpg?from=ke.com
20240912,朝阳,北工大,101126372168,平乐园小区 1室1厅 南 北新上,285万,52438元/平,低楼层 (共6层) 1室1厅 | 54.35平米 | 南 北,https://ke-image.ljcdn.com/110000-inspection/pc1_brqJo98DQ_1.jpg!m_fill,w_280,h_210,f_jpg?from=ke.com
20240912,朝阳,北工大,101126371835,北工大 平乐园 南北通透3居室 中间楼层,429万,59222元/平,中楼层 (共6层) 3室1厅 | 72.44平米 | 南 北,https://ke-image.ljcdn.com/110000-inspection/pc1_xu6JOPGjF.jpg!m_fill,w_280,h_210,f_jpg?from=ke.com
20240912,朝阳,北工大,101126329312,磨房北里 1室1厅 南 北新上,230万,49838元/平,高楼层 (共6层) 1室1厅 | 46.15平米 | 南 北,https://ke-image.ljcdn.com/110000-inspection/6b961a46-868a-4419-a71e-ac26c60c3f7f_1000.jpg!m_fill,w_280,h_210,f_jpg?from=ke.com
20240912,朝阳,北工大,101126252486,地铁双线南北通透没有遮挡客厅带窗 视野采光好,316万,56419元/平,中楼层 (共6层) 2室1厅 | 56.01平米 | 东 南 北,https://ke-image.ljcdn.com/110000-inspection/b4223961-d2c2-4171-8a9b-aa5a00c40ae2_1000.jpg!m_fill,w_280,h_210,f_jpg?from=ke.com
20240912,朝阳,北工大,101126230638,磨房南里 1室1厅 西,255万,42614元/平,高楼层 (共18层) | 1996年 | 1室1厅 | 59.84平米 | 西,https://ke-image.ljcdn.com/110000-inspection/pc1_271mx8yKH.jpg!m_fill,w_280,h_210,f_jpg?from=ke.com
20240912,朝阳,北工大,101125940324,松榆东里小区近地铁东南朝向采光好诚意出售,304万,50398元/平,低楼层 (共18层) 2室1厅 | 60.32平米 | 东 北 西,https://ke-image.ljcdn.com/110000-inspection/pc1_Dxc2VgwsE.jpg!m_fill,w_280,h_210,f_jpg?from=ke.com
20240912,朝阳,北工大,101125930708,松榆东里小区近地铁精装修。南北通透阳台采光好,340万,52551元/平,顶层 (共6层) 2室1厅 | 64.7平米 | 南 北,https://ke-image.ljcdn.com/110000-inspection/f08314d9-4c47-450c-8177-06bd3a12918c_1000.jpg!m_fill,w_280,h_210,f_jpg?from=ke.com
20240912,朝阳,北工大,101125918786,北工大+潘道庙+钢混结构+楼龄新,500万,70215元/平,底层 (共6层) | 2007年 | 2室1厅 | 71.21平米 | 南 北,https://ke-image.ljcdn.com/110000-inspection/pc1_h7PQBX8Jg.jpg!m_fill,w_280,h_210,f_jpg?from=ke.com
20240912,朝阳,北工大,101125494340,磨房南里 小两居 业主诚意出售 房龄1996年,285万,48785元/平,低楼层 (共6层) | 1996年 | 2室1厅 | 58.42平米 | 东,https://ke-image.ljcdn.com/110000-inspection/1a96af3c-9f1e-4460-8380-1398b4f929fe_1000.jpg!m_fill,w_280,h_210,f_jpg?from=ke.com
20240912,朝阳,北工大,101125444875,平乐园小区      满五唯一    明厅,349万,54883元/平,顶层 (共18层) | 1996年 | 2室1厅 | 63.59平米 | 西南,https://ke-image.ljcdn.com/110000-inspection/872af07b-fe26-47be-ab2d-60c0563751ee_1000.jpg!m_fill,w_280,h_210,f_jpg?from=ke.com
20240912,朝阳,北工大,101125409160,松榆东里 全明格局 电梯楼 小区中间位置 随时可看,309万,51227元/平,中楼层 (共18层) 2室1厅 | 60.32平米 | 东 西 北,https://ke-image.ljcdn.com/110000-inspection/pc1_lxzhFqtEW_1.jpg!m_fill,w_280,h_210,f_jpg?from=ke.com
20240912,朝阳,北工大,101124758985,西大望路甲27号院 1室1厅 南,235万,51740元/平,底层 (共6层) | 1988年 | 1室1厅 | 45.42平米 | 南,https://ke-image.ljcdn.com/110000-inspection/b61b6994-b43a-41d0-814f-0d5882d82f00_1000.jpg!m_fill,w_280,h_210,f_jpg?from=ke.com
20240912,朝阳,北工大,101124701840,南北通透两居室 满五唯一 采光好 近地铁,249万,42836元/平,顶层 (共6层) | 1992年 | 2室1厅 | 58.13平米 | 南 北,https://ke-image.ljcdn.com/110000-inspection/pc1_ZNqnBno43_1.jpg!m_fill,w_280,h_210,f_jpg?from=ke.com
20240912,朝阳,北工大,101124582614,平乐园小区 满五年唯一 正南向一居 不临街中间层,339万,63484元/平,中楼层 (共18层) | 1996年 | 1室1厅 | 53.4平米 | 南,https://ke-image.ljcdn.com/110000-inspection/pc1_umLxjvYNg.jpg!m_fill,w_280,h_210,f_jpg?from=ke.com
20240912,朝阳,北工大,101124568117,磨房南里 2室1厅 西南,280万,46582元/平,高楼层 (共18层) | 1996年 | 2室1厅 | 60.11平米 | 西南,https://ke-image.ljcdn.com/110000-inspection/pc1_5qovxZhTX.jpg!m_fill,w_280,h_210,f_jpg?from=ke.com
20240912,朝阳,北工大,101124254517,北工大+松榆东里+近地铁+大阳台+精装修,380万,62245元/平,顶层 (共6层) 2室1厅 | 61.05平米 | 南 北,https://ke-image.ljcdn.com/110000-inspection/581c5356-f19a-47d2-8bd2-ce20c5e8ad7a_1000.jpg!m_fill,w_280,h_210,f_jpg?from=ke.com
20240912,朝阳,北工大,101124089938,距离国贸两站地 小区环境好 南向两居 带电梯 采光好,345万,56071元/平,顶层 (共18层) 2室1厅 | 61.53平米 | 南,https://ke-image.ljcdn.com/110000-inspection/pc1_yn9i1Iecb.jpg!m_fill,w_280,h_210,f_jpg?from=ke.com
20240912,朝阳,北工大,101123929266,磨房南里 全明格局一居室 大客厅房主自荐,272万,48151元/平,顶层 (共6层) 1室1厅 | 56.49平米 | 南 西 北,https://ke-image.ljcdn.com/110000-inspection/8fefafa5-c84f-4d97-8f94-190dfbe74277_1000.jpg!m_fill,w_280,h_210,f_jpg?from=ke.com
20240912,朝阳,北工大,101123857122,磨房北里 中高楼层 采光无遮挡 不临街 精装修,399万,57164元/平,中楼层 (共18层) | 1992年 | 2室1厅 | 69.8平米 | 南 北,https://ke-image.ljcdn.com/110000-inspection/pc1_PR7ApQcaK_1.jpg!m_fill,w_280,h_210,f_jpg?from=ke.com
20240912,朝阳,北工大,101123769537,松榆东里 南向无遮挡 小区中间 近地铁,180万,40179元/平,顶层 (共6层) 1室1厅 | 44.8平米 | 南,https://ke-image.ljcdn.com/110000-inspection/ea65676d-8c17-46ee-9ad2-532c41b68941_1000.jpg!m_fill,w_280,h_210,f_jpg?from=ke.com
20240912,朝阳,北工大,101123594673,南北通透近地铁交通便利配套齐全业主诚意出,350万,60523元/平,中楼层 (共6层) | 1994年 | 2室1厅 | 57.83平米 | 南 北,https://ke-image.ljcdn.com/110000-inspection/pc1_evWroYSc7.jpg!m_fill,w_280,h_210,f_jpg?from=ke.com
20240912,朝阳,北工大,101123407627,双卧朝南 采光好 小区环境好  精装修,312万,54083元/平,低楼层 (共18层) | 1987年 | 2室1厅 | 57.69平米 | 东南,https://ke-image.ljcdn.com/110000-inspection/pc1_MlamXojMD.jpg!m_fill,w_280,h_210,f_jpg?from=ke.com
20240912,朝阳,北工大,101123039535,磨房南里 精装修 双卧朝南两居室,348万,51434元/平,顶层 (共6层) 2室1厅 | 67.66平米 | 南 北,https://ke-image.ljcdn.com/110000-inspection/f6ea9a9d-0d07-45f2-b653-17b58908b76f_1000.jpg!m_fill,w_280,h_210,f_jpg?from=ke.com
20240912,朝阳,北工大,101122993918,磨房南里 1室1厅 东南 南 西,219万,50403元/平,高楼层 (共6层) | 1991年 | 1室1厅 | 43.45平米 | 东南 南 西,https://ke-image.ljcdn.com/110000-inspection/e5bb8689-b5f9-47e1-a5fd-1c05cf035434_1000.jpg!m_fill,w_280,h_210,f_jpg?from=ke.com
20240912,朝阳,北工大,101122970000,潘道庙小区1层南北通透两居室,480万,67265元/平,底层 (共6层) | 2007年 | 2室1厅 | 71.36平米 | 南 北,https://ke-image.ljcdn.com/110000-inspection/2b8e97df-2084-4045-ba49-850eff9af1d2_1000.jpg!m_fill,w_280,h_210,f_jpg?from=ke.com
20240912,朝阳,北工大,101122795674,平乐园 电梯房 西南向无遮挡 满五年 不临街 诚意出售,369万,56770元/平,高楼层 (共18层) | 1997年 | 2室1厅 | 65平米 | 西南,https://ke-image.ljcdn.com/110000-inspection/pc1_hWsAurABu_1.jpg!m_fill,w_280,h_210,f_jpg?from=ke.com
20240912,朝阳,北工大,101122677818,店长推荐满五唯一商品房近地铁精装修,265万,47415元/平,顶层 (共6层) | 1996年 | 2室1厅 | 55.89平米 | 南 北,https://ke-image.ljcdn.com/110000-inspection/pc1_2vPJSMHdG.jpg!m_fill,w_280,h_210,f_jpg?from=ke.com
20240912,朝阳,北工大,101122563723,松榆东里 正规大两居 南北通透带东窗,399万,49950元/平,顶层 (共6层) | 1990年 | 2室2厅 | 79.88平米 | 南 北,https://ke-image.ljcdn.com/110000-inspection/pc1_3r3UUScG8.jpg!m_fill,w_280,h_210,f_jpg?from=ke.com
20240912,朝阳,北工大,101122457087,平乐园 精装1居 南向采光视野好 商品房 满五年唯一！,250万,53845元/平,顶层 (共6层) | 1993年 | 1室1厅 | 46.43平米 | 南,https://ke-image.ljcdn.com/110000-inspection/pc1_VUy7r7Ph5_1.jpg!m_fill,w_280,h_210,f_jpg?from=ke.com
20240912,朝阳,北工大,101122452314,磨房北里 南北通透户型方正  中间位置 不临街不遮挡！,330万,57743元/平,中楼层 (共6层) | 1994年 | 2室1厅 | 57.15平米 | 南 北,https://ke-image.ljcdn.com/110000-inspection/a80815f5-1faa-427d-92e4-75d1ce077637_1000.jpg!m_fill,w_280,h_210,f_jpg?from=ke.com
20240912,朝阳,北工大,101122425579,劲松磨房北里 近地铁 交通便利 业主诚意出售,350万,50910元/平,底层 (共18层) 2室1厅 | 68.75平米 | 西北,https://ke-image.ljcdn.com/110000-inspection/5f449ae5-1510-4d8d-a440-8ecc3d3bbda7_1000.jpg!m_fill,w_280,h_210,f_jpg?from=ke.com
20240912,朝阳,北工大,101122340640,松榆东里+南北通透+两室明厅+户型方正+购房成本低,455万,56961元/平,顶层 (共6层) | 1990年 | 2室2厅 | 79.88平米 | 南 北,https://ke-image.ljcdn.com/110000-inspection/pc1_EFPHTwgPj_1.jpg!m_fill,w_280,h_210,f_jpg?from=ke.com
20240912,朝阳,北工大,101122091603,南北楼层好视野宽阔采光充足配套设施齐全,960万,53791元/平,中楼层 (共4层) | 1997年 | 4室2厅 | 178.47平米 | 南 北,https://ke-image.ljcdn.com/110000-inspection/0d10e1df-3faa-42f4-832f-8aede86fe396_1000.jpg!m_fill,w_280,h_210,f_jpg?from=ke.com
20240912,朝阳,北工大,101121496764,松榆东里 南北通透+全明格局+采光视野+近地铁随时看房,285万,49800元/平,高楼层 (共6层) 2室1厅 | 57.23平米 | 南 北,https://ke-image.ljcdn.com/110000-inspection/4d7faff3-b08d-48a9-bcd8-8be09403174d_1000.jpg!m_fill,w_280,h_210,f_jpg?from=ke.com
20240912,朝阳,北工大,101121490652,松榆东里+改造完毕+近地铁+电梯楼+双卧朝南+随时看房,293万,45321元/平,低楼层 (共18层) | 1993年 | 2室1厅 | 64.65平米 | 东南,https://ke-image.ljcdn.com/110000-inspection/a439d640-e2e1-489d-809f-6afe5e0f3b0b_1000.jpg!m_fill,w_280,h_210,f_jpg?from=ke.com
20240912,朝阳,北工大,101121427670,平乐园小区 正南一居室 无遮挡 格局方正,275万,59396元/平,顶层 (共6层) | 1995年 | 1室1厅 | 46.3平米 | 南,https://ke-image.ljcdn.com/110000-inspection/bcecbe67-81dd-4b1e-a674-6e4ffee30f59_1000.jpg!m_fill,w_280,h_210,f_jpg?from=ke.com
20240912,朝阳,北工大,101121215667,此房满五年为业主家庭名下唯一住宅南北户型格局,317万,54533元/平,顶层 (共6层) | 1992年 | 2室1厅 | 58.13平米 | 南 北,https://ke-image.ljcdn.com/110000-inspection/pc1_aqVi8s7sk_1.jpg!m_fill,w_280,h_210,f_jpg?from=ke.com
20240912,朝阳,北工大,101120736312,北工大 松榆东里  电梯 二居 无遮挡不临街,307万,47487元/平,顶层 (共18层) | 1993年 | 2室1厅 | 64.65平米 | 东南,https://ke-image.ljcdn.com/110000-inspection/pc1_wnXlwNz7z.jpg!m_fill,w_280,h_210,f_jpg?from=ke.com
20240912,朝阳,北工大,101120580751,北工大松榆东里全南一居室出行方便,290万,64046元/平,中楼层 (共6层) 1室1厅 | 45.28平米 | 南,https://ke-image.ljcdn.com/110000-inspection/pc1_TKO8PXfwQ.jpg!m_fill,w_280,h_210,f_jpg?from=ke.com
20240912,朝阳,北工大,101119133460,松榆东里+满五唯一+首付不高+精装修+近地铁+全明格局,265万,48077元/平,顶层 (共6层) | 1992年 | 2室1厅 | 55.12平米 | 东,https://ke-image.ljcdn.com/110000-inspection/pc1_QccAader1_1.jpg!m_fill,w_280,h_210,f_jpg?from=ke.com
20240912,朝阳,北工大,101119097057,松榆东里电梯楼出行方便近地铁一居室配套齐全。,240万,48870元/平,低楼层 (共12层) | 2000年 | 1室1厅 | 49.11平米 | 东,https://ke-image.ljcdn.com/110000-inspection/pc1_MeB7V5l98.jpg!m_fill,w_280,h_210,f_jpg?from=ke.com
20240912,朝阳,北工大,101118355780,劲松北工大 磨房北里精装一居室 近地铁 采光视野好,245万,56065元/平,顶层 (共6层) 1室1厅 | 43.7平米 | 南,https://ke-image.ljcdn.com/110000-inspection/pc1_3GhT0Q0p8_1.jpg!m_fill,w_280,h_210,f_jpg?from=ke.com
20240912,朝阳,北工大,101117985390,南北通透+满五年+无遮挡+视野好+采光好+近地铁,338万,56268元/平,顶层 (共6层) | 1993年 | 2室1厅 | 60.07平米 | 南 北,https://ke-image.ljcdn.com/110000-inspection/pc1_Vsm9uted3_1.jpg!m_fill,w_280,h_210,f_jpg?from=ke.com
20240912,朝阳,北工大,101126546827,松榆东里 1室1厅 南 西,228万,45060元/平,中楼层 (共18层) 1室1厅 | 50.6平米 | 南 西,https://s1.ljcdn.com/pegasus/redskull/images/common/default_house_list.png?_v=20240826145726
20240912,朝阳,北工大,101126544866,平乐园+满五唯一+近地铁+南北通透+中间楼层,350万,56828元/平,中楼层 (共6层) 2室1厅 | 61.59平米 | 南 北,https://s1.ljcdn.com/pegasus/redskull/images/common/default_house_list.png?_v=20240826145726
20240912,朝阳,北工大,101126472748,满五唯一+ 精装修+东南两居+无遮挡+采光好新上,430万,68592元/平,低楼层 (共18层) | 1996年 | 2室1厅 | 62.69平米 | 东 南,https://s1.ljcdn.com/pegasus/redskull/images/common/default_house_list.png?_v=20240826145726
20240912,朝阳,北工大,101126218519,磨房北里南北通透一居室 采光好视野佳 近地铁不临街,210万,46256元/平,顶层 (共6层) 1室1厅 | 45.4平米 | 南 北,https://s1.ljcdn.com/pegasus/redskull/images/common/default_house_list.png?_v=20240826145726
20240912,朝阳,北工大,101126062686,北工大+松榆东里+电梯房钢混结构+近地铁,240万,42172元/平,中楼层 (共18层) | 2000年 | 1室1厅 | 56.91平米 | 西南,https://s1.ljcdn.com/pegasus/redskull/images/common/default_house_list.png?_v=20240826145726
