20240912,门头沟,大峪,101126475414,金泰丽湾悦栖山。两居室南朝向采光好 无遮挡必看好房,315万,33992元/平,中楼层 (共21层) 2室1厅 | 92.67平米 | 南,https://ke-image.ljcdn.com/110000-inspection/7b7e6e09-b9d1-451d-b2ce-3682e0b10a8c_1000.jpg!m_fill,w_280,h_210,f_jpg?from=ke.com
20240912,门头沟,大峪,101126307624,黑山东街 2室1厅 南 北必看好房,273万,29981元/平,中楼层 (共6层) 2室1厅 | 91.06平米 | 南 北,https://ke-image.ljcdn.com/110000-inspection/f25a35a3-9598-489e-b2a8-13fb4ca1e766_1000.jpg!m_fill,w_280,h_210,f_jpg?from=ke.com
20240912,门头沟,大峪,101125852718,峪园小区 2室1厅 南 北必看好房,123万,22732元/平,顶层 (共6层) 2室1厅 | 54.11平米 | 南 北,https://ke-image.ljcdn.com/110000-inspection/e3baec9a-dfa5-41f2-b615-11e4f6d4d804_1000.jpg!m_fill,w_280,h_210,f_jpg?from=ke.com
20240912,门头沟,大峪,101125600268,峪园三居室东边户 诚意出售 全明格局  看房随时必看好房,310万,25693元/平,中楼层 (共6层) 3室1厅 | 120.66平米 | 南 北,https://ke-image.ljcdn.com/110000-inspection/83845e2c-34db-4988-9fc7-bd42fb6b0d41_1000.jpg!m_fill,w_280,h_210,f_jpg?from=ke.com
20240912,门头沟,大峪,101125521177,黑山东街 满五唯一商品房 南北通透 低楼层必看好房,169万,29738元/平,低楼层 (共7层) 2室1厅 | 56.83平米 | 南 北,https://ke-image.ljcdn.com/110000-inspection/1b7a157f-4c99-46a0-bb4c-720a5d342b65_1000.jpg!m_fill,w_280,h_210,f_jpg?from=ke.com
20240912,门头沟,大峪,101126273646,惠民家园一区 1室0厅 南,130万,26977元/平,底层 (共6层) | 2009年 | 1室0厅 | 48.19平米 | 南,https://ke-image.ljcdn.com/110000-inspection/46e7cc3a-9654-4395-b7f2-f738cff898bc_1000.jpg!m_fill,w_280,h_210,f_jpg?from=ke.com
20240912,门头沟,大峪,101125991255,大峪南路 2室1厅 南,169万,29530元/平,中楼层 (共6层) 2室1厅 | 57.23平米 | 南,https://ke-image.ljcdn.com/110000-inspection/f9fd1921-37a3-432b-bf9c-60ccd9202a61_1000.jpg!m_fill,w_280,h_210,f_jpg?from=ke.com
20240912,门头沟,大峪,101125897409,峪园小区集中供暖封闭管理环境好,189万,26210元/平,高楼层 (共6层) 3室1厅 | 72.11平米 | 南 北,https://ke-image.ljcdn.com/110000-inspection/745a39c6-739d-4811-935e-7ced2723fb7f_1000.jpg!m_fill,w_280,h_210,f_jpg?from=ke.com
20240912,门头沟,大峪,101125817639,惠民家园二区标准一居室 地暖 西南朝向精装商品房房主自荐,152万,26932元/平,中楼层 (共9层) | 2010年 | 1室1厅 | 56.44平米 | 南 西南,https://ke-image.ljcdn.com/110000-inspection/pc1_bWjQmK3QI_1.jpg!m_fill,w_280,h_210,f_jpg?from=ke.com
20240912,门头沟,大峪,101125625983,桃园小区 2室1厅 南 北,230万,27869元/平,底层 (共6层) 2室1厅 | 82.53平米 | 南 北,https://ke-image.ljcdn.com/110000-inspection/pc1_vYBhMcjso_1.jpg!m_fill,w_280,h_210,f_jpg?from=ke.com
20240912,门头沟,大峪,101125512657,大峪南路 满五唯一 中间楼层 配套齐全必看好房,106万,26434元/平,中楼层 (共6层) | 1985年 | 1室1厅 | 40.1平米 | 南 北,https://ke-image.ljcdn.com/110000-inspection/619d173e-2148-4671-9743-4dae5c501cd6_1000.jpg!m_fill,w_280,h_210,f_jpg?from=ke.com
20240912,门头沟,大峪,101125439429,金泰丽湾悦栖山  不可错过的好房源必看好房,408万,33711元/平,低楼层 (共21层) 3室1厅 | 121.03平米 | 南 北,https://ke-image.ljcdn.com/110000-inspection/91f50764-341b-4170-8537-3b91a6385fcd_1000.jpg!m_fill,w_280,h_210,f_jpg?from=ke.com
20240912,门头沟,大峪,101125431797,永新小区 2室1厅 南 北必看好房,164万,26798元/平,中楼层 (共6层) | 1992年 | 2室1厅 | 61.2平米 | 南 北,https://ke-image.ljcdn.com/110000-inspection/pc1_iZ4Oa51NI_1.jpg!m_fill,w_280,h_210,f_jpg?from=ke.com
20240912,门头沟,大峪,101125394550,惠民家园小两居是带电梯南向采光无遮挡必看好房,158万,26378元/平,中楼层 (共20层) | 2012年 | 2室1厅 | 59.9平米 | 南,https://ke-image.ljcdn.com/110000-inspection/b22579a3-a3d5-4756-88e6-289376324c27_1000.jpg!m_fill,w_280,h_210,f_jpg?from=ke.com
20240912,门头沟,大峪,101125291825,满五唯一精装修小高层直通车库,315万,35890元/平,中楼层 (共14层) 2室1厅 | 87.77平米 | 南,https://ke-image.ljcdn.com/110000-inspection/pc1_1I3y3MA8a_1.jpg!m_fill,w_280,h_210,f_jpg?from=ke.com
20240912,门头沟,大峪,101124877091,大峪南路15号楼地理位置好低楼层必看好房,183万,24630元/平,底层 (共6层) 2室2厅 | 74.3平米 | 南 北,https://ke-image.ljcdn.com/110000-inspection/830a39aa-0e7b-463a-bf57-ac19ae5eda14_1000.jpg!m_fill,w_280,h_210,f_jpg?from=ke.com
20240912,门头沟,大峪,101124811102,门头沟京汉铂寓南北向三居室看房随时必看好房,398万,36454元/平,中楼层 (共14层) | 2015年 | 3室1厅 | 109.18平米 | 南 北,https://ke-image.ljcdn.com/110000-inspection/693b3ea2-1fad-44ef-ac56-9723c8165503_1000.jpg!m_fill,w_280,h_210,f_jpg?from=ke.com
20240912,门头沟,大峪,101124607515,满五年商品房 正南朝向 带电梯 采光面宽 无遮挡,321万,34361元/平,低楼层 (共21层) 2室1厅 | 93.42平米 | 南,https://ke-image.ljcdn.com/110000-inspection/4f9f8441-eb2a-4c06-8824-5a5e46bcbcfd_1000.jpg!m_fill,w_280,h_210,f_jpg?from=ke.com
20240912,门头沟,大峪,101124523353,快四沿线 大峪南路小区中楼层两居室,142万,27531元/平,中楼层 (共6层) 2室1厅 | 51.58平米 | 南 北,https://ke-image.ljcdn.com/110000-inspection/ffeeecd9-cd93-49d4-9210-109e91b46891_1000.jpg!m_fill,w_280,h_210,f_jpg?from=ke.com
20240912,门头沟,大峪,101124168676,快四沿线 新桥小区 中间位置 前后无遮挡 南北通透,149万,22728元/平,高楼层 (共6层) | 1992年 | 2室1厅 | 65.56平米 | 南 北,https://ke-image.ljcdn.com/110000-inspection/pc1_opnnT4BrV.jpg!m_fill,w_280,h_210,f_jpg?from=ke.com
20240912,门头沟,大峪,101123848890,惠民家园一区板楼南向一居室 配套齐全必看好房,127万,26355元/平,中楼层 (共6层) | 2010年 | 1室1厅 | 48.19平米 | 南,https://ke-image.ljcdn.com/110000-inspection/pc1_397YeJsuI.jpg!m_fill,w_280,h_210,f_jpg?from=ke.com
20240912,门头沟,大峪,101123319983,此房精装修楼层好视野好采光充足交通便利。,150万,26829元/平,中楼层 (共6层) 3室1厅 | 55.91平米 | 东 南 北,https://ke-image.ljcdn.com/110000-inspection/pc1_71fyNExbc.jpg!m_fill,w_280,h_210,f_jpg?from=ke.com
20240912,门头沟,大峪,101122968529,此房满五年双卧朝南的两居室无遮挡采光好。视野开阔,175万,20326元/平,顶层 (共6层) 2室1厅 | 86.1平米 | 南 北,https://ke-image.ljcdn.com/110000-inspection/pc1_z7hEFfqey_1.jpg!m_fill,w_280,h_210,f_jpg?from=ke.com
20240912,门头沟,大峪,101126293125,快四沿线两居室 视野开阔 交通便利必看好房,165万,25334元/平,中楼层 (共18层) 2室1厅 | 65.13平米 | 东南,https://ke-image.ljcdn.com/110000-inspection/6caa948f-11a1-4d8b-b358-4c382404eada_1000.jpg!m_fill,w_280,h_210,f_jpg?from=ke.com
20240912,门头沟,大峪,101125970717,新桥家园 1室1厅 东必看好房,129万,23391元/平,底层 (共24层) 1室1厅 | 55.15平米 | 东,https://ke-image.ljcdn.com/110000-inspection/3eaaa49c-e77c-44ef-973e-1c211cbf1906_1000.jpg!m_fill,w_280,h_210,f_jpg?from=ke.com
20240912,门头沟,大峪,101125958164,此房满五唯一朝南采光好户型方正业主诚心出必看好房,139万,26016元/平,中楼层 (共9层) | 2010年 | 1室1厅 | 53.43平米 | 东,https://ke-image.ljcdn.com/110000-inspection/5559bb8c-ac87-49f4-84b3-388db7bfc5fb_1000.jpg!m_fill,w_280,h_210,f_jpg?from=ke.com
20240912,门头沟,大峪,101125927932,峪园小区 南北通透 中间楼栋 中间楼层 配套完善必看好房,172万,26601元/平,中楼层 (共6层) 2室1厅 | 64.66平米 | 南 北,https://ke-image.ljcdn.com/110000-inspection/pc1_6v6vTJXa9.jpg!m_fill,w_280,h_210,f_jpg?from=ke.com
20240912,门头沟,大峪,101125895218,惠民家园二区 带电南北通透三居室 中间楼层 采光好必看好房,295万,34192元/平,中楼层 (共9层) | 2010年 | 3室1厅 | 86.28平米 | 南 北,https://ke-image.ljcdn.com/110000-inspection/7fb0cd45-ef6c-4881-a468-c3b560d8e7e5_1000.jpg!m_fill,w_280,h_210,f_jpg?from=ke.com
20240912,门头沟,大峪,101125818573,西山艺境华墅环境好园林景观封闭管理人车分流,950万,33308元/平,底层 (共5层) 5室2厅 | 285.22平米 | 南 北,https://ke-image.ljcdn.com/110000-inspection/pc1_RliaS7Quw_1.jpg!m_fill,w_280,h_210,f_jpg?from=ke.com
20240912,门头沟,大峪,101125747294,西山艺境7号院集中供暖地暖电梯一梯两户,519万,41947元/平,顶层 (共6层) 3室2厅 | 123.73平米 | 南 北,https://ke-image.ljcdn.com/110000-inspection/pc1_qmLd83fMK.jpg!m_fill,w_280,h_210,f_jpg?from=ke.com
20240912,门头沟,大峪,101125711839,惠民家园二区 两室南向户型 高楼层 采光好,158万,25293元/平,高楼层 (共20层) | 2012年 | 2室1厅 | 62.47平米 | 南,https://ke-image.ljcdn.com/110000-inspection/d9d10479-5e83-426b-b7e6-2ea54fc627d1_1000.jpg!m_fill,w_280,h_210,f_jpg?from=ke.com
20240912,门头沟,大峪,101125498372,峪园小区 南北通透两居室 好楼层 视野好必看好房,172万,26846元/平,中楼层 (共6层) | 1988年 | 2室1厅 | 64.07平米 | 南 北,https://ke-image.ljcdn.com/110000-inspection/pc1_uR0InNPtn.jpg!m_fill,w_280,h_210,f_jpg?from=ke.com
20240912,门头沟,大峪,101125269791,西山艺境华墅上叠产品视野开阔南北景尽收眼底必看好房,788万,34802元/平,中楼层 (共5层) 3室2厅 | 226.43平米 | 南 北,https://ke-image.ljcdn.com/110000-inspection/123d5b87-8017-43c4-a810-5725fd256d43_1000.jpg!m_fill,w_280,h_210,f_jpg?from=ke.com
20240912,门头沟,大峪,101124999085,满五年    标准两室一厅   明厨明卫房主自荐,168万,27393元/平,底层 (共6层) 2室1厅 | 61.33平米 | 东北,https://ke-image.ljcdn.com/110000-inspection/pc1_SYyEmkEiV.jpg!m_fill,w_280,h_210,f_jpg?from=ke.com
20240912,门头沟,大峪,101124919708,大峪南路 3室1厅 南 北,169万,22941元/平,中楼层 (共5层) | 1986年 | 3室1厅 | 73.67平米 | 南 北,https://ke-image.ljcdn.com/110000-inspection/pc1_GAILDze10.jpg!m_fill,w_280,h_210,f_jpg?from=ke.com
20240912,门头沟,大峪,101124481087,峪园小区南北通透集中供暖封闭管理,195万,24206元/平,顶层 (共6层) | 1994年 | 2室2厅 | 80.56平米 | 南 北,https://ke-image.ljcdn.com/110000-inspection/pc1_q3C2T4EUs.jpg!m_fill,w_280,h_210,f_jpg?from=ke.com
20240912,门头沟,大峪,101124474291,西山艺境5号院集中供暖南北通透全明格局,610万,42817元/平,中楼层 (共6层) 3室2厅 | 142.47平米 | 南 北,https://ke-image.ljcdn.com/110000-inspection/pc1_wyE4c16dV.jpg!m_fill,w_280,h_210,f_jpg?from=ke.com
20240912,门头沟,大峪,101124341261,快四沿线 新桥小区 南北通透 采光好 前后无遮挡,156万,25854元/平,高楼层 (共6层) | 1992年 | 2室1厅 | 60.34平米 | 南 北,https://ke-image.ljcdn.com/110000-inspection/pc1_wxvpVN3W6.jpg!m_fill,w_280,h_210,f_jpg?from=ke.com
20240912,门头沟,大峪,101123512784,峪园小区南向两居室满五唯一商品房诚意出售,139万,23129元/平,顶层 (共6层) 2室1厅 | 60.1平米 | 南,https://ke-image.ljcdn.com/110000-inspection/pc1_k7ZYvgl03_1.jpg!m_fill,w_280,h_210,f_jpg?from=ke.com
20240912,门头沟,大峪,101123424362,西山艺境华墅大联排急售独门独院必看好房,1039万,28891元/平,底层 (共3层) | 2017年 | 5室2厅 | 359.63平米 | 南 北,https://ke-image.ljcdn.com/110000-inspection/pc1_RWFHY0vpR_1.jpg!m_fill,w_280,h_210,f_jpg?from=ke.com
20240912,门头沟,大峪,101123304910,西山艺境华墅一梯两户南北通透集中供暖地暖,760万,33581元/平,中楼层 (共5层) 4室2厅 | 226.32平米 | 南 北,https://ke-image.ljcdn.com/110000-inspection/40159bc5-1a3d-4410-9377-e8fdfa11daf2_1000.jpg!m_fill,w_280,h_210,f_jpg?from=ke.com
20240912,门头沟,大峪,101125353915,中昂时代广场 个人产权 南向 采光视野好,65万,17088元/平,高楼层 (共19层) | 2017年 | 2室1厅 | 38.04平米 | 南,https://s1.ljcdn.com/pegasus/redskull/images/common/default_house_list.png?_v=20240826145726
20240912,门头沟,大峪,101123395439,门城城区位置中昂时代广场精装修必看好房,63万,15185元/平,中楼层 (共19层) 1室1厅 | 41.49平米 | 西,https://s1.ljcdn.com/pegasus/redskull/images/common/default_house_list.png?_v=20240826145726
20240912,门头沟,大峪,101126461368,惠民家园一区 2室1厅 南 北新上,256万,30978元/平,中楼层 (共6层) 2室1厅 | 82.64平米 | 南 北,https://ke-image.ljcdn.com/110000-inspection/f9765f74-b027-4637-a0df-f56370595724_1000.jpg!m_fill,w_280,h_210,f_jpg?from=ke.com
20240912,门头沟,大峪,101126446010,金泰丽湾悦栖山  金泰丽湾悦栖山5号院新上,349万,37882元/平,低楼层 (共21层) 2室1厅 | 92.13平米 | 南,https://ke-image.ljcdn.com/110000-inspection/e09ad928-1f85-429e-8f24-ef57433510d6_1000.jpg!m_fill,w_280,h_210,f_jpg?from=ke.com
20240912,门头沟,大峪,101126441473,惠民家园二区 惠民家园二区两居室新上,249万,33405元/平,底层 (共11层) 2室1厅 | 74.54平米 | 南 北,https://ke-image.ljcdn.com/110000-inspection/63b85f1d-d408-4b16-9da0-819085f9ae09_1000.jpg!m_fill,w_280,h_210,f_jpg?from=ke.com
20240912,门头沟,大峪,101126395567,永新小区  精装修 明厨明卫 南北通透  三居室新上,228万,27863元/平,高楼层 (共6层) 3室1厅 | 81.83平米 | 南 北,https://ke-image.ljcdn.com/110000-inspection/pc1_UvJg3wdAf_1.jpg!m_fill,w_280,h_210,f_jpg?from=ke.com
20240912,门头沟,大峪,101126395054,惠民家园二区 2室1厅 南新上,155万,24009元/平,低楼层 (共20层) | 2012年 | 2室1厅 | 64.56平米 | 南,https://ke-image.ljcdn.com/110000-inspection/a32d19a3-7464-47f5-bde2-af326b8d4e6c_1000.jpg!m_fill,w_280,h_210,f_jpg?from=ke.com
20240912,门头沟,大峪,101126371513,金泰丽湾悦栖山 金泰丽湾5号院新上,490万,36982元/平,中楼层 (共21层) 3室2厅 | 132.5平米 | 东北 南 北,https://ke-image.ljcdn.com/110000-inspection/21922bc0-5491-4fe4-a407-a7ca4ea16a46_1000.jpg!m_fill,w_280,h_210,f_jpg?from=ke.com
20240912,门头沟,大峪,101126361280,黑山东街  房龄新  采光好 无遮挡新上,210万,29855元/平,顶层 (共6层) 2室1厅 | 70.34平米 | 南 北,https://ke-image.ljcdn.com/110000-inspection/pc1_AXjoquG6m_1.jpg!m_fill,w_280,h_210,f_jpg?from=ke.com
20240912,门头沟,大峪,101126359238,新桥家园 1室1厅 西新上,256万,30125元/平,高楼层 (共24层) | 2003年 | 1室1厅 | 84.98平米 | 西,https://ke-image.ljcdn.com/110000-inspection/03b5cd06-7c52-41c9-9913-7a3da710726b_1000.jpg!m_fill,w_280,h_210,f_jpg?from=ke.com
20240912,门头沟,大峪,101126355012,此房位于门城城区位置板楼公摊少集中供暖的地暖房新上,145万,30253元/平,低楼层 (共6层) 1室1厅 | 47.93平米 | 南,https://ke-image.ljcdn.com/110000-inspection/pc1_v89O07VAU.jpg!m_fill,w_280,h_210,f_jpg?from=ke.com
20240912,门头沟,大峪,101126342393,新桥大街61号院 2室1厅 南 北,178万,21229元/平,顶层 (共6层) | 1995年 | 2室1厅 | 83.85平米 | 南 北,https://ke-image.ljcdn.com/110000-inspection/225f3bb0-b846-40af-9938-4c1bfb88669f_1000.jpg!m_fill,w_280,h_210,f_jpg?from=ke.com
20240912,门头沟,大峪,101126333662,桃园小区 2室1厅 南 北,220万,26657元/平,中楼层 (共6层) | 2000年 | 2室1厅 | 82.53平米 | 南 北,https://ke-image.ljcdn.com/110000-inspection/3d90fc8e-d133-47db-bffb-29a9536cf392_1000.jpg!m_fill,w_280,h_210,f_jpg?from=ke.com
20240912,门头沟,大峪,101126314693,惠民家园一区 2室1厅 南 北,199万,29818元/平,中楼层 (共6层) 2室1厅 | 66.74平米 | 南 北,https://ke-image.ljcdn.com/110000-inspection/c52c7fa5-9a6f-4b8c-95f4-38f211884917_1000.jpg!m_fill,w_280,h_210,f_jpg?from=ke.com
20240912,门头沟,大峪,101126262728,惠民家园二区 1室0厅 西,138万,30270元/平,低楼层 (共11层) | 2010年 | 1室0厅 | 45.59平米 | 西,https://ke-image.ljcdn.com/110000-inspection/a5e46ec5-2204-42f6-8098-179214199514_1000.jpg!m_fill,w_280,h_210,f_jpg?from=ke.com
20240912,门头沟,大峪,101126243814,永新小区 2室1厅 南 北,158万,25817元/平,顶层 (共6层) 2室1厅 | 61.2平米 | 南 北,https://ke-image.ljcdn.com/110000-inspection/pc1_HR8KkCW4C_1.jpg!m_fill,w_280,h_210,f_jpg?from=ke.com
20240912,门头沟,大峪,101126237350,新桥路小区 2室1厅 南 北,176万,29058元/平,中楼层 (共6层) 2室1厅 | 60.57平米 | 南 北,https://ke-image.ljcdn.com/110000-inspection/ca17edbf-f45c-463d-9687-f0ee3693b435_1000.jpg!m_fill,w_280,h_210,f_jpg?from=ke.com
20240912,门头沟,大峪,101126222331,峪园小区 2室1厅 南 北,198万,28771元/平,中楼层 (共6层) 2室1厅 | 68.82平米 | 南 北,https://ke-image.ljcdn.com/110000-inspection/ca103b16-11cb-461e-9381-e05317579915_1000.jpg!m_fill,w_280,h_210,f_jpg?from=ke.com
20240912,门头沟,大峪,101126203636,惠民家园一区 2室1厅 南 北,242万,35344元/平,低楼层 (共6层) | 2010年 | 2室1厅 | 68.47平米 | 南 北,https://ke-image.ljcdn.com/110000-inspection/59d6bd9d-e4bb-4d12-8733-1d481998f5a7_1000.jpg!m_fill,w_280,h_210,f_jpg?from=ke.com
20240912,门头沟,大峪,101126125623,高家园东街1号院 3室1厅 南 北,468万,51204元/平,中楼层 (共6层) 3室1厅 | 91.4平米 | 南 北,https://ke-image.ljcdn.com/110000-inspection/572d5f8a-b46b-4610-af4a-da465ca11e92_1000.jpg!m_fill,w_280,h_210,f_jpg?from=ke.com
20240912,门头沟,大峪,101126101157,金泰丽湾悦栖山 精装修 婚房 带电梯 南北通透双卫,465万,35308元/平,低楼层 (共19层) 3室2厅 | 131.7平米 | 南 北,https://ke-image.ljcdn.com/110000-inspection/fcd1f659-4527-48af-ba2f-a87a310ff50f_1000.jpg!m_fill,w_280,h_210,f_jpg?from=ke.com
20240912,门头沟,大峪,101126098064,惠民家园二区    高楼层   采光好,150万,28033元/平,高楼层 (共9层) 1室1厅 | 53.51平米 | 东,https://ke-image.ljcdn.com/110000-inspection/1579cac4-0f65-45f6-91e2-7ee9c688aaba_1000.jpg!m_fill,w_280,h_210,f_jpg?from=ke.com
20240912,门头沟,大峪,101126087325,金泰丽湾悦栖山 2室1厅 南,345万,36942元/平,中楼层 (共21层) 2室1厅 | 93.39平米 | 南,https://ke-image.ljcdn.com/110000-inspection/12c56e94-c7ed-4b00-bdb5-04e65db6d6de_1000.jpg!m_fill,w_280,h_210,f_jpg?from=ke.com
20240912,门头沟,大峪,101126031260,新桥路小区 2室1厅 南 北,175万,34001元/平,底层 (共6层) 2室1厅 | 51.47平米 | 南 北,https://ke-image.ljcdn.com/110000-inspection/4c9d78fb-3a65-452f-ae0f-65a5852ad7f7_1000.jpg!m_fill,w_280,h_210,f_jpg?from=ke.com
20240912,门头沟,大峪,101125914962,惠民家园二区 低楼层 三居室 无遮挡 地采暖采光好,300万,35166元/平,底层 (共9层) | 2010年 | 3室1厅 | 85.31平米 | 南 北,https://ke-image.ljcdn.com/110000-inspection/b9dfa01f-1da4-4742-b77d-38cd32392986_1000.jpg!m_fill,w_280,h_210,f_jpg?from=ke.com
20240912,门头沟,大峪,101125905904,金泰丽湾悦栖山 精装两居室 中间楼层采光好,359万,38832元/平,高楼层 (共21层) 2室1厅 | 92.45平米 | 南,https://ke-image.ljcdn.com/110000-inspection/58a3ee40-cda7-4b1f-a67e-05bef863b485_1000.jpg!m_fill,w_280,h_210,f_jpg?from=ke.com
20240912,门头沟,大峪,101125859214,新桥大街39号院  大两居室 采光好  南北通透,173万,26973元/平,中楼层 (共6层) | 1995年 | 2室1厅 | 64.14平米 | 南 北,https://ke-image.ljcdn.com/110000-inspection/0b792658-96fb-4700-9754-1401622aad17_1000.jpg!m_fill,w_280,h_210,f_jpg?from=ke.com
20240912,门头沟,大峪,101125839371,桃园小区 2室1厅 南 北,210万,27978元/平,低楼层 (共6层) 2室1厅 | 75.06平米 | 南 北,https://ke-image.ljcdn.com/110000-inspection/217a5227-fb1a-4332-b79b-a603225652b3_1000.jpg!m_fill,w_280,h_210,f_jpg?from=ke.com
20240912,门头沟,大峪,101125837279,桃园小区 2室1厅 南 北,195万,22109元/平,高楼层 (共6层) 2室1厅 | 88.2平米 | 南 北,https://ke-image.ljcdn.com/110000-inspection/pc1_WMkRnXYas_1.jpg!m_fill,w_280,h_210,f_jpg?from=ke.com
20240912,门头沟,大峪,101125809256,新桥路小区 2室1厅 南 北,139万,20950元/平,高楼层 (共6层) 2室1厅 | 66.35平米 | 南 北,https://ke-image.ljcdn.com/110000-inspection/d42f4ac0-3fa3-40ab-95a2-dbec9a76ebb1_1000.jpg!m_fill,w_280,h_210,f_jpg?from=ke.com
20240912,门头沟,大峪,101125788482,精装修可拎包入住满五唯一后期费用低南北通透格局,199万,23202元/平,顶层 (共6层) 2室2厅 | 85.77平米 | 南 北,https://ke-image.ljcdn.com/110000-inspection/ea75d3e1-1089-424a-88da-868f2048edc8_1000.jpg!m_fill,w_280,h_210,f_jpg?from=ke.com
20240912,门头沟,大峪,101125721886,大峪南路 2室2厅 南 北,235万,31629元/平,中楼层 (共6层) 2室2厅 | 74.3平米 | 南 北,https://ke-image.ljcdn.com/110000-inspection/0afcbe74-85b2-4aa4-bdd7-cf61ab9ef3f2_1000.jpg!m_fill,w_280,h_210,f_jpg?from=ke.com
20240912,门头沟,大峪,101125716715,永新小区 2室1厅 南 北,159万,25691元/平,高楼层 (共6层) 2室1厅 | 61.89平米 | 南 北,https://ke-image.ljcdn.com/110000-inspection/pc1_VvdVNfD8H_1.jpg!m_fill,w_280,h_210,f_jpg?from=ke.com
20240912,门头沟,大峪,101125697039,黑山东街两居室  中间楼层 南北通透,174万,30177元/平,中楼层 (共6层) | 1996年 | 2室1厅 | 57.66平米 | 南 北,https://ke-image.ljcdn.com/110000-inspection/pc1_ezldvdi2B_1.jpg!m_fill,w_280,h_210,f_jpg?from=ke.com
20240912,门头沟,大峪,101125648103,惠民家园二区 一居 低楼层 西北朝向精装修,175万,34027元/平,低楼层 (共11层) | 2010年 | 1室1厅 | 51.43平米 | 西北,https://ke-image.ljcdn.com/110000-inspection/320e92d8-549c-466f-8e70-2a5da5bccea6_1000.jpg!m_fill,w_280,h_210,f_jpg?from=ke.com
20240912,门头沟,大峪,101125619250,惠民家园二区 南向户型 中间楼层,166万,26246元/平,中楼层 (共21层) | 2012年 | 2室1厅 | 63.25平米 | 南,https://ke-image.ljcdn.com/110000-inspection/pc1_Qhf5Fqidn.jpg!m_fill,w_280,h_210,f_jpg?from=ke.com
20240912,门头沟,大峪,101125606501,新桥路小区生活方便居住舒适,198万,31524元/平,中楼层 (共6层) | 1992年 | 2室1厅 | 62.81平米 | 南 北,https://ke-image.ljcdn.com/110000-inspection/347bb4e6-042b-42d5-af69-e1cfa03a4350_1000.jpg!m_fill,w_280,h_210,f_jpg?from=ke.com
20240912,门头沟,大峪,101125594559,大峪南路 2室1厅 南 北,143万,30819元/平,中楼层 (共5层) 2室1厅 | 46.4平米 | 南 北,https://ke-image.ljcdn.com/110000-inspection/ba443069-b82c-43c8-8a78-839a5adf3714_1000.jpg!m_fill,w_280,h_210,f_jpg?from=ke.com
20240912,门头沟,大峪,101125570025,惠民家园二区 全明户型 2室东向南向,225万,27577元/平,顶层 (共6层) 2室1厅 | 81.59平米 | 东南,https://ke-image.ljcdn.com/110000-inspection/ac46d084-ab8d-4dd5-9a06-47c39e2526a8_1000.jpg!m_fill,w_280,h_210,f_jpg?from=ke.com
20240912,门头沟,大峪,101125510905,新桥家园小区环境好周边环境配套好居住舒适,335万,31312元/平,中楼层 (共24层) | 2003年 | 2室1厅 | 106.99平米 | 西,https://ke-image.ljcdn.com/110000-inspection/65336437-2dc8-4f62-b988-01fe9ea5ac95_1000.jpg!m_fill,w_280,h_210,f_jpg?from=ke.com
20240912,门头沟,大峪,101125499603,黑山东街 南北通透两居室 三面采光好,185万,31114元/平,底层 (共6层) 2室1厅 | 59.46平米 | 南 北,https://ke-image.ljcdn.com/110000-inspection/a3ed4646-785f-4663-848e-b9e67db0ebc8_1000.jpg!m_fill,w_280,h_210,f_jpg?from=ke.com
20240912,门头沟,大峪,101125493616,门头沟区城区位置南北通透两居室,190万,27803元/平,高楼层 (共6层) 2室1厅 | 68.34平米 | 南 北,https://ke-image.ljcdn.com/110000-inspection/pc1_mgETL95TH_1.jpg!m_fill,w_280,h_210,f_jpg?from=ke.com
20240912,门头沟,大峪,101125471181,桃园小区 2室1厅 南 北,219万,28843元/平,低楼层 (共6层) 2室1厅 | 75.93平米 | 南 北,https://ke-image.ljcdn.com/110000-inspection/pc1_0F2XT9guY_1.jpg!m_fill,w_280,h_210,f_jpg?from=ke.com
20240912,门头沟,大峪,101125470639,大峪南路 1室1厅 南,135万,30495元/平,高楼层 (共18层) 1室1厅 | 44.27平米 | 南,https://ke-image.ljcdn.com/110000-inspection/6db6ff2c-e20a-4088-a08c-cda8568dc424_1000.jpg!m_fill,w_280,h_210,f_jpg?from=ke.com
20240912,门头沟,大峪,101125463247,精装修大平层 采光通风好城区位置现状好,860万,45024元/平,中楼层 (共24层) 4室2厅 | 191.01平米 | 南 北,https://ke-image.ljcdn.com/110000-inspection/2ec87094-69f5-4e9a-86c4-7b3c6fbc05fa_1000.jpg!m_fill,w_280,h_210,f_jpg?from=ke.com
20240912,门头沟,大峪,101125449233,西山艺境3号院小区环境好适合居住,525万,42139元/平,低楼层 (共8层) | 2015年 | 3室2厅 | 124.59平米 | 南 北,https://ke-image.ljcdn.com/110000-inspection/a0eb21ef-99f7-4363-bcfd-20c83073bf64_1000.jpg!m_fill,w_280,h_210,f_jpg?from=ke.com
20240912,门头沟,大峪,101125420704,黑山东街两居房源南北通透厨房西向窗,135万,24146元/平,顶层 (共6层) | 1980年 | 2室1厅 | 55.91平米 | 南 北,https://ke-image.ljcdn.com/110000-inspection/pc1_1lFwzIuSh.jpg!m_fill,w_280,h_210,f_jpg?from=ke.com
20240912,门头沟,大峪,101125371057,华远西山雅园全明户型三居南北通透三面采光人车分流房主自荐,345万,38686元/平,高楼层 (共28层) 3室2厅 | 89.18平米 | 南 北,https://ke-image.ljcdn.com/110000-inspection/331bc534-1da1-4451-9549-88e4982690dc_1000.jpg!m_fill,w_280,h_210,f_jpg?from=ke.com
20240912,门头沟,大峪,101125358164,房子是满五年唯一商品房 通透好 布局合理 采光好,210万,29107元/平,高楼层 (共6层) | 2010年 | 2室1厅 | 72.15平米 | 东 西,https://ke-image.ljcdn.com/110000-inspection/pc1_1i5mmCMVy_1.jpg!m_fill,w_280,h_210,f_jpg?from=ke.com
20240912,门头沟,大峪,101125333841,华远西山雅园东西格局交通便利配套设施齐全,320万,36426元/平,底层 (共28层) | 2016年 | 3室1厅 | 87.85平米 | 西 东,https://ke-image.ljcdn.com/110000-inspection/pc1_ZnBrmIuvw.jpg!m_fill,w_280,h_210,f_jpg?from=ke.com
20240912,门头沟,大峪,101125321977,惠民家园二区 1室1厅 南,159万,28989元/平,中楼层 (共9层) | 2010年 | 1室1厅 | 54.85平米 | 南,https://ke-image.ljcdn.com/110000-inspection/665cb4ee-38be-4fac-8671-12dfc7a50083_1000.jpg!m_fill,w_280,h_210,f_jpg?from=ke.com
20240912,门头沟,大峪,101125313896,黑山东街 南北通透两居室 满五唯一住房 采光好,142万,24628元/平,顶层 (共6层) 2室1厅 | 57.66平米 | 南 北,https://ke-image.ljcdn.com/110000-inspection/pc1_gRPF7Bv61_1.jpg!m_fill,w_280,h_210,f_jpg?from=ke.com
20240912,门头沟,大峪,101125290676,金泰丽湾悦栖山 精装修随时看房楼前绿化全南朝向两,365万,39481元/平,低楼层 (共21层) 2室1厅 | 92.45平米 | 南,https://ke-image.ljcdn.com/110000-inspection/6999f1ca-ee67-40d3-b3a1-e313c92f4520_1000.jpg!m_fill,w_280,h_210,f_jpg?from=ke.com
20240912,门头沟,大峪,101125290097,大峪南路 3室1厅 西南,228万,30275元/平,中楼层 (共18层) 3室1厅 | 75.31平米 | 西南,https://ke-image.ljcdn.com/110000-inspection/612d4bb0-aa50-4291-8e8d-c10c3801ae3a_1000.jpg!m_fill,w_280,h_210,f_jpg?from=ke.com
20240912,门头沟,大峪,101125265538,此房位于门城城区位置板楼公摊少集中供暖的地暖房,160万,33141元/平,中楼层 (共6层) 1室1厅 | 48.28平米 | 南,https://ke-image.ljcdn.com/110000-inspection/12b9bd81-ebb4-48ed-a2ce-5283e4c4862c_1000.jpg!m_fill,w_280,h_210,f_jpg?from=ke.com
20240912,门头沟,大峪,101125229547,高家园东街1号院 3室1厅 南 北,480万,52517元/平,中楼层 (共6层) 3室1厅 | 91.4平米 | 南 北,https://ke-image.ljcdn.com/110000-inspection/6b3c72c6-581d-4791-8daf-efeea31940ee_1000.jpg!m_fill,w_280,h_210,f_jpg?from=ke.com
20240912,门头沟,大峪,101125174724,西山艺境3号院 高楼层采光视野好 南北通透 诚心出,638万,44974元/平,高楼层 (共9层) | 2015年 | 3室2厅 | 141.86平米 | 南 北,https://ke-image.ljcdn.com/110000-inspection/01499652-a978-46f1-b635-f2b68aa889a6_1000.jpg!m_fill,w_280,h_210,f_jpg?from=ke.com
20240912,门头沟,大峪,101125150552,永新小区 2室1厅 南 北,168万,27451元/平,顶层 (共6层) | 1992年 | 2室1厅 | 61.2平米 | 南 北,https://ke-image.ljcdn.com/110000-inspection/pc1_II3e6fgzM.jpg!m_fill,w_280,h_210,f_jpg?from=ke.com
20240912,门头沟,大峪,101125117827,华远西山雅苑东西朝向采光好。,297万,36247元/平,高楼层 (共28层) | 2016年 | 2室1厅 | 81.94平米 | 东 西,https://ke-image.ljcdn.com/110000-inspection/pc1_SkYcKUwrg.jpg!m_fill,w_280,h_210,f_jpg?from=ke.com
20240912,门头沟,大峪,101125086273,华远西山雅园此房满五唯一东西通透人车分流房主自荐,328万,37337元/平,低楼层 (共28层) | 2016年 | 3室1厅 | 87.85平米 | 东 西,https://ke-image.ljcdn.com/110000-inspection/7609201c-a756-43c6-9805-223bf038ce79_1000.jpg!m_fill,w_280,h_210,f_jpg?from=ke.com
20240912,门头沟,大峪,101125041394,金泰丽湾悦栖山  南北通透三居室 采光好 无遮挡,475万,36067元/平,中楼层 (共19层) 3室1厅 | 131.7平米 | 南 北,https://ke-image.ljcdn.com/110000-inspection/fdc30c61-3b3e-4a23-9619-2c7bbebcd59e_1000.jpg!m_fill,w_280,h_210,f_jpg?from=ke.com
20240912,门头沟,大峪,101125032666,西山艺境5号院 4室2厅 南 北,720万,42644元/平,中楼层 (共6层) 4室2厅 | 168.84平米 | 南 北,https://ke-image.ljcdn.com/110000-inspection/44dcd9bc-60c3-422c-a7a9-c699808ea3fe_1000.jpg!m_fill,w_280,h_210,f_jpg?from=ke.com
20240912,门头沟,大峪,101124950687,增产路  两居室房子调档可以满五年。,150万,23409元/平,顶层 (共6层) 2室1厅 | 64.08平米 | 南 北,https://ke-image.ljcdn.com/110000-inspection/d6c2caa6-69fe-46fb-9a22-5c19f8f89e96_1000.jpg!m_fill,w_280,h_210,f_jpg?from=ke.com
20240912,门头沟,大峪,101124943694,大峪南路 2室1厅 南 北,200万,31721元/平,中楼层 (共5层) | 1970年 | 2室1厅 | 63.05平米 | 南 北,https://ke-image.ljcdn.com/110000-inspection/aa48df4c-df2a-45ad-ad84-311ecf9695e0_1000.jpg!m_fill,w_280,h_210,f_jpg?from=ke.com
20240912,门头沟,大峪,101124939694,新桥路小区 2室1厅 南 北,140万,22290元/平,高楼层 (共6层) 2室1厅 | 62.81平米 | 南 北,https://ke-image.ljcdn.com/110000-inspection/b692f1a8-52e9-44d9-969b-6412a3a95a8b_1000.jpg!m_fill,w_280,h_210,f_jpg?from=ke.com
20240912,门头沟,大峪,101124923953,低楼层  适合各类人群居住很舒适是南北通透户型,176万,28773元/平,中楼层 (共6层) 3室1厅 | 61.17平米 | 南 北,https://ke-image.ljcdn.com/110000-inspection/b66dbb0c-3eef-4b5f-9b51-2c30a5a4a6e0_1000.jpg!m_fill,w_280,h_210,f_jpg?from=ke.com
20240912,门头沟,大峪,101124920886,西山艺境6号院 南北四居室 明厨明卫,598万,42143元/平,低楼层 (共9层) | 2015年 | 4室1厅 | 141.9平米 | 南 北,https://ke-image.ljcdn.com/110000-inspection/ff2bd0eb-3c5b-46cb-b059-9678d9fce592_1000.jpg!m_fill,w_280,h_210,f_jpg?from=ke.com
20240912,门头沟,大峪,101124907728,大峪南路22号楼中间楼层适合居住,137万,29526元/平,中楼层 (共5层) 2室1厅 | 46.4平米 | 南 北,https://ke-image.ljcdn.com/110000-inspection/2cd6e777-9a5a-475a-9e0c-e4a97c4c71a2_1000.jpg!m_fill,w_280,h_210,f_jpg?from=ke.com
20240912,门头沟,大峪,101124832300,西山艺境7号院 3室2厅 南 北房主自荐,576万,45373元/平,顶层 (共6层) 3室2厅 | 126.95平米 | 南 北,https://ke-image.ljcdn.com/110000-inspection/951e6fc3-0f13-4298-885a-2f41348d38ea_1000.jpg!m_fill,w_280,h_210,f_jpg?from=ke.com
20240912,门头沟,大峪,101124829192,永新小区 2室2厅 南 北,258万,30081元/平,底层 (共6层) 2室2厅 | 85.77平米 | 南 北,https://ke-image.ljcdn.com/110000-inspection/e37e37d7-642d-45cd-aa57-5866fe7a7295_1000.jpg!m_fill,w_280,h_210,f_jpg?from=ke.com
20240912,门头沟,大峪,101124812562,楼层好南北通透格局  精装修拎包入住 南北通透,249万,29032元/平,低楼层 (共6层) 2室2厅 | 85.77平米 | 南 北,https://ke-image.ljcdn.com/110000-inspection/f95813ad-f448-4138-a6f0-860cd5a9a367_1000.jpg!m_fill,w_280,h_210,f_jpg?from=ke.com
20240912,门头沟,大峪,101124783201,西山艺境2号院 3室1厅 南 北,610万,42937元/平,中楼层 (共6层) 3室1厅 | 142.07平米 | 南 北,https://ke-image.ljcdn.com/110000-inspection/3eace41a-a0b0-4836-9f30-a91ef6c4797e_1000.jpg!m_fill,w_280,h_210,f_jpg?from=ke.com
20240912,门头沟,大峪,101124779317,门头沟桃园小区 2002年楼龄 南北通透 大客厅,235万,26932元/平,底层 (共6层) 2室1厅 | 87.26平米 | 南 北,https://ke-image.ljcdn.com/110000-inspection/ea877d20-db97-4f1d-9902-a2a3c4e13d88_1000.jpg!m_fill,w_280,h_210,f_jpg?from=ke.com
20240912,门头沟,大峪,101124775041,增产路大街42号院 南北通透 两居室 楼龄新,166万,20769元/平,顶层 (共6层) 2室1厅 | 79.93平米 | 南 北,https://ke-image.ljcdn.com/110000-inspection/0ed6c473-82cf-4d40-aa64-915526bbfb26_1000.jpg!m_fill,w_280,h_210,f_jpg?from=ke.com
20240912,门头沟,大峪,101124748656,新桥大街甲43号楼 2室1厅 南 北,163万,32594元/平,底层 (共6层) 2室1厅 | 50.01平米 | 南 北,https://ke-image.ljcdn.com/110000-inspection/5681ed93-b247-4a74-99ea-d1e207928bbc_1000.jpg!m_fill,w_280,h_210,f_jpg?from=ke.com
20240912,门头沟,大峪,101124739197,满五年明厨明卫户型带装修  可以拎包入住,129万,23974元/平,顶层 (共6层) 2室1厅 | 53.81平米 | 南 北,https://ke-image.ljcdn.com/110000-inspection/47095b2b-c6a5-4a13-a4ca-f10f787b8645_1000.jpg!m_fill,w_280,h_210,f_jpg?from=ke.com
20240912,门头沟,大峪,101124604150,惠民家园二区东南朝向 带电梯 满二年商品房 一居室,169万,31917元/平,低楼层 (共11层) 1室1厅 | 52.95平米 | 东南,https://ke-image.ljcdn.com/110000-inspection/pc1_x14ialCHD_1.jpg!m_fill,w_280,h_210,f_jpg?from=ke.com
20240912,门头沟,大峪,101124599459,永新小区 楼层好 南北通透户型满五唯一,168万,27084元/平,低楼层 (共6层) | 1994年 | 2室1厅 | 62.03平米 | 南 北,https://ke-image.ljcdn.com/110000-inspection/db2f06af-50f7-4ff5-bd4c-c47f36b680b8_1000.jpg!m_fill,w_280,h_210,f_jpg?from=ke.com
20240912,门头沟,大峪,101124569466,新桥路小区 1室1厅 东 西,125万,26738元/平,中楼层 (共6层) 1室1厅 | 46.75平米 | 东 西,https://ke-image.ljcdn.com/110000-inspection/b2cf3617-e6e2-45a5-9927-b8bac72dad43_1000.jpg!m_fill,w_280,h_210,f_jpg?from=ke.com
20240912,门头沟,大峪,101124565044,大峪南路 2室1厅 东北,169万,22706元/平,中楼层 (共6层) 2室1厅 | 74.43平米 | 东北,https://ke-image.ljcdn.com/110000-inspection/d1c7fcd8-288f-4b64-bf7e-650dd7179225_1000.jpg!m_fill,w_280,h_210,f_jpg?from=ke.com
20240912,门头沟,大峪,101124561454,新桥大街39号院      低楼层出行方便,140万,24692元/平,中楼层 (共5层) 2室1厅 | 56.7平米 | 南 北,https://ke-image.ljcdn.com/110000-inspection/28b5295c-20f7-451c-8eb9-875e2ed02274_1000.jpg!m_fill,w_280,h_210,f_jpg?from=ke.com
20240912,门头沟,大峪,101124557597,新桥大街39号院   南北通透户型采光好位置佳,198万,32847元/平,底层 (共6层) | 1995年 | 2室1厅 | 60.28平米 | 南 北,https://ke-image.ljcdn.com/110000-inspection/aa0fa9d4-e6b8-4f6d-ba26-9e0de245af6e_1000.jpg!m_fill,w_280,h_210,f_jpg?from=ke.com
20240912,门头沟,大峪,101124510013,峪园小区 2室1厅 南 北,199万,28870元/平,顶层 (共6层) 2室1厅 | 68.93平米 | 南 北,https://ke-image.ljcdn.com/110000-inspection/d768d3bd-e698-481c-aab8-d7adc0743314_1000.jpg!m_fill,w_280,h_210,f_jpg?from=ke.com
20240912,门头沟,大峪,101124443838,大峪南路 1室1厅 南,130万,29366元/平,高楼层 (共18层) 1室1厅 | 44.27平米 | 南,https://ke-image.ljcdn.com/110000-inspection/459bc657-baf0-4392-b05e-886226156b34_1000.jpg!m_fill,w_280,h_210,f_jpg?from=ke.com
20240912,门头沟,大峪,101124429174,桃园小区 2室1厅 南 北,228万,27627元/平,中楼层 (共6层) 2室1厅 | 82.53平米 | 南 北,https://ke-image.ljcdn.com/110000-inspection/a789ddd3-ae47-40c8-aa6c-492f13d09fdd_1000.jpg!m_fill,w_280,h_210,f_jpg?from=ke.com
20240912,门头沟,大峪,101124417966,惠民家园一区看房方便随时签约房主自荐,142万,29412元/平,高楼层 (共6层) | 2010年 | 1室1厅 | 48.28平米 | 南,https://ke-image.ljcdn.com/110000-inspection/pc1_xRA4gcGNn_1.jpg!m_fill,w_280,h_210,f_jpg?from=ke.com
20240912,门头沟,大峪,101124391276,金泰丽湾  人车分流  满五唯一  全明格局,458万,34567元/平,低楼层 (共21层) 3室2厅 | 132.5平米 | 南 北,https://ke-image.ljcdn.com/110000-inspection/c486494c-d20f-4b6e-8c83-f5e7e6c5725c_1000.jpg!m_fill,w_280,h_210,f_jpg?from=ke.com
20240912,门头沟,大峪,101124382303,新桥路小区 2室1厅 东 西,156万,25743元/平,高楼层 (共6层) 2室1厅 | 60.6平米 | 东 西,https://ke-image.ljcdn.com/110000-inspection/pc1_AcnOmBoye_1.jpg!m_fill,w_280,h_210,f_jpg?from=ke.com
20240912,门头沟,大峪,101124364110,华远西山雅园 2居室 1厅1厨1卫,315万,38981元/平,高楼层 (共28层) 2室1厅 | 80.81平米 | 南,https://ke-image.ljcdn.com/110000-inspection/pc1_PeXA4Mumz_1.jpg!m_fill,w_280,h_210,f_jpg?from=ke.com
20240912,门头沟,大峪,101124280137,华远西山雅园  两居  满五年 精装修,315万,37802元/平,底层 (共28层) 2室1厅 | 83.33平米 | 东 南,https://ke-image.ljcdn.com/110000-inspection/8a71f0b7-b3b9-4b25-9379-16fdc043b36b_1000.jpg!m_fill,w_280,h_210,f_jpg?from=ke.com
20240912,门头沟,大峪,101124265155,坡头南街 2室1厅 东 北,168万,27393元/平,高楼层 (共6层) 2室1厅 | 61.33平米 | 东 北,https://ke-image.ljcdn.com/110000-inspection/pc1_yV0NwIqum_1.jpg!m_fill,w_280,h_210,f_jpg?from=ke.com
20240912,门头沟,大峪,101124227625,高家园东街1号院 3室2厅 南 北,470万,51372元/平,低楼层 (共6层) 3室2厅 | 91.49平米 | 南 北,https://ke-image.ljcdn.com/110000-inspection/pc1_E3bbkdGlo.jpg!m_fill,w_280,h_210,f_jpg?from=ke.com
20240912,门头沟,大峪,101124216266,惠民家园二区带电梯次顶层采光无遮挡,268万,35507元/平,高楼层 (共11层) | 2010年 | 2室1厅 | 75.48平米 | 南,https://ke-image.ljcdn.com/110000-inspection/pc1_xYY3240PS_1.jpg!m_fill,w_280,h_210,f_jpg?from=ke.com
20240912,门头沟,大峪,101124178782,大峪南路 2室1厅 南 北,155万,23799元/平,低楼层 (共18层) 2室1厅 | 65.13平米 | 南 北,https://ke-image.ljcdn.com/110000-inspection/87a2b2c3-ad09-41b1-967c-6d48a5e66bc3_1000.jpg!m_fill,w_280,h_210,f_jpg?from=ke.com
20240912,门头沟,大峪,101124024107,桃园小区南北通透两居室明厨暗卫装修好房主自荐,178万,20399元/平,顶层 (共6层) | 2000年 | 2室2厅 | 87.26平米 | 南 北,https://ke-image.ljcdn.com/110000-inspection/pc1_CEraW0aJX_1.jpg!m_fill,w_280,h_210,f_jpg?from=ke.com
20240912,门头沟,大峪,101124007493,快四沿线 精装修两居室 采光好 南北通透 明厨明卫,159万,27419元/平,高楼层 (共6层) 2室1厅 | 57.99平米 | 南 北,https://ke-image.ljcdn.com/110000-inspection/a4e109c4-594e-403a-975f-a0971689e1bf_1000.jpg!m_fill,w_280,h_210,f_jpg?from=ke.com
20240912,门头沟,大峪,101123986207,惠民家园一区 交通方便 环境好 配套齐全,235万,34372元/平,高楼层 (共6层) 2室1厅 | 68.37平米 | 南,https://ke-image.ljcdn.com/110000-inspection/pc1_s0Z64Riy9.jpg!m_fill,w_280,h_210,f_jpg?from=ke.com
20240912,门头沟,大峪,101123967106,永新小区经典南北通透客厅带窗户两居室,225万,36355元/平,低楼层 (共6层) | 1994年 | 2室1厅 | 61.89平米 | 南 北,https://ke-image.ljcdn.com/110000-inspection/2d580eb6-a0d4-4109-a4f9-8db5fc2b0868_1000.jpg!m_fill,w_280,h_210,f_jpg?from=ke.com
20240912,门头沟,大峪,101123930639,西山艺境平墅前后无遮挡视野好毛坯好装修看房随时,739万,35701元/平,中楼层 (共5层) 4室2厅 | 207平米 | 南 北,https://ke-image.ljcdn.com/110000-inspection/51c63b97-5a3f-4810-bfbf-9b35bf0cd462_1000.jpg!m_fill,w_280,h_210,f_jpg?from=ke.com
20240912,门头沟,大峪,101123865345,黑山东街 低楼层 东西通透 采光好 无遮挡 两居室房主自荐,175万,30330元/平,底层 (共5层) 2室1厅 | 57.7平米 | 东 西,https://ke-image.ljcdn.com/110000-inspection/d0cc9e3a-326b-4eda-8632-afa391f36f0f_1000.jpg!m_fill,w_280,h_210,f_jpg?from=ke.com
20240912,门头沟,大峪,101123858394,西山艺境 带电梯花园洋房 南北通透 成熟小区 一梯两户,566万,40057元/平,低楼层 (共9层) | 2015年 | 3室2厅 | 141.3平米 | 南 北,https://ke-image.ljcdn.com/110000-inspection/pc1_SSxTVUaf9.jpg!m_fill,w_280,h_210,f_jpg?from=ke.com
20240912,门头沟,大峪,101123845450,惠民家园二区         满五唯一,155万,28311元/平,底层 (共9层) | 2010年 | 1室1厅 | 54.75平米 | 南,https://ke-image.ljcdn.com/110000-inspection/pc1_R8IzCEEgl.jpg!m_fill,w_280,h_210,f_jpg?from=ke.com
20240912,门头沟,大峪,101123807091,惠民二区正规两居室低楼层出行便利,215万,31641元/平,底层 (共9层) | 2010年 | 2室1厅 | 67.95平米 | 东南,https://ke-image.ljcdn.com/110000-inspection/pc1_SSUXhqxyE.jpg!m_fill,w_280,h_210,f_jpg?from=ke.com
20240912,门头沟,大峪,101123660308,黑山东街两居室满五唯一精装修小区无物业和停车费,270万,27028元/平,高楼层 (共6层) 3室1厅 | 99.9平米 | 东 西,https://ke-image.ljcdn.com/110000-inspection/pc1_3BpJVmoQP_1.jpg!m_fill,w_280,h_210,f_jpg?from=ke.com
20240912,门头沟,大峪,101123557227,新桥大街61号院  三居室 低楼层  南北通透,290万,28833元/平,低楼层 (共6层) 3室1厅 | 100.58平米 | 东 南 北,https://ke-image.ljcdn.com/110000-inspection/pc1_zmlKkuFX4.jpg!m_fill,w_280,h_210,f_jpg?from=ke.com
20240912,门头沟,大峪,101123452468,西山艺境洋房社区 通透户型 视野宽阔 明厨明卫,484万,52342元/平,中楼层 (共6层) | 2015年 | 3室1厅 | 92.47平米 | 南 北,https://ke-image.ljcdn.com/110000-inspection/15c3102c-5499-4aba-b049-2d92db2e28f0_1000.jpg!m_fill,w_280,h_210,f_jpg?from=ke.com
20240912,门头沟,大峪,101123398103,西山艺境2号院 小区安静 南北通透大三居室,603万,42444元/平,中楼层 (共5层) 3室2厅 | 142.07平米 | 南 北,https://ke-image.ljcdn.com/110000-inspection/d81abb47-e406-4061-9ab5-db5ee4c44a8c_1000.jpg!m_fill,w_280,h_210,f_jpg?from=ke.com
20240912,门头沟,大峪,101123342988,桃园小区 2室1厅 南 北,179万,23575元/平,顶层 (共6层) 2室1厅 | 75.93平米 | 南 北,https://ke-image.ljcdn.com/110000-inspection/pc1_XUiAnQGtT_1.jpg!m_fill,w_280,h_210,f_jpg?from=ke.com
20240912,门头沟,大峪,101123341651,黑山东街两居室 明厨明卫 南北通透,147万,27334元/平,顶层 (共6层) | 1980年 | 2室1厅 | 53.78平米 | 南 北,https://ke-image.ljcdn.com/110000-inspection/pc1_ZEeKh5DtZ.jpg!m_fill,w_280,h_210,f_jpg?from=ke.com
20240912,门头沟,大峪,101123327628,金泰丽湾悦栖山 3室2厅 南 北,558万,39753元/平,高楼层 (共21层) | 2016年 | 3室2厅 | 140.37平米 | 南 北,https://ke-image.ljcdn.com/110000-inspection/pc1_bbvukjaoT.jpg!m_fill,w_280,h_210,f_jpg?from=ke.com
20240912,门头沟,大峪,101123274074,大峪南路 3室1厅 东南 北,205万,29446元/平,低楼层 (共18层) 3室1厅 | 69.62平米 | 东南 北,https://ke-image.ljcdn.com/110000-inspection/fb459913-faca-46e2-a639-0627ff644a50_1000.jpg!m_fill,w_280,h_210,f_jpg?from=ke.com
20240912,门头沟,大峪,101123247395,西山艺境6号院 南北三居室 中间楼层,548万,39024元/平,中楼层 (共9层) | 2015年 | 3室2厅 | 140.43平米 | 南 北,https://ke-image.ljcdn.com/110000-inspection/3e4589e7-98df-4c13-98b1-40b0be7521c1_1000.jpg!m_fill,w_280,h_210,f_jpg?from=ke.com
20240912,门头沟,大峪,101123240227,永新小区 中间楼层 正规客厅 南北通透两居,175万,28213元/平,中楼层 (共6层) | 1995年 | 2室1厅 | 62.03平米 | 南 北,https://ke-image.ljcdn.com/110000-inspection/3facfea7-b73f-45b7-9956-357b51193f77_1000.jpg!m_fill,w_280,h_210,f_jpg?from=ke.com
20240912,门头沟,大峪,101123204925,永新小区 2室1厅 南 北,180万,27895元/平,中楼层 (共6层) 2室1厅 | 64.53平米 | 南 北,https://ke-image.ljcdn.com/110000-inspection/1aafbfe2-4c83-41f0-ac67-df7a8a4e73dd_1000.jpg!m_fill,w_280,h_210,f_jpg?from=ke.com
20240912,门头沟,大峪,101123199427,房子楼层好采光从早上8点半到下午4点多,208万,27049元/平,中楼层 (共6层) 2室1厅 | 76.9平米 | 南 北,https://ke-image.ljcdn.com/110000-inspection/becb9054-2f13-4b19-8bf0-83f9f044eb98_1000.jpg!m_fill,w_280,h_210,f_jpg?from=ke.com
20240912,门头沟,大峪,101123178481,新桥路小区  精装修  低楼层  南北通透,198万,31389元/平,低楼层 (共6层) 2室1厅 | 63.08平米 | 南 北,https://ke-image.ljcdn.com/110000-inspection/pc1_P5fR7yiDt_1.jpg!m_fill,w_280,h_210,f_jpg?from=ke.com
20240912,门头沟,大峪,101123174864,永新小区 2室1厅 南 北,194万,31276元/平,中楼层 (共6层) | 1995年 | 2室1厅 | 62.03平米 | 南 北,https://ke-image.ljcdn.com/110000-inspection/d1bda120-a0da-452a-bb01-e4b3d32dfe7b_1000.jpg!m_fill,w_280,h_210,f_jpg?from=ke.com
20240912,门头沟,大峪,101123151585,桃园小区 2室1厅 南 北,218万,26415元/平,低楼层 (共6层) 2室1厅 | 82.53平米 | 南 北,https://ke-image.ljcdn.com/110000-inspection/720830c5-16d1-40dc-9289-52def6c777f5_1000.jpg!m_fill,w_280,h_210,f_jpg?from=ke.com
20240912,门头沟,大峪,101123124249,永新小区正规两室一厅 南北通透 简单装修。房主自荐,165万,26601元/平,中楼层 (共6层) | 1995年 | 2室1厅 | 62.03平米 | 南 北,https://ke-image.ljcdn.com/110000-inspection/pc1_Dw7qtC4hO.jpg!m_fill,w_280,h_210,f_jpg?from=ke.com
20240912,门头沟,大峪,101123006706,黑山东街           高楼层 采光好,188万,24947元/平,顶层 (共6层) | 1983年 | 2室1厅 | 75.36平米 | 南 北,https://ke-image.ljcdn.com/110000-inspection/e7c92701-d8c9-4671-9e9f-5078c13927f4_1000.jpg!m_fill,w_280,h_210,f_jpg?from=ke.com
20240912,门头沟,大峪,101122870116,永新小区 3室2厅 南 北,230万,24868元/平,顶层 (共6层) 3室2厅 | 92.49平米 | 南 北,https://ke-image.ljcdn.com/110000-inspection/e271217e-3e41-4240-bf53-2c0c909d513c_1000.jpg!m_fill,w_280,h_210,f_jpg?from=ke.com
20240912,门头沟,大峪,101122805787,峪园小区 1室1厅 南,105万,24858元/平,顶层 (共6层) 1室1厅 | 42.24平米 | 南,https://ke-image.ljcdn.com/110000-inspection/cb7a9e8e-17be-4521-a289-e15c70dff71d_1000.jpg!m_fill,w_280,h_210,f_jpg?from=ke.com
20240912,门头沟,大峪,101122529159,永新小区 满五唯一 南北通透 明厨明卫两居,185万,25291元/平,高楼层 (共6层) 2室1厅 | 73.15平米 | 南 北,https://ke-image.ljcdn.com/110000-inspection/pc1_phn5EyJ9w.jpg!m_fill,w_280,h_210,f_jpg?from=ke.com
20240912,门头沟,大峪,101122430714,华远裘马四季精装修大平层格局方正,860万,44970元/平,低楼层 (共24层) 4室2厅 | 191.24平米 | 南 北,https://ke-image.ljcdn.com/110000-inspection/1d6cedc8-dcfa-414e-888c-ae483b85c945_1000.jpg!m_fill,w_280,h_210,f_jpg?from=ke.com
20240912,门头沟,大峪,101122406203,峪园小区 南北通透 交通便利 配套完善房主自荐,169万,26615元/平,高楼层 (共6层) | 1985年 | 2室1厅 | 63.5平米 | 南 北,https://ke-image.ljcdn.com/110000-inspection/pc1_tic0UlMzn.jpg!m_fill,w_280,h_210,f_jpg?from=ke.com
20240912,门头沟,大峪,101122246599,新桥家园大一居中间楼层满五唯一电梯房,265万,31184元/平,高楼层 (共24层) 1室1厅 | 84.98平米 | 西,https://ke-image.ljcdn.com/110000-inspection/99845497-f8ae-46a6-9955-a536f9ac4ca6_1000.jpg!m_fill,w_280,h_210,f_jpg?from=ke.com
20240912,门头沟,大峪,101122100358,满二年 洋房 电梯直接入户 急售房主自荐,680万,40482元/平,高楼层 (共6层) 4室2厅 | 167.98平米 | 南 北,https://ke-image.ljcdn.com/110000-inspection/76aaa760-cbe5-448d-9105-3e81035615d1_1000.jpg!m_fill,w_280,h_210,f_jpg?from=ke.com
20240912,门头沟,大峪,101121919362,门头沟南北通透两室两厅大客厅大卧室,180万,20629元/平,顶层 (共6层) | 2000年 | 2室1厅 | 87.26平米 | 南 北,https://ke-image.ljcdn.com/110000-inspection/pc1_D8i4PveX8.jpg!m_fill,w_280,h_210,f_jpg?from=ke.com
20240912,门头沟,大峪,101121403861,房子满五年了一层适合各种人群居住,129万,41600元/平,底层 (共6层) 1室1厅 | 31.01平米 | 南 北,https://ke-image.ljcdn.com/110000-inspection/pc1_P3kxvIsy0_1.jpg!m_fill,w_280,h_210,f_jpg?from=ke.com
20240912,门头沟,大峪,101121217729,桃园小区 2室1厅 南 北,226万,27384元/平,中楼层 (共6层) 2室1厅 | 82.53平米 | 南 北,https://ke-image.ljcdn.com/110000-inspection/b0c832c0-7c5d-4d49-a09b-01b83ca0b03b_1000.jpg!m_fill,w_280,h_210,f_jpg?from=ke.com
20240912,门头沟,大峪,101121189964,桃园小区 3室1厅 南 北,270万,27351元/平,高楼层 (共6层) | 2000年 | 3室1厅 | 98.72平米 | 南 北,https://ke-image.ljcdn.com/110000-inspection/pc1_Rt0SOTEN6.jpg!m_fill,w_280,h_210,f_jpg?from=ke.com
20240912,门头沟,大峪,101121175320,黑山北小街4号院 南北通透 正规两居室 交通方便,198万,35715元/平,顶层 (共4层) | 1990年 | 2室1厅 | 55.44平米 | 南 北,https://ke-image.ljcdn.com/110000-inspection/pc1_2CsOeVMXY.jpg!m_fill,w_280,h_210,f_jpg?from=ke.com
20240912,门头沟,大峪,101121094964,西山艺境6号院上跃毛坯装成您想要的样子 视野开阔,766万,54150元/平,顶层 (共9层) 3室2厅 | 141.46平米 | 南 北,https://ke-image.ljcdn.com/110000-inspection/e8bd2c5b-a4ca-4755-89f9-31006f3b09e9_1000.jpg!m_fill,w_280,h_210,f_jpg?from=ke.com
20240912,门头沟,大峪,101121056518,永新小区 3室1厅 南 北,252万,30796元/平,中楼层 (共6层) 3室1厅 | 81.83平米 | 南 北,https://ke-image.ljcdn.com/110000-inspection/pc1_yHGi4iyyO.jpg!m_fill,w_280,h_210,f_jpg?from=ke.com
20240912,门头沟,大峪,101121041620,精装修三居室高楼层视线好业主诚意出售,410万,38845元/平,高楼层 (共25层) 3室1厅 | 105.55平米 | 东 南 西,https://ke-image.ljcdn.com/110000-inspection/pc1_t9svDt9a7.jpg!m_fill,w_280,h_210,f_jpg?from=ke.com
20240912,门头沟,大峪,101120942648,房子满五年 正规两居室 南北通透 简单装修房主自荐,198万,32353元/平,中楼层 (共6层) | 1992年 | 2室1厅 | 61.2平米 | 南 北,https://ke-image.ljcdn.com/110000-inspection/09b36e4a-9ace-4ed7-a122-8ef3494b3d62_1000.jpg!m_fill,w_280,h_210,f_jpg?from=ke.com
20240912,门头沟,大峪,101118229759,大峪南路 三居室 南北通透 明厨明卫,185万,30244元/平,顶层 (共6层) | 1989年 | 3室1厅 | 61.17平米 | 南 北,https://ke-image.ljcdn.com/110000-inspection/pc1_nYrqjoSqT_1.jpg!m_fill,w_280,h_210,f_jpg?from=ke.com
20240912,门头沟,大峪,101126549024,峪园小区 南北两居室  视野好  出行购物都方便,175万,28400元/平,顶层 (共6层) 2室1厅 | 61.62平米 | 南 北,https://ke-image.ljcdn.com/110000-inspection/pc1_D5SJb4qR4.jpg!m_fill,w_280,h_210,f_jpg?from=ke.com
20240912,门头沟,大峪,101126506672,西山艺境华墅 5室3厅 南 北,1200万,33185元/平,底层 (共3层) 5室3厅 | 361.61平米 | 南 北,https://ke-image.ljcdn.com/110000-inspection/4ec7d0ba-eccf-48e1-aa43-686d4fb034b3_1000.jpg!m_fill,w_280,h_210,f_jpg?from=ke.com
20240912,门头沟,大峪,101126506331,西山艺境华墅 4室2厅 南 北,1200万,42098元/平,底层 (共5层) 4室2厅 | 285.05平米 | 南 北,https://ke-image.ljcdn.com/110000-inspection/1403a5b3-d46a-4ae8-945e-25d6011f522e_1000.jpg!m_fill,w_280,h_210,f_jpg?from=ke.com
20240912,门头沟,大峪,101126463766,金泰丽湾悦栖山 金泰丽湾悦栖山5号院新上,320万,34779元/平,低楼层 (共20层) 2室1厅 | 92.01平米 | 南,https://ke-image.ljcdn.com/110000-inspection/pc1_2wCTagi6G_1.jpg!m_fill,w_280,h_210,f_jpg?from=ke.com
20240912,门头沟,大峪,101126433204,下叠直通车库南北通透有花园采光好随时可看新上,1150万,34943元/平,底层 (共5层) 5室3厅 | 329.11平米 | 南 北,https://ke-image.ljcdn.com/110000-inspection/pc1_YMOGVsuWE.jpg!m_fill,w_280,h_210,f_jpg?from=ke.com
20240912,门头沟,大峪,101126418731,急售优质房源 精装修拎包入住直通车库看房随时新上,750万,44643元/平,高楼层 (共6层) 3室2厅 | 168平米 | 南 西 北,https://ke-image.ljcdn.com/110000-inspection/pc1_S4bhN8aLE.jpg!m_fill,w_280,h_210,f_jpg?from=ke.com
20240912,门头沟,大峪,101126416924,新桥路小区 2室1厅 南 北新上,145万,22991元/平,顶层 (共6层) | 1993年 | 2室1厅 | 63.07平米 | 南 北,https://ke-image.ljcdn.com/110000-inspection/pc1_XeDe0QlRp_1.jpg!m_fill,w_280,h_210,f_jpg?from=ke.com
20240912,门头沟,大峪,101126412011,金泰丽湾悦栖山  正规两居室 南北朝向 采光好新上,369万,33485元/平,底层 (共20层) | 2016年 | 2室1厅 | 110.2平米 | 南 北,https://ke-image.ljcdn.com/110000-inspection/pc1_GcYgWNRYs.jpg!m_fill,w_280,h_210,f_jpg?from=ke.com
20240912,门头沟,大峪,101126399071,大峪南路 2室1厅 南新上,180万,28401元/平,中楼层 (共16层) | 1980年 | 2室1厅 | 63.38平米 | 南,https://ke-image.ljcdn.com/110000-inspection/7ce7e683-ed2e-459e-a306-2b38044dfefc_1000.jpg!m_fill,w_280,h_210,f_jpg?from=ke.com
20240912,门头沟,大峪,101126387093,金泰丽湾悦栖山  中间楼层 采光好 无遮挡新上,335万,36111元/平,高楼层 (共21层) | 2015年 | 2室1厅 | 92.77平米 | 南,https://ke-image.ljcdn.com/110000-inspection/pc1_n873VasbA.jpg!m_fill,w_280,h_210,f_jpg?from=ke.com
20240912,门头沟,大峪,101126361936,西山艺境8号院 4室1厅 南 北新上,625万,37207元/平,中楼层 (共6层) 4室1厅 | 167.98平米 | 南 北,https://ke-image.ljcdn.com/110000-inspection/pc1_KOd6hoARX.jpg!m_fill,w_280,h_210,f_jpg?from=ke.com
20240912,门头沟,大峪,101126351463,惠民家园二区 带电梯 正东朝向 商品房 采光好新上,135万,25267元/平,顶层 (共9层) 1室0厅 | 53.43平米 | 东,https://ke-image.ljcdn.com/110000-inspection/39b51de6-c470-4b92-b5dc-5e7eeb341997_1000.jpg!m_fill,w_280,h_210,f_jpg?from=ke.com
20240912,门头沟,大峪,101126350954,金泰丽湾悦栖山 人车分流 带电梯 双卫生间 采光好新上,485万,40077元/平,低楼层 (共21层) 2室1厅 | 121.02平米 | 南 北,https://ke-image.ljcdn.com/110000-inspection/pc1_nCnjzVgzH.jpg!m_fill,w_280,h_210,f_jpg?from=ke.com
20240912,门头沟,大峪,101126347871,花园洋房视野开阔南北通透四居室户型方正新上,678万,40290元/平,低楼层 (共6层) 4室2厅 | 168.28平米 | 南 北,https://ke-image.ljcdn.com/110000-inspection/pc1_T08iLx4WQ_1.jpg!m_fill,w_280,h_210,f_jpg?from=ke.com
20240912,门头沟,大峪,101126248113,华远裘马四季 4室2厅 南 北,899万,47066元/平,中楼层 (共24层) 4室2厅 | 191.01平米 | 南 北,https://ke-image.ljcdn.com/110000-inspection/cd2c3ab4-144d-4e5b-975b-86395795d8cd_1000.jpg!m_fill,w_280,h_210,f_jpg?from=ke.com
20240912,门头沟,大峪,101126245064,西山艺境3号院 4室4厅 东 南 北,969万,68593元/平,底层 (共9层) | 2015年 | 4室4厅 | 141.27平米 | 东 南 北,https://ke-image.ljcdn.com/110000-inspection/16c7751f-5071-4eee-9645-652fe7a7624a_1000.jpg!m_fill,w_280,h_210,f_jpg?from=ke.com
20240912,门头沟,大峪,101126227929,新桥南大街低楼层 南北两居室,158万,27153元/平,低楼层 (共6层) 2室1厅 | 58.19平米 | 南 北,https://ke-image.ljcdn.com/110000-inspection/e9731dcb-cde7-4bb3-99e3-3f2a40d80cb9_1000.jpg!m_fill,w_280,h_210,f_jpg?from=ke.com
20240912,门头沟,大峪,101126226646,新桥大街甲43号楼 2室1厅 南 北,198万,28490元/平,高楼层 (共6层) | 1987年 | 2室1厅 | 69.5平米 | 南 北,https://ke-image.ljcdn.com/110000-inspection/pc1_raHabcmIK.jpg!m_fill,w_280,h_210,f_jpg?from=ke.com
20240912,门头沟,大峪,101126221153,新桥路小区 2室1厅 南 北,128万,26091元/平,顶层 (共6层) 2室1厅 | 49.06平米 | 南 北,https://ke-image.ljcdn.com/110000-inspection/405f7d55-b222-4d2b-ae94-51c22b603495_1000.jpg!m_fill,w_280,h_210,f_jpg?from=ke.com
20240912,门头沟,大峪,101126219248,新桥路小区 2室1厅 南 北,149万,24584元/平,高楼层 (共6层) 2室1厅 | 60.61平米 | 南 北,https://ke-image.ljcdn.com/110000-inspection/30e9608a-4a7a-4973-bf26-74dd304f7fa5_1000.jpg!m_fill,w_280,h_210,f_jpg?from=ke.com
20240912,门头沟,大峪,101126206094,南北通透一室一厅高楼层采光好无遮挡明厨明卫！,125万,32561元/平,高楼层 (共6层) 1室1厅 | 38.39平米 | 南 北,https://ke-image.ljcdn.com/110000-inspection/pc1_nW8IpcIcT.jpg!m_fill,w_280,h_210,f_jpg?from=ke.com
20240912,门头沟,大峪,101126199727,高家园东街1号院 5室2厅 南 北,725万,49939元/平,顶层 (共6层) 5室2厅 | 145.18平米 | 南 北,https://ke-image.ljcdn.com/110000-inspection/40f8eb8f-c2f5-4ce1-82ec-e573c4c0eba6_1000.jpg!m_fill,w_280,h_210,f_jpg?from=ke.com
20240912,门头沟,大峪,101126198959,惠民家园二区 正规两居室 南北通透户型好,238万,31759元/平,底层 (共14层) | 2010年 | 2室1厅 | 74.94平米 | 南 北,https://ke-image.ljcdn.com/110000-inspection/c666f7c3-c9b5-4be3-871a-d819f3461e2c_1000.jpg!m_fill,w_280,h_210,f_jpg?from=ke.com
20240912,门头沟,大峪,101126198704,金泰丽湾悦栖山  正南朝向  采光好  无遮挡,318万,34279元/平,顶层 (共21层) 2室1厅 | 92.77平米 | 南,https://ke-image.ljcdn.com/110000-inspection/pc1_EvnEwOZ4n.jpg!m_fill,w_280,h_210,f_jpg?from=ke.com
20240912,门头沟,大峪,101126198298,桃园小区 2室1厅 南 北,179万,21690元/平,顶层 (共6层) 2室1厅 | 82.53平米 | 南 北,https://ke-image.ljcdn.com/110000-inspection/d0184ced-d20a-4197-b7c9-347962d81270_1000.jpg!m_fill,w_280,h_210,f_jpg?from=ke.com
20240912,门头沟,大峪,101126186610,大峪南路 2室1厅 南 北,185万,32790元/平,中楼层 (共6层) | 1980年 | 2室1厅 | 56.42平米 | 南 北,https://ke-image.ljcdn.com/110000-inspection/pc1_8IXmLHRvg.jpg!m_fill,w_280,h_210,f_jpg?from=ke.com
20240912,门头沟,大峪,101126165910,惠民家园一区 1室1厅 南,148万,30879元/平,高楼层 (共6层) | 2010年 | 1室1厅 | 47.93平米 | 南,https://ke-image.ljcdn.com/110000-inspection/pc1_cakQB9wZF.jpg!m_fill,w_280,h_210,f_jpg?from=ke.com
20240912,门头沟,大峪,101126143031,西山艺境6号院 4室2厅 南 北,1190万,59252元/平,顶层 (共4层) | 2015年 | 4室2厅 | 200.84平米 | 南 北,https://ke-image.ljcdn.com/110000-inspection/pc1_o8gC5vuxS_1.jpg!m_fill,w_280,h_210,f_jpg?from=ke.com
20240912,门头沟,大峪,101126140038,金泰丽湾悦栖山 房子中间楼层 全明格局 南北通透房主自荐,526万,36187元/平,中楼层 (共19层) 3室2厅 | 145.36平米 | 南 西 北,https://ke-image.ljcdn.com/110000-inspection/f28cee25-0777-4d35-b587-83f710c23738_1000.jpg!m_fill,w_280,h_210,f_jpg?from=ke.com
20240912,门头沟,大峪,101126127213,满五唯一住房东面采光好楼栋位于区域东侧位置好,120万,27555元/平,中楼层 (共5层) | 1970年 | 2室1厅 | 43.55平米 | 东,https://ke-image.ljcdn.com/110000-inspection/pc1_KMYaqftwt_1.jpg!m_fill,w_280,h_210,f_jpg?from=ke.com
20240912,门头沟,大峪,101126117600,门头沟区城区位置黑山北小街4号院南北通透全明户型,169万,33632元/平,底层 (共4层) 2室1厅 | 50.25平米 | 南 北,https://ke-image.ljcdn.com/110000-inspection/pc1_eAu6sxHOk_1.jpg!m_fill,w_280,h_210,f_jpg?from=ke.com
20240912,门头沟,大峪,101126115535,金泰丽湾悦栖山南北通透采光无遮挡。,819万,37174元/平,低楼层 (共19层) | 2015年 | 4室2厅 | 220.32平米 | 南 北,https://ke-image.ljcdn.com/110000-inspection/pc1_NxxbM8AhT_1.jpg!m_fill,w_280,h_210,f_jpg?from=ke.com
20240912,门头沟,大峪,101126113382,惠民家园二区商品房带电梯 正南朝向 采光好 无遮挡,260万,34488元/平,中楼层 (共11层) | 2010年 | 2室1厅 | 75.39平米 | 南,https://ke-image.ljcdn.com/110000-inspection/pc1_ixk6FvJgt_1.jpg!m_fill,w_280,h_210,f_jpg?from=ke.com
20240912,门头沟,大峪,101126105782,门头沟区城区位置惠民家园一区集中供暖的地暖低楼层,152万,31484元/平,低楼层 (共6层) | 2010年 | 1室0厅 | 48.28平米 | 南,https://ke-image.ljcdn.com/110000-inspection/pc1_IW6fxN5Fx.jpg!m_fill,w_280,h_210,f_jpg?from=ke.com
20240912,门头沟,大峪,101126103483,黑山东街     高楼层采光好,105万,25198元/平,顶层 (共7层) | 1994年 | 1室1厅 | 41.67平米 | 南,https://ke-image.ljcdn.com/110000-inspection/300a1fd2-a368-4121-8a92-c12e3d3fb3db_1000.jpg!m_fill,w_280,h_210,f_jpg?from=ke.com
20240912,门头沟,大峪,101126101496,西山艺境2号院 3室2厅 南 北,585万,48248元/平,中楼层 (共6层) 3室2厅 | 121.25平米 | 南 北,https://ke-image.ljcdn.com/110000-inspection/pc1_aGDfHaNL9.jpg!m_fill,w_280,h_210,f_jpg?from=ke.com
20240912,门头沟,大峪,101126098483,黑山北小街11号院南北朝向采光好,188万,26881元/平,中楼层 (共6层) 2室1厅 | 69.94平米 | 南 北,https://ke-image.ljcdn.com/110000-inspection/pc1_DY2yBMaeI.jpg!m_fill,w_280,h_210,f_jpg?from=ke.com
20240912,门头沟,大峪,101126080755,门头沟区华远裘马四季大平层精装修西南北三面采光,790万,41303元/平,中楼层 (共24层) 4室2厅 | 191.27平米 | 西南 北,https://ke-image.ljcdn.com/110000-inspection/f4100ea1-182d-4e7a-bd91-a847d5af3521_1000.jpg!m_fill,w_280,h_210,f_jpg?from=ke.com
20240912,门头沟,大峪,101126063137,黑山东街  精装修  南北通透  低楼层  户型好,205万,38119元/平,底层 (共6层) | 1980年 | 3室1厅 | 53.78平米 | 南 北,https://ke-image.ljcdn.com/110000-inspection/4abc6d13-3d57-4f89-ae24-1b08ae5618b8_1000.jpg!m_fill,w_280,h_210,f_jpg?from=ke.com
20240912,门头沟,大峪,101126046313,西山艺境5号院 南北通透洋房 精装修 环境好房主自荐,990万,58140元/平,底层 (共6层) 4室2厅 | 170.28平米 | 南 北,https://ke-image.ljcdn.com/110000-inspection/pc1_CUCKMF02R_1.jpg!m_fill,w_280,h_210,f_jpg?from=ke.com
20240912,门头沟,大峪,101125981249,大峪南路16号院楼层好适合居住,209万,28370元/平,中楼层 (共5层) | 1986年 | 3室1厅 | 73.67平米 | 南 北,https://ke-image.ljcdn.com/110000-inspection/d45c3f2c-3f05-42d5-a466-a1e11eba207e_1000.jpg!m_fill,w_280,h_210,f_jpg?from=ke.com
20240912,门头沟,大峪,101125969595,新桥39号院 采光好  无遮挡   南北通透,145万,22607元/平,顶层 (共6层) | 1995年 | 2室1厅 | 64.14平米 | 南 北,https://ke-image.ljcdn.com/110000-inspection/9da4e3f9-6c53-4729-bb14-bf1319e2162c_1000.jpg!m_fill,w_280,h_210,f_jpg?from=ke.com
20240912,门头沟,大峪,101125962171,新桥39号院 南北通透  采光好,155万,24166元/平,高楼层 (共6层) | 1995年 | 2室1厅 | 64.14平米 | 南 北,https://ke-image.ljcdn.com/110000-inspection/pc1_ERvRxcdj3_1.jpg!m_fill,w_280,h_210,f_jpg?from=ke.com
20240912,门头沟,大峪,101125959239,新桥路小区 2室1厅 南 北,153万,25547元/平,中楼层 (共6层) 2室1厅 | 59.89平米 | 南 北,https://ke-image.ljcdn.com/110000-inspection/9b2b13f9-bdcf-4a9b-a904-3b81444d0ffe_1000.jpg!m_fill,w_280,h_210,f_jpg?from=ke.com
20240912,门头沟,大峪,101125957822,大峪南路 2室1厅 东北,175万,23513元/平,中楼层 (共6层) 2室1厅 | 74.43平米 | 东北,https://ke-image.ljcdn.com/110000-inspection/pc1_VZGe8dTdf.jpg!m_fill,w_280,h_210,f_jpg?from=ke.com
20240912,门头沟,大峪,101125955532,大峪南路 3室1厅 西南,215万,28549元/平,底层 (共16层) | 1980年 | 3室1厅 | 75.31平米 | 西南,https://ke-image.ljcdn.com/110000-inspection/1a16812c-b0be-4b1b-a2bb-b24204687a1f_1000.jpg!m_fill,w_280,h_210,f_jpg?from=ke.com
20240912,门头沟,大峪,101125953174,此房南北通透采光好出行购物方便配套齐全,146万,27158元/平,中楼层 (共5层) 2室1厅 | 53.76平米 | 南 北,https://ke-image.ljcdn.com/110000-inspection/49fcdc05-78db-40af-8bfe-123d1d0316a5_1000.jpg!m_fill,w_280,h_210,f_jpg?from=ke.com
20240912,门头沟,大峪,101125951097,金泰丽湾悦栖山  南北通透  人车分流,480万,34196元/平,高楼层 (共21层) | 2016年 | 3室2厅 | 140.37平米 | 东 南 北,https://ke-image.ljcdn.com/110000-inspection/d7013501-2e37-40ef-8ccc-ee0239884925_1000.jpg!m_fill,w_280,h_210,f_jpg?from=ke.com
20240912,门头沟,大峪,101125916086,金泰丽湾悦栖山    高楼层采光好,349万,37359元/平,高楼层 (共21层) 2室1厅 | 93.42平米 | 南,https://ke-image.ljcdn.com/110000-inspection/cd978735-bad1-4dcc-9adb-ba45750f7464_1000.jpg!m_fill,w_280,h_210,f_jpg?from=ke.com
20240912,门头沟,大峪,101125915286,惠民家园二区       低楼层出入方便,295万,34580元/平,底层 (共9层) | 2010年 | 3室1厅 | 85.31平米 | 南 北,https://ke-image.ljcdn.com/110000-inspection/7cc98f05-43e6-4c16-b72b-92149608eb69_1000.jpg!m_fill,w_280,h_210,f_jpg?from=ke.com
20240912,门头沟,大峪,101125907952,黑山东街  三居室 采光好 无遮挡,198万,26386元/平,顶层 (共6层) | 1996年 | 3室1厅 | 75.04平米 | 南 北,https://ke-image.ljcdn.com/110000-inspection/3e748b63-c9e9-422b-92ed-f297bb5d1a11_1000.jpg!m_fill,w_280,h_210,f_jpg?from=ke.com
20240912,门头沟,大峪,101125898395,欧式装修 户型好 三居室 低楼层 适合三代居住！,450万,33777元/平,底层 (共21层) 3室1厅 | 133.23平米 | 南 北,https://ke-image.ljcdn.com/110000-inspection/31994041-522b-4393-a0c0-bb8bdeaac98f_1000.jpg!m_fill,w_280,h_210,f_jpg?from=ke.com
20240912,门头沟,大峪,101125897519,黑山东街南向一居室楼层高采光充足周边配套齐全,116万,27892元/平,高楼层 (共6层) 1室1厅 | 41.59平米 | 南,https://ke-image.ljcdn.com/110000-inspection/c5380d69-b836-498d-9a7e-0ed1a170505b_1000.jpg!m_fill,w_280,h_210,f_jpg?from=ke.com
20240912,门头沟,大峪,101125832088,西山艺境8号院 南北通透  视野宽阔 采光充足,899万,53547元/平,底层 (共6层) 4室2厅 | 167.89平米 | 南 北,https://ke-image.ljcdn.com/110000-inspection/pc1_N84p3RmHm_1.jpg!m_fill,w_280,h_210,f_jpg?from=ke.com
20240912,门头沟,大峪,101125819240,惠民家园二区 两居室 满五唯一住房,190万,31944元/平,中楼层 (共6层) 2室1厅 | 59.48平米 | 西,https://ke-image.ljcdn.com/110000-inspection/fc7b28f3-8786-4b2a-b291-dc37aafdb5cf_1000.jpg!m_fill,w_280,h_210,f_jpg?from=ke.com
20240912,门头沟,大峪,101125817148,惠民家园二区 低楼层 正南朝向 采光好 无遮挡,242万,32100元/平,底层 (共11层) | 2010年 | 2室1厅 | 75.39平米 | 南,https://ke-image.ljcdn.com/110000-inspection/pc1_BH6zGMNQm.jpg!m_fill,w_280,h_210,f_jpg?from=ke.com
20240912,门头沟,大峪,101125813736,惠民家园二区 一居室 楼层好 视野好,158万,29528元/平,高楼层 (共9层) | 2010年 | 1室0厅 | 53.51平米 | 东,https://ke-image.ljcdn.com/110000-inspection/pc1_dmOX8Fkzv_1.jpg!m_fill,w_280,h_210,f_jpg?from=ke.com
20240912,门头沟,大峪,101125811526,惠民家园二区 满五带电梯 次顶层 南北通透三居室,310万,36177元/平,高楼层 (共9层) | 2010年 | 3室1厅 | 85.69平米 | 南 北,https://ke-image.ljcdn.com/110000-inspection/f8759be0-17a3-4281-9540-25f432f837d5_1000.jpg!m_fill,w_280,h_210,f_jpg?from=ke.com
20240912,门头沟,大峪,101125807161,金泰丽湾悦栖山 电梯房 三居室 南北双通透 采光好,495万,36743元/平,高楼层 (共20层) 3室1厅 | 134.72平米 | 南 北,https://ke-image.ljcdn.com/110000-inspection/1c12020d-62a1-49cf-ab4d-8a18630507ef_1000.jpg!m_fill,w_280,h_210,f_jpg?from=ke.com
20240912,门头沟,大峪,101125781783,西山艺境3号院 车位,26万,7966元/平,地下室 (共1层) | 2015年 | 1室0厅 | 32.64平米 | 北,https://ke-image.ljcdn.com/110000-inspection/b67fae14-e8ce-4c9e-87a9-8aa919e3d7c2_1000.jpg!m_fill,w_280,h_210,f_jpg?from=ke.com
20240912,门头沟,大峪,101125743635,新桥大街39号院 南向房 两居室 采光好,143万,28583元/平,中楼层 (共5层) 2室1厅 | 50.03平米 | 南,https://ke-image.ljcdn.com/110000-inspection/pc1_8HvViBztw_1.jpg!m_fill,w_280,h_210,f_jpg?from=ke.com
20240912,门头沟,大峪,101125714868,惠民家园一区 2室1厅 南 北,210万,31594元/平,底层 (共6层) 2室1厅 | 66.47平米 | 南 北,https://ke-image.ljcdn.com/110000-inspection/pc1_9vaXw3k7p.jpg!m_fill,w_280,h_210,f_jpg?from=ke.com
20240912,门头沟,大峪,101125697414,金泰丽湾悦栖山 满五唯一商品房 2梯3户 正南朝向,426万,41794元/平,高楼层 (共20层) | 2016年 | 2室1厅 | 101.93平米 | 南,https://ke-image.ljcdn.com/110000-inspection/pc1_IIcOLbaPD_1.jpg!m_fill,w_280,h_210,f_jpg?from=ke.com
20240912,门头沟,大峪,101125661040,惠民家园一区 南向一居室 采光好 精装修,168万,34237元/平,高楼层 (共6层) 1室0厅 | 49.07平米 | 南,https://ke-image.ljcdn.com/110000-inspection/pc1_SX69Wi6pQ.jpg!m_fill,w_280,h_210,f_jpg?from=ke.com
20240912,门头沟,大峪,101125604689,新桥路小区 2室1厅 东 西,189万,29592元/平,低楼层 (共6层) 2室1厅 | 63.87平米 | 东 西,https://ke-image.ljcdn.com/110000-inspection/5b0f15c7-d54f-4d3a-b541-0422aba89d0e_1000.jpg!m_fill,w_280,h_210,f_jpg?from=ke.com
20240912,门头沟,大峪,101125533284,高家园东街1号院 3室1厅 南 北,680万,65822元/平,底层 (共6层) 3室1厅 | 103.31平米 | 南 北,https://ke-image.ljcdn.com/110000-inspection/9fee2f75-b988-423a-8f6c-10a0932f4332_1000.jpg!m_fill,w_280,h_210,f_jpg?from=ke.com
20240912,门头沟,大峪,101125445927,高家园东街一号院浅山源精装修南北通透三居室明厨明卫,480万,51909元/平,中楼层 (共6层) 3室1厅 | 92.47平米 | 南 北,https://ke-image.ljcdn.com/110000-inspection/pc1_hNjJGCQFl_1.jpg!m_fill,w_280,h_210,f_jpg?from=ke.com
20240912,门头沟,大峪,101125444424,新桥大街61号院 大两居室 采光好无遮挡房主自荐,198万,18901元/平,顶层 (共6层) | 1995年 | 2室2厅 | 104.76平米 | 东 西,https://ke-image.ljcdn.com/110000-inspection/pc1_xvdUVGt6l_1.jpg!m_fill,w_280,h_210,f_jpg?from=ke.com
20240912,门头沟,大峪,101125392077,精装修三居室拎包入住采光视线好人车分流小区,436万,41308元/平,中楼层 (共25层) | 2015年 | 3室1厅 | 105.55平米 | 东 南 西,https://ke-image.ljcdn.com/110000-inspection/91dfb997-530f-43cb-aea2-4da8b684f4d3_1000.jpg!m_fill,w_280,h_210,f_jpg?from=ke.com
20240912,门头沟,大峪,101125374297,此房南北通透格局精装修交通便利正规客厅,169万,27245元/平,顶层 (共6层) | 1994年 | 2室1厅 | 62.03平米 | 南 北,https://ke-image.ljcdn.com/110000-inspection/pc1_ipNZ19Dgx.jpg!m_fill,w_280,h_210,f_jpg?from=ke.com
20240912,门头沟,大峪,101125340432,大峪南路 1室1厅 南 北,110万,28424元/平,低楼层 (共6层) 1室1厅 | 38.7平米 | 南 北,https://ke-image.ljcdn.com/110000-inspection/pc1_RThzQ3dWn.jpg!m_fill,w_280,h_210,f_jpg?from=ke.com
20240912,门头沟,大峪,101125335454,大峪南路 2室1厅 西南,158万,22095元/平,顶层 (共6层) 2室1厅 | 71.51平米 | 西南,https://ke-image.ljcdn.com/110000-inspection/pc1_4LWzwLTku.jpg!m_fill,w_280,h_210,f_jpg?from=ke.com
20240912,门头沟,大峪,101125333573,西山艺境5号院下跃一梯两户集中供暖地暖房主自荐,956万,67434元/平,底层 (共6层) 5室3厅 | 141.77平米 | 南 北,https://ke-image.ljcdn.com/110000-inspection/pc1_XFM2yBmdl_1.jpg!m_fill,w_280,h_210,f_jpg?from=ke.com
20240912,门头沟,大峪,101125327097,南北通过格局合理 复式结构 视野好无遮挡 采光好,425万,37981元/平,高楼层 (共14层) | 2010年 | 3室2厅 | 111.9平米 | 南 北,https://ke-image.ljcdn.com/110000-inspection/pc1_q2VAYYUDT_1.jpg!m_fill,w_280,h_210,f_jpg?from=ke.com
20240912,门头沟,大峪,101125311694,金泰丽湾悦栖山人车分流商品房社区,879万,39897元/平,中楼层 (共19层) | 2015年 | 4室2厅 | 220.32平米 | 南 北,https://ke-image.ljcdn.com/110000-inspection/pc1_kErvHVCgb_1.jpg!m_fill,w_280,h_210,f_jpg?from=ke.com
20240912,门头沟,大峪,101125306892,新桥路小区14号楼高楼层采光好视野好,128万,23617元/平,顶层 (共6层) 2室1厅 | 54.2平米 | 南 北,https://ke-image.ljcdn.com/110000-inspection/4a476ebf-0360-46b5-acaf-12af61bfbb3a_1000.jpg!m_fill,w_280,h_210,f_jpg?from=ke.com
20240912,门头沟,大峪,101125239870,西山艺境8号院 车位,30万,9961元/平,地下室 | 2017年 | 1室0厅 | 30.12平米 | 南 北,https://ke-image.ljcdn.com/110000-inspection/c48bcb52-fb47-4608-9817-cad04bcdc314_1000.jpg!m_fill,w_280,h_210,f_jpg?from=ke.com
20240912,门头沟,大峪,101125231295,新桥大街61号院  正规两居室 中间楼层采光好,236万,26086元/平,中楼层 (共6层) | 1995年 | 2室1厅 | 90.47平米 | 南 北,https://ke-image.ljcdn.com/110000-inspection/775273f6-6d47-44eb-8a11-2a76eccc62ff_1000.jpg!m_fill,w_280,h_210,f_jpg?from=ke.com
20240912,门头沟,大峪,101125182018,黑山东街板楼低楼层南北通透采光无遮挡。,168万,29137元/平,底层 (共6层) 2室1厅 | 57.66平米 | 南 北,https://ke-image.ljcdn.com/110000-inspection/6a3133ee-b50f-4259-80b0-933bf627300c_1000.jpg!m_fill,w_280,h_210,f_jpg?from=ke.com
20240912,门头沟,大峪,101125165388,金泰丽湾悦西山   满五唯一  双卫三居室,456万,33848元/平,中楼层 (共20层) 3室2厅 | 134.72平米 | 南 北,https://ke-image.ljcdn.com/110000-inspection/pc1_1qxxPHxJP.jpg!m_fill,w_280,h_210,f_jpg?from=ke.com
20240912,门头沟,大峪,101125153228,黑山东街南北通透两居室看房随时,185万,32554元/平,中楼层 (共7层) | 1994年 | 2室1厅 | 56.83平米 | 南 北,https://ke-image.ljcdn.com/110000-inspection/pc1_2NkD3jc9W_1.jpg!m_fill,w_280,h_210,f_jpg?from=ke.com
20240912,门头沟,大峪,101125145086,满五年唯一 精装修 中间层 1993年建,162万,26493元/平,中楼层 (共6层) 2室1厅 | 61.15平米 | 东 西,https://ke-image.ljcdn.com/110000-inspection/865d6792-7fd4-4d39-b789-4aa9c51bb9d3_1000.jpg!m_fill,w_280,h_210,f_jpg?from=ke.com
20240912,门头沟,大峪,101125048651,大峪南路 2室1厅 南,125万,23230元/平,顶层 (共6层) 2室1厅 | 53.81平米 | 南,https://ke-image.ljcdn.com/110000-inspection/c69d9d64-5e0a-4f82-a220-9a14a0b71193_1000.jpg!m_fill,w_280,h_210,f_jpg?from=ke.com
20240912,门头沟,大峪,101125033470,紧挨着快4公交两居室高楼层 光好没遮挡,122万,24717元/平,顶层 (共6层) 2室1厅 | 49.36平米 | 南 北,https://ke-image.ljcdn.com/110000-inspection/pc1_c1Ozw1wEW_1.jpg!m_fill,w_280,h_210,f_jpg?from=ke.com
20240912,门头沟,大峪,101125019394,西山艺境华墅 4室2厅 南 北,1330万,58604元/平,中楼层 (共6层) 4室2厅 | 226.95平米 | 南 北,https://ke-image.ljcdn.com/110000-inspection/pc1_M7vr3ySZE.jpg!m_fill,w_280,h_210,f_jpg?from=ke.com
20240912,门头沟,大峪,101124952045,交通购物方便 经典2居室 通风效果好,156万,30368元/平,底层 (共6层) | 1993年 | 1室1厅 | 51.37平米 | 南 北,https://ke-image.ljcdn.com/110000-inspection/pc1_QBBne4u0h.jpg!m_fill,w_280,h_210,f_jpg?from=ke.com
20240912,门头沟,大峪,101124926490,新桥家园 满五唯一住房 后期费用低 看房方便,273万,29629元/平,低楼层 (共24层) 2室1厅 | 92.14平米 | 南,https://ke-image.ljcdn.com/110000-inspection/50cc981f-e5d8-4357-9340-abf6573590ce_1000.jpg!m_fill,w_280,h_210,f_jpg?from=ke.com
20240912,门头沟,大峪,101124829133,西山艺境6号院毛坯三居室新房交付状态没有住过人,599万,42513元/平,中楼层 (共9层) | 2015年 | 3室2厅 | 140.9平米 | 南 北,https://ke-image.ljcdn.com/110000-inspection/pc1_lYERITldt.jpg!m_fill,w_280,h_210,f_jpg?from=ke.com
20240912,门头沟,大峪,101124818170,房子是满五唯一商品房房龄新客厅大南北通透,169万,20423元/平,顶层 (共6层) 2室1厅 | 82.75平米 | 南 北,https://ke-image.ljcdn.com/110000-inspection/387ac4a3-9780-41c0-b81e-3b984a431339_1000.jpg!m_fill,w_280,h_210,f_jpg?from=ke.com
20240912,门头沟,大峪,101124811813,惠民家园二区       高楼层  采光好,428万,29857元/平,顶层 (共11层) | 2010年 | 4室2厅 | 143.35平米 | 南,https://ke-image.ljcdn.com/110000-inspection/b1c5d8e2-5259-4929-bf7d-54f8a49ee75e_1000.jpg!m_fill,w_280,h_210,f_jpg?from=ke.com
20240912,门头沟,大峪,101124806058,满五唯一标准价精装修正规一居室,125万,30034元/平,中楼层 (共7层) 1室1厅 | 41.62平米 | 西,https://ke-image.ljcdn.com/110000-inspection/pc1_pGJsxPS9W.jpg!m_fill,w_280,h_210,f_jpg?from=ke.com
20240912,门头沟,大峪,101124802567,西山艺境2号院 车位,38万,9789元/平,地下室 1室0厅 | 38.82平米 | 南,https://ke-image.ljcdn.com/110000-inspection/pc1_vkhpFZd3m.jpg!m_fill,w_280,h_210,f_jpg?from=ke.com
20240912,门头沟,大峪,101124800610,西山艺境华墅上下3层地暖无遮挡采光好,1160万,34276元/平,底层 (共5层) 5室3厅 | 338.43平米 | 南 北,https://ke-image.ljcdn.com/110000-inspection/pc1_7d9dUFl4v_1.jpg!m_fill,w_280,h_210,f_jpg?from=ke.com
20240912,门头沟,大峪,101124774765,黑山东街 满五唯一商品房 东西通透 明厨暗卫采光好,142万,24589元/平,顶层 (共7层) 2室1厅 | 57.75平米 | 东 西,https://ke-image.ljcdn.com/110000-inspection/9cf7abee-8d9f-4d19-af2c-97933ffde87f_1000.jpg!m_fill,w_280,h_210,f_jpg?from=ke.com
20240912,门头沟,大峪,101124745180,惠民二区   中间楼层  纯南2居,172万,28032元/平,中楼层 (共20层) | 2012年 | 2室1厅 | 61.36平米 | 南,https://ke-image.ljcdn.com/110000-inspection/pc1_WRI430CDy.jpg!m_fill,w_280,h_210,f_jpg?from=ke.com
20240912,门头沟,大峪,101124723701,西山艺境8号院精装修四居室 电梯洋房,675万,40239元/平,中楼层 (共6层) | 2018年 | 4室2厅 | 167.75平米 | 南 北,https://ke-image.ljcdn.com/110000-inspection/f64f4b09-4715-488b-ade9-24a8e8e0e270_1000.jpg!m_fill,w_280,h_210,f_jpg?from=ke.com
20240912,门头沟,大峪,101124690859,西山艺境华墅 南北通透下叠 交通便利 配套完善,1305万,38511元/平,底层 (共6层) 3室3厅 | 338.87平米 | 南 北,https://ke-image.ljcdn.com/110000-inspection/pc1_dyROor93p_1.jpg!m_fill,w_280,h_210,f_jpg?from=ke.com
20240912,门头沟,大峪,101124612834,西山艺境3号院 复式结构 采光视野开阔 签约随,670万,47691元/平,顶层 (共5层) | 2015年 | 5室3厅 | 140.49平米 | 南 西北,https://ke-image.ljcdn.com/110000-inspection/bb603190-88bc-4b96-a5e6-beedbcb7e404_1000.jpg!m_fill,w_280,h_210,f_jpg?from=ke.com
20240912,门头沟,大峪,101124591954,新桥大街61号院  满五唯一  方正大户型,336万,22586元/平,顶层 (共6层) | 1995年 | 4室2厅 | 148.77平米 | 南 北,https://ke-image.ljcdn.com/110000-inspection/pc1_7kzHekDOo.jpg!m_fill,w_280,h_210,f_jpg?from=ke.com
20240912,门头沟,大峪,101124562799,大峪南路 2室1厅 南 北,125万,22458元/平,顶层 (共6层) | 1982年 | 2室1厅 | 55.66平米 | 南 北,https://ke-image.ljcdn.com/110000-inspection/pc1_waECgeGgz.jpg!m_fill,w_280,h_210,f_jpg?from=ke.com
20240912,门头沟,大峪,101124505999,黑山北小街4号院南北朝向通风好,142万,26229元/平,中楼层 (共6层) 2室1厅 | 54.14平米 | 南 北,https://ke-image.ljcdn.com/110000-inspection/89834082-53a2-40a3-8e8a-45ed124b5b76_1000.jpg!m_fill,w_280,h_210,f_jpg?from=ke.com
20240912,门头沟,大峪,101124454136,西山艺境华墅 南北通透上跃 精装修 交通便利,1140万,56686元/平,顶层 (共5层) | 2017年 | 5室1厅 | 201.11平米 | 南 北,https://ke-image.ljcdn.com/110000-inspection/pc1_ndYg0epiZ_1.jpg!m_fill,w_280,h_210,f_jpg?from=ke.com
20240912,门头沟,大峪,101124439664,桃园小区大两居独立客厅独立餐厅,210万,24141元/平,底层 (共6层) | 2000年 | 2室2厅 | 86.99平米 | 南 北,https://ke-image.ljcdn.com/110000-inspection/pc1_03Qse02xo.jpg!m_fill,w_280,h_210,f_jpg?from=ke.com
20240912,门头沟,大峪,101124410391,东南朝向 格局合理 复式结构 视野好无遮挡 采光,480万,33508元/平,顶层 (共11层) 3室3厅 | 143.25平米 | 东 南,https://ke-image.ljcdn.com/110000-inspection/pc1_GtPxwJimL_1.jpg!m_fill,w_280,h_210,f_jpg?from=ke.com
20240912,门头沟,大峪,101124405741,黑山东街正规两居室楼龄相对新一些,152万,26362元/平,顶层 (共6层) | 1996年 | 2室1厅 | 57.66平米 | 南 北,https://ke-image.ljcdn.com/110000-inspection/9e235388-4e73-4d4d-bcb1-a21f4db301bf_1000.jpg!m_fill,w_280,h_210,f_jpg?from=ke.com
20240912,门头沟,大峪,101124351187,此房是业主唯一住房高楼层 采光好 视野好,263万,31128元/平,顶层 (共24层) | 2003年 | 1室1厅 | 84.49平米 | 东北,https://ke-image.ljcdn.com/110000-inspection/pc1_wN8v8wtWb.jpg!m_fill,w_280,h_210,f_jpg?from=ke.com
20240912,门头沟,大峪,101124314228,西山艺境6号院三居室精装在售。,620万,43212元/平,低楼层 (共9层) | 2015年 | 3室2厅 | 143.48平米 | 南 北,https://ke-image.ljcdn.com/110000-inspection/pc1_fGsuSwbIH.jpg!m_fill,w_280,h_210,f_jpg?from=ke.com
20240912,门头沟,大峪,101124295301,采光好 无遮挡 商品房 满五年 精装修 全明格局,895万,40623元/平,高楼层 (共19层) | 2015年 | 4室2厅 | 220.32平米 | 南 北,https://ke-image.ljcdn.com/110000-inspection/pc1_HEDQU1vyO.jpg!m_fill,w_280,h_210,f_jpg?from=ke.com
20240912,门头沟,大峪,101124284605,黑山东街 南北通透两居室  采光充足 业主诚心出售,140万,24635元/平,顶层 (共7层) 2室1厅 | 56.83平米 | 南 北,https://ke-image.ljcdn.com/110000-inspection/pc1_7sxyxbj4g.jpg!m_fill,w_280,h_210,f_jpg?from=ke.com
20240912,门头沟,大峪,101124271970,金泰丽湾悦栖山   正规三居室  楼层好 采光好,515万,38228元/平,中楼层 (共20层) 3室2厅 | 134.72平米 | 南 北,https://ke-image.ljcdn.com/110000-inspection/pc1_2DVkg7K1x.jpg!m_fill,w_280,h_210,f_jpg?from=ke.com
20240912,门头沟,大峪,101124254396,满五南北格局 生活配套基本齐全交通便利配套齐全,230万,31887元/平,中楼层 (共9层) | 2010年 | 2室1厅 | 72.13平米 | 南 北,https://ke-image.ljcdn.com/110000-inspection/bb373feb-c5a9-4e4c-a994-d871a868c0bc_1000.jpg!m_fill,w_280,h_210,f_jpg?from=ke.com
20240912,门头沟,大峪,101124244916,大峪南路 满五唯一  钢混结构有电梯  视野开阔采光好,182万,31310元/平,低楼层 (共16层) 2室1厅 | 58.13平米 | 东南,https://ke-image.ljcdn.com/110000-inspection/pc1_OVXgxYLSI.jpg!m_fill,w_280,h_210,f_jpg?from=ke.com
20240912,门头沟,大峪,101124196946,大峪南路带电梯的两居室 快4沿线  交通便利 配套齐全,155万,23799元/平,底层 (共16层) 2室1厅 | 65.13平米 | 东南,https://ke-image.ljcdn.com/110000-inspection/pc1_eIPFNRKbR.jpg!m_fill,w_280,h_210,f_jpg?from=ke.com
20240912,门头沟,大峪,101124192791,大峪南路 2室1厅 西北,160万,21405元/平,低楼层 (共6层) 2室1厅 | 74.75平米 | 西北,https://ke-image.ljcdn.com/110000-inspection/pc1_LYcBhz1p4_1.jpg!m_fill,w_280,h_210,f_jpg?from=ke.com
20240912,门头沟,大峪,101124186086,新桥路小区 精装修 看房方便 适合老人居住,175万,34067元/平,底层 (共6层) 1室1厅 | 51.37平米 | 东 西,https://ke-image.ljcdn.com/110000-inspection/pc1_XIWOc7hwY_1.jpg!m_fill,w_280,h_210,f_jpg?from=ke.com
20240912,门头沟,大峪,101124177535,此房满五南北通透 采光视野好交通便利配套设施齐全,178万,26828元/平,中楼层 (共6层) 2室1厅 | 66.35平米 | 南 北,https://ke-image.ljcdn.com/110000-inspection/ed0b40a9-c499-4fba-80a6-ca0c7bd9328c_1000.jpg!m_fill,w_280,h_210,f_jpg?from=ke.com
20240912,门头沟,大峪,101124157315,西山艺境南坡房三山环抱景色宜人清净地,1070万,32409元/平,底层 (共5层) | 2017年 | 5室2厅 | 330.16平米 | 南 北,https://ke-image.ljcdn.com/110000-inspection/pc1_ikVWpJy3b.jpg!m_fill,w_280,h_210,f_jpg?from=ke.com
20240912,门头沟,大峪,101124157202,惠民三区  南北西三面采光  满五唯一,206万,33988元/平,高楼层 (共20层) | 2012年 | 2室1厅 | 60.61平米 | 南 西 北,https://ke-image.ljcdn.com/110000-inspection/c667e197-d5f2-42c6-b550-80e4a51698c6_1000.jpg!m_fill,w_280,h_210,f_jpg?from=ke.com
20240912,门头沟,大峪,101124133276,新桥路小区 2室1厅 南 北,138万,27834元/平,顶层 (共6层) | 1992年 | 2室1厅 | 49.58平米 | 南 北,https://ke-image.ljcdn.com/110000-inspection/pc1_BdwPDQCZm_1.jpg!m_fill,w_280,h_210,f_jpg?from=ke.com
20240912,门头沟,大峪,101124013322,西山艺境华墅人车分流 安静出行购物都方便,1800万,45887元/平,底层 (共3层) 7室2厅 | 392.27平米 | 南 北,https://ke-image.ljcdn.com/110000-inspection/fb706be3-88bb-4b20-9946-72c8faed5f11_1000.jpg!m_fill,w_280,h_210,f_jpg?from=ke.com
20240912,门头沟,大峪,101123944073,西山艺境华墅 4室2厅 南 北,1148万,33998元/平,底层 (共5层) | 2017年 | 4室2厅 | 337.67平米 | 南 北,https://ke-image.ljcdn.com/110000-inspection/aa35f204-5340-4fe6-a884-3b7548fe9771_1000.jpg!m_fill,w_280,h_210,f_jpg?from=ke.com
20240912,门头沟,大峪,101123935264,新桥家园 满五唯一 高楼层 采光视野好,225万,28111元/平,高楼层 (共24层) 2室1厅 | 80.04平米 | 西 北,https://ke-image.ljcdn.com/110000-inspection/4a715273-0cfc-4001-864c-1af6d9611040_1000.jpg!m_fill,w_280,h_210,f_jpg?from=ke.com
20240912,门头沟,大峪,101123906032,此房满五唯一南北通透户型好,290万,21652元/平,顶层 (共6层) 4室1厅 | 133.94平米 | 南 北,https://ke-image.ljcdn.com/110000-inspection/bc7850fc-bbca-44c6-8db9-75e2c602d6a2_1000.jpg!m_fill,w_280,h_210,f_jpg?from=ke.com
20240912,门头沟,大峪,101123904499,高家园东街1号院 4室2厅 南 北,690万,66790元/平,底层 (共6层) 4室2厅 | 103.31平米 | 南 北,https://ke-image.ljcdn.com/110000-inspection/pc1_XoKvywz13.jpg!m_fill,w_280,h_210,f_jpg?from=ke.com
20240912,门头沟,大峪,101123882653,视野开阔南北通透花园洋房四居室户型方正,655万,39033元/平,低楼层 (共6层) | 2018年 | 4室2厅 | 167.81平米 | 南 北,https://ke-image.ljcdn.com/110000-inspection/pc1_BxIFU0Gec_1.jpg!m_fill,w_280,h_210,f_jpg?from=ke.com
20240912,门头沟,大峪,101123867102,西山艺境华墅 下叠毛坯诚意出售,1280万,47006元/平,底层 (共5层) 5室3厅 | 272.31平米 | 南 北,https://ke-image.ljcdn.com/110000-inspection/pc1_Q8TbO4T6Q.jpg!m_fill,w_280,h_210,f_jpg?from=ke.com
20240912,门头沟,大峪,101123856383,峪园小区 2室1厅 南 北,209万,30959元/平,低楼层 (共6层) 2室1厅 | 67.51平米 | 南 北,https://ke-image.ljcdn.com/110000-inspection/25bac3d4-b6df-4b31-880b-852ece736741_1000.jpg!m_fill,w_280,h_210,f_jpg?from=ke.com
20240912,门头沟,大峪,101123812261,满五唯一 花园下跃精装修 拎包入住,830万,65639元/平,底层 (共8层) | 2015年 | 4室1厅 | 126.45平米 | 南 北,https://ke-image.ljcdn.com/110000-inspection/pc1_Pn8cmoV6u.jpg!m_fill,w_280,h_210,f_jpg?from=ke.com
20240912,门头沟,大峪,101123793100,南北朝向 格局好 中间楼层无遮挡 采光好,182万,28336元/平,中楼层 (共19层) | 2012年 | 2室1厅 | 64.23平米 | 南 北,https://ke-image.ljcdn.com/110000-inspection/fc1f18e3-af8a-4173-9abc-bca75202d585_1000.jpg!m_fill,w_280,h_210,f_jpg?from=ke.com
20240912,门头沟,大峪,101123679904,西山艺境华墅 车位,40万,8491元/平,地下室 (共1层) | 2017年 | 1室0厅 | 47.11平米 | 北 南,https://ke-image.ljcdn.com/110000-inspection/7bb388e2-bef2-4525-aa3f-49a881603b3c_1000.jpg!m_fill,w_280,h_210,f_jpg?from=ke.com
20240912,门头沟,大峪,101123579856,桃园小区 2000年 满五唯一 大客厅 采光好,177万,23017元/平,顶层 (共6层) | 1999年 | 2室1厅 | 76.9平米 | 南 北,https://ke-image.ljcdn.com/110000-inspection/8ba2ac60-b50e-4e79-855f-e736c1caee86_1000.jpg!m_fill,w_280,h_210,f_jpg?from=ke.com
20240912,门头沟,大峪,101123514630,西山艺境华墅 5室2厅 南 北,990万,47801元/平,中楼层 (共5层) | 2017年 | 5室2厅 | 207.11平米 | 南 北,https://ke-image.ljcdn.com/110000-inspection/pc1_WJxULjw86_1.jpg!m_fill,w_280,h_210,f_jpg?from=ke.com
20240912,门头沟,大峪,101123469948,满五唯一  精装修随时看房 楼前绿化全南朝向两居室,350万,37679元/平,低楼层 (共21层) 2室1厅 | 92.89平米 | 南,https://ke-image.ljcdn.com/110000-inspection/cafb886f-6756-498e-b2e9-fc93f4d72ffa_1000.jpg!m_fill,w_280,h_210,f_jpg?from=ke.com
20240912,门头沟,大峪,101123422825,南北通透一层 两居室 看房随时有钥匙,166万,30073元/平,底层 (共6层) 2室1厅 | 55.2平米 | 南 北,https://ke-image.ljcdn.com/110000-inspection/pc1_YdNct0VKk_1.jpg!m_fill,w_280,h_210,f_jpg?from=ke.com
20240912,门头沟,大峪,101123408721,西山环路2号院 *西山艺境2号院,630万,44454元/平,中楼层 (共5层) | 2016年 | 3室2厅 | 141.72平米 | 南 北,https://ke-image.ljcdn.com/110000-inspection/3a670556-58e1-4e43-9b35-b08ba11504a5_1000.jpg!m_fill,w_280,h_210,f_jpg?from=ke.com
20240912,门头沟,大峪,101123336812,西山艺境华墅 3室2厅 北 东 南,855万,37681元/平,中楼层 (共5层) | 2017年 | 3室2厅 | 226.91平米 | 北 东 南,https://ke-image.ljcdn.com/110000-inspection/pc1_C6G4vFJeN_1.jpg!m_fill,w_280,h_210,f_jpg?from=ke.com
20240912,门头沟,大峪,101123318323,西山艺境7号院 南北通透 格局好 视野开阔 封闭式管理,1099万,64892元/平,底层 (共6层) | 2017年 | 4室1厅 | 169.36平米 | 南 北,https://ke-image.ljcdn.com/110000-inspection/pc1_L9pAx5J6Z.jpg!m_fill,w_280,h_210,f_jpg?from=ke.com
20240912,门头沟,大峪,101123258671,新桥  大街  甲43  号楼,138万,25509元/平,顶层 (共6层) 2室1厅 | 54.1平米 | 南 北,https://ke-image.ljcdn.com/110000-inspection/eb4646e6-3c28-47d8-be0e-1603cce51c7a_1000.jpg!m_fill,w_280,h_210,f_jpg?from=ke.com
20240912,门头沟,大峪,101123147005,西山艺境8号院 车位,30万,9961元/平,地下室 (共1层) 1室0厅 | 30.12平米 | 南,https://ke-image.ljcdn.com/110000-inspection/07dd4ce9-5d7d-491c-92b8-a2b248601821_1000.jpg!m_fill,w_280,h_210,f_jpg?from=ke.com
20240912,门头沟,大峪,101123145469,新桥家园满五唯一后期费用低视野开阔高楼层诚心出售,260万,31394元/平,高楼层 (共24层) | 2003年 | 2室1厅 | 82.82平米 | 东北,https://ke-image.ljcdn.com/110000-inspection/cfb51b04-21aa-4e5e-be4f-0a9f0e67c123_1000.jpg!m_fill,w_280,h_210,f_jpg?from=ke.com
20240912,门头沟,大峪,101123024349,桃园小区 满五唯一 中间楼层 楼龄新 视野采光都不错,225万,25677元/平,中楼层 (共6层) 2室2厅 | 87.63平米 | 东 西,https://ke-image.ljcdn.com/110000-inspection/0c34f13a-b96b-4944-902f-64b6251923f2_1000.jpg!m_fill,w_280,h_210,f_jpg?from=ke.com
20240912,门头沟,大峪,101122974159,新桥路此房满五唯一南北通透三居室房子是中楼层。,230万,30919元/平,中楼层 (共6层) | 1993年 | 3室1厅 | 74.39平米 | 南 西 北,https://ke-image.ljcdn.com/110000-inspection/pc1_mc6AgJMnh.jpg!m_fill,w_280,h_210,f_jpg?from=ke.com
20240912,门头沟,大峪,101122967494,黑山大街15号  满五唯一视野好没遮挡采光好。,190万,21363元/平,顶层 (共6层) 2室1厅 | 88.94平米 | 东 西,https://ke-image.ljcdn.com/110000-inspection/64b59b2d-2af7-4d51-8d05-73fd042948ba_1000.jpg!m_fill,w_280,h_210,f_jpg?from=ke.com
20240912,门头沟,大峪,101122863229,惠民家园二区   满五唯一电梯房采光充足,275万,36711元/平,中楼层 (共11层) 2室1厅 | 74.91平米 | 南 北,https://ke-image.ljcdn.com/110000-inspection/95a44a8c-750e-444c-8584-96561cb9349b_1000.jpg!m_fill,w_280,h_210,f_jpg?from=ke.com
20240912,门头沟,大峪,101122862608,大峪南路 2室1厅 东 南 北,162万,30157元/平,中楼层 (共6层) 2室1厅 | 53.72平米 | 东 南 北,https://ke-image.ljcdn.com/110000-inspection/pc1_RMr4TAXQm.jpg!m_fill,w_280,h_210,f_jpg?from=ke.com
20240912,门头沟,大峪,101122450527,华远裘马四季精装修大平层户型方正,780万,40781元/平,中楼层 (共24层) 4室2厅 | 191.27平米 | 南 西 北,https://ke-image.ljcdn.com/110000-inspection/pc1_eeXhbhYJs.jpg!m_fill,w_280,h_210,f_jpg?from=ke.com
20240912,门头沟,大峪,101122107414,西山艺境3号院 上叠户型 看房方便 小区安静,750万,43631元/平,顶层 (共8层) | 2015年 | 5室2厅 | 171.9平米 | 南 北,https://ke-image.ljcdn.com/110000-inspection/pc1_vyTZVloSd.jpg!m_fill,w_280,h_210,f_jpg?from=ke.com
20240912,门头沟,大峪,101122025026,西山艺境8号院 南北通透 四居室洋房 交通便利,670万,39789元/平,低楼层 (共6层) | 2018年 | 4室2厅 | 168.39平米 | 南 北,https://ke-image.ljcdn.com/110000-inspection/pc1_sCICOLF0r_1.jpg!m_fill,w_280,h_210,f_jpg?from=ke.com
20240912,门头沟,大峪,101121950669,满五唯一标准价中楼层前后无遮挡房主自荐,230万,27869元/平,中楼层 (共6层) 2室1厅 | 82.53平米 | 南 北,https://ke-image.ljcdn.com/110000-inspection/f329cfbd-b8ac-447b-b608-86d993506100_1000.jpg!m_fill,w_280,h_210,f_jpg?from=ke.com
20240912,门头沟,大峪,101121883035,西山艺境华墅 南北通透 采光好 视野佳,945万,36542元/平,顶层 (共5层) | 2017年 | 3室2厅 | 258.61平米 | 南 北,https://ke-image.ljcdn.com/110000-inspection/9029b48d-ac4b-48c5-be8d-2c68d1da6dc1_1000.jpg!m_fill,w_280,h_210,f_jpg?from=ke.com
20240912,门头沟,大峪,101121862163,门城城区华远裘马四季精装大平层,780万,47020元/平,低楼层 (共24层) 4室2厅 | 165.89平米 | 西南 北,https://ke-image.ljcdn.com/110000-inspection/pc1_NLmSpi4U0.jpg!m_fill,w_280,h_210,f_jpg?from=ke.com
20240912,门头沟,大峪,101121788467,西山艺境华墅 此房三面花园视野开阔配套设施完善,890万,31882元/平,底层 (共5层) | 2017年 | 5室2厅 | 279.16平米 | 南 北,https://ke-image.ljcdn.com/110000-inspection/0c66b89c-0ea6-4816-9c4b-d7bcd3e837ed_1000.jpg!m_fill,w_280,h_210,f_jpg?from=ke.com
20240912,门头沟,大峪,101121729255,门头沟区城区华远裘马四季精装大平层,898万,57417元/平,底层 (共24层) 3室2厅 | 156.4平米 | 东南 北,https://ke-image.ljcdn.com/110000-inspection/pc1_X6SUpAypU.jpg!m_fill,w_280,h_210,f_jpg?from=ke.com
20240912,门头沟,大峪,101121301644,华远裘马四季南北朝向采光好,930万,48630元/平,高楼层 (共24层) 4室2厅 | 191.24平米 | 南 北,https://ke-image.ljcdn.com/110000-inspection/b05a0e55-1376-46f3-9ad9-af84e5da38b3_1000.jpg!m_fill,w_280,h_210,f_jpg?from=ke.com
20240912,门头沟,大峪,101121214753,桃园小区 2室1厅 东 西,280万,28119元/平,低楼层 (共6层) | 2002年 | 2室1厅 | 99.58平米 | 东 西,https://ke-image.ljcdn.com/110000-inspection/28b0e2be-30fc-439d-b2cf-138cc587ca3e_1000.jpg!m_fill,w_280,h_210,f_jpg?from=ke.com
20240912,门头沟,大峪,101121163667,小区人车分流地下车库电梯直达出行方便,18万,12694元/平,地下室 (共21层) 1室0厅 | 14.18平米 | 南,https://ke-image.ljcdn.com/110000-inspection/pc1_wyTUPKEP7_1.jpg!m_fill,w_280,h_210,f_jpg?from=ke.com
20240912,门头沟,大峪,101120988302,西山艺境华墅精装修下叠 看房方便 业主诚心出售,1360万,40279元/平,底层 (共5层) | 2017年 | 4室2厅 | 337.65平米 | 南 北,https://ke-image.ljcdn.com/110000-inspection/pc1_AeZTxaWUE_1.jpg!m_fill,w_280,h_210,f_jpg?from=ke.com
20240912,门头沟,大峪,101120949126,西山艺境华墅 大联排 南北通透 环境优美房主自荐,1980万,54621元/平,底层 (共1层) | 2017年 | 4室2厅 | 362.5平米 | 南 北,https://ke-image.ljcdn.com/110000-inspection/pc1_ATLZnxHaW_1.jpg!m_fill,w_280,h_210,f_jpg?from=ke.com
20240912,门头沟,大峪,101120846274,华远裘马四季南北通透精装修大平层 采光通风好,910万,47585元/平,低楼层 (共24层) 4室2厅 | 191.24平米 | 南 北,https://ke-image.ljcdn.com/110000-inspection/d2711156-ae57-4eae-ab97-5b3b85508706_1000.jpg!m_fill,w_280,h_210,f_jpg?from=ke.com
20240912,门头沟,大峪,101120610173,西山艺境6号院三室两厅两卫集中供暖交通便利房主自荐,600万,48591元/平,中楼层 (共8层) | 2015年 | 3室2厅 | 123.48平米 | 南 北,https://ke-image.ljcdn.com/110000-inspection/ab1e05e4-c6a8-4267-a179-71ab1f7453da_1000.jpg!m_fill,w_280,h_210,f_jpg?from=ke.com
20240912,门头沟,大峪,101120544702,此房南北通透户型方正没有浪费空间业主诚意出售,210万,26630元/平,中楼层 (共6层) 3室1厅 | 78.86平米 | 南 北,https://ke-image.ljcdn.com/110000-inspection/49879dd4-a118-4b47-86d3-0634cfdbe0b8_1000.jpg!m_fill,w_280,h_210,f_jpg?from=ke.com
20240912,门头沟,大峪,101120269234,高家园东街1号院 电梯花园洋房 正规三居室 明厨明卫,500万,54072元/平,高楼层 (共6层) 3室1厅 | 92.47平米 | 南 北 东,https://ke-image.ljcdn.com/110000-inspection/pc1_HZCnD4Yxi.jpg!m_fill,w_280,h_210,f_jpg?from=ke.com
20240912,门头沟,大峪,101120145533,房子满五唯一 正规两居室 南北通透 简单装修。,165万,26601元/平,顶层 (共6层) | 1995年 | 2室1厅 | 62.03平米 | 北 南,https://ke-image.ljcdn.com/110000-inspection/pc1_ZjSWl7OZ3_1.jpg!m_fill,w_280,h_210,f_jpg?from=ke.com
20240912,门头沟,大峪,101120034975,满五唯一 联排别墅 精装修 带车位,1490万,83488元/平,底层 (共4层) | 2015年 | 4室3厅 | 178.47平米 | 南 北,https://ke-image.ljcdn.com/110000-inspection/pc1_wS2pNehUW_1.jpg!m_fill,w_280,h_210,f_jpg?from=ke.com
20240912,门头沟,大峪,101119919236,惠民家园 满五唯一 南北通透 前后无遮挡,242万,30579元/平,高楼层 (共6层) | 2010年 | 2室1厅 | 79.14平米 | 南 北,https://ke-image.ljcdn.com/110000-inspection/pc1_b4Ykgo1WE.jpg!m_fill,w_280,h_210,f_jpg?from=ke.com
20240912,门头沟,大峪,101119451128,西山艺境6号院 精装修联排 一层有花园 配套齐全,1300万,69739元/平,顶层 (共4层) | 2015年 | 5室2厅 | 186.41平米 | 北 南,https://ke-image.ljcdn.com/110000-inspection/pc1_5WEguv5pU.jpg!m_fill,w_280,h_210,f_jpg?from=ke.com
20240912,门头沟,大峪,101118978297,西山艺境华墅 南北通透 视野好 交通便利,920万,41035元/平,中楼层 (共5层) | 2017年 | 4室2厅 | 224.2平米 | 南 北,https://ke-image.ljcdn.com/110000-inspection/919025c3-113c-4cc4-b2af-5c16a06289e0_1000.jpg!m_fill,w_280,h_210,f_jpg?from=ke.com
20240912,门头沟,大峪,101118880462,华远裘马四季 南北通透精装修大平层 采光通风好,770万,46408元/平,低楼层 (共24层) 4室2厅 | 165.92平米 | 南 北,https://ke-image.ljcdn.com/110000-inspection/pc1_7kkdiQTh7_1.jpg!m_fill,w_280,h_210,f_jpg?from=ke.com
20240912,门头沟,大峪,101117928559,西山艺境6号院业主自住 南北通透 把边 精装 拎包入住房主自荐,1890万,94105元/平,顶层 (共4层) | 2015年 | 4室2厅 | 200.84平米 | 南 北,https://ke-image.ljcdn.com/110000-inspection/f4fd4289-4c10-4e15-877c-76bf82916f79_1000.jpg!m_fill,w_280,h_210,f_jpg?from=ke.com
20240912,门头沟,大峪,101117663020,此房视野开阔南侧无遮挡独门独院地下室南侧有窗,1930万,53525元/平,底层 (共3层) 5室3厅 | 360.58平米 | 南 北,https://ke-image.ljcdn.com/110000-inspection/189e5f18-add8-4a70-a9de-23b0d6363171_1000.jpg!m_fill,w_280,h_210,f_jpg?from=ke.com
20240912,门头沟,大峪,101126476189,大峪南路 2室1厅 南 北,155万,28806元/平,低楼层 (共6层) 2室1厅 | 53.81平米 | 南 北,https://s1.ljcdn.com/pegasus/redskull/images/common/default_house_list.png?_v=20240826145726
20240912,门头沟,大峪,101126452586,西山艺境7号院 4室1厅 南 北新上,459万,27533元/平,中楼层 (共6层) 4室1厅 | 166.71平米 | 南 北,https://s1.ljcdn.com/pegasus/redskull/images/common/default_house_list.png?_v=20240826145726
20240912,门头沟,大峪,101126387821,中昂时代广场 1室1厅 东南新上,62万,14459元/平,低楼层 (共18层) 1室1厅 | 42.88平米 | 东南,https://s1.ljcdn.com/pegasus/redskull/images/common/default_house_list.png?_v=20240826145726
20240912,门头沟,大峪,101126272836,大峪南路 2室1厅 南 北,158万,29750元/平,中楼层 (共5层) 2室1厅 | 53.11平米 | 南 北,https://s1.ljcdn.com/pegasus/redskull/images/common/default_house_list.png?_v=20240826145726
20240912,门头沟,大峪,101126249264,大峪南路 2室1厅 南 北,128万,23337元/平,高楼层 (共6层) | 1980年 | 2室1厅 | 54.85平米 | 南 北,https://s1.ljcdn.com/pegasus/redskull/images/common/default_house_list.png?_v=20240826145726
20240912,门头沟,大峪,101126247540,西山艺境华墅商品房满2年无遮挡采光好视野开阔,986万,34603元/平,底层 (共5层) | 2017年 | 5室2厅 | 284.95平米 | 南 北,https://s1.ljcdn.com/pegasus/redskull/images/common/default_house_list.png?_v=20240826145726
20240912,门头沟,大峪,101126181104,新桥家园 2室2厅 东北,325万,29743元/平,高楼层 (共24层) 2室2厅 | 109.27平米 | 东北,https://s1.ljcdn.com/pegasus/redskull/images/common/default_house_list.png?_v=20240826145726
20240912,门头沟,大峪,101126110786,中昂时代广场 东西通透 户型方正,95万,17081元/平,中楼层 (共19层) | 2018年 | 2室1厅 | 55.62平米 | 东 西,https://s1.ljcdn.com/pegasus/redskull/images/common/default_house_list.png?_v=20240826145726
20240912,门头沟,大峪,101125986952,门头沟京汉铂寓 精装修三居室 南北通透视野好采光,406万,37382元/平,高楼层 (共9层) 3室1厅 | 108.61平米 | 南 北,https://s1.ljcdn.com/pegasus/redskull/images/common/default_house_list.png?_v=20240826145726
20240912,门头沟,大峪,101125948253,交通便利 集中供暖 配套齐全 看房方便,87万,16556元/平,中楼层 (共19层) | 2018年 | 2室1厅 | 52.55平米 | 南,https://s1.ljcdn.com/pegasus/redskull/images/common/default_house_list.png?_v=20240826145726
20240912,门头沟,大峪,101125801708,西山艺境7号院 4室1厅 南,488万,28439元/平,低楼层 (共6层) 4室1厅 | 171.6平米 | 南,https://s1.ljcdn.com/pegasus/redskull/images/common/default_house_list.png?_v=20240826145726
20240912,门头沟,大峪,101125315042,中昂时代广场 配套齐全 交通便利 落地窗,70万,16840元/平,中楼层 (共17层) | 2018年 | 1室1厅 | 41.57平米 | 东,https://s1.ljcdn.com/pegasus/redskull/images/common/default_house_list.png?_v=20240826145726
20240912,门头沟,大峪,101125096293,中昂时代广场 集中供暖 采光充足 户型方正,69万,16171元/平,中楼层 (共18层) 2室1厅 | 42.67平米 | 东北,https://s1.ljcdn.com/pegasus/redskull/images/common/default_house_list.png?_v=20240826145726
20240912,门头沟,大峪,101124527126,华远西山雅园南北通透格局视野宽阔配套设施全,332万,37358元/平,低楼层 (共28层) 3室1厅 | 88.87平米 | 南 北,https://s1.ljcdn.com/pegasus/redskull/images/common/default_house_list.png?_v=20240826145726
20240912,门头沟,大峪,101124343187,门城城区位置中昂时代广场精装修,67万,18133元/平,中楼层 (共19层) | 2017年 | 1室1厅 | 36.95平米 | 南,https://s1.ljcdn.com/pegasus/redskull/images/common/default_house_list.png?_v=20240826145726
20240912,门头沟,大峪,101124198389,交通便利 集中供暖 配套齐全 看房方便,62万,16780元/平,中楼层 (共19层) | 2017年 | 1室1厅 | 36.95平米 | 北 东,https://s1.ljcdn.com/pegasus/redskull/images/common/default_house_list.png?_v=20240826145726
20240912,门头沟,大峪,101123259498,交通便利 集中供暖 配套齐全 看房方便,70万,18945元/平,中楼层 (共19层) | 2017年 | 1室1厅 | 36.95平米 | 东北,https://s1.ljcdn.com/pegasus/redskull/images/common/default_house_list.png?_v=20240826145726
20240912,门头沟,大峪,101122935271,中昂时代广场 户型方正 配套齐全 交通便利,68万,19791元/平,中楼层 (共19层) | 2017年 | 1室1厅 | 34.36平米 | 西,https://s1.ljcdn.com/pegasus/redskull/images/common/default_house_list.png?_v=20240826145726
20240912,门头沟,大峪,101120972235,中昂时代广场 交通便利 集中供暖 老城区位置,125万,18418元/平,高楼层 (共19层) | 2018年 | 2室1厅 | 67.87平米 | 东北,https://s1.ljcdn.com/pegasus/redskull/images/common/default_house_list.png?_v=20240826145726
20240912,门头沟,大峪,101120891092,西山艺境7号院 南向 精装修 环境好,133万,17865元/平,低楼层 (共6层) | 2018年 | 2室1厅 | 74.45平米 | 南,https://s1.ljcdn.com/pegasus/redskull/images/common/default_house_list.png?_v=20240826145726
