20240924,丰台,和义,101126649929,南四环 8号线地铁 5层南北三居 格局方正必看好房,260万,34695元/平,高楼层 (共6层) 3室1厅 | 74.94平米 | 南 北,https://ke-image.ljcdn.com/110000-inspection/3ee1913b-3026-48e7-9b81-bf6d0ae3961e_1000.jpg!m_fill,w_280,h_210,f_jpg?from=ke.com
20240924,丰台,和义,101126520435,和义西里三区中间层南北通透的三居室必看好房,488万,38602元/平,中楼层 (共6层) 3室1厅 | 126.42平米 | 南 北,https://ke-image.ljcdn.com/110000-inspection/6d0b2a20-9751-4197-8416-c1d06d8e4aea_1000.jpg!m_fill,w_280,h_210,f_jpg?from=ke.com
20240924,丰台,和义,101125707728,丰台 南四环 湿地公园旁 中间层 配套齐全必看好房,190万,31536元/平,中楼层 (共6层) 2室1厅 | 60.25平米 | 东北,https://ke-image.ljcdn.com/110000-inspection/79f1a21a-e335-46f7-b7fd-10493c72ace6_1000.jpg!m_fill,w_280,h_210,f_jpg?from=ke.com
20240924,丰台,和义,101126702119,首付58万 满五年唯一商品房 2009年建成必看好房,300万,30823元/平,高楼层 (共6层) | 2009年 | 2室1厅 | 97.33平米 | 南 北,https://ke-image.ljcdn.com/110000-inspection/101b6043-0bef-4de9-9d5c-f07d180e9478_1000.jpg!m_fill,w_280,h_210,f_jpg?from=ke.com
20240924,丰台,和义,101126586144,南四环 中轴路 8号线和义站 2004年商品房必看好房,235万,31163元/平,顶层 (共6层) | 2004年 | 2室1厅 | 75.41平米 | 南 北,https://ke-image.ljcdn.com/110000-inspection/pc1_xn4ZZCIyo_1.jpg!m_fill,w_280,h_210,f_jpg?from=ke.com
20240924,丰台,和义,101126306606,南四环 南苑北里 满五年唯一 二层 地铁八号线和义,275万,36697元/平,低楼层 (共6层) 3室1厅 | 74.94平米 | 南 北,https://ke-image.ljcdn.com/110000-inspection/b3ec6192-7cea-4966-90be-f5c7a2d5e4c8_1000.jpg!m_fill,w_280,h_210,f_jpg?from=ke.com
20240924,丰台,和义,101126226232,此房是满五年且唯一南北通透近地铁采光充足,203万,34501元/平,高楼层 (共6层) 2室1厅 | 58.84平米 | 南 北,https://ke-image.ljcdn.com/110000-inspection/0d9cf198-8630-488c-b940-7c24c08fdb40_1000.jpg!m_fill,w_280,h_210,f_jpg?from=ke.com
20240924,丰台,和义,101126180578,南北通透两居室客厅有窗诚心出售,252万,37478元/平,低楼层 (共6层) 2室1厅 | 67.24平米 | 南 北,https://ke-image.ljcdn.com/110000-inspection/bcf323af-c561-4fc3-bb1f-430d5e82ad15_1000.jpg!m_fill,w_280,h_210,f_jpg?from=ke.com
20240924,丰台,和义,101126018605,满五年且家庭名下唯一住房南北通透一层,205万,37253元/平,底层 (共4层) 2室1厅 | 55.03平米 | 南 北,https://ke-image.ljcdn.com/110000-inspection/8f22bcf6-0690-43b9-9fbf-b59902937979_1000.jpg!m_fill,w_280,h_210,f_jpg?from=ke.com
20240924,丰台,和义,101125935697,南苑北里二区 南北通透 两居室 诚心卖 有钥匙房主自荐,207万,33544元/平,中楼层 (共6层) | 1995年 | 2室1厅 | 61.71平米 | 南 北,https://ke-image.ljcdn.com/110000-inspection/pc1_uLh2GLHOS_1.jpg!m_fill,w_280,h_210,f_jpg?from=ke.com
20240924,丰台,和义,101125810644,此房是满五年且唯一南北通透近地铁采光充足房主自荐,206万,36892元/平,中楼层 (共6层) | 1993年 | 2室1厅 | 55.84平米 | 南 北,https://ke-image.ljcdn.com/110000-inspection/35b0ff73-3721-4a62-b52a-87fb04e30e42_1000.jpg!m_fill,w_280,h_210,f_jpg?from=ke.com
20240924,丰台,和义,101125239552,和义西里二区 经典大三居诚意出售价格可谈,310万,29620元/平,顶层 (共6层) 3室1厅 | 104.66平米 | 南 西 北,https://ke-image.ljcdn.com/110000-inspection/8d25bcf8-20be-406f-9d9d-fbbd0e30dc3f_1000.jpg!m_fill,w_280,h_210,f_jpg?from=ke.com
20240924,丰台,和义,101125168227,首付40万 满五年唯一 低楼层 南北通透 近地铁必看好房,205万,34740元/平,低楼层 (共6层) 2室1厅 | 59.01平米 | 南 北,https://ke-image.ljcdn.com/110000-inspection/pc1_4AvIi6QOK.jpg!m_fill,w_280,h_210,f_jpg?from=ke.com
20240924,丰台,和义,101124682567,南四环 和义八号线 久敬佳园 07年钢混结构 二层,438万,43574元/平,低楼层 (共6层) | 2007年 | 2室1厅 | 100.52平米 | 南 北,https://ke-image.ljcdn.com/110000-inspection/pc1_Iq8axMX1S.jpg!m_fill,w_280,h_210,f_jpg?from=ke.com
20240924,丰台,和义,101124569486,南北通透采光充足看房方便诚心出售,233万,35325元/平,中楼层 (共6层) 2室1厅 | 65.96平米 | 南 北,https://ke-image.ljcdn.com/110000-inspection/pc1_z8pX8j5WM_1.jpg!m_fill,w_280,h_210,f_jpg?from=ke.com
20240924,丰台,和义,101123774375,南花北里三区采光好近地铁的两居室,178万,28471元/平,顶层 (共6层) 2室1厅 | 62.52平米 | 西 南,https://ke-image.ljcdn.com/110000-inspection/pc1_oFkllUiyi.jpg!m_fill,w_280,h_210,f_jpg?from=ke.com
20240924,丰台,和义,101122913715,和义西里2004年落地飘窗近地铁南北通透的两居室。必看好房,380万,45806元/平,中楼层 (共5层) | 2004年 | 2室2厅 | 82.96平米 | 南 北,https://ke-image.ljcdn.com/110000-inspection/pc1_ShZDdukhn.jpg!m_fill,w_280,h_210,f_jpg?from=ke.com
20240924,丰台,和义,101122689884,丰台四环外 中间层  南向一居室 地铁200米随时可看。房主自荐,160万,41259元/平,中楼层 (共6层) | 1985年 | 1室1厅 | 38.78平米 | 南,https://ke-image.ljcdn.com/110000-inspection/99b0d984-9409-4c25-b289-31d4ecb3de7e_1000.jpg!m_fill,w_280,h_210,f_jpg?from=ke.com
20240924,丰台,和义,101122631284,南四环 南苑北里 中间层 精装修 南北通透 客厅有窗户,280万,36679元/平,中楼层 (共6层) 3室1厅 | 76.34平米 | 南 北,https://ke-image.ljcdn.com/110000-inspection/cd49f772-00d6-4f37-a0be-b29b070f6163_1000.jpg!m_fill,w_280,h_210,f_jpg?from=ke.com
20240924,丰台,和义,101122562081,房子满五年唯一商品房价格可谈随时签约,320万,33134元/平,顶层 (共6层) | 2005年 | 2室1厅 | 96.58平米 | 东南,https://ke-image.ljcdn.com/110000-inspection/b0d42f2a-a0f1-4b2b-b983-e85102f908ee_1000.jpg!m_fill,w_280,h_210,f_jpg?from=ke.com
20240924,丰台,和义,101122059346,和义东里五区 满五年唯一商品房 南北通透 带东窗,209万,36790元/平,高楼层 (共6层) 2室1厅 | 56.81平米 | 东 南 北,https://ke-image.ljcdn.com/110000-inspection/d7f3935c-0eac-4be1-ada0-3ea4ea07163e_1000.jpg!m_fill,w_280,h_210,f_jpg?from=ke.com
20240924,丰台,和义,101120823277,户型方正有电梯出行方便楼层好采光充足。,465万,47319元/平,中楼层 (共10层) | 2007年 | 2室1厅 | 98.27平米 | 西南,https://ke-image.ljcdn.com/110000-inspection/pc1_InbG4GcgP.jpg!m_fill,w_280,h_210,f_jpg?from=ke.com
20240924,丰台,和义,101120567497,和义东里五区近地铁满五年唯一5层采光好房子精装修,238万,40339元/平,高楼层 (共6层) | 1984年 | 2室1厅 | 59平米 | 南 北,https://ke-image.ljcdn.com/110000-inspection/60c42e26-28d4-4524-a063-9da2d140c7b3_1000.jpg!m_fill,w_280,h_210,f_jpg?from=ke.com
20240924,丰台,和义,101118709818,丰台南四环 次顶层南向 不临街 无遮挡 满五唯一商品房,146万,30992元/平,高楼层 (共6层) | 1996年 | 1室1厅 | 47.11平米 | 南,https://ke-image.ljcdn.com/110000-inspection/2b0d2183-eda4-4a31-be40-4e160eb7a566_1000.jpg!m_fill,w_280,h_210,f_jpg?from=ke.com
20240924,丰台,和义,101117973745,房子是南北通透的两居室采光视野好看房效果很不错,399万,37287元/平,顶层 (共6层) | 2000年 | 2室2厅 | 107.01平米 | 南 北,https://ke-image.ljcdn.com/110000-inspection/65d29ddc-e740-442b-9507-91bfe526e5c6_1000.jpg!m_fill,w_280,h_210,f_jpg?from=ke.com
20240924,丰台,和义,101126495019,和义西里三区中间层南北通透一居室,183万,34270元/平,中楼层 (共6层) | 2000年 | 1室1厅 | 53.4平米 | 南 北,https://ke-image.ljcdn.com/110000-inspection/8655c43f-f89e-4efa-8e5a-561886f14137_1000.jpg!m_fill,w_280,h_210,f_jpg?from=ke.com
20240924,丰台,和义,101126387429,世嘉丽晶 经典大三居 诚意出售 价格可谈,545万,43203元/平,底层 (共6层) 3室1厅 | 126.15平米 | 南 北,https://ke-image.ljcdn.com/110000-inspection/599564e0-bf55-4b3b-bc9e-436f6d8264d7_1000.jpg!m_fill,w_280,h_210,f_jpg?from=ke.com
20240924,丰台,和义,101125788850,和义东里五区 满五唯一 精装修 近地铁 中间楼层,212万,35927元/平,中楼层 (共6层) 2室1厅 | 59.01平米 | 南 北,https://ke-image.ljcdn.com/110000-inspection/91f6a8ed-c358-43cd-b655-964bebbfe02c_1000.jpg!m_fill,w_280,h_210,f_jpg?from=ke.com
20240924,丰台,和义,101125419445,大红门和义西里 组合可贷30年 3层首付85万即可必看好房,388万,40684元/平,中楼层 (共6层) | 2009年 | 2室1厅 | 95.37平米 | 南 北,https://ke-image.ljcdn.com/110000-inspection/24e2d4a0-fe43-437b-8011-aa9e5ef6e955_1000.jpg!m_fill,w_280,h_210,f_jpg?from=ke.com
20240924,丰台,和义,101125376586,世嘉丽晶 2室2厅 南 北,296万,36217元/平,高楼层 (共6层) 2室2厅 | 81.73平米 | 南 北,https://ke-image.ljcdn.com/110000-inspection/c474c480-f757-415c-b5bf-307a79c090ba_1000.jpg!m_fill,w_280,h_210,f_jpg?from=ke.com
20240924,丰台,和义,101124080858,南四环 久敬佳园 商品房社区 正规两居室 地铁八号线房主自荐,367万,37719元/平,高楼层 (共6层) 2室1厅 | 97.3平米 | 东南 北,https://ke-image.ljcdn.com/110000-inspection/pc1_rwDz8QLKf.jpg!m_fill,w_280,h_210,f_jpg?from=ke.com
20240924,丰台,和义,101123713328,世嘉丽晶中间楼层两居室南北通透。,319万,37918元/平,低楼层 (共6层) 2室1厅 | 84.13平米 | 南 北,https://ke-image.ljcdn.com/110000-inspection/503d312f-4676-4caa-85fe-6af1ec604907_1000.jpg!m_fill,w_280,h_210,f_jpg?from=ke.com
20240924,丰台,和义,101122124689,此房是满五年南北通透近地铁采光充足,198万,35472元/平,高楼层 (共6层) | 1982年 | 2室1厅 | 55.82平米 | 南 北,https://ke-image.ljcdn.com/110000-inspection/c772721d-2ba0-4c3c-8310-8f226277506e_1000.jpg!m_fill,w_280,h_210,f_jpg?from=ke.com
20240924,丰台,和义,101121600867,满五年家庭唯一诚意出售精装修,415万,42617元/平,顶层 (共6层) | 2005年 | 2室1厅 | 97.38平米 | 南 北,https://ke-image.ljcdn.com/110000-inspection/0b4c8d2f-6f82-41fa-a38e-87954d10290c_1000.jpg!m_fill,w_280,h_210,f_jpg?from=ke.com
20240924,丰台,和义,101126723668,和义东里二区 1室1厅 南,190万,42832元/平,高楼层 (共6层) 1室1厅 | 44.36平米 | 南,https://ke-image.ljcdn.com/110000-inspection/a33d4b22-6f44-46d4-b766-6afe9057fe52_1000.jpg!m_fill,w_280,h_210,f_jpg?from=ke.com
20240924,丰台,和义,101126628719,南四环 南苑路东 8号线和义站 落地窗南北两居新上,418万,41935元/平,高楼层 (共6层) | 2007年 | 2室2厅 | 99.68平米 | 南 北,https://ke-image.ljcdn.com/110000-inspection/db818437-03d9-42f3-a4e1-89fe9dbf323a_1000.jpg!m_fill,w_280,h_210,f_jpg?from=ke.com
20240924,丰台,和义,101126620251,南四环 八号线和义站 和义西里二区 09年 楼层好新上,278万,43330元/平,中楼层 (共6层) | 2009年 | 2室1厅 | 64.16平米 | 南 北,https://ke-image.ljcdn.com/110000-inspection/3542e75b-eba7-4beb-a910-76a6c9e0db05_1000.jpg!m_fill,w_280,h_210,f_jpg?from=ke.com
20240924,丰台,和义,101126592683,和义西里四区 3室1厅 南 北新上,475万,42728元/平,中楼层 (共5层) 3室1厅 | 111.17平米 | 南 北,https://ke-image.ljcdn.com/110000-inspection/c34ff748-d29c-47aa-a4bb-3c0ff4bfe1d6_1000.jpg!m_fill,w_280,h_210,f_jpg?from=ke.com
20240924,丰台,和义,101126545759,南四环 久敬佳园一区 商品房社区 H户型钢混错层,445万,44643元/平,中楼层 (共6层) | 2007年 | 2室1厅 | 99.68平米 | 南 北,https://ke-image.ljcdn.com/110000-inspection/ca4b1e45-2ed7-4550-b895-3120cf0f5612_1000.jpg!m_fill,w_280,h_210,f_jpg?from=ke.com
20240924,丰台,和义,101126544006,大红门和义东里 满五年且家庭唯一商品房 中间层精装,275万,36933元/平,中楼层 (共6层) 2室1厅 | 74.46平米 | 南 北,https://ke-image.ljcdn.com/110000-inspection/00b7c30d-b38f-4970-9ec2-9e1e40c0bbee_1000.jpg!m_fill,w_280,h_210,f_jpg?from=ke.com
20240924,丰台,和义,101126490642,此房满五年家庭名下这一套房首套购房1%契税；,188万,36770元/平,中楼层 (共6层) 1室1厅 | 51.13平米 | 南 北,https://ke-image.ljcdn.com/110000-inspection/ebfaece8-c1e3-4996-b0b3-6e78801c8b60_1000.jpg!m_fill,w_280,h_210,f_jpg?from=ke.com
20240924,丰台,和义,101126446067,久敬佳园三区 2室1厅 东 西,310万,49183元/平,低楼层 (共6层) | 2005年 | 2室1厅 | 63.03平米 | 东 西,https://ke-image.ljcdn.com/110000-inspection/2207d242-3a51-452b-8b01-5fc00ccc1119_1000.jpg!m_fill,w_280,h_210,f_jpg?from=ke.com
20240924,丰台,和义,101126426537,此房满五年唯一 南北通透格局 客厅有窗户 视野宽阔,289万,37310元/平,中楼层 (共6层) 2室1厅 | 77.46平米 | 南 北,https://ke-image.ljcdn.com/110000-inspection/1dea153f-393b-47f2-add8-69dad6f51075_1000.jpg!m_fill,w_280,h_210,f_jpg?from=ke.com
20240924,丰台,和义,101126397009,和义西里四区 全明格局 满五年唯一商品房 精装修,360万,42965元/平,中楼层 (共6层) 2室1厅 | 83.79平米 | 南 北,https://ke-image.ljcdn.com/110000-inspection/54ae3fa3-6600-46cc-99ed-4a6e8f48dd35_1000.jpg!m_fill,w_280,h_210,f_jpg?from=ke.com
20240924,丰台,和义,101126391714,南苑北里二区 4层明厅三居室 南北通透 采光好,315万,35235元/平,中楼层 (共6层) 3室1厅 | 89.4平米 | 南 西 北,https://ke-image.ljcdn.com/110000-inspection/75b7e151-3a12-47ff-92c6-74860b17c849_1000.jpg!m_fill,w_280,h_210,f_jpg?from=ke.com
20240924,丰台,和义,101126378614,和义东里六区 满五年唯一 商品房 楼龄新 配套齐全,280万,33533元/平,高楼层 (共6层) | 1995年 | 3室1厅 | 83.5平米 | 南 北,https://ke-image.ljcdn.com/110000-inspection/154f2c18-3b4e-420f-b12c-bc8517f3f3bd_1000.jpg!m_fill,w_280,h_210,f_jpg?from=ke.com
20240924,丰台,和义,101126299287,四环外 双卧室朝南  采光好 配套成熟 临近地铁。,240万,37897元/平,顶层 (共6层) | 1995年 | 2室1厅 | 63.33平米 | 南 北,https://ke-image.ljcdn.com/110000-inspection/30fd4361-eb1b-4b92-94d1-cb386e73a7b4_1000.jpg!m_fill,w_280,h_210,f_jpg?from=ke.com
20240924,丰台,和义,101126260136,南苑北里三区 全明格局 精装修 户型方正 8号线,210万,28835元/平,顶层 (共5层) | 1995年 | 2室1厅 | 72.83平米 | 南 北,https://ke-image.ljcdn.com/110000-inspection/443efa1b-98a3-46f0-af39-67840538352a_1000.jpg!m_fill,w_280,h_210,f_jpg?from=ke.com
20240924,丰台,和义,101126247458,8号线和义站 久敬佳园 电梯南北两居,550万,47603元/平,中楼层 (共10层) | 2007年 | 2室2厅 | 115.54平米 | 南 北,https://ke-image.ljcdn.com/110000-inspection/b9026232-2301-4ace-9832-80e154d04926_1000.jpg!m_fill,w_280,h_210,f_jpg?from=ke.com
20240924,丰台,和义,101126228640,地铁8号线 南北正规一居室 采光好,160万,29456元/平,顶层 (共6层) | 1994年 | 1室1厅 | 54.32平米 | 南 北,https://ke-image.ljcdn.com/110000-inspection/15d1c919-7554-4ca6-9370-30d7a8a91d4a_1000.jpg!m_fill,w_280,h_210,f_jpg?from=ke.com
20240924,丰台,和义,101126222737,低楼层满五年唯一商品房采光视野好交通便利,335万,41891元/平,底层 (共6层) 2室1厅 | 79.97平米 | 南 北,https://ke-image.ljcdn.com/110000-inspection/191d2a6a-996b-4c9d-a166-34558155a648_1000.jpg!m_fill,w_280,h_210,f_jpg?from=ke.com
20240924,丰台,和义,101126188899,南苑北里三区 2室1厅 东南,191万,30892元/平,高楼层 (共6层) | 1996年 | 2室1厅 | 61.83平米 | 东南,https://ke-image.ljcdn.com/110000-inspection/15b489b4-f65c-4708-9185-784c59f3cf1c_1000.jpg!m_fill,w_280,h_210,f_jpg?from=ke.com
20240924,丰台,和义,101126161774,丰台区.南四环外 南向一居室  近地铁。配套成熟,147万,27942元/平,顶层 (共6层) 1室1厅 | 52.61平米 | 南 北,https://ke-image.ljcdn.com/110000-inspection/c608e1dc-dd14-4698-9ed7-8da685aecef3_1000.jpg!m_fill,w_280,h_210,f_jpg?from=ke.com
20240924,丰台,和义,101126119175,此房满五唯一高楼层采光视野好交通便利配套齐,200万,36450元/平,高楼层 (共6层) 1室1厅 | 54.87平米 | 南 北,https://ke-image.ljcdn.com/110000-inspection/b2bcd97b-3363-4b31-9832-91841dc353c6_1000.jpg!m_fill,w_280,h_210,f_jpg?from=ke.com
20240924,丰台,和义,101126065224,和义东里 双卧朝南三居室 中间楼层 户型采光好,300万,37552元/平,中楼层 (共6层) 3室1厅 | 79.89平米 | 南 北,https://ke-image.ljcdn.com/110000-inspection/3d46cd3f-ab5a-4cbc-940d-45d28283425a_1000.jpg!m_fill,w_280,h_210,f_jpg?from=ke.com
20240924,丰台,和义,101126054188,和义东里五区 2室1厅 南 北,235万,43263元/平,底层 (共6层) 2室1厅 | 54.32平米 | 南 北,https://ke-image.ljcdn.com/110000-inspection/f57eb1d0-c1da-47c2-9465-2f6950eb92df_1000.jpg!m_fill,w_280,h_210,f_jpg?from=ke.com
20240924,丰台,和义,101126035037,大红门和义西里 中间层精装两居 大客厅 首付76万,385万,41857元/平,中楼层 (共6层) 2室1厅 | 91.98平米 | 南 北,https://ke-image.ljcdn.com/110000-inspection/083d9509-d54f-4620-960c-6db36b67920a_1000.jpg!m_fill,w_280,h_210,f_jpg?from=ke.com
20240924,丰台,和义,101126030491,久敬佳园二区 满五年唯一商品房业主诚心出售,355万,34470元/平,顶层 (共6层) | 2007年 | 2室2厅 | 102.99平米 | 南 北,https://ke-image.ljcdn.com/110000-inspection/pc1_UovhSENmF_1.jpg!m_fill,w_280,h_210,f_jpg?from=ke.com
20240924,丰台,和义,101126010123,世嘉丽晶 2室1厅 南房主自荐,175万,36300元/平,顶层 (共6层) 2室1厅 | 48.21平米 | 南,https://ke-image.ljcdn.com/110000-inspection/da164053-5375-4988-aa3d-53ee23d2cebc_1000.jpg!m_fill,w_280,h_210,f_jpg?from=ke.com
20240924,丰台,和义,101125996188,南四环 8号线和义地铁站 久敬佳园 精装修,446万,44370元/平,高楼层 (共6层) | 2007年 | 2室2厅 | 100.52平米 | 南 北,https://ke-image.ljcdn.com/110000-inspection/09f885ca-38b4-43e5-be70-cc1a94a3db4c_1000.jpg!m_fill,w_280,h_210,f_jpg?from=ke.com
20240924,丰台,和义,101125993014,世嘉丽晶 精装修 一居室 全南向 中间层房主自荐,230万,45019元/平,中楼层 (共6层) 2室1厅 | 51.09平米 | 南,https://ke-image.ljcdn.com/110000-inspection/5002807e-9748-4436-bafc-7d6a35a12896_1000.jpg!m_fill,w_280,h_210,f_jpg?from=ke.com
20240924,丰台,和义,101125980883,大红门 和义西里 中间层 客厅带窗 首套首付40万,210万,40315元/平,中楼层 (共6层) | 1998年 | 1室1厅 | 52.09平米 | 东 西,https://ke-image.ljcdn.com/110000-inspection/pc1_UHTdZf3se.jpg!m_fill,w_280,h_210,f_jpg?from=ke.com
20240924,丰台,和义,101125932874,和义西里中间层南北通透出小区是地铁8号线,385万,38651元/平,中楼层 (共6层) 2室1厅 | 99.61平米 | 南 北,https://ke-image.ljcdn.com/110000-inspection/93d035df-6d0e-4dbf-a957-b7139db66a70_1000.jpg!m_fill,w_280,h_210,f_jpg?from=ke.com
20240924,丰台,和义,101125907712,南四环和义东里六区满五唯一8号线地铁95年房龄新,237万,36107元/平,中楼层 (共6层) 2室1厅 | 65.64平米 | 南 北,https://ke-image.ljcdn.com/110000-inspection/50c7b6d5-ccf8-4a46-93a1-2b3b17ff774d_1000.jpg!m_fill,w_280,h_210,f_jpg?from=ke.com
20240924,丰台,和义,101125779145,此房满五年唯一钢混结构看房方便即可无抵押,330万,32609元/平,顶层 (共6层) 2室2厅 | 101.2平米 | 南 北,https://ke-image.ljcdn.com/110000-inspection/e2d26217-7eff-4d8e-8ebd-f306f4ae48f8_1000.jpg!m_fill,w_280,h_210,f_jpg?from=ke.com
20240924,丰台,和义,101125754252,南苑北里四区 2室1厅 南 北,259万,37569元/平,中楼层 (共6层) 2室1厅 | 68.94平米 | 南 北,https://ke-image.ljcdn.com/110000-inspection/e8f020ca-7e86-421d-80a7-8233ebfb565e_1000.jpg!m_fill,w_280,h_210,f_jpg?from=ke.com
20240924,丰台,和义,101125744292,和义西里四区中间层随时可看的两居室,330万,39361元/平,中楼层 (共6层) 2室1厅 | 83.84平米 | 南 西 北,https://ke-image.ljcdn.com/110000-inspection/3b9c0253-5731-44d4-8897-cab45a6ebee0_1000.jpg!m_fill,w_280,h_210,f_jpg?from=ke.com
20240924,丰台,和义,101125718745,南四环 和义地铁站 05年商品房 有钥匙,196万,40656元/平,高楼层 (共6层) 1室1厅 | 48.21平米 | 南,https://ke-image.ljcdn.com/110000-inspection/977bc630-fb0b-4574-bf86-c7a0b5cf90c8_1000.jpg!m_fill,w_280,h_210,f_jpg?from=ke.com
20240924,丰台,和义,101125633172,和义西里三区 2室1厅 南 北,320万,39298元/平,顶层 (共6层) 2室1厅 | 81.43平米 | 南 北,https://ke-image.ljcdn.com/110000-inspection/f6fbd822-4772-4b06-972f-9328bc2246c6_1000.jpg!m_fill,w_280,h_210,f_jpg?from=ke.com
20240924,丰台,和义,101125616862,久敬佳园 精装修 超大落地窗 无挡 观景洋房房主自荐,438万,43941元/平,高楼层 (共6层) | 2007年 | 2室2厅 | 99.68平米 | 南 北,https://ke-image.ljcdn.com/110000-inspection/2c843f7a-7b22-4983-bab7-f11e6984e2e3_1000.jpg!m_fill,w_280,h_210,f_jpg?from=ke.com
20240924,丰台,和义,101125595392,和义西里三区精装修的满五年唯一的两居室房主自荐,320万,39752元/平,高楼层 (共6层) 2室1厅 | 80.5平米 | 南 北,https://ke-image.ljcdn.com/110000-inspection/a0587b13-00d4-406c-9846-890c8c36b245_1000.jpg!m_fill,w_280,h_210,f_jpg?from=ke.com
20240924,丰台,和义,101125516447,南苑北里二区 1室1厅 南,150万,31546元/平,高楼层 (共6层) | 1995年 | 1室1厅 | 47.55平米 | 南,https://ke-image.ljcdn.com/110000-inspection/e5249b95-d294-4d4e-a9db-2bf1fc528d21_1000.jpg!m_fill,w_280,h_210,f_jpg?from=ke.com
20240924,丰台,和义,101125459590,大红门和义西里 三层两居 看房方便房主自荐,445万,52206元/平,中楼层 (共6层) 2室1厅 | 85.24平米 | 西南,https://ke-image.ljcdn.com/110000-inspection/e0eac1d3-6191-4884-a888-ab4815ea8383_1000.jpg!m_fill,w_280,h_210,f_jpg?from=ke.com
20240924,丰台,和义,101125457276,和义东里一区 2室1厅 南 北,176万,30257元/平,顶层 (共6层) 2室1厅 | 58.17平米 | 南 北,https://ke-image.ljcdn.com/110000-inspection/cb7bdfb3-9857-4199-b169-ceb6433c608f_1000.jpg!m_fill,w_280,h_210,f_jpg?from=ke.com
20240924,丰台,和义,101125449368,南苑北里三区 南北通透 明厅户型 满五年唯一商品房,219万,30071元/平,顶层 (共5层) 2室1厅 | 72.83平米 | 南 北,https://ke-image.ljcdn.com/110000-inspection/5eed086a-539b-4f6c-8e8b-cc0d6efd5809_1000.jpg!m_fill,w_280,h_210,f_jpg?from=ke.com
20240924,丰台,和义,101125445035,丰台四环外.中间层.两居室南北向 精装修 近地铁。,227万,38495元/平,中楼层 (共6层) | 1986年 | 2室1厅 | 58.97平米 | 南 北,https://ke-image.ljcdn.com/110000-inspection/67adbbda-678b-4db2-8ce9-5f4104ecc192_1000.jpg!m_fill,w_280,h_210,f_jpg?from=ke.com
20240924,丰台,和义,101125415284,南四环 八号线和义站 正规两居室 南北通透 二层,229万,35199元/平,中楼层 (共5层) 2室1厅 | 65.06平米 | 南 北,https://ke-image.ljcdn.com/110000-inspection/ed9360b6-7f7d-4467-8258-f5eb812ee058_1000.jpg!m_fill,w_280,h_210,f_jpg?from=ke.com
20240924,丰台,和义,101125297352,大红门和义西里 一层两居 南北通透南向客厅,335万,41802元/平,底层 (共5层) 2室1厅 | 80.14平米 | 南 北,https://ke-image.ljcdn.com/110000-inspection/6847bf09-6a01-4c46-910b-a8d3005cf536_1000.jpg!m_fill,w_280,h_210,f_jpg?from=ke.com
20240924,丰台,和义,101125286401,南苑北里 南北通透三居室满五年唯一随时可以签约,270万,36029元/平,高楼层 (共6层) | 1994年 | 3室1厅 | 74.94平米 | 南 北,https://ke-image.ljcdn.com/110000-inspection/7e03b4fa-54b6-4b60-809d-7a53adeb4c12_1000.jpg!m_fill,w_280,h_210,f_jpg?from=ke.com
20240924,丰台,和义,101125236985,满五年且家庭名下唯一住房南北通透采光充足,240万,30323元/平,顶层 (共5层) | 1995年 | 3室1厅 | 79.15平米 | 南 北,https://ke-image.ljcdn.com/110000-inspection/7ca457d0-e2f6-4c5b-b702-f2e539625815_1000.jpg!m_fill,w_280,h_210,f_jpg?from=ke.com
20240924,丰台,和义,101125118331,丰台南四环 久敬佳园二区  纯商品房花园洋房社区,275万,52044元/平,底层 (共6层) 2室1厅 | 52.84平米 | 西 北,https://ke-image.ljcdn.com/110000-inspection/pc1_fAHdxTA2d.jpg!m_fill,w_280,h_210,f_jpg?from=ke.com
20240924,丰台,和义,101125052132,八号线和义满五年且唯一南北通透近地铁精装修,180万,30504元/平,顶层 (共6层) 2室1厅 | 59.01平米 | 南 北,https://ke-image.ljcdn.com/110000-inspection/178fb51e-6cf1-4ff5-b120-c22ef830cb82_1000.jpg!m_fill,w_280,h_210,f_jpg?from=ke.com
20240924,丰台,和义,101124946130,南苑北里一区 精装修 东西通透 大两居 诚意出售,259万,33941元/平,顶层 (共6层) | 2000年 | 2室1厅 | 76.31平米 | 东 西,https://ke-image.ljcdn.com/110000-inspection/944ec7cc-960d-4cb7-a6a9-899160a95848_1000.jpg!m_fill,w_280,h_210,f_jpg?from=ke.com
20240924,丰台,和义,101124920004,地铁八号线 一层 南北通透 无遮挡,294万,45120元/平,底层 (共5层) | 1981年 | 2室1厅 | 65.16平米 | 南 北,https://ke-image.ljcdn.com/110000-inspection/9dcaf33c-426c-4273-8354-456d5bc39c2a_1000.jpg!m_fill,w_280,h_210,f_jpg?from=ke.com
20240924,丰台,和义,101124891627,南苑北里三区 精装修 低层 诚意出售 南北通透,240万,37273元/平,低楼层 (共6层) 2室1厅 | 64.39平米 | 南 北,https://ke-image.ljcdn.com/110000-inspection/7676a611-cebd-4782-9014-5801dd70d8cd_1000.jpg!m_fill,w_280,h_210,f_jpg?from=ke.com
20240924,丰台,和义,101124856482,和义西里二区 2室1厅 南 北房主自荐,275万,44803元/平,顶层 (共6层) | 2009年 | 2室1厅 | 61.38平米 | 南 北,https://ke-image.ljcdn.com/110000-inspection/dfbd08f4-2442-479d-9646-ae76e63f579f_1000.jpg!m_fill,w_280,h_210,f_jpg?from=ke.com
20240924,丰台,和义,101124839417,丰台和义南苑北里二区。南苑北里二区,213万,32906元/平,中楼层 (共6层) 2室1厅 | 64.73平米 | 南 北,https://ke-image.ljcdn.com/110000-inspection/aeeff6f7-1b5c-41de-90ad-23cad1954015_1000.jpg!m_fill,w_280,h_210,f_jpg?from=ke.com
20240924,丰台,和义,101124757547,南苑北里二区 经典大一居 精装修 诚意出售,149万,29377元/平,顶层 (共6层) | 1995年 | 1室1厅 | 50.72平米 | 南 北,https://ke-image.ljcdn.com/110000-inspection/1390cf1b-f265-4dec-8b1c-193331f37705_1000.jpg!m_fill,w_280,h_210,f_jpg?from=ke.com
20240924,丰台,和义,101124748643,久敬一层大一居客厅宽敞适合老人居住,265万,43337元/平,底层 (共6层) 1室1厅 | 61.15平米 | 南 北,https://ke-image.ljcdn.com/110000-inspection/32e496aa-0b37-4bc2-9a04-933575e56681_1000.jpg!m_fill,w_280,h_210,f_jpg?from=ke.com
20240924,丰台,和义,101124733379,丰台 南四环 8号线和义站 久敬佳园 电梯南北两居,520万,45961元/平,顶层 (共10层) | 2007年 | 2室2厅 | 113.14平米 | 南 北,https://ke-image.ljcdn.com/110000-inspection/45d8126f-8836-4295-b88d-b6ebfb4f0cfc_1000.jpg!m_fill,w_280,h_210,f_jpg?from=ke.com
20240924,丰台,和义,101124654924,南苑北里三区 3室1厅 南 北,288万,38141元/平,中楼层 (共6层) 3室1厅 | 75.51平米 | 南 北,https://ke-image.ljcdn.com/110000-inspection/c488b6cc-21fd-4747-b8f9-5d2e4cb1681f_1000.jpg!m_fill,w_280,h_210,f_jpg?from=ke.com
20240924,丰台,和义,101124610005,精装修中间楼层采光好落地窗看房方便,295万,48656元/平,中楼层 (共6层) 1室1厅 | 60.63平米 | 南 北,https://ke-image.ljcdn.com/110000-inspection/pc1_fFef0nTtu.jpg!m_fill,w_280,h_210,f_jpg?from=ke.com
20240924,丰台,和义,101124607932,满五唯一中间层落地窗户型方正。前后不临街。,350万,38704元/平,顶层 (共6层) | 2004年 | 2室1厅 | 90.43平米 | 南 北,https://ke-image.ljcdn.com/110000-inspection/fd8e7d55-efe5-464e-9674-2e3a0c8cf757_1000.jpg!m_fill,w_280,h_210,f_jpg?from=ke.com
20240924,丰台,和义,101124561858,至善街4号 2室1厅 东 西房主自荐,178万,31701元/平,顶层 (共6层) 2室1厅 | 56.15平米 | 东 西,https://ke-image.ljcdn.com/110000-inspection/36616e7d-137d-4303-973d-8cf41204feec_1000.jpg!m_fill,w_280,h_210,f_jpg?from=ke.com
20240924,丰台,和义,101124539915,和义西里三区 地铁8号线 南苑湿地公园,269万,36156元/平,高楼层 (共6层) 2室1厅 | 74.4平米 | 南 北,https://ke-image.ljcdn.com/110000-inspection/30852d8e-bb5a-4117-a628-66126bd78682_1000.jpg!m_fill,w_280,h_210,f_jpg?from=ke.com
20240924,丰台,和义,101124415805,南中轴 四环板楼 中间层 南北通透 落地窗,290万,48847元/平,中楼层 (共6层) 1室1厅 | 59.37平米 | 南 北,https://ke-image.ljcdn.com/110000-inspection/74c5f29a-b2f1-4143-b8b4-988885785076_1000.jpg!m_fill,w_280,h_210,f_jpg?from=ke.com
20240924,丰台,和义,101124415764,8号线地铁 落地窗南北通透两居 采光好 无遮挡,410万,48424元/平,中楼层 (共6层) | 2004年 | 2室1厅 | 84.67平米 | 南 北,https://ke-image.ljcdn.com/110000-inspection/1c3fb3cd-9200-4f6a-b648-850065f57129_1000.jpg!m_fill,w_280,h_210,f_jpg?from=ke.com
20240924,丰台,和义,101124404388,南苑北里三区 3室1厅 南 北,315万,41355元/平,底层 (共6层) 3室1厅 | 76.17平米 | 南 北,https://ke-image.ljcdn.com/110000-inspection/10356c95-b7cc-42b2-b30b-61419ed37794_1000.jpg!m_fill,w_280,h_210,f_jpg?from=ke.com
20240924,丰台,和义,101124305075,南苑北里一区 2室1厅 东 西,305万,39880元/平,中楼层 (共6层) 2室1厅 | 76.48平米 | 东 西,https://ke-image.ljcdn.com/110000-inspection/c5069329-6be9-4d1d-aa1b-0900e51ceb2b_1000.jpg!m_fill,w_280,h_210,f_jpg?from=ke.com
20240924,丰台,和义,101124281701,南四环和义东里正规一居刚需用房南向,149万,34222元/平,顶层 (共6层) 1室1厅 | 43.54平米 | 南,https://ke-image.ljcdn.com/110000-inspection/ac0bda8e-b6c5-4440-a798-4359412a593e_1000.jpg!m_fill,w_280,h_210,f_jpg?from=ke.com
20240924,丰台,和义,101124253660,大红门和义西里 2004年满五唯一商品房 中间层 精装,330万,41458元/平,中楼层 (共6层) | 2004年 | 2室1厅 | 79.6平米 | 南 北,https://ke-image.ljcdn.com/110000-inspection/f7939172-9ae5-48f8-8ff2-90c2f11e31a1_1000.jpg!m_fill,w_280,h_210,f_jpg?from=ke.com
20240924,丰台,和义,101124249025,久敬佳园一区 2室1厅 南 北,592万,51479元/平,高楼层 (共10层) | 2007年 | 2室1厅 | 115平米 | 南 北,https://ke-image.ljcdn.com/110000-inspection/9c0a61af-4a81-45b7-b7d1-eeb33ff3284d_1000.jpg!m_fill,w_280,h_210,f_jpg?from=ke.com
20240924,丰台,和义,101124225813,和义西里三区 2004年建成 南北通透 精装修 格局方正,283万,47357元/平,中楼层 (共6层) | 2004年 | 1室1厅 | 59.76平米 | 南 北,https://ke-image.ljcdn.com/110000-inspection/cdd72a88-2f46-4984-8189-bc3c31389061_1000.jpg!m_fill,w_280,h_210,f_jpg?from=ke.com
20240924,丰台,和义,101124177487,地铁8号线和义站 久敬佳园中间楼层 07年钢混错层两居,446万,44672元/平,中楼层 (共6层) | 2007年 | 2室2厅 | 99.84平米 | 南 北,https://ke-image.ljcdn.com/110000-inspection/pc1_H5znZ67Vq.jpg!m_fill,w_280,h_210,f_jpg?from=ke.com
20240924,丰台,和义,101124158336,南苑北里满五年唯一精装两居室 拎包入住 业主诚售,208万,31742元/平,顶层 (共6层) 2室1厅 | 65.53平米 | 南 北,https://ke-image.ljcdn.com/110000-inspection/220a1e3b-f0bd-4954-887c-5fb0fdc3b5f0_1000.jpg!m_fill,w_280,h_210,f_jpg?from=ke.com
20240924,丰台,和义,101124047090,大红门和义东里 满五唯一 次顶层 精装三居 楼龄1997年房主自荐,339万,38589元/平,高楼层 (共6层) 3室2厅 | 87.85平米 | 南 北,https://ke-image.ljcdn.com/110000-inspection/f2be4679-3786-4b77-932b-40c5360a71c3_1000.jpg!m_fill,w_280,h_210,f_jpg?from=ke.com
20240924,丰台,和义,101124010995,松林庄 2009年房龄次顶层   南北通透 明厨明卫,229万,36052元/平,高楼层 (共6层) | 2009年 | 2室1厅 | 63.52平米 | 南 北,https://ke-image.ljcdn.com/110000-inspection/a1c452d3-a292-4113-afe1-cf41ce4a09f1_1000.jpg!m_fill,w_280,h_210,f_jpg?from=ke.com
20240924,丰台,和义,101123997897,和义西里四区朝南的一层的两居室,399万,44527元/平,底层 (共5层) 2室1厅 | 89.61平米 | 西南,https://ke-image.ljcdn.com/110000-inspection/91385894-0199-4abc-a220-aa1c5285e1cc_1000.jpg!m_fill,w_280,h_210,f_jpg?from=ke.com
20240924,丰台,和义,101123954641,和义东里一区 2室1厅 南 北,193万,33179元/平,低楼层 (共6层) 2室1厅 | 58.17平米 | 南 北,https://ke-image.ljcdn.com/110000-inspection/23fe754f-7f66-40d6-a4c8-efc7941f2108_1000.jpg!m_fill,w_280,h_210,f_jpg?from=ke.com
20240924,丰台,和义,101123938589,丰台四环外 全明格局  南北两居室 1层 满五唯一近地铁,239万,42444元/平,底层 (共6层) 2室1厅 | 56.31平米 | 南 北,https://ke-image.ljcdn.com/110000-inspection/3712a61f-723b-411d-b24c-06f1d4a0c1d9_1000.jpg!m_fill,w_280,h_210,f_jpg?from=ke.com
20240924,丰台,和义,101123818519,和义西里三区中间楼层南北通透采光视野好。,410万,48857元/平,低楼层 (共6层) | 1999年 | 2室1厅 | 83.92平米 | 南 北,https://ke-image.ljcdn.com/110000-inspection/d5d3b832-06ae-4a58-8201-8c538703ab67_1000.jpg!m_fill,w_280,h_210,f_jpg?from=ke.com
20240924,丰台,和义,101123807882,南北通透两居室满五唯一挨着地铁8号线诚心出售,175万,28077元/平,顶层 (共5层) 2室1厅 | 62.33平米 | 南 北,https://ke-image.ljcdn.com/110000-inspection/31b998af-d9e8-4cb3-aa9e-04524e4a7cee_1000.jpg!m_fill,w_280,h_210,f_jpg?from=ke.com
20240924,丰台,和义,101123671091,大红门和义世嘉丽晶 一居大客厅 次顶层 首付42万,240万,46976元/平,高楼层 (共6层) 2室1厅 | 51.09平米 | 南,https://ke-image.ljcdn.com/110000-inspection/2f7bb16e-e850-41c3-ba09-34ea7c8aab8b_1000.jpg!m_fill,w_280,h_210,f_jpg?from=ke.com
20240924,丰台,和义,101123653698,和义东里六区满五唯一年8号线和义地铁站95年楼龄新,220万,33420元/平,高楼层 (共6层) 2室1厅 | 65.83平米 | 南 北,https://ke-image.ljcdn.com/110000-inspection/5d435e6f-1e8c-46d0-abc2-27e9a7de68ef_1000.jpg!m_fill,w_280,h_210,f_jpg?from=ke.com
20240924,丰台,和义,101123609123,丰台南四环 久敬佳园一区 商品房社区 电梯房 H户型,549万,47599元/平,中楼层 (共10层) | 2007年 | 2室1厅 | 115.34平米 | 南 北,https://ke-image.ljcdn.com/110000-inspection/pc1_592sV15C5.jpg!m_fill,w_280,h_210,f_jpg?from=ke.com
20240924,丰台,和义,101123598862,南四环 世嘉丽晶 花园洋房商品房 8号线地铁 满五唯一,235万,49725元/平,中楼层 (共6层) 2室1厅 | 47.26平米 | 南,https://ke-image.ljcdn.com/110000-inspection/e732674f-b950-4950-8617-58dffe658a20_1000.jpg!m_fill,w_280,h_210,f_jpg?from=ke.com
20240924,丰台,和义,101123590614,丰台温馨一居可以当两居 全明格局   首付60万左右即可,160万,37003元/平,顶层 (共6层) 1室1厅 | 43.24平米 | 西北,https://ke-image.ljcdn.com/110000-inspection/2c242b19-be5c-4ee8-bf47-7581bb465cf8_1000.jpg!m_fill,w_280,h_210,f_jpg?from=ke.com
20240924,丰台,和义,101123553504,和义西里三区南北精装修的一居室,285万,48429元/平,中楼层 (共6层) 1室1厅 | 58.85平米 | 南 北,https://ke-image.ljcdn.com/110000-inspection/1cb34609-3023-4d99-908f-2132cb5488a2_1000.jpg!m_fill,w_280,h_210,f_jpg?from=ke.com
20240924,丰台,和义,101123468763,南苑北里一区 3室1厅 南 北,336万,34022元/平,高楼层 (共6层) 3室1厅 | 98.76平米 | 南 北,https://ke-image.ljcdn.com/110000-inspection/36ec1ec2-6804-4170-a960-cad21f5bd7ae_1000.jpg!m_fill,w_280,h_210,f_jpg?from=ke.com
20240924,丰台,和义,101123466004,和义西里三区   满五年唯一商品房  小区口是地铁站,285万,38509元/平,高楼层 (共6层) 2室1厅 | 74.01平米 | 南 北,https://ke-image.ljcdn.com/110000-inspection/132020be-626b-4259-b3f7-013918227749_1000.jpg!m_fill,w_280,h_210,f_jpg?from=ke.com
20240924,丰台,和义,101123383733,大红门和义东里 正规两居 满五唯一 仅有契税,210万,36102元/平,中楼层 (共6层) | 1994年 | 2室1厅 | 58.17平米 | 南 北,https://ke-image.ljcdn.com/110000-inspection/347dcf7e-c2bf-4422-96d8-e38613da2855_1000.jpg!m_fill,w_280,h_210,f_jpg?from=ke.com
20240924,丰台,和义,101123359607,久敬佳园电梯房满五年一手业主好楼层南北通透采光好,530万,45960元/平,中楼层 (共10层) | 2007年 | 2室2厅 | 115.32平米 | 南 北,https://ke-image.ljcdn.com/110000-inspection/e70aea1e-b055-49e2-96d2-8d2f5df4efcb_1000.jpg!m_fill,w_280,h_210,f_jpg?from=ke.com
20240924,丰台,和义,101123288800,和义东里一区 精装修 经典大一居 诚意出售价格可谈,236万,46157元/平,中楼层 (共6层) 1室1厅 | 51.13平米 | 南,https://ke-image.ljcdn.com/110000-inspection/27c38a7f-4e52-49e2-a823-c23db70e14f4_1000.jpg!m_fill,w_280,h_210,f_jpg?from=ke.com
20240924,丰台,和义,101123262972,南苑北里一区 精装修2居 南北通透 满五年唯一房主自荐,210万,32047元/平,顶层 (共6层) 2室1厅 | 65.53平米 | 南 北,https://ke-image.ljcdn.com/110000-inspection/d49a80b3-1efe-4311-bb42-ecc345fffd17_1000.jpg!m_fill,w_280,h_210,f_jpg?from=ke.com
20240924,丰台,和义,101123244349,久敬佳园一区 满五年唯一商品房2007年钢混结构 次顶层,398万,42153元/平,高楼层 (共6层) | 2007年 | 2室1厅 | 94.42平米 | 西南,https://ke-image.ljcdn.com/110000-inspection/dad2f1c2-ca6a-4f06-9e85-f448b37ce4e4_1000.jpg!m_fill,w_280,h_210,f_jpg?from=ke.com
20240924,丰台,和义,101123170119,地铁8号线 精装修 可拎包入住,262万,37408元/平,顶层 (共6层) 2室1厅 | 70.04平米 | 西南,https://ke-image.ljcdn.com/110000-inspection/6ae65279-7dc8-45df-a4f1-6edf2899c493_1000.jpg!m_fill,w_280,h_210,f_jpg?from=ke.com
20240924,丰台,和义,101123143814,南苑北里一区低楼层东西通透两居,260万,34072元/平,低楼层 (共6层) 2室1厅 | 76.31平米 | 东 西,https://ke-image.ljcdn.com/110000-inspection/21e3b766-7db4-4d27-840a-bdee6972f4fd_1000.jpg!m_fill,w_280,h_210,f_jpg?from=ke.com
20240924,丰台,和义,101123124021,久敬佳园二区 经典中间层大两居 全明格局 诚意出售,436万,42090元/平,中楼层 (共6层) | 2007年 | 2室2厅 | 103.59平米 | 南 北,https://ke-image.ljcdn.com/110000-inspection/pc1_EG74aFO4C.jpg!m_fill,w_280,h_210,f_jpg?from=ke.com
20240924,丰台,和义,101123116426,南北通透 1994年建成 距离地铁口500米,188万,32320元/平,中楼层 (共6层) | 1994年 | 2室1厅 | 58.17平米 | 南 北,https://ke-image.ljcdn.com/110000-inspection/cf4b4bd1-ff8e-4fe6-afad-767d4692145b_1000.jpg!m_fill,w_280,h_210,f_jpg?from=ke.com
20240924,丰台,和义,101123082217,此房满五唯一商品房  东西通透 客厅有窗户,310万,40624元/平,低楼层 (共6层) 2室1厅 | 76.31平米 | 东 西,https://ke-image.ljcdn.com/110000-inspection/c523c36e-e03b-4282-9824-dd816e588fb4_1000.jpg!m_fill,w_280,h_210,f_jpg?from=ke.com
20240924,丰台,和义,101123003193,南苑北里三区南北通透两居室客厅带窗户诚心卖,215万,33490元/平,顶层 (共6层) 2室1厅 | 64.2平米 | 南 北,https://ke-image.ljcdn.com/110000-inspection/7e3ba69b-c9c4-4225-95cd-34df466e0ddf_1000.jpg!m_fill,w_280,h_210,f_jpg?from=ke.com
20240924,丰台,和义,101122992555,此房是满五唯一的商品房 4层板楼 南北通透,270万,46416元/平,中楼层 (共6层) 2室1厅 | 58.17平米 | 南 北,https://ke-image.ljcdn.com/110000-inspection/d5fed8a1-8a56-4e8c-a1c0-3ceb000d2443_1000.jpg!m_fill,w_280,h_210,f_jpg?from=ke.com
20240924,丰台,和义,101122969630,南苑北里二区  次顶层  南北通透,224万,34649元/平,高楼层 (共6层) 2室1厅 | 64.65平米 | 南 北,https://ke-image.ljcdn.com/110000-inspection/0ff6ebca-4433-459c-aea1-2401c8d21140_1000.jpg!m_fill,w_280,h_210,f_jpg?from=ke.com
20240924,丰台,和义,101122887603,南四环和义东里低楼层南北两居室,230万,35516元/平,低楼层 (共6层) 2室1厅 | 64.76平米 | 南 北,https://ke-image.ljcdn.com/110000-inspection/pc1_rArB6XeI5.jpg!m_fill,w_280,h_210,f_jpg?from=ke.com
20240924,丰台,和义,101122823925,和义西里四区  四层 经典两居 精装修 诚意出售,408万,45334元/平,中楼层 (共5层) 2室1厅 | 90平米 | 东南,https://ke-image.ljcdn.com/110000-inspection/db58e49d-a7a1-47a2-ae92-0770da46376d_1000.jpg!m_fill,w_280,h_210,f_jpg?from=ke.com
20240924,丰台,和义,101122781591,南四环 久敬佳园 电梯三居 南北视野无遮挡,568万,49255元/平,高楼层 (共10层) | 2007年 | 3室2厅 | 115.32平米 | 南 北,https://ke-image.ljcdn.com/110000-inspection/95664de7-94f0-481b-b8f2-90cc239b58a9_1000.jpg!m_fill,w_280,h_210,f_jpg?from=ke.com
20240924,丰台,和义,101122770561,此房满五年唯一商品房南北通透户型采光好。,220万,30208元/平,顶层 (共5层) 2室1厅 | 72.83平米 | 南 北,https://ke-image.ljcdn.com/110000-inspection/2d86fd6a-9a71-4f59-b2ea-7ac4223e0839_1000.jpg!m_fill,w_280,h_210,f_jpg?from=ke.com
20240924,丰台,和义,101122613651,南苑北里三区 明厅 满五年唯一商品房 8号线,220万,33956元/平,顶层 (共5层) 2室1厅 | 64.79平米 | 南 北,https://ke-image.ljcdn.com/110000-inspection/71428ac6-e9bd-4604-9155-b9dec43fb659_1000.jpg!m_fill,w_280,h_210,f_jpg?from=ke.com
20240924,丰台,和义,101122453227,和义东里 南北两居室 中间楼层  满五唯一 近地铁。房主自荐,232万,38771元/平,中楼层 (共6层) 2室1厅 | 59.84平米 | 南 北,https://ke-image.ljcdn.com/110000-inspection/124617a7-86e3-498f-8738-78e6ca94c745_1000.jpg!m_fill,w_280,h_210,f_jpg?from=ke.com
20240924,丰台,和义,101122384920,南苑北里一区 1室1厅 南,190万,35043元/平,顶层 (共6层) 1室1厅 | 54.22平米 | 南,https://ke-image.ljcdn.com/110000-inspection/d79fa116-be71-437c-8315-31392253d9df_1000.jpg!m_fill,w_280,h_210,f_jpg?from=ke.com
20240924,丰台,和义,101122273132,大红门 和义西里2004年的南北通透 温馨一居室房主自荐,208万,35035元/平,顶层 (共6层) | 2004年 | 1室1厅 | 59.37平米 | 南 北,https://ke-image.ljcdn.com/110000-inspection/e8f31ce5-d0b6-48e4-a17f-32453402a429_1000.jpg!m_fill,w_280,h_210,f_jpg?from=ke.com
20240924,丰台,和义,101122250753,和义东里一层两居室 满五年唯一南北通透 近地铁,288万,53020元/平,底层 (共6层) | 1993年 | 2室1厅 | 54.32平米 | 南 北,https://ke-image.ljcdn.com/110000-inspection/bdba5238-53cc-4667-82ad-1bae940c3274_1000.jpg!m_fill,w_280,h_210,f_jpg?from=ke.com
20240924,丰台,和义,101122227613,南四环和义地铁南北通透两居室低楼层,169万,30644元/平,中楼层 (共4层) 2室1厅 | 55.15平米 | 南 北,https://ke-image.ljcdn.com/110000-inspection/bb3bf765-1a8c-450d-a395-0e84a649018d_1000.jpg!m_fill,w_280,h_210,f_jpg?from=ke.com
20240924,丰台,和义,101122136016,南四环外 中间楼层 户型好 采光充足 近地铁 配套齐全房主自荐,239万,41087元/平,中楼层 (共6层) 2室1厅 | 58.17平米 | 南 北,https://ke-image.ljcdn.com/110000-inspection/6fc792d2-0c42-4a30-8281-2de43871c045_1000.jpg!m_fill,w_280,h_210,f_jpg?from=ke.com
20240924,丰台,和义,101122064050,客厅落地窗 2005年商品房 满五年唯一,270万,39596元/平,顶层 (共6层) 1室1厅 | 68.19平米 | 东 西,https://ke-image.ljcdn.com/110000-inspection/77f0b670-bdb5-43d1-a9b0-daa523924df7_1000.jpg!m_fill,w_280,h_210,f_jpg?from=ke.com
20240924,丰台,和义,101122010145,丰台南四环 和义东里一区 一层 商品房满五年唯一,351万,43722元/平,底层 (共6层) 3室1厅 | 80.28平米 | 南 北,https://ke-image.ljcdn.com/110000-inspection/8d8df66f-43de-4b18-a0ac-dca5e02559f7_1000.jpg!m_fill,w_280,h_210,f_jpg?from=ke.com
20240924,丰台,和义,101121966144,和义东里三区 一层2居室满五年 大客厅 精装修看房方便,295万,48971元/平,底层 (共6层) 2室1厅 | 60.24平米 | 南 北,https://ke-image.ljcdn.com/110000-inspection/35b6cdf7-c817-4c6d-8c7e-2493f9e96156_1000.jpg!m_fill,w_280,h_210,f_jpg?from=ke.com
20240924,丰台,和义,101121910565,南四环 地铁和义站 满五年唯一 朝南精装一居室,156万,34438元/平,高楼层 (共6层) 1室1厅 | 45.3平米 | 南,https://ke-image.ljcdn.com/110000-inspection/f8e14eac-78e3-4a64-8324-9ecf7d56dfb8_1000.jpg!m_fill,w_280,h_210,f_jpg?from=ke.com
20240924,丰台,和义,101121895356,大红门2007年钢混 正规两居 客厅落地窗 首套首付110万,365万,52473元/平,中楼层 (共6层) | 2007年 | 2室1厅 | 69.56平米 | 东 西,https://ke-image.ljcdn.com/110000-inspection/pc1_c8X5k1RuW_1.jpg!m_fill,w_280,h_210,f_jpg?from=ke.com
20240924,丰台,和义,101121720104,和义东里四区 近地铁 中间楼层 采光好 配套齐全,195万,33209元/平,中楼层 (共6层) | 1986年 | 2室1厅 | 58.72平米 | 东 西,https://ke-image.ljcdn.com/110000-inspection/db2ed33d-50db-4708-b1c9-4382d3bb836f_1000.jpg!m_fill,w_280,h_210,f_jpg?from=ke.com
20240924,丰台,和义,101121644078,和义西里二区  低楼层 正规一居室  业主诚意出售,225万,50551元/平,低楼层 (共6层) 1室1厅 | 44.51平米 | 南,https://ke-image.ljcdn.com/110000-inspection/pc1_SjY7NGQZQ.jpg!m_fill,w_280,h_210,f_jpg?from=ke.com
20240924,丰台,和义,101121564900,南四环和义东里南北两居有钥匙,230万,39540元/平,高楼层 (共6层) 2室1厅 | 58.17平米 | 南 北,https://ke-image.ljcdn.com/110000-inspection/335603fa-be0f-4626-b797-33f9a40d5fb1_1000.jpg!m_fill,w_280,h_210,f_jpg?from=ke.com
20240924,丰台,和义,101121562005,和义东里 地铁8号线 高层采光好,220万,37821元/平,顶层 (共6层) | 1994年 | 2室1厅 | 58.17平米 | 南 北,https://ke-image.ljcdn.com/110000-inspection/5f494e09-f13b-45a3-ace5-2fb9ef5825c7_1000.jpg!m_fill,w_280,h_210,f_jpg?from=ke.com
20240924,丰台,和义,101121478317,大红门和义南苑北里 三层 南北通透两居 首套首付70万,235万,42612元/平,中楼层 (共4层) 2室1厅 | 55.15平米 | 南 北,https://ke-image.ljcdn.com/110000-inspection/3565fc07-d614-405d-b9dc-aa0ef49e0c79_1000.jpg!m_fill,w_280,h_210,f_jpg?from=ke.com
20240924,丰台,和义,101121344584,和义东里一区 1室1厅 南 北,230万,44984元/平,顶层 (共6层) 1室1厅 | 51.13平米 | 南 北,https://ke-image.ljcdn.com/110000-inspection/ebb8d441-aa1d-4ebb-a6db-58f23d897722_1000.jpg!m_fill,w_280,h_210,f_jpg?from=ke.com
20240924,丰台,和义,101121290080,地铁8号线 一层 正规一居室 无遮挡,195万,37587元/平,底层 (共6层) 1室1厅 | 51.88平米 | 南,https://ke-image.ljcdn.com/110000-inspection/pc1_xMZvADgQg.jpg!m_fill,w_280,h_210,f_jpg?from=ke.com
20240924,丰台,和义,101121258165,房子满五年93年建成4层板楼南北通透户型好,215万,34400元/平,顶层 (共4层) 2室1厅 | 62.5平米 | 南 北,https://ke-image.ljcdn.com/110000-inspection/8da94017-7c83-4a66-8e0d-289601585765_1000.jpg!m_fill,w_280,h_210,f_jpg?from=ke.com
20240924,丰台,和义,101121197702,南向一居 1995年建成 双阳台 满五年唯一商品房,165万,34657元/平,顶层 (共6层) | 1995年 | 1室1厅 | 47.61平米 | 南,https://ke-image.ljcdn.com/110000-inspection/pc1_AgxweufHS.jpg!m_fill,w_280,h_210,f_jpg?from=ke.com
20240924,丰台,和义,101121033670,和义西里新二区小三居无浪费中间楼层采光好,425万,55922元/平,中楼层 (共6层) 3室1厅 | 76平米 | 东南,https://ke-image.ljcdn.com/110000-inspection/da020c0b-b994-40e9-9727-734fb0da98b4_1000.jpg!m_fill,w_280,h_210,f_jpg?from=ke.com
20240924,丰台,和义,101120914804,和义西里三区  满五年唯一商品房  2000年建成房主自荐,270万,36482元/平,顶层 (共6层) 2室1厅 | 74.01平米 | 南 北,https://ke-image.ljcdn.com/110000-inspection/11fba076-695f-4c41-aaae-a110f804ea74_1000.jpg!m_fill,w_280,h_210,f_jpg?from=ke.com
20240924,丰台,和义,101120867567,和义东里全明格局南北通透满五年唯一商品房诚心卖,220万,43913元/平,顶层 (共6层) 2室1厅 | 50.1平米 | 南 北,https://ke-image.ljcdn.com/110000-inspection/882e083f-db0c-485f-b8b1-bf74d610724b_1000.jpg!m_fill,w_280,h_210,f_jpg?from=ke.com
20240924,丰台,和义,101120857989,和义东里一区 2室1厅 南 北,219万,33818元/平,中楼层 (共6层) 2室1厅 | 64.76平米 | 南 北,https://ke-image.ljcdn.com/110000-inspection/891cb9d2-1e02-42c6-a979-3775c846bce9_1000.jpg!m_fill,w_280,h_210,f_jpg?from=ke.com
20240924,丰台,和义,101120435112,此房满五年唯一 商品房 采光充足 交通便利 随时看房,199万,34858元/平,顶层 (共6层) | 1995年 | 2室1厅 | 57.09平米 | 东 南,https://ke-image.ljcdn.com/110000-inspection/prod-993f85f5-f5ba-4849-834b-bb32f8bfb86b.jpg!m_fill,w_280,h_210,f_jpg?from=ke.com
20240924,丰台,和义,101120385597,和义西里而且低楼层 两居室 装修好可以拎包入住,319万,42314元/平,低楼层 (共6层) 2室1厅 | 75.39平米 | 南 北,https://ke-image.ljcdn.com/110000-inspection/54d5cf1d-de84-4899-b9ae-502a663b409d_1000.jpg!m_fill,w_280,h_210,f_jpg?from=ke.com
20240924,丰台,和义,101120110849,南苑北里四区 二层经典小三居 诚意出售价格可谈,249万,37220元/平,中楼层 (共5层) 3室1厅 | 66.9平米 | 南 北,https://ke-image.ljcdn.com/110000-inspection/4e2fd838-2356-4bf9-af35-5cedc5d9a22f_1000.jpg!m_fill,w_280,h_210,f_jpg?from=ke.com
20240924,丰台,和义,101120089933,至善街4号 2室1厅 南 北,240万,32363元/平,低楼层 (共6层) 2室1厅 | 74.16平米 | 南 北,https://ke-image.ljcdn.com/110000-inspection/pc1_uEguEFpJU.jpg!m_fill,w_280,h_210,f_jpg?from=ke.com
20240924,丰台,和义,101119994207,南苑北里三区 满五年唯一商品房 低楼层两居室,255万,40593元/平,低楼层 (共6层) 2室1厅 | 62.82平米 | 南,https://ke-image.ljcdn.com/110000-inspection/0ec61f5c-8457-4816-8a40-509e7a97587d_1000.jpg!m_fill,w_280,h_210,f_jpg?from=ke.com
20240924,丰台,和义,101119948876,久敬佳园二区 满五唯一南北通透大阳台落地窗配套齐全,430万,41375元/平,高楼层 (共6层) 2室2厅 | 103.93平米 | 南 北,https://ke-image.ljcdn.com/110000-inspection/e9c32fe1-cd16-4bcb-9b31-f833147690f3_1000.jpg!m_fill,w_280,h_210,f_jpg?from=ke.com
20240924,丰台,和义,101119805038,满五年唯一 中间楼层 近地铁 视野好,210万,41527元/平,中楼层 (共6层) 2室1厅 | 50.57平米 | 东 北,https://ke-image.ljcdn.com/110000-inspection/3e076f28-d2ae-410f-adc9-c41c91eb3a0f_1000.jpg!m_fill,w_280,h_210,f_jpg?from=ke.com
20240924,丰台,和义,101119687148,久敬佳园二区 H户型 四环边8号线满五年唯一商品房社区,340万,36403元/平,顶层 (共6层) | 2005年 | 2室1厅 | 93.4平米 | 南 北,https://ke-image.ljcdn.com/110000-inspection/0f4e8df4-ce3c-43e9-ad26-08f0b0ed0e1b_1000.jpg!m_fill,w_280,h_210,f_jpg?from=ke.com
20240924,丰台,和义,101119616749,丰台南四环 南苑北里一区 商品房 中间层 地铁8号线,223万,34010元/平,中楼层 (共6层) 2室1厅 | 65.57平米 | 南 北,https://ke-image.ljcdn.com/110000-inspection/6268f0b0-986b-414f-970d-89448011a1f0_1000.jpg!m_fill,w_280,h_210,f_jpg?from=ke.com
20240924,丰台,和义,101119605587,久敬佳园二区 南北通透精装修2居室 钢混板楼,489万,47871元/平,中楼层 (共6层) | 2007年 | 2室1厅 | 102.15平米 | 南 北,https://ke-image.ljcdn.com/110000-inspection/pc1_5UniLbYYj.jpg!m_fill,w_280,h_210,f_jpg?from=ke.com
20240924,丰台,和义,101119563030,和义西里二区 精装修 2层 近地铁8号线 户型方正,425万,49207元/平,低楼层 (共6层) 2室1厅 | 86.37平米 | 南 北,https://ke-image.ljcdn.com/110000-inspection/7940102d-f499-495e-817d-63fb6df7528d_1000.jpg!m_fill,w_280,h_210,f_jpg?from=ke.com
20240924,丰台,和义,101119528611,久敬佳园一区 落地窗 8号线 满五年唯一精装修,310万,41500元/平,顶层 (共6层) | 2007年 | 2室1厅 | 74.7平米 | 南 北,https://ke-image.ljcdn.com/110000-inspection/5c16b0b2-cfb3-4b5a-bc9e-aee7cc5d2f62_1000.jpg!m_fill,w_280,h_210,f_jpg?from=ke.com
20240924,丰台,和义,101119489113,南四环 丰台区 久敬佳园 南北两居室,458万,47368元/平,顶层 (共6层) 2室2厅 | 96.69平米 | 南 北,https://ke-image.ljcdn.com/110000-inspection/b063b1c8-bcc1-4dfe-bdca-7ddc8077e47f_1000.jpg!m_fill,w_280,h_210,f_jpg?from=ke.com
20240924,丰台,和义,101119335178,南苑北里三区 低楼层 户型好 配套齐全 交通便利,245万,38450元/平,低楼层 (共6层) 1室1厅 | 63.72平米 | 南,https://ke-image.ljcdn.com/110000-inspection/4ecbc8b5-6e81-42c2-ac18-96dcacd24b8d_1000.jpg!m_fill,w_280,h_210,f_jpg?from=ke.com
20240924,丰台,和义,101119276657,世嘉丽晶 2室1厅 南 北,410万,47686元/平,中楼层 (共6层) 2室1厅 | 85.98平米 | 南 北,https://ke-image.ljcdn.com/110000-inspection/pc1_PtLfj2qom.jpg!m_fill,w_280,h_210,f_jpg?from=ke.com
20240924,丰台,和义,101119216648,8号线 和义东里  65.64平 南北通透 2居室 诚意出售,275万,41896元/平,顶层 (共6层) 2室1厅 | 65.64平米 | 南 北,https://ke-image.ljcdn.com/110000-inspection/2a0f3be8-eeef-474f-921f-9705b6b6e1da_1000.jpg!m_fill,w_280,h_210,f_jpg?from=ke.com
20240924,丰台,和义,101119075563,丰台区和义 近地铁 精装 中间楼层一居室,160万,39380元/平,中楼层 (共6层) 1室0厅 | 40.63平米 | 南,https://ke-image.ljcdn.com/110000-inspection/951e1565-c934-48b9-8964-346370575a2b_1000.jpg!m_fill,w_280,h_210,f_jpg?from=ke.com
20240924,丰台,和义,101118973385,南四环丰台区新华路1号院全明格局3层8号线和义地铁站,188万,34815元/平,顶层 (共3层) 2室1厅 | 54平米 | 南 北,https://ke-image.ljcdn.com/110000-inspection/7fd15288-033a-4f22-bd85-1239b5b4fb0c_1000.jpg!m_fill,w_280,h_210,f_jpg?from=ke.com
20240924,丰台,和义,101118936859,满五年且家庭名下唯一住房落地飘窗,530万,40131元/平,顶层 (共6层) 3室2厅 | 132.07平米 | 南 北,https://ke-image.ljcdn.com/110000-inspection/f665a692-5f40-4602-9371-eb0878868d23_1000.jpg!m_fill,w_280,h_210,f_jpg?from=ke.com
20240924,丰台,和义,101118931580,满五年唯一商品房 5层 大客厅,282万,41356元/平,高楼层 (共6层) 2室1厅 | 68.19平米 | 东 西,https://ke-image.ljcdn.com/110000-inspection/78b571ca-456a-4c10-b08c-62461573282d_1000.jpg!m_fill,w_280,h_210,f_jpg?from=ke.com
20240924,丰台,和义,101118581353,低楼层全明格局采光好商品房交通便利,175万,40472元/平,底层 (共6层) 1室1厅 | 43.24平米 | 东 北,https://ke-image.ljcdn.com/110000-inspection/d73343c6-2f27-43db-9f02-7a7477e2877f_1000.jpg!m_fill,w_280,h_210,f_jpg?from=ke.com
20240924,丰台,和义,101118479342,南苑北里 精装修 南北通透 两居室 满五年唯一,259万,39524元/平,中楼层 (共6层) 2室1厅 | 65.53平米 | 南 北,https://ke-image.ljcdn.com/110000-inspection/39fc7408-0384-4e89-b00d-0df9cbdbfaa4_1000.jpg!m_fill,w_280,h_210,f_jpg?from=ke.com
20240924,丰台,和义,101118360451,此房满五年唯一精装修中间层不临街南北通透,475万,54249元/平,中楼层 (共6层) 2室1厅 | 87.56平米 | 南 北,https://ke-image.ljcdn.com/110000-inspection/cf7b9aad-d7a0-4360-9941-8a6d976453dd_1000.jpg!m_fill,w_280,h_210,f_jpg?from=ke.com
20240924,丰台,和义,101118341011,和义东里三区 中间楼层 户型好 满五年 近地铁,227万,41371元/平,中楼层 (共6层) 2室1厅 | 54.87平米 | 南 北,https://ke-image.ljcdn.com/110000-inspection/f2945267-7079-46e1-822d-66151acc3e94_1000.jpg!m_fill,w_280,h_210,f_jpg?from=ke.com
20240924,丰台,和义,101118196786,8号线 和义西里二区 75.9平 精装全明 三居室,236万,31094元/平,顶层 (共6层) 3室1厅 | 75.9平米 | 南 东 西,https://ke-image.ljcdn.com/110000-inspection/f075ac04-8ae8-467b-a992-0cdd5869ef1e_1000.jpg!m_fill,w_280,h_210,f_jpg?from=ke.com
20240924,丰台,和义,101118025976,业主急售 此房满五年唯一前后无遮挡采光通风好,230万,29378元/平,顶层 (共6层) 3室1厅 | 78.29平米 | 东 西,https://ke-image.ljcdn.com/110000-inspection/pc1_Jit73w0Pn.jpg!m_fill,w_280,h_210,f_jpg?from=ke.com
20240924,丰台,和义,101117910865,南四环 和义东里 八号线和义站 正规两居室,277万,42622元/平,顶层 (共6层) 2室1厅 | 64.99平米 | 南 北,https://ke-image.ljcdn.com/110000-inspection/b6ec5f70-b4f9-4f46-a27d-d3bd7125498c_1000.jpg!m_fill,w_280,h_210,f_jpg?from=ke.com
20240924,丰台,和义,101117878399,南四环大红门桥南 8号线地铁边2005年精装两居出售,337万,44110元/平,中楼层 (共6层) | 2004年 | 2室1厅 | 76.4平米 | 东南 西,https://ke-image.ljcdn.com/110000-inspection/dd8290b9-f9f3-43c0-9663-b6e53b06d717_1000.jpg!m_fill,w_280,h_210,f_jpg?from=ke.com
20240924,丰台,和义,101117736170,和义西里二区 2室2厅 南 北房主自荐,399万,44477元/平,顶层 (共6层) | 2009年 | 2室2厅 | 89.71平米 | 南 北,https://ke-image.ljcdn.com/110000-inspection/84a96b3d-1b04-440e-9742-b7d81d47fbdf_1000.jpg!m_fill,w_280,h_210,f_jpg?from=ke.com
20240924,丰台,和义,101117709601,丰台区 南苑北里 大一居 近地铁,170万,28917元/平,高楼层 (共6层) | 1996年 | 1室1厅 | 58.79平米 | 南,https://ke-image.ljcdn.com/110000-inspection/020ad473-16f0-4555-aca6-6f3c05b2b2ac_1000.jpg!m_fill,w_280,h_210,f_jpg?from=ke.com
20240924,丰台,和义,101117633410,和义 南苑北里一区两居8号线 有钥匙刚需用房,245万,32035元/平,顶层 (共6层) 2室1厅 | 76.48平米 | 东 西,https://ke-image.ljcdn.com/110000-inspection/03701f2f-b961-4e33-9976-a6eb04c83bdc_1000.jpg!m_fill,w_280,h_210,f_jpg?from=ke.com
20240924,丰台,和义,101117151143,南四环外8号线地铁和义站温馨小两居 年轻人置业房主自荐,219万,39234元/平,高楼层 (共6层) | 1982年 | 2室1厅 | 55.82平米 | 南 北,https://ke-image.ljcdn.com/110000-inspection/ceb34cc8-8c71-4e04-a8f7-5d6cfddf37a7_1000.jpg!m_fill,w_280,h_210,f_jpg?from=ke.com
20240924,丰台,和义,101117138996,阳光左右间 中间楼层 南北通透 两居 满五年 唯一,550万,52921元/平,中楼层 (共6层) 2室2厅 | 103.93平米 | 南 北,https://ke-image.ljcdn.com/110000-inspection/75713c05-089d-4efa-bc23-aac2a0af99c2_1000.jpg!m_fill,w_280,h_210,f_jpg?from=ke.com
20240924,丰台,和义,101116912840,久敬佳园 南北向一居室 满五年唯一 业主诚意出售,235万,38431元/平,高楼层 (共6层) 1室1厅 | 61.15平米 | 南 北,https://ke-image.ljcdn.com/110000-inspection/pc1_g2fwD2bOD.jpg!m_fill,w_280,h_210,f_jpg?from=ke.com
20240924,丰台,和义,101116578008,此房南北通透中间楼层采光充足交通便利。,285万,44840元/平,中楼层 (共6层) | 1994年 | 2室1厅 | 63.56平米 | 南 北,https://ke-image.ljcdn.com/110000-inspection/7ca118e5-48e7-45e1-acda-4fc78d0bbd02_1000.jpg!m_fill,w_280,h_210,f_jpg?from=ke.com
20240924,丰台,和义,101116574320,和义西里二区 南北向2居室 满五年 2009年建成,285万,37100元/平,顶层 (共6层) | 2009年 | 2室1厅 | 76.82平米 | 南 北,https://ke-image.ljcdn.com/110000-inspection/pc1_2aFMXSx2R_1.jpg!m_fill,w_280,h_210,f_jpg?from=ke.com
20240924,丰台,和义,101115775147,和义东里一区 中间楼层 南北通透一居室 明厨明卫,200万,39921元/平,中楼层 (共6层) | 1997年 | 1室1厅 | 50.1平米 | 南 北,https://ke-image.ljcdn.com/110000-inspection/4c8b80cf-f837-4157-8f20-1f858103b79b_1000.jpg!m_fill,w_280,h_210,f_jpg?from=ke.com
20240924,丰台,和义,101115715676,丰台区 8号线地铁和义站 南北朝向两居室,180万,30081元/平,顶层 (共6层) 2室1厅 | 59.84平米 | 南 北,https://ke-image.ljcdn.com/110000-inspection/89534052-5cba-44d7-b0cf-abffe7481bad_1000.jpg!m_fill,w_280,h_210,f_jpg?from=ke.com
20240924,丰台,和义,101114906846,此房满五唯一07年商品房5层板楼带电梯,585万,50729元/平,中楼层 (共10层) | 2007年 | 2室2厅 | 115.32平米 | 南 北,https://ke-image.ljcdn.com/110000-inspection/pc1_dx8OKByJT.jpg!m_fill,w_280,h_210,f_jpg?from=ke.com
20240924,丰台,和义,101114778909,久敬佳园二区07年商品房满五年唯一错层房源,410万,39580元/平,顶层 (共6层) 2室2厅 | 103.59平米 | 南 北,https://ke-image.ljcdn.com/110000-inspection/73e825cc-3f11-4579-9bef-a152abfdc39d_1000.jpg!m_fill,w_280,h_210,f_jpg?from=ke.com
20240924,丰台,和义,101114163442,8号线和义站 2004年的商品房 南北两居室,370万,45545元/平,中楼层 (共6层) | 2004年 | 2室1厅 | 81.24平米 | 南 北,https://ke-image.ljcdn.com/110000-inspection/1e8bc112-a114-48a7-a7a3-8b890777d8ab_1000.jpg!m_fill,w_280,h_210,f_jpg?from=ke.com
20240924,丰台,和义,101114159696,南四环 久敬佳园三区 正规大一居 东西通透,260万,38315元/平,顶层 (共6层) | 2005年 | 1室1厅 | 67.86平米 | 东 西,https://ke-image.ljcdn.com/110000-inspection/pc1_zMxb5CTsc_1.jpg!m_fill,w_280,h_210,f_jpg?from=ke.com
20240924,丰台,和义,101113346388,丰台和义精装两居室契税1%采光视野好交通便利。,220万,39647元/平,顶层 (共5层) | 1999年 | 2室1厅 | 55.49平米 | 西南,https://ke-image.ljcdn.com/110000-inspection/pc1_O1XCctvP4_1.jpg!m_fill,w_280,h_210,f_jpg?from=ke.com
20240924,丰台,和义,101126743349,丰台区南四环 久敬佳园三区 钢混 小两居 无遮挡,279万,43581元/平,中楼层 (共6层) | 2005年 | 2室1厅 | 64.02平米 | 东 西,https://ke-image.ljcdn.com/110000-inspection/0f95e59f-76aa-49f2-9460-46eef17b9ba4_1000.jpg!m_fill,w_280,h_210,f_jpg?from=ke.com
20240924,丰台,和义,101126743332,丰台区南四环 和义东里三区 商品房 次顶层 精装修,227万,38495元/平,高楼层 (共6层) | 1989年 | 2室1厅 | 58.97平米 | 南 北,https://ke-image.ljcdn.com/110000-inspection/19ccc528-bb18-48c5-8a7c-7d6009a95a54_1000.jpg!m_fill,w_280,h_210,f_jpg?from=ke.com
20240924,丰台,和义,101126743329,和义西里二区 2室1厅 东 西,195万,33448元/平,顶层 (共6层) | 1996年 | 2室1厅 | 58.3平米 | 东 西,https://ke-image.ljcdn.com/110000-inspection/79c4568a-cbc4-4480-95f4-7452028c1798_1000.jpg!m_fill,w_280,h_210,f_jpg?from=ke.com
20240924,丰台,和义,101126741967,久敬佳园三区  中间层  南北通透落地飘窗,430万,48704元/平,中楼层 (共6层) | 2005年 | 2室1厅 | 88.29平米 | 南 北,https://ke-image.ljcdn.com/110000-inspection/pc1_JiCXWMMci.jpg!m_fill,w_280,h_210,f_jpg?from=ke.com
20240924,丰台,和义,101126739622,和义西里二区 2室1厅 南 北 西,295万,47890元/平,底层 (共6层) | 2009年 | 2室1厅 | 61.6平米 | 南 北 西,https://ke-image.ljcdn.com/110000-inspection/48d6fa8b-56a5-4acd-a6d9-5696cd6bcf92_1000.jpg!m_fill,w_280,h_210,f_jpg?from=ke.com
20240924,丰台,和义,101126732312,大红门南苑北里 次顶层 南北通透两居 首付46万,210万,34031元/平,高楼层 (共6层) 2室1厅 | 61.71平米 | 南 北,https://ke-image.ljcdn.com/110000-inspection/b7bf5702-6221-4b96-b57b-83ef295dc934_1000.jpg!m_fill,w_280,h_210,f_jpg?from=ke.com
20240924,丰台,和义,101126728611,南苑北里三区 3室3厅 南 北,460万,28097元/平,顶层 (共6层) | 2002年 | 3室3厅 | 163.72平米 | 南 北,https://ke-image.ljcdn.com/110000-inspection/pc1_p1b3aRN8f_1.jpg!m_fill,w_280,h_210,f_jpg?from=ke.com
20240924,丰台,和义,101126728599,南四环南四环 中轴路 8号线地铁 湿地公园,288万,28948元/平,顶层 (共5层) 3室1厅 | 99.49平米 | 东 西,https://ke-image.ljcdn.com/110000-inspection/f924fe76-26b8-4018-aa1e-55c596dc39e0_1000.jpg!m_fill,w_280,h_210,f_jpg?from=ke.com
20240924,丰台,和义,101126728584,丰台区南四环 南苑北里一区 商品房 南北通透大两居,322万,41879元/平,中楼层 (共6层) 2室1厅 | 76.89平米 | 南 北,https://ke-image.ljcdn.com/110000-inspection/pc1_2o1lrrR9g_1.jpg!m_fill,w_280,h_210,f_jpg?from=ke.com
20240924,丰台,和义,101126721441,和义西里四区 3室1厅 南 北,459万,47968元/平,高楼层 (共6层) 3室1厅 | 95.69平米 | 南 北,https://ke-image.ljcdn.com/110000-inspection/pc1_Z27cG8zP2.jpg!m_fill,w_280,h_210,f_jpg?from=ke.com
20240924,丰台,和义,101126721041,久敬佳园二区 2室1厅 南 北新上,319万,32436元/平,顶层 (共6层) 2室1厅 | 98.35平米 | 南 北,https://ke-image.ljcdn.com/110000-inspection/pc1_qi1Xpg6K8.jpg!m_fill,w_280,h_210,f_jpg?from=ke.com
20240924,丰台,和义,101126718323,丰台区南四环 久敬佳园二区 商品房社区 H户型,366万,37275元/平,顶层 (共6层) 2室1厅 | 98.19平米 | 南 北,https://ke-image.ljcdn.com/110000-inspection/pc1_ALRoow8ky.jpg!m_fill,w_280,h_210,f_jpg?from=ke.com
20240924,丰台,和义,101126718169,丰台区南四环 和义东里二区 商品房 4层 南北通透,177万,32259元/平,中楼层 (共6层) | 1997年 | 1室1厅 | 54.87平米 | 南 北,https://ke-image.ljcdn.com/110000-inspection/d9f847ca-7cfd-4535-9edb-a5e718f7875c_1000.jpg!m_fill,w_280,h_210,f_jpg?from=ke.com
20240924,丰台,和义,101126716940,丰台区南四环 久敬佳园三区 H户型钢混 2层新上,509万,51886元/平,低楼层 (共6层) 2室1厅 | 98.1平米 | 南 北,https://ke-image.ljcdn.com/110000-inspection/d20bbb82-834c-4739-864e-ea2604fec1df_1000.jpg!m_fill,w_280,h_210,f_jpg?from=ke.com
20240924,丰台,和义,101126713877,丰台区南四环 久敬佳园一区 H户型 纯商品房社区新上,445万,43297元/平,低楼层 (共6层) | 2007年 | 2室1厅 | 102.78平米 | 南 北,https://ke-image.ljcdn.com/110000-inspection/f5aef4b3-4561-4d98-b6b7-19d241f7af17_1000.jpg!m_fill,w_280,h_210,f_jpg?from=ke.com
20240924,丰台,和义,101126712435,南四环 和义西里二区 一层 无遮挡 满五年唯一新上,195万,43880元/平,底层 (共6层) | 1995年 | 1室1厅 | 44.44平米 | 东 西,https://ke-image.ljcdn.com/110000-inspection/b24234fa-c89a-4a81-96d6-d5631a18c8e4_1000.jpg!m_fill,w_280,h_210,f_jpg?from=ke.com
20240924,丰台,和义,101126708052,和义西里2004年商品房南北通透户型好挨着地铁新上,360万,43526元/平,顶层 (共6层) | 2004年 | 2室2厅 | 82.71平米 | 南 北,https://ke-image.ljcdn.com/110000-inspection/771af79e-d2f9-481f-9430-b8e87bacd142_1000.jpg!m_fill,w_280,h_210,f_jpg?from=ke.com
20240924,丰台,和义,101126703920,久敬佳园三区 南北通透2居室 全明格局新上,350万,38090元/平,高楼层 (共6层) 2室1厅 | 91.89平米 | 南 北,https://ke-image.ljcdn.com/110000-inspection/741cc681-8bec-4b71-92f8-6064e9d797b4_1000.jpg!m_fill,w_280,h_210,f_jpg?from=ke.com
20240924,丰台,和义,101126686707,世嘉丽晶 花园洋房商品房 南北通透三居欧式经典装修新上,545万,43580元/平,顶层 (共6层) 3室1厅 | 125.06平米 | 南 北,https://ke-image.ljcdn.com/110000-inspection/22e96110-c9b8-4df9-8447-4840b67e3a84_1000.jpg!m_fill,w_280,h_210,f_jpg?from=ke.com
20240924,丰台,和义,101126686617,南苑北里三区 1室1厅 南新上,208万,38061元/平,低楼层 (共6层) | 1995年 | 1室1厅 | 54.65平米 | 南,https://ke-image.ljcdn.com/110000-inspection/pc1_qkZzjGodK_1.jpg!m_fill,w_280,h_210,f_jpg?from=ke.com
20240924,丰台,和义,101126686164,南北通透一居室满五年唯一商品房近地铁8号线新上,160万,30042元/平,顶层 (共6层) | 1995年 | 1室1厅 | 53.26平米 | 南 北,https://ke-image.ljcdn.com/110000-inspection/1903561c-e957-4c68-b7d1-68f7a302bd13_1000.jpg!m_fill,w_280,h_210,f_jpg?from=ke.com
20240924,丰台,和义,101126674090,急售 地铁八号线和义站 南北通透两居室 近地铁新上,175万,30085元/平,高楼层 (共6层) 2室1厅 | 58.17平米 | 南 北,https://ke-image.ljcdn.com/110000-inspection/466a1a64-b6a2-4d25-bb0c-0dd713c717dc_1000.jpg!m_fill,w_280,h_210,f_jpg?from=ke.com
20240924,丰台,和义,101126657830,世嘉丽晶 2室1厅 南 北新上,368万,42038元/平,高楼层 (共6层) 2室1厅 | 87.54平米 | 南 北,https://ke-image.ljcdn.com/110000-inspection/6264cf9d-37dc-4a8d-8ff4-cf9fde701137_1000.jpg!m_fill,w_280,h_210,f_jpg?from=ke.com
20240924,丰台,和义,101126635087,丰台南四环 久敬佳园二区 商品房社区 中间层无遮挡新上,525万,47392元/平,中楼层 (共6层) | 2005年 | 3室1厅 | 110.78平米 | 西南,https://ke-image.ljcdn.com/110000-inspection/pc1_3yLGq4n0e_1.jpg!m_fill,w_280,h_210,f_jpg?from=ke.com
20240924,丰台,和义,101126635093,南苑北里二区挨小区东门的三居室新上,249万,32976元/平,中楼层 (共6层) | 1995年 | 3室1厅 | 75.51平米 | 东 西,https://ke-image.ljcdn.com/110000-inspection/22d0e4df-8ec4-4532-b255-fd883d37ec1c_1000.jpg!m_fill,w_280,h_210,f_jpg?from=ke.com
20240924,丰台,和义,101126627700,南四环 8号线地铁 满五唯一商品房 南北通透新上,370万,44354元/平,中楼层 (共6层) | 2004年 | 2室1厅 | 83.42平米 | 南 北,https://ke-image.ljcdn.com/110000-inspection/pc1_595qjIdRP_1.jpg!m_fill,w_280,h_210,f_jpg?from=ke.com
20240924,丰台,和义,101126607391,大红门和义东里 建成1994年 首套首付36万新上,176万,30257元/平,顶层 (共6层) | 1994年 | 2室1厅 | 58.17平米 | 南 北,https://ke-image.ljcdn.com/110000-inspection/pc1_UzpryprRd.jpg!m_fill,w_280,h_210,f_jpg?from=ke.com
20240924,丰台,和义,101126580016,至善街4号正规两居室满五年唯一商品房地铁8号线,195万,30748元/平,顶层 (共6层) | 1993年 | 2室1厅 | 63.42平米 | 东 西,https://ke-image.ljcdn.com/110000-inspection/pc1_Gq0bBnXnY.jpg!m_fill,w_280,h_210,f_jpg?from=ke.com
20240924,丰台,和义,101126576083,南四环 中轴路 8号线地铁 品质洋房 房龄2004,295万,36701元/平,顶层 (共6层) 2室1厅 | 80.38平米 | 南 北,https://ke-image.ljcdn.com/110000-inspection/5aa8fdef-a6b7-45cc-9e19-1e61e49e1832_1000.jpg!m_fill,w_280,h_210,f_jpg?from=ke.com
20240924,丰台,和义,101126480301,此房满五年唯一04年商品房交通便利采光视野好,320万,39168元/平,高楼层 (共6层) 2室1厅 | 81.7平米 | 南 北,https://ke-image.ljcdn.com/110000-inspection/43019cb0-40c6-4dc1-ad91-ecad6a74efea_1000.jpg!m_fill,w_280,h_210,f_jpg?from=ke.com
20240924,丰台,和义,101126472056,南四环中轴路 南苑北里 精装修南北通透 方正两居,268万,35563元/平,顶层 (共6层) 2室1厅 | 75.36平米 | 南 北,https://ke-image.ljcdn.com/110000-inspection/bcb8a81d-8d93-44a1-b1dc-aa92f6489119_1000.jpg!m_fill,w_280,h_210,f_jpg?from=ke.com
20240924,丰台,和义,101126389823,久敬佳园三区 低层精装两居 满五年唯一带车位明卫,578万,58938元/平,底层 (共6层) 2室2厅 | 98.07平米 | 东 南 北,https://ke-image.ljcdn.com/110000-inspection/942cb800-59dd-4f37-a019-9fb8df28e7b5_1000.jpg!m_fill,w_280,h_210,f_jpg?from=ke.com
20240924,丰台,和义,101126380122,和义西里中间层南北通透的一居室。,309万,50965元/平,中楼层 (共6层) 1室1厅 | 60.63平米 | 南 北,https://ke-image.ljcdn.com/110000-inspection/f26ddba1-1c37-4986-8f6f-5916d893ca8d_1000.jpg!m_fill,w_280,h_210,f_jpg?from=ke.com
20240924,丰台,和义,101126321086,久敬佳园二区  中间层楼层 满五年唯一商品房 诚售,378万,39103元/平,中楼层 (共6层) 2室1厅 | 96.67平米 | 东南,https://ke-image.ljcdn.com/110000-inspection/f8144aba-f4f0-462d-bc6a-7dad0746b2f1_1000.jpg!m_fill,w_280,h_210,f_jpg?from=ke.com
20240924,丰台,和义,101126255121,大兴南苑北里四区南苑北里四区和义南里,185万,32388元/平,顶层 (共5层) 2室1厅 | 57.12平米 | 南 北,https://ke-image.ljcdn.com/110000-inspection/bb427bf4-3492-4c10-ba00-3139d9985e60_1000.jpg!m_fill,w_280,h_210,f_jpg?from=ke.com
20240924,丰台,和义,101126247318,久敬佳园一区 2室2厅 南 北,460万,45763元/平,中楼层 (共6层) | 2007年 | 2室2厅 | 100.52平米 | 南 北,https://ke-image.ljcdn.com/110000-inspection/pc1_s7nBcMtmT.jpg!m_fill,w_280,h_210,f_jpg?from=ke.com
20240924,丰台,和义,101126155625,和义西里三区 2室1厅 南 北,249万,33468元/平,顶层 (共6层) 2室1厅 | 74.4平米 | 南 北,https://ke-image.ljcdn.com/110000-inspection/a6e25c80-bbd7-4438-8c8b-072f6a1a2e29_1000.jpg!m_fill,w_280,h_210,f_jpg?from=ke.com
20240924,丰台,和义,101126083191,和义西里二区满五年唯一 装修好 配套设施齐全,177万,30387元/平,顶层 (共6层) 2室1厅 | 58.25平米 | 东 西,https://ke-image.ljcdn.com/110000-inspection/f032bd19-0261-4a82-a228-d09c080c794d_1000.jpg!m_fill,w_280,h_210,f_jpg?from=ke.com
20240924,丰台,和义,101125940865,地铁8号线和义东里四区 满五唯一南向采光视野好,139万,33326元/平,顶层 (共6层) | 1982年 | 1室1厅 | 41.71平米 | 南,https://ke-image.ljcdn.com/110000-inspection/1f30143e-c5f5-4eda-97d5-012b02cbf349_1000.jpg!m_fill,w_280,h_210,f_jpg?from=ke.com
20240924,丰台,和义,101125788739,南四环 和义东里 八号线和义站 正规两居室,259万,44525元/平,中楼层 (共6层) 2室1厅 | 58.17平米 | 南 北,https://ke-image.ljcdn.com/110000-inspection/28e0b6cb-e9fa-43f6-880f-9b89f55461d9_1000.jpg!m_fill,w_280,h_210,f_jpg?from=ke.com
20240924,丰台,和义,101125715743,南四环 湿地公园旁 和义西里三区 2004年落地窗,335万,30922元/平,顶层 (共6层) 3室1厅 | 108.34平米 | 南 北,https://ke-image.ljcdn.com/110000-inspection/7b96435f-7e20-4bfb-bffe-bec2d6859295_1000.jpg!m_fill,w_280,h_210,f_jpg?from=ke.com
20240924,丰台,和义,101125554402,南北通透低楼层满五年唯一出小区是地铁8号线,268万,44196元/平,低楼层 (共6层) | 2004年 | 1室1厅 | 60.64平米 | 南 北,https://ke-image.ljcdn.com/110000-inspection/pc1_YAcQvWQG7_1.jpg!m_fill,w_280,h_210,f_jpg?from=ke.com
20240924,丰台,和义,101125356697,此房满五年南北通透采光充足视野开阔交通便,395万,42242元/平,中楼层 (共6层) 2室1厅 | 93.51平米 | 南 北,https://ke-image.ljcdn.com/110000-inspection/pc1_cpM3APUev.jpg!m_fill,w_280,h_210,f_jpg?from=ke.com
20240924,丰台,和义,101125297175,房子是09年的满五唯一商品房南北通透采光好,280万,35875元/平,顶层 (共6层) | 2009年 | 2室1厅 | 78.05平米 | 南 北,https://ke-image.ljcdn.com/110000-inspection/6266e374-9db3-4df1-9d82-d5d71ff2004d_1000.jpg!m_fill,w_280,h_210,f_jpg?from=ke.com
20240924,丰台,和义,101125069103,此房满五年且唯一住房低楼层户型方正正规两居室房主自荐,230万,36895元/平,中楼层 (共5层) 2室1厅 | 62.34平米 | 南 北,https://ke-image.ljcdn.com/110000-inspection/pc1_fTSut2hLF_1.jpg!m_fill,w_280,h_210,f_jpg?from=ke.com
20240924,丰台,和义,101124970633,满五年且家庭名下唯一住房南北通透一层出行方便,268万,43670元/平,底层 (共6层) | 2009年 | 2室1厅 | 61.37平米 | 南 北,https://ke-image.ljcdn.com/110000-inspection/0b4c32ea-87f6-4f74-b94f-8a79c3a22c48_1000.jpg!m_fill,w_280,h_210,f_jpg?from=ke.com
20240924,丰台,和义,101124759254,南四环 8号线地铁 南北通透 方正两居,379万,38485元/平,顶层 (共6层) 2室1厅 | 98.48平米 | 南 北,https://ke-image.ljcdn.com/110000-inspection/b9161309-2826-4d9a-bccf-fe767522893f_1000.jpg!m_fill,w_280,h_210,f_jpg?from=ke.com
20240924,丰台,和义,101124673330,世嘉丽晶 3室1厅 南 北,680万,55124元/平,高楼层 (共6层) | 2005年 | 3室1厅 | 123.36平米 | 南 北,https://ke-image.ljcdn.com/110000-inspection/966f5b24-e1b6-43a8-88c4-2e1b215648d9_1000.jpg!m_fill,w_280,h_210,f_jpg?from=ke.com
20240924,丰台,和义,101124648664,和义西里三区 2室2厅 南 北,419万,42547元/平,中楼层 (共6层) 2室2厅 | 98.48平米 | 南 北,https://ke-image.ljcdn.com/110000-inspection/3a13414a-8e2f-43b8-ba15-bb2936156177_1000.jpg!m_fill,w_280,h_210,f_jpg?from=ke.com
20240924,丰台,和义,101124628580,大红门和义西里 大客厅落地窗 首套首付64万,285万,31517元/平,顶层 (共6层) | 2004年 | 2室1厅 | 90.43平米 | 南 北,https://ke-image.ljcdn.com/110000-inspection/pc1_obQTGR7ax.jpg!m_fill,w_280,h_210,f_jpg?from=ke.com
20240924,丰台,和义,101124536675,南中轴路 8号线地铁 落地窗2004年南北三居,380万,35192元/平,顶层 (共6层) | 2004年 | 3室1厅 | 107.98平米 | 南 北,https://ke-image.ljcdn.com/110000-inspection/pc1_0U7BRaPjV_1.jpg!m_fill,w_280,h_210,f_jpg?from=ke.com
20240924,丰台,和义,101124533247,久敬佳园三区 2室1厅 南 北,385万,42077元/平,中楼层 (共6层) 2室1厅 | 91.5平米 | 南 北,https://ke-image.ljcdn.com/110000-inspection/c2b801e2-3b1c-41ae-9c80-443f29dd4cf6_1000.jpg!m_fill,w_280,h_210,f_jpg?from=ke.com
20240924,丰台,和义,101124241374,和义 此房满五年唯一 楼层低  业主诚心出售 看房方便,179万,30614元/平,底层 (共5层) 2室1厅 | 58.47平米 | 西,https://ke-image.ljcdn.com/110000-inspection/e3a5026a-1f6b-40e7-82f8-3f5109bfe6de_1000.jpg!m_fill,w_280,h_210,f_jpg?from=ke.com
20240924,丰台,和义,101124154954,和义西里三区 南北通透 2004年建成 出小区是地铁8号线,270万,45880元/平,底层 (共6层) 1室1厅 | 58.85平米 | 南 北,https://ke-image.ljcdn.com/110000-inspection/9e9b27f8-f31b-487c-a6d1-d4d7e7ef352b_1000.jpg!m_fill,w_280,h_210,f_jpg?from=ke.com
20240924,丰台,和义,101123972769,满五唯一南北通透精装修中间楼层视野好。采光充足,230万,42728元/平,中楼层 (共5层) | 1980年 | 2室1厅 | 53.83平米 | 南 北,https://ke-image.ljcdn.com/110000-inspection/pc1_lwRCD7KJl.jpg!m_fill,w_280,h_210,f_jpg?from=ke.com
20240924,丰台,和义,101123773845,南苑北里南北通透三居室中间楼层满五年唯一,293万,37014元/平,中楼层 (共6层) 3室1厅 | 79.16平米 | 南 北,https://ke-image.ljcdn.com/110000-inspection/d0d9abda-51d8-4ef0-ab24-3be0c133ab27_1000.jpg!m_fill,w_280,h_210,f_jpg?from=ke.com
20240924,丰台,和义,101123747505,此房满五年唯一 南北通透格局 落地飘窗 格局方正,435万,43383元/平,中楼层 (共6层) | 2007年 | 2室2厅 | 100.27平米 | 南 北,https://ke-image.ljcdn.com/110000-inspection/de8da0f5-32fb-4921-a71f-e18296b7492a_1000.jpg!m_fill,w_280,h_210,f_jpg?from=ke.com
20240924,丰台,和义,101123697634,此房满五年南北通透采光充足视野开阔交通便利,335万,33983元/平,顶层 (共6层) 2室1厅 | 98.58平米 | 南 北,https://ke-image.ljcdn.com/110000-inspection/pc1_FbQmpOP7D.jpg!m_fill,w_280,h_210,f_jpg?from=ke.com
20240924,丰台,和义,101123696578,2004年房龄 一层南北通透满五年唯一 商品房房主自荐,299万,49316元/平,底层 (共6层) 1室1厅 | 60.63平米 | 南 北,https://ke-image.ljcdn.com/110000-inspection/acaec5f4-25be-415a-b8f9-ce79befdd87f_1000.jpg!m_fill,w_280,h_210,f_jpg?from=ke.com
20240924,丰台,和义,101123639355,丰台和义西里四区非顶层南北两居室近地铁,320万,39901元/平,高楼层 (共6层) 2室1厅 | 80.2平米 | 南 北,https://ke-image.ljcdn.com/110000-inspection/101ac6ea-3331-4732-be19-6b22343447b9_1000.jpg!m_fill,w_280,h_210,f_jpg?from=ke.com
20240924,丰台,和义,101123636828,南四环 8号线地铁 南北三居 不临街无遮挡 满五唯一,245万,30698元/平,顶层 (共6层) | 1995年 | 3室1厅 | 79.81平米 | 南 北,https://ke-image.ljcdn.com/110000-inspection/8e2b7821-2aab-4b19-b2dd-b747eb30b5d4_1000.jpg!m_fill,w_280,h_210,f_jpg?from=ke.com
20240924,丰台,和义,101123525263,世嘉丽晶 2室1厅 南 北,335万,40562元/平,中楼层 (共6层) 2室1厅 | 82.59平米 | 南 北,https://ke-image.ljcdn.com/110000-inspection/912c6da3-d1c1-470e-908b-92bf0536427b_1000.jpg!m_fill,w_280,h_210,f_jpg?from=ke.com
20240924,丰台,和义,101123509375,南四环 2层 双卧朝南 客厅方正有窗 300米公园医院,250万,36264元/平,低楼层 (共6层) | 1996年 | 2室1厅 | 68.94平米 | 南 北,https://ke-image.ljcdn.com/110000-inspection/16bef9f2-e09f-46e1-bec6-d6bfe16f680e_1000.jpg!m_fill,w_280,h_210,f_jpg?from=ke.com
20240924,丰台,和义,101123357958,满五年唯一 一层有田园空间 南北通透 平层大两居,550万,55827元/平,底层 (共6层) 2室2厅 | 98.52平米 | 南 北,https://ke-image.ljcdn.com/110000-inspection/pc1_sky3mG6uL.jpg!m_fill,w_280,h_210,f_jpg?from=ke.com
20240924,丰台,和义,101122597103,8号线和义站 久敬佳园 中间楼层 南北两居,428万,43898元/平,中楼层 (共6层) 2室1厅 | 97.5平米 | 南 北,https://ke-image.ljcdn.com/110000-inspection/0bfc1496-eb88-49a5-9506-fa025e981100_1000.jpg!m_fill,w_280,h_210,f_jpg?from=ke.com
20240924,丰台,和义,101122557696,大红门和义世嘉丽晶 大客厅南向小两居 2004年首付73万,219万,45427元/平,中楼层 (共6层) | 2004年 | 2室1厅 | 48.21平米 | 南,https://ke-image.ljcdn.com/110000-inspection/cfa14d8e-05b0-403e-a457-5f58376a962b_1000.jpg!m_fill,w_280,h_210,f_jpg?from=ke.com
20240924,丰台,和义,101122405606,和义西里三区 2004年商品房 无抵押 无户口,215万,38318元/平,顶层 (共6层) | 2004年 | 1室1厅 | 56.11平米 | 南 北,https://ke-image.ljcdn.com/110000-inspection/pc1_iXSZZBvmP.jpg!m_fill,w_280,h_210,f_jpg?from=ke.com
20240924,丰台,和义,101122396283,和义西里三区 2室1厅 南 北,323万,40125元/平,低楼层 (共6层) | 2001年 | 2室1厅 | 80.5平米 | 南 北,https://ke-image.ljcdn.com/110000-inspection/8d9d623c-0904-4fcd-b1d1-0d51f5088b19_1000.jpg!m_fill,w_280,h_210,f_jpg?from=ke.com
20240924,丰台,和义,101122334341,世嘉丽晶 南北向2居 精装修 距离地铁近,325万,38530元/平,顶层 (共6层) | 2004年 | 2室1厅 | 84.35平米 | 南 北,https://ke-image.ljcdn.com/110000-inspection/08497393-bf7d-4f8e-8fd8-c94a2f566ea9_1000.jpg!m_fill,w_280,h_210,f_jpg?from=ke.com
20240924,丰台,和义,101122296939,和义东里四区中楼层两居室满五年唯一8号线和义地铁站,242万,41017元/平,中楼层 (共6层) | 1986年 | 2室1厅 | 59平米 | 东 西,https://ke-image.ljcdn.com/110000-inspection/pc1_wY6TtYl2D_1.jpg!m_fill,w_280,h_210,f_jpg?from=ke.com
20240924,丰台,和义,101122258759,南四环 久敬佳园二区 正规三居室 双卫 按满五年唯一卖,446万,36836元/平,顶层 (共6层) | 2005年 | 3室2厅 | 121.08平米 | 南 北,https://ke-image.ljcdn.com/110000-inspection/dc77538e-dd42-4eb6-9f94-24c28fb7d0f3_1000.jpg!m_fill,w_280,h_210,f_jpg?from=ke.com
20240924,丰台,和义,101121984679,和义东里四区满五年户型好近地铁中间楼层采光充足,380万,43805元/平,中楼层 (共6层) 3室1厅 | 86.75平米 | 东 南 北,https://ke-image.ljcdn.com/110000-inspection/26fe0215-6b41-4b09-9ed6-c4b69d6aace5_1000.jpg!m_fill,w_280,h_210,f_jpg?from=ke.com
20240924,丰台,和义,101121457582,满五唯一商品房采光好配套齐全交通便利,155万,36949元/平,高楼层 (共6层) | 1986年 | 1室1厅 | 41.95平米 | 南,https://ke-image.ljcdn.com/110000-inspection/pc1_z3wSeGpPQ_1.jpg!m_fill,w_280,h_210,f_jpg?from=ke.com
20240924,丰台,和义,101121378247,此房满五年唯一东西通透低楼层进出方便,225万,44301元/平,底层 (共6层) 1室1厅 | 50.79平米 | 东 西,https://ke-image.ljcdn.com/110000-inspection/pc1_5ErYwZjv5_1.jpg!m_fill,w_280,h_210,f_jpg?from=ke.com
20240924,丰台,和义,101121189680,8号线地铁和义站 满五年唯一 4层 三居室双卫,558万,46365元/平,中楼层 (共6层) 3室1厅 | 120.35平米 | 南 北,https://ke-image.ljcdn.com/110000-inspection/pc1_rHYvyRQGx.jpg!m_fill,w_280,h_210,f_jpg?from=ke.com
20240924,丰台,和义,101120974505,久敬佳园  一层 满五年唯一 2007年 南北通透 商品房房主自荐,559万,53787元/平,底层 (共6层) 2室2厅 | 103.93平米 | 南 北,https://ke-image.ljcdn.com/110000-inspection/0f1db544-164e-4999-8edc-6649f34a15e5_1000.jpg!m_fill,w_280,h_210,f_jpg?from=ke.com
20240924,丰台,和义,101120867654,南苑北里三区 南北通透 两居室 双卫户型,378万,39249元/平,高楼层 (共6层) 2室1厅 | 96.31平米 | 南 北,https://ke-image.ljcdn.com/110000-inspection/ca689a42-97dc-4bef-8a92-d23ff36f8265_1000.jpg!m_fill,w_280,h_210,f_jpg?from=ke.com
20240924,丰台,和义,101120807322,中间层 满五年唯一商品房 南北通透 近地铁8号线和义站,385万,44355元/平,中楼层 (共6层) 2室1厅 | 86.8平米 | 南 北,https://ke-image.ljcdn.com/110000-inspection/b1f2cac4-9968-4493-a0d9-6028ea75c1a6_1000.jpg!m_fill,w_280,h_210,f_jpg?from=ke.com
20240924,丰台,和义,101120762690,和义西里三区 2室1厅 南 北房主自荐,310万,39366元/平,顶层 (共6层) 2室1厅 | 78.75平米 | 南 北,https://ke-image.ljcdn.com/110000-inspection/995d0f76-9660-40be-95ae-68d37a93f788_1000.jpg!m_fill,w_280,h_210,f_jpg?from=ke.com
20240924,丰台,和义,101120673711,世嘉丽晶 2室1厅 东南,318万,41624元/平,顶层 (共6层) | 2004年 | 2室1厅 | 76.4平米 | 东南,https://ke-image.ljcdn.com/110000-inspection/pc1_EF8GfuxYg_1.jpg!m_fill,w_280,h_210,f_jpg?from=ke.com
20240924,丰台,和义,101120448617,和义西里四区 三居室 5-6跃层户型 上下两层 精装修,558万,33112元/平,顶层 (共5层) | 2001年 | 3室2厅 | 168.52平米 | 南 西,https://ke-image.ljcdn.com/110000-inspection/c5abb5d3-19cb-46a3-ac30-6d25ca2e8f8f_1000.jpg!m_fill,w_280,h_210,f_jpg?from=ke.com
20240924,丰台,和义,101120347856,近地铁100米满五年唯一商品房只有契税无抵押无户口,149万,35519元/平,中楼层 (共6层) 1室1厅 | 41.95平米 | 南,https://ke-image.ljcdn.com/110000-inspection/pc1_brFQ9L0kh.jpg!m_fill,w_280,h_210,f_jpg?from=ke.com
20240924,丰台,和义,101120244728,和义东里一区 2室1厅 南 北,228万,41104元/平,底层 (共6层) | 1994年 | 2室1厅 | 55.47平米 | 南 北,https://ke-image.ljcdn.com/110000-inspection/bca95b14-37cf-4cb6-b0af-0e40119ff78c_1000.jpg!m_fill,w_280,h_210,f_jpg?from=ke.com
20240924,丰台,和义,101120051409,南苑北里一区大三居客厅带窗户 地铁8号线双卧朝南,450万,45653元/平,中楼层 (共6层) | 2000年 | 3室1厅 | 98.57平米 | 南 北,https://ke-image.ljcdn.com/110000-inspection/pc1_FpmKctmgI_1.jpg!m_fill,w_280,h_210,f_jpg?from=ke.com
20240924,丰台,和义,101119588670,久敬佳园三区南四环落地飘窗 钢混结构满五年精装修,383万,42093元/平,高楼层 (共6层) 2室1厅 | 90.99平米 | 南 北,https://ke-image.ljcdn.com/110000-inspection/pc1_kADqlGXSz.jpg!m_fill,w_280,h_210,f_jpg?from=ke.com
20240924,丰台,和义,101119438511,和义西里朝南一居室满五年唯一出小区是地铁8号线,240万,34120元/平,高楼层 (共6层) | 2000年 | 1室1厅 | 70.34平米 | 南,https://ke-image.ljcdn.com/110000-inspection/5ce49312-982d-4424-a9ec-35eed2310052_1000.jpg!m_fill,w_280,h_210,f_jpg?from=ke.com
20240924,丰台,和义,101119286177,和义西里三区 南北通透 格局好 2004年落地窗,295万,48656元/平,低楼层 (共6层) | 2004年 | 1室1厅 | 60.63平米 | 南 北,https://ke-image.ljcdn.com/110000-inspection/0e047490-5738-4468-8050-e05c708fe35e_1000.jpg!m_fill,w_280,h_210,f_jpg?from=ke.com
20240924,丰台,和义,101119169111,南四环8号线满五唯一2004年商品房环境好,380万,46775元/平,高楼层 (共6层) | 2004年 | 2室1厅 | 81.24平米 | 南 北,https://ke-image.ljcdn.com/110000-inspection/78376dde-e2e9-4710-8d29-c311420b0680_1000.jpg!m_fill,w_280,h_210,f_jpg?from=ke.com
20240924,丰台,和义,101118717936,南四环南苑北里 低楼层正规一居 东西通透,195万,36219元/平,低楼层 (共6层) | 1995年 | 1室1厅 | 53.84平米 | 东 西,https://ke-image.ljcdn.com/110000-inspection/ad38fead-f841-4e36-8265-4de6d0626d55_1000.jpg!m_fill,w_280,h_210,f_jpg?from=ke.com
20240924,丰台,和义,101118407937,和义东里一区 精装修 满五年唯一 两居室 8号线,220万,34014元/平,顶层 (共6层) | 1994年 | 2室1厅 | 64.68平米 | 南 北,https://ke-image.ljcdn.com/110000-inspection/e308f334-249b-433b-8e12-4bdb7ccacb24_1000.jpg!m_fill,w_280,h_210,f_jpg?from=ke.com
20240924,丰台,和义,101118080030,房子是正规两居满五年唯一6层板楼采光好,188万,32320元/平,顶层 (共6层) 2室1厅 | 58.17平米 | 南 北,https://ke-image.ljcdn.com/110000-inspection/pc1_pVUNwfV8d_1.jpg!m_fill,w_280,h_210,f_jpg?from=ke.com
20240924,丰台,和义,101117784058,南四环和义西里 中间层 南北透通两居 不临街,378万,47080元/平,中楼层 (共5层) | 1998年 | 2室1厅 | 80.29平米 | 南 北,https://ke-image.ljcdn.com/110000-inspection/pc1_0ubZEeSpX_1.jpg!m_fill,w_280,h_210,f_jpg?from=ke.com
20240924,丰台,和义,101116851727,南苑北里经典五层三居 诚意出售 看房提前约,315万,38229元/平,高楼层 (共6层) | 1996年 | 3室1厅 | 82.4平米 | 南 北,https://ke-image.ljcdn.com/110000-inspection/pc1_RupQVohNs_1.jpg!m_fill,w_280,h_210,f_jpg?from=ke.com
20240924,丰台,和义,101126724436,南四环 中轴路8号线地铁 南北通透两居 湿地公园新上,228万,41133元/平,顶层 (共6层) 2室1厅 | 55.43平米 | 南 北,https://s1.ljcdn.com/pegasus/redskull/images/common/default_house_list.png?_v=20240826145726
20240924,丰台,和义,101126699621,松林庄 2室1厅 南 北新上,215万,33500元/平,中楼层 (共6层) | 2009年 | 2室1厅 | 64.18平米 | 南 北,https://s1.ljcdn.com/pegasus/redskull/images/common/default_house_list.png?_v=20240826145726
20240924,丰台,和义,101126659350,此房是满五年且唯一南北通透近地铁采光充足新上,199万,33729元/平,顶层 (共6层) | 1993年 | 2室1厅 | 59平米 | 南 北,https://s1.ljcdn.com/pegasus/redskull/images/common/default_house_list.png?_v=20240826145726
20240924,丰台,和义,101126561763,南四环 8号线地铁 5层 西侧800米湿地公园房主自荐,177万,29540元/平,高楼层 (共6层) 2室1厅 | 59.92平米 | 东 西,https://s1.ljcdn.com/pegasus/redskull/images/common/default_house_list.png?_v=20240826145726
20240924,丰台,和义,101126200754,和义东里二区 1室1厅 南 北,177万,42661元/平,顶层 (共6层) 1室1厅 | 41.49平米 | 南 北,https://s1.ljcdn.com/pegasus/redskull/images/common/default_house_list.png?_v=20240826145726
20240924,丰台,和义,101125005076,世嘉丽晶 带电梯三居室 满五年唯一商品房 无遮挡,580万,47228元/平,低楼层 (共6层) | 2005年 | 3室2厅 | 122.81平米 | 南 北,https://s1.ljcdn.com/pegasus/redskull/images/common/default_house_list.png?_v=20240826145726
20240924,丰台,和义,101122736065,大红门久敬佳园 电梯房南北通透 2007年钢混 首付190万,518万,44833元/平,中楼层 (共10层) | 2007年 | 2室2厅 | 115.54平米 | 南 北,https://s1.ljcdn.com/pegasus/redskull/images/common/default_house_list.png?_v=20240826145726
20240924,丰台,和义,101121964158,南四环 八号线和义站 南苑北里 一层 正规两居室,282万,36955元/平,底层 (共6层) 2室1厅 | 76.31平米 | 东 西,https://s1.ljcdn.com/pegasus/redskull/images/common/default_house_list.png?_v=20240826145726
20240924,丰台,和义,101119159551,南四环 久敬佳园 地铁8号线和义站 电梯房,572万,49507元/平,中楼层 (共10层) | 2007年 | 2室1厅 | 115.54平米 | 南 北,https://s1.ljcdn.com/pegasus/redskull/images/common/default_house_list.png?_v=20240826145726
20240924,丰台,和义,101118647587,此房属01年商品房满五年唯一中间层4层,498万,44797元/平,中楼层 (共5层) 3室2厅 | 111.17平米 | 南 北,https://s1.ljcdn.com/pegasus/redskull/images/common/default_house_list.png?_v=20240826145726
