20240924,海淀,安宁庄,101125176457,阳光北里三居  南向  中间层  采光视野好必看好房,536万,58644元/平,中楼层 (共18层) | 2001年 | 3室1厅 | 91.4平米 | 南,https://ke-image.ljcdn.com/110000-inspection/088226fe-2486-4ab4-aabd-80a4187b67f0_1000.jpg!m_fill,w_280,h_210,f_jpg?from=ke.com
20240924,海淀,安宁庄,101121883950,经典两居中间三层25万精装小区中间位置诚心出售必看好房,415万,71221元/平,中楼层 (共6层) | 1992年 | 2室1厅 | 58.27平米 | 南 北,https://ke-image.ljcdn.com/110000-inspection/807ebeac-ba05-4c68-9956-296141113c32_1000.jpg!m_fill,w_280,h_210,f_jpg?from=ke.com
20240924,海淀,安宁庄,101126078353,毛纺北小区满五年唯一高层视野好诚心出售价格都好谈必看好房,460万,56581元/平,高楼层 (共14层) | 1997年 | 2室1厅 | 81.3平米 | 东 西,https://ke-image.ljcdn.com/110000-inspection/0470cdf5-69b0-4b1b-aa8b-b85279308833_1000.jpg!m_fill,w_280,h_210,f_jpg?from=ke.com
20240924,海淀,安宁庄,101126591912,安宁里 2室1厅 南 北,279万,74242元/平,底层 (共6层) 2室1厅 | 37.58平米 | 南 北,https://ke-image.ljcdn.com/110000-inspection/2df0109b-4cc2-480f-bd59-18568f4893d1_1000.jpg!m_fill,w_280,h_210,f_jpg?from=ke.com
20240924,海淀,安宁庄,101126083080,上林溪三区 中间位置 满五唯一 眼镜户型 正规三居,1180万,101812元/平,低楼层 (共11层) | 2012年 | 3室2厅 | 115.9平米 | 南 北,https://ke-image.ljcdn.com/110000-inspection/082533bd-690f-4d15-ad9c-6ef36c3c782b_1000.jpg!m_fill,w_280,h_210,f_jpg?from=ke.com
20240924,海淀,安宁庄,101126060907,阳光北里一手业主满五年看房方便诚意出售房主自荐,439万,58378元/平,低楼层 (共18层) | 2001年 | 2室1厅 | 75.2平米 | 东 南,https://ke-image.ljcdn.com/110000-inspection/ed85f34e-2f8d-4b39-9cd7-ae275180dcf6_1000.jpg!m_fill,w_280,h_210,f_jpg?from=ke.com
20240924,海淀,安宁庄,101126045832,小米旁边安宁里南区带电梯海淀产权满五年唯一房主自荐,428万,51585元/平,低楼层 (共18层) 2室1厅 | 82.97平米 | 西,https://ke-image.ljcdn.com/110000-inspection/0c707d05-5a4c-434e-8503-9cded7835aee_1000.jpg!m_fill,w_280,h_210,f_jpg?from=ke.com
20240924,海淀,安宁庄,101125959312,安宁佳园精装开间新小区。诚心卖随时签约房主自荐,269万,73538元/平,低楼层 (共18层) | 2007年 | 1室0厅 | 36.58平米 | 北,https://ke-image.ljcdn.com/110000-inspection/aabdff48-1702-48cd-b0d0-882129dd9de0_1000.jpg!m_fill,w_280,h_210,f_jpg?from=ke.com
20240924,海淀,安宁庄,101125702192,房子满五年唯一高楼层采光和视野好居住温馨舒适房主自荐,938万,63945元/平,中楼层 (共21层) | 2003年 | 3室2厅 | 146.69平米 | 西南 北,https://ke-image.ljcdn.com/110000-inspection/pc1_8VgsXVvts_1.jpg!m_fill,w_280,h_210,f_jpg?from=ke.com
20240924,海淀,安宁庄,101125642214,安宁里南区板楼公摊小使用面积大精装低楼层,365万,56590元/平,低楼层 (共7层) | 2000年 | 2室1厅 | 64.5平米 | 东,https://ke-image.ljcdn.com/110000-inspection/908d5b34-63fe-4cf2-8656-1d63a9699945_1000.jpg!m_fill,w_280,h_210,f_jpg?from=ke.com
20240924,海淀,安宁庄,101125332304,海淀清河安宁里南区精装两居 随时看房,435万,62321元/平,中楼层 (共18层) | 1998年 | 2室1厅 | 69.8平米 | 东,https://ke-image.ljcdn.com/110000-inspection/pc1_c0ZtZNsn0_1.jpg!m_fill,w_280,h_210,f_jpg?from=ke.com
20240924,海淀,安宁庄,101125204275,上林溪  南向两居室 正对小区花园 满五年,750万,80846元/平,低楼层 (共21层) 2室1厅 | 92.77平米 | 南,https://ke-image.ljcdn.com/110000-inspection/pc1_Krwk9UO7c_1.jpg!m_fill,w_280,h_210,f_jpg?from=ke.com
20240924,海淀,安宁庄,101125176491,阳光北里 两居  中间层  不临街   采光视野好房主自荐,429万,57048元/平,中楼层 (共18层) | 2001年 | 2室1厅 | 75.2平米 | 东南,https://ke-image.ljcdn.com/110000-inspection/74be658a-cd5f-4be9-bd6a-b33f10ebc187_1000.jpg!m_fill,w_280,h_210,f_jpg?from=ke.com
20240924,海淀,安宁庄,101124316135,安宁佳园 2室1厅 东南,670万,78787元/平,低楼层 (共18层) | 2007年 | 2室1厅 | 85.04平米 | 东南,https://ke-image.ljcdn.com/110000-inspection/pc1_15UbTXnhW_1.jpg!m_fill,w_280,h_210,f_jpg?from=ke.com
20240924,海淀,安宁庄,101124301091,毛纺住宅北小区 诚意出售 满五唯一房主自荐,485万,64239元/平,中楼层 (共14层) | 1997年 | 2室1厅 | 75.5平米 | 东 西,https://ke-image.ljcdn.com/110000-inspection/b4f9ba0d-9608-4fa0-8d81-e2030aa0042e_1000.jpg!m_fill,w_280,h_210,f_jpg?from=ke.com
20240924,海淀,安宁庄,101124117889,地壳所中间层三居室诚意出售欢迎咨询看房房主自荐,388万,56892元/平,中楼层 (共6层) 3室1厅 | 68.2平米 | 南 北,https://ke-image.ljcdn.com/110000-inspection/648b61a3-7f67-4c4b-af9c-515f3f0fb752_1000.jpg!m_fill,w_280,h_210,f_jpg?from=ke.com
20240924,海淀,安宁庄,101124037513,毛纺住宅北小区 看房方便 诚意出售 价格可谈,395万,68458元/平,中楼层 (共7层) 2室1厅 | 57.7平米 | 东 西,https://ke-image.ljcdn.com/110000-inspection/pc1_SQgBnS7xU_1.jpg!m_fill,w_280,h_210,f_jpg?from=ke.com
20240924,海淀,安宁庄,101123868955,安宁佳园 2室1厅 东南,655万,74323元/平,中楼层 (共18层) | 2007年 | 2室1厅 | 88.13平米 | 东南,https://ke-image.ljcdn.com/110000-inspection/4150b50c-5594-4a20-97f4-97d557345c15_1000.jpg!m_fill,w_280,h_210,f_jpg?from=ke.com
20240924,海淀,安宁庄,101123836476,阳光北里 诚意出售 看房方便 随时签约房主自荐,488万,69025元/平,中楼层 (共18层) 2室1厅 | 70.7平米 | 西南,https://ke-image.ljcdn.com/110000-inspection/pc1_PfsMdEEdZ_1.jpg!m_fill,w_280,h_210,f_jpg?from=ke.com
20240924,海淀,安宁庄,101122986234,清上园 2室1厅 东 北,549万,74532元/平,底层 (共19层) | 2003年 | 2室1厅 | 73.66平米 | 东 北,https://ke-image.ljcdn.com/110000-inspection/26383dc5-df0d-4e29-9ba6-5abe862eae24_1000.jpg!m_fill,w_280,h_210,f_jpg?from=ke.com
20240924,海淀,安宁庄,101122106374,上林溪两居室 南北通透 次顶层,1090万,101236元/平,高楼层 (共9层) 2室2厅 | 107.67平米 | 南 北,https://ke-image.ljcdn.com/110000-inspection/51d3624d-325d-4263-bcf0-aab063dcf06c_1000.jpg!m_fill,w_280,h_210,f_jpg?from=ke.com
20240924,海淀,安宁庄,101121500405,安宁佳园海淀清河全明格局2008年小区满五唯一急,446万,84759元/平,低楼层 (共18层) | 2007年 | 1室1厅 | 52.62平米 | 东北,https://ke-image.ljcdn.com/110000-inspection/pc1_HlEjVfGdb_1.jpg!m_fill,w_280,h_210,f_jpg?from=ke.com
20240924,海淀,安宁庄,101121344306,上林溪  高楼层  满五年家庭名下只有一套  精装修房主自荐,1050万,96801元/平,中楼层 (共11层) | 2014年 | 2室2厅 | 108.47平米 | 南 北,https://ke-image.ljcdn.com/110000-inspection/pc1_Bbzxl76sL_1.jpg!m_fill,w_280,h_210,f_jpg?from=ke.com
20240924,海淀,安宁庄,101121229789,清上园高楼层一居室视野开阔采光充足业主诚意出售,459万,64071元/平,中楼层 (共19层) | 2003年 | 1室1厅 | 71.64平米 | 西北,https://ke-image.ljcdn.com/110000-inspection/2b143da0-b0d4-4b40-9fc0-5ee89aebbf02_1000.jpg!m_fill,w_280,h_210,f_jpg?from=ke.com
20240924,海淀,安宁庄,101121112714,上林溪 价格可谈中间位置 16年建成 精装修 采光视野好房主自荐,560万,86998元/平,顶层 (共11层) | 2016年 | 1室1厅 | 64.37平米 | 南,https://ke-image.ljcdn.com/110000-inspection/f0d34d37-5cd2-48e6-8e08-db1cfe0ea268_1000.jpg!m_fill,w_280,h_210,f_jpg?from=ke.com
20240924,海淀,安宁庄,101120097606,上林溪  精装修  满五年  13年板楼,750万,80889元/平,顶层 (共9层) | 2013年 | 2室1厅 | 92.72平米 | 西南,https://ke-image.ljcdn.com/110000-inspection/d72704d0-0986-42f4-b7df-dcb0656cb9a0_1000.jpg!m_fill,w_280,h_210,f_jpg?from=ke.com
20240924,海淀,安宁庄,101119755951,安宁里南区全明格局一居室满五唯一看房方便房主自荐,490万,76635元/平,底层 (共7层) 1室1厅 | 63.94平米 | 南 北,https://ke-image.ljcdn.com/110000-inspection/7a433198-8b71-4c09-9b4c-bc15269b571d_1000.jpg!m_fill,w_280,h_210,f_jpg?from=ke.com
20240924,海淀,安宁庄,101118136828,海淀区安宁里南区全明格局正规一居室满五唯一商品房房主自荐,420万,65687元/平,高楼层 (共7层) 1室1厅 | 63.94平米 | 南 北,https://ke-image.ljcdn.com/110000-inspection/389e2d9a-dfdf-47f9-87e4-ab43cff2d83a_1000.jpg!m_fill,w_280,h_210,f_jpg?from=ke.com
20240924,海淀,安宁庄,101125674082,安宁里  正规一居室  一梯两户 稳定签约,290万,68770元/平,中楼层 (共6层) 1室1厅 | 42.17平米 | 东 西,https://ke-image.ljcdn.com/110000-inspection/pc1_tXDny0iEX.jpg!m_fill,w_280,h_210,f_jpg?from=ke.com
20240924,海淀,安宁庄,101123778583,业主2016年购入新房 格局方正 中间位置 全天采光,810万,93018元/平,顶层 (共11层) 2室1厅 | 87.08平米 | 南,https://ke-image.ljcdn.com/110000-inspection/f67fdee4-58ff-437b-b956-b1e6acd2bd2a_1000.jpg!m_fill,w_280,h_210,f_jpg?from=ke.com
20240924,海淀,安宁庄,101122772297,清上园二期一层南北通透带半地下看房方便诚意出售,870万,83270元/平,底层 (共6层) | 2005年 | 3室2厅 | 104.48平米 | 南 北,https://ke-image.ljcdn.com/110000-inspection/pc1_OhW1T3ASK.jpg!m_fill,w_280,h_210,f_jpg?from=ke.com
20240924,海淀,安宁庄,101122746935,南区带电梯大两居   业主急售   全天采光超好必看好房,445万,61635元/平,低楼层 (共18层) 2室1厅 | 72.2平米 | 东,https://ke-image.ljcdn.com/110000-inspection/deb5e6c9-1520-4a42-9be3-a25c4da54f09_1000.jpg!m_fill,w_280,h_210,f_jpg?from=ke.com
20240924,海淀,安宁庄,101117650612,上林溪  满五年   全明格局   不临街,1380万,98621元/平,低楼层 (共21层) | 2012年 | 3室1厅 | 139.93平米 | 南 东 北,https://ke-image.ljcdn.com/110000-inspection/pc1_0PrIroLfS_1.jpg!m_fill,w_280,h_210,f_jpg?from=ke.com
20240924,海淀,安宁庄,101126641413,房子满五年唯一高楼层视野好能望到西山新上,368万,63591元/平,中楼层 (共19层) | 2003年 | 1室1厅 | 57.87平米 | 西北,https://ke-image.ljcdn.com/110000-inspection/954068f5-c543-4a8c-b2c2-09133be4a691_1000.jpg!m_fill,w_280,h_210,f_jpg?from=ke.com
20240924,海淀,安宁庄,101126621511,海淀 地壳所 新上 精装修 南向 优质两居室新上,326万,60494元/平,顶层 (共5层) 2室1厅 | 53.89平米 | 南,https://ke-image.ljcdn.com/110000-inspection/5fc948c6-c58e-49c3-be28-347c0f893e4c_1000.jpg!m_fill,w_280,h_210,f_jpg?from=ke.com
20240924,海淀,安宁庄,101126492849,清上园二期板楼两居室两梯三户诚意出售公摊小,570万,86077元/平,高楼层 (共17层) 2室1厅 | 66.22平米 | 东 北,https://ke-image.ljcdn.com/110000-inspection/f84c847b-e427-4dc2-87f2-3b6586975bb7_1000.jpg!m_fill,w_280,h_210,f_jpg?from=ke.com
20240924,海淀,安宁庄,101126397545,全明格局  高档社区  2007年商品房 格局方正房主自荐,590万,75855元/平,中楼层 (共18层) | 2007年 | 2室1厅 | 77.78平米 | 南 西,https://ke-image.ljcdn.com/110000-inspection/d96f0c2f-9ebe-4c6a-8cb9-f9055b981f5a_1000.jpg!m_fill,w_280,h_210,f_jpg?from=ke.com
20240924,海淀,安宁庄,101126274786,水利局一处宿舍 2室1厅 南 北,338万,58886元/平,顶层 (共6层) 2室1厅 | 57.4平米 | 南 北,https://ke-image.ljcdn.com/110000-inspection/e0aef864-781d-40e3-81e6-808afdfe7798_1000.jpg!m_fill,w_280,h_210,f_jpg?from=ke.com
20240924,海淀,安宁庄,101126244143,海淀产权小米旁边丝绸厂宿舍正规两居业主诚心房主自荐,328万,59745元/平,中楼层 (共6层) 2室1厅 | 54.9平米 | 南 北,https://ke-image.ljcdn.com/110000-inspection/178ecb86-9ce3-45a3-810a-270b48699673_1000.jpg!m_fill,w_280,h_210,f_jpg?from=ke.com
20240924,海淀,安宁庄,101126222966,清上园 2室1厅 南 北,650万,75442元/平,顶层 (共11层) 2室1厅 | 86.16平米 | 南 北,https://ke-image.ljcdn.com/110000-inspection/9f4adcff-560e-416a-bded-1df34cba4569_1000.jpg!m_fill,w_280,h_210,f_jpg?from=ke.com
20240924,海淀,安宁庄,101126220760,安宁佳园2007年楼龄方正好利用正规一室精装！房主自荐,369万,65964元/平,底层 (共18层) | 2007年 | 1室1厅 | 55.94平米 | 东,https://ke-image.ljcdn.com/110000-inspection/fc93ff36-4394-4bdf-b0d4-e0d7214d5688_1000.jpg!m_fill,w_280,h_210,f_jpg?from=ke.com
20240924,海淀,安宁庄,101126213783,优质房源满五年唯一价格实惠,370万,55723元/平,顶层 (共6层) 2室1厅 | 66.4平米 | 南 北,https://ke-image.ljcdn.com/110000-inspection/fe00b4ce-c50a-4018-a6df-4d5491d02ea0_1000.jpg!m_fill,w_280,h_210,f_jpg?from=ke.com
20240924,海淀,安宁庄,101126210512,清上园 2室1厅 南,699万,61538元/平,底层 (共19层) | 2003年 | 2室1厅 | 113.59平米 | 南,https://ke-image.ljcdn.com/110000-inspection/94ce13b4-bc58-4db6-bcba-c64125480814_1000.jpg!m_fill,w_280,h_210,f_jpg?from=ke.com
20240924,海淀,安宁庄,101126198442,安宁里 2室1厅 南 北,360万,61856元/平,中楼层 (共6层) | 1994年 | 2室1厅 | 58.2平米 | 南 北,https://ke-image.ljcdn.com/110000-inspection/b8acbdfe-ebbf-4487-83c6-84d80dd39f06_1000.jpg!m_fill,w_280,h_210,f_jpg?from=ke.com
20240924,海淀,安宁庄,101126198358,西三旗安宁庄西二旗南北朝向二居室,380万,70896元/平,低楼层 (共6层) 2室1厅 | 53.6平米 | 南 北,https://ke-image.ljcdn.com/110000-inspection/ea1b87b0-b2fa-4a52-a1d8-51077fbaf8b7_1000.jpg!m_fill,w_280,h_210,f_jpg?from=ke.com
20240924,海淀,安宁庄,101126181784,毛纺住宅北小区 1室1厅 南房主自荐,350万,83933元/平,底层 (共6层) 1室1厅 | 41.7平米 | 南,https://ke-image.ljcdn.com/110000-inspection/085b614d-64da-4687-b76c-fa985e376328_1000.jpg!m_fill,w_280,h_210,f_jpg?from=ke.com
20240924,海淀,安宁庄,101126179833,安宁庄东路2号院 2室1厅 南 北,370万,59391元/平,中楼层 (共6层) 2室1厅 | 62.3平米 | 南 北,https://ke-image.ljcdn.com/110000-inspection/pc1_V5yAXPg5i_1.jpg!m_fill,w_280,h_210,f_jpg?from=ke.com
20240924,海淀,安宁庄,101126115916,阳光北里 看房方便 诚意出售 价格能谈房主自荐,445万,54203元/平,低楼层 (共18层) 2室1厅 | 82.1平米 | 西南,https://ke-image.ljcdn.com/110000-inspection/pc1_22L3ozNfu_1.jpg!m_fill,w_280,h_210,f_jpg?from=ke.com
20240924,海淀,安宁庄,101126083784,清河安宁里小区南区 中间楼层精装一居室 诚心出售,312万,60012元/平,中楼层 (共7层) | 1998年 | 1室1厅 | 51.99平米 | 东 西,https://ke-image.ljcdn.com/110000-inspection/pc1_h9cLcfXdy_1.jpg!m_fill,w_280,h_210,f_jpg?from=ke.com
20240924,海淀,安宁庄,101126040571,直观花园 位置安静采光好 精装修直接拎包入住,809万,87262元/平,高楼层 (共21层) | 2012年 | 2室2厅 | 92.71平米 | 南,https://ke-image.ljcdn.com/110000-inspection/79f5ecaa-d514-411a-999d-1042c6e81c5c_1000.jpg!m_fill,w_280,h_210,f_jpg?from=ke.com
20240924,海淀,安宁庄,101126023227,地壳所 2室1厅 西南,389万,72575元/平,高楼层 (共6层) 2室1厅 | 53.6平米 | 西南,https://ke-image.ljcdn.com/110000-inspection/8f4dbdfb-daf8-4e70-b279-6c00a732e347_1000.jpg!m_fill,w_280,h_210,f_jpg?from=ke.com
20240924,海淀,安宁庄,101125967800,地壳所新上南北通透精装修中间层两居室房主自荐,408万,75626元/平,中楼层 (共6层) 2室1厅 | 53.95平米 | 南 北,https://ke-image.ljcdn.com/110000-inspection/146d0646-5705-429f-863c-3321ecd2f964_1000.jpg!m_fill,w_280,h_210,f_jpg?from=ke.com
20240924,海淀,安宁庄,101125845760,清上园新上板楼二居室满五唯一精装自住,820万,79504元/平,中楼层 (共6层) 2室1厅 | 103.14平米 | 东 南,https://ke-image.ljcdn.com/110000-inspection/pc1_hEpWv98wL_1.jpg!m_fill,w_280,h_210,f_jpg?from=ke.com
20240924,海淀,安宁庄,101125795316,海淀区地壳所正规两居南北通透满五年唯一,418万,70609元/平,低楼层 (共6层) 2室1厅 | 59.2平米 | 南 北,https://ke-image.ljcdn.com/110000-inspection/bd2cbf3c-58a9-4190-b5fa-2e24dbb805d2_1000.jpg!m_fill,w_280,h_210,f_jpg?from=ke.com
20240924,海淀,安宁庄,101125777336,安宁里南区 1室1厅 南 北,358万,65413元/平,中楼层 (共7层) | 1998年 | 1室1厅 | 54.73平米 | 南 北,https://ke-image.ljcdn.com/110000-inspection/38c38f84-8592-48e9-90df-ffcb8dbb9715_1000.jpg!m_fill,w_280,h_210,f_jpg?from=ke.com
20240924,海淀,安宁庄,101125740380,满五唯一 中高楼层 近地铁 生活配套好 随时可看,568万,76654元/平,高楼层 (共19层) | 2003年 | 2室1厅 | 74.1平米 | 西,https://ke-image.ljcdn.com/110000-inspection/3d27ed82-ad28-4d03-be82-766e5a1f7c74_1000.jpg!m_fill,w_280,h_210,f_jpg?from=ke.com
20240924,海淀,安宁庄,101125684995,中间层 精装修 纯正板楼 诚意出售 价格可以谈房主自荐,365万,66485元/平,高楼层 (共6层) 2室1厅 | 54.9平米 | 南 北,https://ke-image.ljcdn.com/110000-inspection/pc1_2JKFb7572_1.jpg!m_fill,w_280,h_210,f_jpg?from=ke.com
20240924,海淀,安宁庄,101125657086,安宁里南区 2室1厅 西南,465万,56045元/平,低楼层 (共18层) | 1998年 | 2室1厅 | 82.97平米 | 西南,https://ke-image.ljcdn.com/110000-inspection/acddc06e-85e5-470e-aba6-58f7b6d6bedd_1000.jpg!m_fill,w_280,h_210,f_jpg?from=ke.com
20240924,海淀,安宁庄,101125597479,海淀安宁庄东路2号院东北向方正两居室499万,479万,64994元/平,高楼层 (共6层) | 2000年 | 2室1厅 | 73.7平米 | 东北,https://ke-image.ljcdn.com/110000-inspection/8595d6aa-5201-44ff-b951-63ed236005fb_1000.jpg!m_fill,w_280,h_210,f_jpg?from=ke.com
20240924,海淀,安宁庄,101125594112,安宁里 2室1厅 东 西,275万,65213元/平,顶层 (共6层) 2室1厅 | 42.17平米 | 东 西,https://ke-image.ljcdn.com/110000-inspection/pc1_5AVm8uKpa_1.jpg!m_fill,w_280,h_210,f_jpg?from=ke.com
20240924,海淀,安宁庄,101125551847,高档社区 精品开间 业主诚意出售 价格可以谈,298万,78339元/平,低楼层 (共18层) | 2007年 | 1室0厅 | 38.04平米 | 南,https://ke-image.ljcdn.com/110000-inspection/b64eb829-486a-4cb1-b997-9ef903c22dea_1000.jpg!m_fill,w_280,h_210,f_jpg?from=ke.com
20240924,海淀,安宁庄,101125548083,上林溪 南北通透两居室 诚意出售 随时看房有钥匙,1050万,96331元/平,低楼层 (共10层) | 2012年 | 2室2厅 | 109平米 | 南 北,https://ke-image.ljcdn.com/110000-inspection/pc1_ZePc8wf0q_1.jpg!m_fill,w_280,h_210,f_jpg?from=ke.com
20240924,海淀,安宁庄,101125539666,上林溪优质两居 小区中间位置 不临街 高楼层,820万,88391元/平,高楼层 (共21层) | 2012年 | 2室1厅 | 92.77平米 | 南,https://ke-image.ljcdn.com/110000-inspection/8205a75d-e8c4-4915-acf9-4116311d3012_1000.jpg!m_fill,w_280,h_210,f_jpg?from=ke.com
20240924,海淀,安宁庄,101125514566,清上园 1室1厅 南,364万,78364元/平,低楼层 (共19层) | 2003年 | 1室1厅 | 46.45平米 | 南,https://ke-image.ljcdn.com/110000-inspection/pc1_yzNjx7Gi9_1.jpg!m_fill,w_280,h_210,f_jpg?from=ke.com
20240924,海淀,安宁庄,101125489542,阳光北里 看房方便 诚意出售 价格可谈房主自荐,585万,68422元/平,低楼层 (共18层) | 1996年 | 3室1厅 | 85.5平米 | 西南,https://ke-image.ljcdn.com/110000-inspection/21f46d2a-6b07-4632-9cd3-edb887ff0ed8_1000.jpg!m_fill,w_280,h_210,f_jpg?from=ke.com
20240924,海淀,安宁庄,101125461688,清上园二期板楼 南北通透大两居室 中间楼层满五唯一,798万,74923元/平,中楼层 (共6层) 2室1厅 | 106.51平米 | 南 北,https://ke-image.ljcdn.com/110000-inspection/pc1_rfcBnhl5T_1.jpg!m_fill,w_280,h_210,f_jpg?from=ke.com
20240924,海淀,安宁庄,101125415400,房子安静不临街 中间楼层 南北通透 随时签约诚心卖房主自荐,475万,63588元/平,中楼层 (共7层) 2室1厅 | 74.7平米 | 南 北,https://ke-image.ljcdn.com/110000-inspection/3a5ade58-610d-4b7d-bc50-91f93f3d22a8_1000.jpg!m_fill,w_280,h_210,f_jpg?from=ke.com
20240924,海淀,安宁庄,101125399299,上林溪 2室1厅 南,770万,84458元/平,底层 (共21层) | 2012年 | 2室1厅 | 91.17平米 | 南,https://ke-image.ljcdn.com/110000-inspection/286ee0a1-c7e5-4aab-bc9f-3986cb347ace_1000.jpg!m_fill,w_280,h_210,f_jpg?from=ke.com
20240924,海淀,安宁庄,101125387487,海淀产权安宁里南北通透 满五唯一2居房主自荐,365万,59984元/平,顶层 (共6层) 2室1厅 | 60.85平米 | 南 北,https://ke-image.ljcdn.com/110000-inspection/pc1_BlsjpdTYg_1.jpg!m_fill,w_280,h_210,f_jpg?from=ke.com
20240924,海淀,安宁庄,101125349619,安宁佳园南北通透三居室满五年唯一把边户型明厨明卫,645万,67526元/平,底层 (共18层) | 2007年 | 3室1厅 | 95.52平米 | 南 西 北,https://ke-image.ljcdn.com/110000-inspection/1ffbe0f1-0316-4f09-82c6-7c68cdd4ecb1_1000.jpg!m_fill,w_280,h_210,f_jpg?from=ke.com
20240924,海淀,安宁庄,101125310271,阳光北里 看房方便 诚意出售 价格能谈房主自荐,595万,67156元/平,中楼层 (共18层) | 1996年 | 3室1厅 | 88.6平米 | 南,https://ke-image.ljcdn.com/110000-inspection/7cbc0b24-1b22-470b-b92d-6bfb84552cd1_1000.jpg!m_fill,w_280,h_210,f_jpg?from=ke.com
20240924,海淀,安宁庄,101125254771,清上园二期板楼东南优秀两居室诚意出售,630万,73265元/平,底层 (共11层) 2室1厅 | 85.99平米 | 东南,https://ke-image.ljcdn.com/110000-inspection/pc1_5W8LwQ3qc_1.jpg!m_fill,w_280,h_210,f_jpg?from=ke.com
20240924,海淀,安宁庄,101125203065,地壳所满五唯一诚意急售南向精装两居房主自荐,330万,62631元/平,顶层 (共5层) 2室1厅 | 52.69平米 | 南,https://ke-image.ljcdn.com/110000-inspection/pc1_v3gscLj3F_1.jpg!m_fill,w_280,h_210,f_jpg?from=ke.com
20240924,海淀,安宁庄,101125177042,安宁里 2室1厅 南 北,385万,57982元/平,中楼层 (共6层) | 1998年 | 2室1厅 | 66.4平米 | 南 北,https://ke-image.ljcdn.com/110000-inspection/8eb77946-bd64-441c-a4f4-8d4bd8d7ba20_1000.jpg!m_fill,w_280,h_210,f_jpg?from=ke.com
20240924,海淀,安宁庄,101125055429,安宁里南区新上精装修电梯两居室欢迎咨询看房,618万,63418元/平,高楼层 (共18层) | 1998年 | 2室2厅 | 97.45平米 | 南 西,https://ke-image.ljcdn.com/110000-inspection/17c2e6a6-dc75-4857-9c58-d629e1172f77_1000.jpg!m_fill,w_280,h_210,f_jpg?from=ke.com
20240924,海淀,安宁庄,101125033931,中高层  精装修 业主诚意出售 价格可以谈,320万,82220元/平,高楼层 (共18层) | 2007年 | 1室1厅 | 38.92平米 | 东北,https://ke-image.ljcdn.com/110000-inspection/19389ddd-b075-4ef3-9dc1-315a2a6d752f_1000.jpg!m_fill,w_280,h_210,f_jpg?from=ke.com
20240924,海淀,安宁庄,101125029527,毛纺北小区 新上南北一居 全明格局 不临街 近地铁,336万,74833元/平,低楼层 (共6层) | 1992年 | 1室1厅 | 44.9平米 | 南 北,https://ke-image.ljcdn.com/110000-inspection/pc1_Ter9jhuEN_1.jpg!m_fill,w_280,h_210,f_jpg?from=ke.com
20240924,海淀,安宁庄,101124982878,清上园满五年唯一高楼层视野好。,520万,72748元/平,中楼层 (共19层) | 2003年 | 1室1厅 | 71.48平米 | 西,https://ke-image.ljcdn.com/110000-inspection/pc1_KqyN4F8dG_1.jpg!m_fill,w_280,h_210,f_jpg?from=ke.com
20240924,海淀,安宁庄,101124980057,动力厂宿舍满五年唯一全南向二居室。,360万,57972元/平,低楼层 (共6层) 2室1厅 | 62.1平米 | 南,https://ke-image.ljcdn.com/110000-inspection/85760864-ce43-4112-abae-5d47568fc294_1000.jpg!m_fill,w_280,h_210,f_jpg?from=ke.com
20240924,海淀,安宁庄,101124974640,安宁佳园 3室2厅 南 北,860万,82368元/平,中楼层 (共11层) | 2007年 | 3室2厅 | 104.41平米 | 南 北,https://ke-image.ljcdn.com/110000-inspection/7bb71c62-3872-43ef-8212-4800a6f6a8eb_1000.jpg!m_fill,w_280,h_210,f_jpg?from=ke.com
20240924,海淀,安宁庄,101124939481,安宁里南区 1室1厅 东 西,320万,54617元/平,中楼层 (共7层) 1室1厅 | 58.59平米 | 东 西,https://ke-image.ljcdn.com/110000-inspection/pc1_62x9DHdUB_1.jpg!m_fill,w_280,h_210,f_jpg?from=ke.com
20240924,海淀,安宁庄,101124912263,全明格局 精装修 客厅朝南  业主诚意出售,437万,63426元/平,顶层 (共6层) 2室1厅 | 68.9平米 | 东 南 西,https://ke-image.ljcdn.com/110000-inspection/80ec6653-333d-48a2-b4ab-c2aece11d3d0_1000.jpg!m_fill,w_280,h_210,f_jpg?from=ke.com
20240924,海淀,安宁庄,101124807365,上林溪 1室1厅 南,550万,84395元/平,低楼层 (共11层) 1室1厅 | 65.17平米 | 南,https://ke-image.ljcdn.com/110000-inspection/2049c460-a210-4f7b-b137-f5cc96f1cb93_1000.jpg!m_fill,w_280,h_210,f_jpg?from=ke.com
20240924,海淀,安宁庄,101124776118,双卧朝南 明厅 带电梯 诚意出售 价格可以谈房主自荐,490万,61396元/平,中楼层 (共18层) 2室1厅 | 79.81平米 | 南,https://ke-image.ljcdn.com/110000-inspection/pc1_et1oRjteR_1.jpg!m_fill,w_280,h_210,f_jpg?from=ke.com
20240924,海淀,安宁庄,101124752532,安宁里精装高楼层两居室、诚心卖、随时签约。,339万,56164元/平,顶层 (共6层) 2室1厅 | 60.36平米 | 南 北,https://ke-image.ljcdn.com/110000-inspection/55b76600-fffd-4081-997b-5534f3614e9a_1000.jpg!m_fill,w_280,h_210,f_jpg?from=ke.com
20240924,海淀,安宁庄,101124669875,安宁里南区新上大两居好楼层精装修诚意卖,528万,63638元/平,高楼层 (共18层) | 1998年 | 2室1厅 | 82.97平米 | 东南,https://ke-image.ljcdn.com/110000-inspection/67b9ac9f-ad29-4a7a-82ad-9a9d38db5787_1000.jpg!m_fill,w_280,h_210,f_jpg?from=ke.com
20240924,海淀,安宁庄,101124630147,安宁佳园 1室1厅 东,410万,72954元/平,高楼层 (共18层) | 2007年 | 1室1厅 | 56.2平米 | 东,https://ke-image.ljcdn.com/110000-inspection/c53379b2-a94c-4606-8dd7-555c8069e91b_1000.jpg!m_fill,w_280,h_210,f_jpg?from=ke.com
20240924,海淀,安宁庄,101124614071,海淀产权安宁庄后街15号院南北两居330万,320万,58716元/平,顶层 (共6层) 2室1厅 | 54.5平米 | 南 北,https://ke-image.ljcdn.com/110000-inspection/2823b6db-c6d0-4372-a847-fff9fd5b2137_1000.jpg!m_fill,w_280,h_210,f_jpg?from=ke.com
20240924,海淀,安宁庄,101124610507,清上园新增两居室精装修楼层好诚心卖看房方便,636万,74404元/平,中楼层 (共19层) | 2003年 | 2室1厅 | 85.48平米 | 东南,https://ke-image.ljcdn.com/110000-inspection/69217d57-b533-4602-ac07-cc51d7f2d9dd_1000.jpg!m_fill,w_280,h_210,f_jpg?from=ke.com
20240924,海淀,安宁庄,101124602123,安宁里南区精装两居室、诚心卖、业主随时签约,469万,56527元/平,高楼层 (共18层) | 1998年 | 2室1厅 | 82.97平米 | 西,https://ke-image.ljcdn.com/110000-inspection/8f00bc21-ba93-42ea-a005-11a10c8871d3_1000.jpg!m_fill,w_280,h_210,f_jpg?from=ke.com
20240924,海淀,安宁庄,101124552177,清上园全南大两居室中间层满五唯一采光好视野好,810万,65918元/平,中楼层 (共19层) | 2003年 | 2室2厅 | 122.88平米 | 南,https://ke-image.ljcdn.com/110000-inspection/9cf8ad90-2382-4326-baa7-bd7794f0c4ce_1000.jpg!m_fill,w_280,h_210,f_jpg?from=ke.com
20240924,海淀,安宁庄,101124505261,地壳所 2室1厅 南,370万,70209元/平,中楼层 (共5层) 2室1厅 | 52.7平米 | 南,https://ke-image.ljcdn.com/110000-inspection/38eaaf43-a125-466a-a7e6-0ad74788578c_1000.jpg!m_fill,w_280,h_210,f_jpg?from=ke.com
20240924,海淀,安宁庄,101124433384,房子位于高楼层东南向居住温馨舒适房主自荐,365万,78025元/平,中楼层 (共19层) | 2003年 | 1室1厅 | 46.78平米 | 东南,https://ke-image.ljcdn.com/110000-inspection/d544b6f7-148e-4000-a45a-162cd8c622c4_1000.jpg!m_fill,w_280,h_210,f_jpg?from=ke.com
20240924,海淀,安宁庄,101124394257,安宁里南区 2室1厅 西南,408万,62779元/平,低楼层 (共7层) 2室1厅 | 64.99平米 | 西南,https://ke-image.ljcdn.com/110000-inspection/pc1_NbW1ifgbE_1.jpg!m_fill,w_280,h_210,f_jpg?from=ke.com
20240924,海淀,安宁庄,101124389632,清上园两居室 高楼层 满五唯一商品房 看房方便,759万,72424元/平,中楼层 (共19层) | 2003年 | 2室1厅 | 104.8平米 | 东南,https://ke-image.ljcdn.com/110000-inspection/4e4edb43-8623-41ef-80dc-92c71de6df58_1000.jpg!m_fill,w_280,h_210,f_jpg?from=ke.com
20240924,海淀,安宁庄,101124381073,安宁里南区 3室1厅 东 西 北,598万,56193元/平,低楼层 (共18层) 3室1厅 | 106.42平米 | 东 西 北,https://ke-image.ljcdn.com/110000-inspection/8747ea69-487b-4529-a657-9366ff3ef935_1000.jpg!m_fill,w_280,h_210,f_jpg?from=ke.com
20240924,海淀,安宁庄,101124346756,安宁里南区 3室1厅 东北,620万,65195元/平,低楼层 (共18层) | 1998年 | 3室1厅 | 95.1平米 | 东北,https://ke-image.ljcdn.com/110000-inspection/pc1_ewkHVo82t_1.jpg!m_fill,w_280,h_210,f_jpg?from=ke.com
20240924,海淀,安宁庄,101124329880,房子满五唯一高楼层采光充足,899万,67351元/平,中楼层 (共19层) | 2003年 | 3室1厅 | 133.48平米 | 东 南 北,https://ke-image.ljcdn.com/110000-inspection/pc1_2i7Aonph0_1.jpg!m_fill,w_280,h_210,f_jpg?from=ke.com
20240924,海淀,安宁庄,101124250998,安宁里南区正规两居室、高楼层采光好随时签约,435万,53159元/平,中楼层 (共7层) 2室1厅 | 81.83平米 | 东 西,https://ke-image.ljcdn.com/110000-inspection/pc1_00dXuXNLm_1.jpg!m_fill,w_280,h_210,f_jpg?from=ke.com
20240924,海淀,安宁庄,101124232756,满五年唯一东南向二居室精装修居住温馨舒适,608万,71128元/平,低楼层 (共19层) | 2003年 | 2室1厅 | 85.48平米 | 东南,https://ke-image.ljcdn.com/110000-inspection/4139299c-1454-4b80-beba-e27ba14b6a67_1000.jpg!m_fill,w_280,h_210,f_jpg?from=ke.com
20240924,海淀,安宁庄,101124060719,清河毛纺住宅北小区 精装两居室 不临街 近地铁房主自荐,390万,69643元/平,底层 (共6层) 2室1厅 | 56平米 | 东 西,https://ke-image.ljcdn.com/110000-inspection/pc1_dHT7GGsFE_1.jpg!m_fill,w_280,h_210,f_jpg?from=ke.com
20240924,海淀,安宁庄,101124026613,安宁华庭 三期 16年建成 全屋智能 婚房装修 中间位置房主自荐,1050万,118377元/平,顶层 (共11层) 2室2厅 | 88.7平米 | 南 北,https://ke-image.ljcdn.com/110000-inspection/pc1_iMtr7hDta_1.jpg!m_fill,w_280,h_210,f_jpg?from=ke.com
20240924,海淀,安宁庄,101123933880,海淀产权安宁里南区正规两居满五年唯一诚心出售,478万,59535元/平,中楼层 (共18层) | 1998年 | 2室1厅 | 80.29平米 | 东,https://ke-image.ljcdn.com/110000-inspection/c839aa48-6fec-48c8-993c-fb1f64b16b6a_1000.jpg!m_fill,w_280,h_210,f_jpg?from=ke.com
20240924,海淀,安宁庄,101123930345,双卧朝南 客厅明厅 精装修 业主诚意出售,500万,68682元/平,低楼层 (共18层) 2室1厅 | 72.8平米 | 南,https://ke-image.ljcdn.com/110000-inspection/pc1_FkLzxETSr_1.jpg!m_fill,w_280,h_210,f_jpg?from=ke.com
20240924,海淀,安宁庄,101123860331,海淀产权地壳所 全南两居 诚心出售 稳定签约,365万,69260元/平,中楼层 (共5层) 2室1厅 | 52.7平米 | 南,https://ke-image.ljcdn.com/110000-inspection/17c8939e-dd64-41f3-9c87-ccc0d4b45542_1000.jpg!m_fill,w_280,h_210,f_jpg?from=ke.com
20240924,海淀,安宁庄,101123818165,新上电梯两居室此房满五唯一视野开阔诚心出售,458万,55201元/平,高楼层 (共18层) | 2003年 | 2室1厅 | 82.97平米 | 东,https://ke-image.ljcdn.com/110000-inspection/210a6aaa-5cef-4e74-ab70-315501dabaaf_1000.jpg!m_fill,w_280,h_210,f_jpg?from=ke.com
20240924,海淀,安宁庄,101123801020,安宁里南区双东两居室、诚心卖、随时签约。,499万,60143元/平,低楼层 (共18层) | 1998年 | 2室1厅 | 82.97平米 | 东南,https://ke-image.ljcdn.com/110000-inspection/pc1_xsXX7rmkf_1.jpg!m_fill,w_280,h_210,f_jpg?from=ke.com
20240924,海淀,安宁庄,101123768167,安宁佳园  精装两居室  中间楼层  全明户型,599万,77191元/平,低楼层 (共18层) | 2007年 | 2室1厅 | 77.6平米 | 东北,https://ke-image.ljcdn.com/110000-inspection/pc1_FH8a0Cc4S_1.jpg!m_fill,w_280,h_210,f_jpg?from=ke.com
20240924,海淀,安宁庄,101123764010,清河安宁里小区南区电梯三居满五唯一改善房,596万,56005元/平,顶层 (共18层) | 1998年 | 3室1厅 | 106.42平米 | 东北,https://ke-image.ljcdn.com/110000-inspection/pc1_eASgM38xK_1.jpg!m_fill,w_280,h_210,f_jpg?from=ke.com
20240924,海淀,安宁庄,101123586458,毛纺住宅北小区 看房方便 诚意出售 价格能谈房主自荐,418万,54076元/平,顶层 (共6层) 2室1厅 | 77.3平米 | 南 北,https://ke-image.ljcdn.com/110000-inspection/pc1_LUwylEBwk_1.jpg!m_fill,w_280,h_210,f_jpg?from=ke.com
20240924,海淀,安宁庄,101123503975,清上园 高楼层 视野 无遮挡 诚意卖  满五年,950万,73804元/平,高楼层 (共19层) | 2003年 | 3室2厅 | 128.72平米 | 南 西 北,https://ke-image.ljcdn.com/110000-inspection/pc1_YGegri9ja_1.jpg!m_fill,w_280,h_210,f_jpg?from=ke.com
20240924,海淀,安宁庄,101123453810,毛纺住宅北小区 2室1厅 东 西,520万,68875元/平,顶层 (共14层) | 1997年 | 2室1厅 | 75.5平米 | 东 西,https://ke-image.ljcdn.com/110000-inspection/pc1_1kWcyQXV4.jpg!m_fill,w_280,h_210,f_jpg?from=ke.com
20240924,海淀,安宁庄,101123435740,满五唯一南北通透的二居室居住温馨舒适,880万,70621元/平,中楼层 (共19层) | 2003年 | 2室1厅 | 124.61平米 | 南 北,https://ke-image.ljcdn.com/110000-inspection/d4607051-8ace-4456-84e3-d39b25308a90_1000.jpg!m_fill,w_280,h_210,f_jpg?from=ke.com
20240924,海淀,安宁庄,101123385380,上林溪 高楼层开间 满五年唯一 看房方便价格可谈,483万,107717元/平,中楼层 (共11层) | 2014年 | 1室0厅 | 44.84平米 | 南,https://ke-image.ljcdn.com/110000-inspection/pc1_lsrZrnm15_1.jpg!m_fill,w_280,h_210,f_jpg?from=ke.com
20240924,海淀,安宁庄,101123375100,丝绸厂宿舍 2室1厅 南,395万,72611元/平,中楼层 (共6层) 2室1厅 | 54.4平米 | 南,https://ke-image.ljcdn.com/110000-inspection/02df0df5-b250-49b3-b483-2540acb3124c_1000.jpg!m_fill,w_280,h_210,f_jpg?from=ke.com
20240924,海淀,安宁庄,101123365922,精装修南向两居室业主自住随时可看随时能签。房主自荐,616万,72064元/平,低楼层 (共19层) | 2003年 | 2室1厅 | 85.48平米 | 东南,https://ke-image.ljcdn.com/110000-inspection/pc1_VhlY12EOI_1.jpg!m_fill,w_280,h_210,f_jpg?from=ke.com
20240924,海淀,安宁庄,101123323372,上地科技园旁一层精装二居室看房提前约,435万,77361元/平,底层 (共6层) 2室1厅 | 56.23平米 | 西南,https://ke-image.ljcdn.com/110000-inspection/b65ebcb7-316a-4f8b-9c57-1b0de87e9f46_1000.jpg!m_fill,w_280,h_210,f_jpg?from=ke.com
20240924,海淀,安宁庄,101123302446,安宁里主力南北两居室、小区中间位置、随时签约房主自荐,372万,61134元/平,低楼层 (共6层) | 2000年 | 2室1厅 | 60.85平米 | 南 北,https://ke-image.ljcdn.com/110000-inspection/6c0ce281-64e5-4eda-a021-dfb62d09c11b_1000.jpg!m_fill,w_280,h_210,f_jpg?from=ke.com
20240924,海淀,安宁庄,101123264635,上林溪 2室2厅 南 北,950万,87236元/平,底层 (共11层) | 2012年 | 2室2厅 | 108.9平米 | 南 北,https://ke-image.ljcdn.com/110000-inspection/ab0a7ce4-4468-4b74-b80d-36c822efd980_1000.jpg!m_fill,w_280,h_210,f_jpg?from=ke.com
20240924,海淀,安宁庄,101123169237,阳光北里带电梯满五唯一诚心出售随时签约。,465万,61836元/平,低楼层 (共18层) 2室1厅 | 75.2平米 | 西南,https://ke-image.ljcdn.com/110000-inspection/aa3d2e51-a3b5-4b13-ada5-ada5b01104d8_1000.jpg!m_fill,w_280,h_210,f_jpg?from=ke.com
20240924,海淀,安宁庄,101123152618,清河陶瓷厂宿舍独门独院正规小三居楼层好采光好！,350万,57948元/平,中楼层 (共6层) 3室1厅 | 60.4平米 | 南 北,https://ke-image.ljcdn.com/110000-inspection/aed449ab-01cb-4793-9678-651a5c5681f9_1000.jpg!m_fill,w_280,h_210,f_jpg?from=ke.com
20240924,海淀,安宁庄,101123072766,地壳所 2室1厅 南 北,400万,79381元/平,高楼层 (共6层) 2室1厅 | 50.39平米 | 南 北,https://ke-image.ljcdn.com/110000-inspection/pc1_9CjZ7FgXe_1.jpg!m_fill,w_280,h_210,f_jpg?from=ke.com
20240924,海淀,安宁庄,101122967408,上林溪精装一居室高楼层采光视野好,499万,112616元/平,高楼层 (共10层) | 2012年 | 1室0厅 | 44.31平米 | 南,https://ke-image.ljcdn.com/110000-inspection/714d7817-3742-40a0-949f-451d3e3d1df6_1000.jpg!m_fill,w_280,h_210,f_jpg?from=ke.com
20240924,海淀,安宁庄,101122960591,安宁里南区 2室1厅 北 南,480万,59465元/平,中楼层 (共7层) 2室1厅 | 80.72平米 | 北 南,https://ke-image.ljcdn.com/110000-inspection/daa634e1-bfe0-49c1-ac5d-1f81c8aeec70_1000.jpg!m_fill,w_280,h_210,f_jpg?from=ke.com
20240924,海淀,安宁庄,101122853625,上林溪精装四居室诚意出售视野好,1450万,94753元/平,高楼层 (共11层) | 2016年 | 4室2厅 | 153.03平米 | 南 北,https://ke-image.ljcdn.com/110000-inspection/pc1_5CT7ayEJy_1.jpg!m_fill,w_280,h_210,f_jpg?from=ke.com
20240924,海淀,安宁庄,101122829169,清上园全南向三居室 高楼层 视野好 满五唯一商品房,1245万,82918元/平,高楼层 (共20层) | 2003年 | 3室2厅 | 150.15平米 | 南,https://ke-image.ljcdn.com/110000-inspection/pc1_gQNmQ0DBw_1.jpg!m_fill,w_280,h_210,f_jpg?from=ke.com
20240924,海淀,安宁庄,101122824627,一手业主小三居不临街采光好无遮挡出行方便房主自荐,449万,68031元/平,低楼层 (共18层) | 1996年 | 3室1厅 | 66平米 | 东 东南,https://ke-image.ljcdn.com/110000-inspection/8a09a56b-2a29-4093-ae55-763bc8e07be0_1000.jpg!m_fill,w_280,h_210,f_jpg?from=ke.com
20240924,海淀,安宁庄,101122806017,安宁里小区南区楼层好单价低大两居。,365万,52678元/平,中楼层 (共7层) 2室1厅 | 69.29平米 | 南 西南,https://ke-image.ljcdn.com/110000-inspection/pc1_vpRCZRBTW_1.jpg!m_fill,w_280,h_210,f_jpg?from=ke.com
20240924,海淀,安宁庄,101122744694,地壳所优质两居室满五唯一南北通透看房方便房主自荐,398万,65140元/平,顶层 (共6层) | 1994年 | 2室1厅 | 61.1平米 | 南 北,https://ke-image.ljcdn.com/110000-inspection/943f267e-ea17-4c93-a201-ca1af6debe1f_1000.jpg!m_fill,w_280,h_210,f_jpg?from=ke.com
20240924,海淀,安宁庄,101122696779,小区中间位置无遮挡南北一室一厅多两平面积,255万,60715元/平,底层 (共6层) 1室1厅 | 42平米 | 南 北,https://ke-image.ljcdn.com/110000-inspection/9e9db078-cb6b-483b-9356-e869609d6b77_1000.jpg!m_fill,w_280,h_210,f_jpg?from=ke.com
20240924,海淀,安宁庄,101122589060,二十中家属院 3室1厅 南 北,399万,71660元/平,中楼层 (共5层) 3室1厅 | 55.68平米 | 南 北,https://ke-image.ljcdn.com/110000-inspection/b6a7320f-553f-4b79-8648-79dc935fcbc7_1000.jpg!m_fill,w_280,h_210,f_jpg?from=ke.com
20240924,海淀,安宁庄,101122541809,海淀2007年安宁佳园 精装一居 明卫,435万,83430元/平,高楼层 (共18层) | 2007年 | 1室1厅 | 52.14平米 | 西北,https://ke-image.ljcdn.com/110000-inspection/pc1_7JnrynSMn_1.jpg!m_fill,w_280,h_210,f_jpg?from=ke.com
20240924,海淀,安宁庄,101122532013,地壳所新上南向一居室诚意出售欢迎咨询看房房主自荐,375万,85247元/平,低楼层 (共6层) 1室1厅 | 43.99平米 | 南,https://ke-image.ljcdn.com/110000-inspection/7a4a7472-c5bc-436a-9731-e7d912e816e3_1000.jpg!m_fill,w_280,h_210,f_jpg?from=ke.com
20240924,海淀,安宁庄,101122485183,上林溪 安宁华庭一区 精装两居 视野好 采光好 房子好房主自荐,799万,84928元/平,顶层 (共19层) | 2011年 | 2室2厅 | 94.08平米 | 南,https://ke-image.ljcdn.com/110000-inspection/19fa7aff-3626-43bb-a2d0-a9d87689699d_1000.jpg!m_fill,w_280,h_210,f_jpg?from=ke.com
20240924,海淀,安宁庄,101122484462,清上园 2室1厅 南 北,990万,98991元/平,高楼层 (共11层) | 2005年 | 2室1厅 | 100.01平米 | 南 北,https://ke-image.ljcdn.com/110000-inspection/af531558-6ea9-47a2-80cd-8df3a64e7ffb_1000.jpg!m_fill,w_280,h_210,f_jpg?from=ke.com
20240924,海淀,安宁庄,101122477834,动力厂宿舍南向两居室精装修全明格局诚心卖房主自荐,498万,80194元/平,低楼层 (共6层) 2室1厅 | 62.1平米 | 南,https://ke-image.ljcdn.com/110000-inspection/cd3ddf4c-2404-4ee3-9709-d882d9a6d4d9_1000.jpg!m_fill,w_280,h_210,f_jpg?from=ke.com
20240924,海淀,安宁庄,101122465163,动力厂宿舍 南北通透两居室 中间楼层 精装修 不临街,420万,71551元/平,中楼层 (共6层) 2室1厅 | 58.7平米 | 南 北,https://ke-image.ljcdn.com/110000-inspection/ac134576-9a24-472d-8883-88fe7ac72b24_1000.jpg!m_fill,w_280,h_210,f_jpg?from=ke.com
20240924,海淀,安宁庄,101122424647,水利局一处宿舍南北两居室、诚心卖、随时签约。,320万,52118元/平,顶层 (共5层) 2室1厅 | 61.4平米 | 南 北,https://ke-image.ljcdn.com/110000-inspection/pc1_lXvxLsTYe_1.jpg!m_fill,w_280,h_210,f_jpg?from=ke.com
20240924,海淀,安宁庄,101122168771,上林溪南北通透两居室 中间位置 中间楼层 诚意出售,1050万,97079元/平,低楼层 (共9层) 2室2厅 | 108.16平米 | 南 北,https://ke-image.ljcdn.com/110000-inspection/pc1_DYiBlliLC_1.jpg!m_fill,w_280,h_210,f_jpg?from=ke.com
20240924,海淀,安宁庄,101122158258,阳光北里 电梯大两居 满五唯一 看房方便 临近地铁,466万,53936元/平,高楼层 (共18层) 2室1厅 | 86.4平米 | 东南 北,https://ke-image.ljcdn.com/110000-inspection/2acc5dc6-a627-4f1a-ab9e-9bc4c823864c_1000.jpg!m_fill,w_280,h_210,f_jpg?from=ke.com
20240924,海淀,安宁庄,101122036913,丝绸厂宿舍正规两居室南北通透诚意出售价钱可谈,362万,66423元/平,高楼层 (共6层) 2室1厅 | 54.5平米 | 南 北,https://ke-image.ljcdn.com/110000-inspection/pc1_ePu7AiPUH_1.jpg!m_fill,w_280,h_210,f_jpg?from=ke.com
20240924,海淀,安宁庄,101121995016,毛纺北小区 南北两居 满五唯一 不临街 近地铁,429万,74609元/平,底层 (共6层) 2室1厅 | 57.5平米 | 南 北,https://ke-image.ljcdn.com/110000-inspection/6635763c-9fc3-441d-a1e3-c6b9b2cd7657_1000.jpg!m_fill,w_280,h_210,f_jpg?from=ke.com
20240924,海淀,安宁庄,101121699937,阳光北里 3室1厅 南 北,680万,65511元/平,高楼层 (共18层) | 2001年 | 3室1厅 | 103.8平米 | 南 北,https://ke-image.ljcdn.com/110000-inspection/4abf02eb-07d2-43a3-b545-5e576bb2114e_1000.jpg!m_fill,w_280,h_210,f_jpg?from=ke.com
20240924,海淀,安宁庄,101121625317,阳光北里 1室1厅 南,379万,70316元/平,高楼层 (共18层) 1室1厅 | 53.9平米 | 南,https://ke-image.ljcdn.com/110000-inspection/7f13e58a-bba3-401d-84d0-6b6a166cbb4c_1000.jpg!m_fill,w_280,h_210,f_jpg?from=ke.com
20240924,海淀,安宁庄,101121561973,清上园满五唯一精装修两居室看房方便靠谱出售。,535万,72632元/平,低楼层 (共19层) | 2003年 | 2室1厅 | 73.66平米 | 西北,https://ke-image.ljcdn.com/110000-inspection/4ddc464a-dccf-4654-9a02-9507f396f83d_1000.jpg!m_fill,w_280,h_210,f_jpg?from=ke.com
20240924,海淀,安宁庄,101121516917,2014年商品房  配套完善 急售随时签约,460万,104570元/平,低楼层 (共9层) 1室0厅 | 43.99平米 | 南,https://ke-image.ljcdn.com/110000-inspection/8ab3b71c-f5d5-43b1-85e6-1649d7ec0979_1000.jpg!m_fill,w_280,h_210,f_jpg?from=ke.com
20240924,海淀,安宁庄,101121488345,海淀清河安宁里精装修南北通透明厅大两居急售房主自荐,438万,64036元/平,顶层 (共6层) 2室1厅 | 68.4平米 | 南 北,https://ke-image.ljcdn.com/110000-inspection/pc1_Cwh9L92no_1.jpg!m_fill,w_280,h_210,f_jpg?from=ke.com
20240924,海淀,安宁庄,101121424733,安宁庄后街15号院 2室1厅 南 北房主自荐,385万,70643元/平,顶层 (共6层) 2室1厅 | 54.5平米 | 南 北,https://ke-image.ljcdn.com/110000-inspection/e9c9c7b1-43d5-489b-9efd-388bb3228452_1000.jpg!m_fill,w_280,h_210,f_jpg?from=ke.com
20240924,海淀,安宁庄,101121322755,阳光北里 精装两居 满五唯一 看房方便 临近地铁 诚售,379万,68660元/平,中楼层 (共18层) 2室1厅 | 55.2平米 | 东南,https://ke-image.ljcdn.com/110000-inspection/f2c49090-e6e4-4cf3-a472-cf11f08b9def_1000.jpg!m_fill,w_280,h_210,f_jpg?from=ke.com
20240924,海淀,安宁庄,101121113101,清河安宁里南区双南向正规两居满五年唯一诚心出售,618万,63418元/平,底层 (共18层) 2室2厅 | 97.45平米 | 东 南,https://ke-image.ljcdn.com/110000-inspection/2acf87fe-7d15-4f3d-a643-99f756b5b97b_1000.jpg!m_fill,w_280,h_210,f_jpg?from=ke.com
20240924,海淀,安宁庄,101121101637,北京丝绸总厂宿舍 海淀产权  满2年,360万,65574元/平,顶层 (共6层) | 1986年 | 2室1厅 | 54.9平米 | 南 北,https://ke-image.ljcdn.com/110000-inspection/62c50133-373e-4523-9104-82cf391a6018_1000.jpg!m_fill,w_280,h_210,f_jpg?from=ke.com
20240924,海淀,安宁庄,101121019974,房子满五年唯一精装修业主自住看房方便房主自荐,620万,84171元/平,低楼层 (共19层) | 2003年 | 2室1厅 | 73.66平米 | 西北,https://ke-image.ljcdn.com/110000-inspection/4d92c413-bd65-4ef7-b9b4-a5961b0324f4_1000.jpg!m_fill,w_280,h_210,f_jpg?from=ke.com
20240924,海淀,安宁庄,101120997515,阳光北里 2室1厅 西南房主自荐,489万,78492元/平,低楼层 (共18层) 2室1厅 | 62.3平米 | 西南,https://ke-image.ljcdn.com/110000-inspection/353b0917-9bbd-4a01-8aff-0c529b4f46ca_1000.jpg!m_fill,w_280,h_210,f_jpg?from=ke.com
20240924,海淀,安宁庄,101120976769,安宁里新上大两居业主诚心出售看房方便,413万,62862元/平,顶层 (共6层) | 1990年 | 2室1厅 | 65.7平米 | 南 北,https://ke-image.ljcdn.com/110000-inspection/1073ba59-9602-410f-8a90-3fc801854b27_1000.jpg!m_fill,w_280,h_210,f_jpg?from=ke.com
20240924,海淀,安宁庄,101120940668,上林溪 安宁华庭三区 精装一居 随时看房 有钥匙房主自荐,499万,111235元/平,中楼层 (共10层) | 2012年 | 1室0厅 | 44.86平米 | 南,https://ke-image.ljcdn.com/110000-inspection/pc1_Yv7QX7JSn_1.jpg!m_fill,w_280,h_210,f_jpg?from=ke.com
20240924,海淀,安宁庄,101120928321,安宁佳园东向一居室、高楼层随时签约。,435万,77610元/平,中楼层 (共18层) | 2007年 | 1室1厅 | 56.05平米 | 东,https://ke-image.ljcdn.com/110000-inspection/ec081256-7d2d-48f9-9f95-e58f5d6938b7_1000.jpg!m_fill,w_280,h_210,f_jpg?from=ke.com
20240924,海淀,安宁庄,101120914247,房子是满五年唯一业主自住看房方便随时可签,408万,63950元/平,顶层 (共6层) 2室1厅 | 63.8平米 | 南 北,https://ke-image.ljcdn.com/110000-inspection/pc1_8jcXd1DqD.jpg!m_fill,w_280,h_210,f_jpg?from=ke.com
20240924,海淀,安宁庄,101120889601,清上园 2室1厅 西北,528万,91239元/平,中楼层 (共19层) | 2003年 | 2室1厅 | 57.87平米 | 西北,https://ke-image.ljcdn.com/110000-inspection/7755aeb9-9923-4cc4-968b-ca6d70b4187c_1000.jpg!m_fill,w_280,h_210,f_jpg?from=ke.com
20240924,海淀,安宁庄,101120879669,海淀清河安宁佳园正规一居 全明格局,448万,85188元/平,高楼层 (共18层) | 2007年 | 1室1厅 | 52.59平米 | 东北,https://ke-image.ljcdn.com/110000-inspection/422d642a-b180-4c3a-874a-122ed1f7512e_1000.jpg!m_fill,w_280,h_210,f_jpg?from=ke.com
20240924,海淀,安宁庄,101120857727,西三旗安宁庄满五年唯一07年建筑南向看房方便,280万,73646元/平,低楼层 (共18层) | 2007年 | 1室0厅 | 38.02平米 | 南,https://ke-image.ljcdn.com/110000-inspection/pc1_164PpVMU8_1.jpg!m_fill,w_280,h_210,f_jpg?from=ke.com
20240924,海淀,安宁庄,101120795275,海淀产区安宁里 东西明厅  精装两居,480万,70176元/平,高楼层 (共6层) 2室1厅 | 68.4平米 | 东 西,https://ke-image.ljcdn.com/110000-inspection/pc1_AZLoRONj4_1.jpg!m_fill,w_280,h_210,f_jpg?from=ke.com
20240924,海淀,安宁庄,101120581076,阳光北里 电梯大两居 满五唯一 看房方便 临近地铁,485万,51558元/平,低楼层 (共18层) 2室1厅 | 94.07平米 | 东南 北,https://ke-image.ljcdn.com/110000-inspection/45ad1164-b455-465a-8fb4-1e7bfaeb2a0d_1000.jpg!m_fill,w_280,h_210,f_jpg?from=ke.com
20240924,海淀,安宁庄,101120579322,清上园 2室1厅 东 南,780万,74428元/平,中楼层 (共19层) 2室1厅 | 104.8平米 | 东 南,https://ke-image.ljcdn.com/110000-inspection/bf55946b-0f50-4259-8aa4-69c779b652fb_1000.jpg!m_fill,w_280,h_210,f_jpg?from=ke.com
20240924,海淀,安宁庄,101120574853,阳光北里 两居  小区中间位置  满五年唯一房主自荐,480万,67893元/平,低楼层 (共18层) | 1996年 | 2室1厅 | 70.7平米 | 西南,https://ke-image.ljcdn.com/110000-inspection/20795405-4604-469e-94ab-964873280f05_1000.jpg!m_fill,w_280,h_210,f_jpg?from=ke.com
20240924,海淀,安宁庄,101120528649,安宁里南区板楼两居大卧室两居！,485万,61697元/平,中楼层 (共7层) 2室1厅 | 78.61平米 | 东 西,https://ke-image.ljcdn.com/110000-inspection/pc1_CnFnv7NGD_1.jpg!m_fill,w_280,h_210,f_jpg?from=ke.com
20240924,海淀,安宁庄,101120459031,海淀产权 安宁庄东路2号院 南北2居380,368万,59070元/平,顶层 (共6层) 2室1厅 | 62.3平米 | 南 北,https://ke-image.ljcdn.com/110000-inspection/pc1_XoUz8Q9F4_1.jpg!m_fill,w_280,h_210,f_jpg?from=ke.com
20240924,海淀,安宁庄,101120453505,上林溪 满五年唯一 正规一居室 好楼层 正对小区广场,678万,104727元/平,高楼层 (共11层) 1室1厅 | 64.74平米 | 南,https://ke-image.ljcdn.com/110000-inspection/pc1_2owpIqhnh_1.jpg!m_fill,w_280,h_210,f_jpg?from=ke.com
20240924,海淀,安宁庄,101120399807,小区中间位置 不临街 高楼层 采光好 满五年一套 精装,680万,105036元/平,中楼层 (共11层) 1室1厅 | 64.74平米 | 南,https://ke-image.ljcdn.com/110000-inspection/f7930336-54b8-4838-b4ae-3b5901d3d9c6_1000.jpg!m_fill,w_280,h_210,f_jpg?from=ke.com
20240924,海淀,安宁庄,101120355744,海淀产权开间一居安宁佳园带电梯无抵押随时签,273万,72510元/平,中楼层 (共18层) | 2007年 | 1室0厅 | 37.65平米 | 北,https://ke-image.ljcdn.com/110000-inspection/pc1_E6W6C2EVf_1.jpg!m_fill,w_280,h_210,f_jpg?from=ke.com
20240924,海淀,安宁庄,101120229919,阳光北里 正规三居室 楼层好 视野好房主自荐,630万,73685元/平,中楼层 (共18层) | 1996年 | 3室1厅 | 85.5平米 | 西南,https://ke-image.ljcdn.com/110000-inspection/pc1_EDxdBbOlv_1.jpg!m_fill,w_280,h_210,f_jpg?from=ke.com
20240924,海淀,安宁庄,101120023452,地壳所 海淀大两居630万  满五唯一,588万,65927元/平,顶层 (共6层) 3室1厅 | 89.19平米 | 北 南,https://ke-image.ljcdn.com/110000-inspection/pc1_7FsJ4gwtc_1.jpg!m_fill,w_280,h_210,f_jpg?from=ke.com
20240924,海淀,安宁庄,101119956380,海淀阳光北里 两居室 带电梯 采光视野好 诚心出售,518万,54469元/平,高楼层 (共18层) 2室1厅 | 95.1平米 | 东 西南 北,https://ke-image.ljcdn.com/110000-inspection/pc1_d1vC3ZT0L.jpg!m_fill,w_280,h_210,f_jpg?from=ke.com
20240924,海淀,安宁庄,101119838558,安宁里南区 3室1厅 东 北,650万,61079元/平,低楼层 (共18层) 3室1厅 | 106.42平米 | 东 北,https://ke-image.ljcdn.com/110000-inspection/pc1_SMati6mWn_1.jpg!m_fill,w_280,h_210,f_jpg?from=ke.com
20240924,海淀,安宁庄,101119836627,安宁里南区 2室1厅 东 西,466万,56948元/平,高楼层 (共7层) 2室1厅 | 81.83平米 | 东 西,https://ke-image.ljcdn.com/110000-inspection/c96ee5b2-74c3-4868-ba12-4f976136654b_1000.jpg!m_fill,w_280,h_210,f_jpg?from=ke.com
20240924,海淀,安宁庄,101119760634,安宁里优质两居 店长推荐 中间楼层 g房,425万,70988元/平,中楼层 (共6层) 2室1厅 | 59.87平米 | 南 北,https://ke-image.ljcdn.com/110000-inspection/acf975fa-2c45-4408-92ae-828ecc95c8a6_1000.jpg!m_fill,w_280,h_210,f_jpg?from=ke.com
20240924,海淀,安宁庄,101119656126,安宁里南区满五唯一两居室欢迎咨询看房房主自荐,385万,55564元/平,低楼层 (共7层) 2室1厅 | 69.29平米 | 西南,https://ke-image.ljcdn.com/110000-inspection/pc1_CGm8sKUCm.jpg!m_fill,w_280,h_210,f_jpg?from=ke.com
20240924,海淀,安宁庄,101119623946,安宁里干休所两居室业主诚意出售房主自荐,365万,64036元/平,高楼层 (共6层) | 1999年 | 2室1厅 | 57平米 | 东南,https://ke-image.ljcdn.com/110000-inspection/e9f0590f-a6dc-439f-b7e0-760ca8a3b1a3_1000.jpg!m_fill,w_280,h_210,f_jpg?from=ke.com
20240924,海淀,安宁庄,101119590958,安宁里房改房两居室 采光好 换房诚意出售 看房方便,378万,62990元/平,顶层 (共6层) 2室1厅 | 60.01平米 | 东 西,https://ke-image.ljcdn.com/110000-inspection/ed6ad8b6-7e94-41f3-a474-368536ac0ed0_1000.jpg!m_fill,w_280,h_210,f_jpg?from=ke.com
20240924,海淀,安宁庄,101119560148,安宁里南区  满五唯一  中间楼层420万,420万,62818元/平,中楼层 (共7层) 2室1厅 | 66.86平米 | 南 北,https://ke-image.ljcdn.com/110000-inspection/fd315778-6f3d-4ffb-b255-ff074c1d7107_1000.jpg!m_fill,w_280,h_210,f_jpg?from=ke.com
20240924,海淀,安宁庄,101119546035,阳光北里 看房方便  诚意出售 价格可谈房主自荐,480万,57486元/平,高楼层 (共18层) | 1998年 | 2室1厅 | 83.5平米 | 南 西 北,https://ke-image.ljcdn.com/110000-inspection/616ba957-b30a-4428-8ed7-9cadfbb87653_1000.jpg!m_fill,w_280,h_210,f_jpg?from=ke.com
20240924,海淀,安宁庄,101119092967,海淀产权满五年安宁里小区一居四层随时可签,332万,79732元/平,中楼层 (共6层) 1室1厅 | 41.64平米 | 东 西,https://ke-image.ljcdn.com/110000-inspection/b6965ab6-2516-4f14-be14-7975e86c206f_1000.jpg!m_fill,w_280,h_210,f_jpg?from=ke.com
20240924,海淀,安宁庄,101118934213,阳光北里 看房方便 诚意出售 价格可谈,639万,64157元/平,高楼层 (共18层) 3室1厅 | 99.6平米 | 西南,https://ke-image.ljcdn.com/110000-inspection/pc1_Um9FCeY9B_1.jpg!m_fill,w_280,h_210,f_jpg?from=ke.com
20240924,海淀,安宁庄,101118909008,海淀产权地壳所  南北两居  满五唯一 精装,512万,57406元/平,高楼层 (共6层) 2室1厅 | 89.19平米 | 南 北,https://ke-image.ljcdn.com/110000-inspection/pc1_YAuNYle0N.jpg!m_fill,w_280,h_210,f_jpg?from=ke.com
20240924,海淀,安宁庄,101118845006,海淀 两居南北海淀产权业主诚心出售满五年公,450万,73290元/平,中楼层 (共5层) | 1992年 | 2室1厅 | 61.4平米 | 南 北,https://ke-image.ljcdn.com/110000-inspection/6d179bf3-b960-4c0b-8bdc-65cd3d0e1ce1_1000.jpg!m_fill,w_280,h_210,f_jpg?from=ke.com
20240924,海淀,安宁庄,101118630237,安宁里南区 2室1厅 东南,565万,70794元/平,高楼层 (共18层) | 1998年 | 2室1厅 | 79.81平米 | 东南,https://ke-image.ljcdn.com/110000-inspection/4ff7a8bd-7b20-43fb-a8d9-2839f4779a98_1000.jpg!m_fill,w_280,h_210,f_jpg?from=ke.com
20240924,海淀,安宁庄,101118549958,海淀区安宁里双阳台大两居小米周边满五年唯一商,398万,59940元/平,顶层 (共6层) | 1996年 | 2室1厅 | 66.4平米 | 南 北,https://ke-image.ljcdn.com/110000-inspection/pc1_7yoic1uWT_1.jpg!m_fill,w_280,h_210,f_jpg?from=ke.com
20240924,海淀,安宁庄,101118344008,清上园两居室满五唯一看房方便价格能谈诚心卖,568万,79765元/平,中楼层 (共19层) | 2003年 | 2室1厅 | 71.21平米 | 西北,https://ke-image.ljcdn.com/110000-inspection/345d34ed-0379-45dc-9e60-f4219f56763a_1000.jpg!m_fill,w_280,h_210,f_jpg?from=ke.com
20240924,海淀,安宁庄,101118149228,2007年高档社区 全明格局 主卧客厅朝南两居室房主自荐,718万,81880元/平,底层 (共18层) | 2007年 | 2室1厅 | 87.69平米 | 东 南,https://ke-image.ljcdn.com/110000-inspection/4dd615ac-b4ad-49c9-a4d9-212e6fe23e5b_1000.jpg!m_fill,w_280,h_210,f_jpg?from=ke.com
20240924,海淀,安宁庄,101118113836,只有契税 南北通透 带保姆间 装修好 保持好,1259万,94400元/平,底层 (共21层) | 2012年 | 3室2厅 | 133.37平米 | 南 北,https://ke-image.ljcdn.com/110000-inspection/7eaada93-70b8-47f8-b068-b529bf74d32f_1000.jpg!m_fill,w_280,h_210,f_jpg?from=ke.com
20240924,海淀,安宁庄,101118016081,清上园 中高楼层 大四居室 满五唯一 南北通透,1260万,72075元/平,中楼层 (共21层) | 2003年 | 4室2厅 | 174.82平米 | 南 北,https://ke-image.ljcdn.com/110000-inspection/a5fa18f1-d693-4471-9842-0328b8617ab0_1000.jpg!m_fill,w_280,h_210,f_jpg?from=ke.com
20240924,海淀,安宁庄,101117988962,清河陶瓷厂宿舍 店长推荐 优质2居,369万,65310元/平,中楼层 (共6层) 2室1厅 | 56.5平米 | 南 北,https://ke-image.ljcdn.com/110000-inspection/20a57ae7-0976-4c50-b1e8-250619f68663_1000.jpg!m_fill,w_280,h_210,f_jpg?from=ke.com
20240924,海淀,安宁庄,101117278180,满五唯一正规三居室对着小区花园房主自荐,999万,67960元/平,低楼层 (共20层) | 2003年 | 3室1厅 | 147平米 | 西南 北,https://ke-image.ljcdn.com/110000-inspection/cc961f07-7c96-48b1-bf67-9b60a11f60cf_1000.jpg!m_fill,w_280,h_210,f_jpg?from=ke.com
20240924,海淀,安宁庄,101116418187,地壳所 2室1厅 南,435万,80706元/平,顶层 (共5层) 2室1厅 | 53.9平米 | 南,https://ke-image.ljcdn.com/110000-inspection/1f199dda-bf71-4938-a82e-f821a23b398b_1000.jpg!m_fill,w_280,h_210,f_jpg?from=ke.com
20240924,海淀,安宁庄,101116085541,安宁里小区两居室诚意出售满五年唯一南北通透,418万,68694元/平,高楼层 (共6层) 2室1厅 | 60.85平米 | 南 北,https://ke-image.ljcdn.com/110000-inspection/pc1_cYT14cvkJ.jpg!m_fill,w_280,h_210,f_jpg?from=ke.com
20240924,海淀,安宁庄,101116014806,安宁里 2室1厅 东 西,398万,68385元/平,顶层 (共6层) | 1994年 | 2室1厅 | 58.2平米 | 东 西,https://ke-image.ljcdn.com/110000-inspection/pc1_H5KWbatxP_1.jpg!m_fill,w_280,h_210,f_jpg?from=ke.com
20240924,海淀,安宁庄,101115797081,安宁里小区 东西向两居室 户型方正 诚意出售,518万,76969元/平,中楼层 (共6层) 2室1厅 | 67.3平米 | 东 西,https://ke-image.ljcdn.com/110000-inspection/pc1_rCzjR5nMX.jpg!m_fill,w_280,h_210,f_jpg?from=ke.com
20240924,海淀,安宁庄,101115656688,安宁里 南北通透 店长推荐 诚心出售,450万,85878元/平,高楼层 (共6层) 1室1厅 | 52.4平米 | 南 北,https://ke-image.ljcdn.com/110000-inspection/be21fe14-e39c-40ad-8546-50dcff7be68b_1000.jpg!m_fill,w_280,h_210,f_jpg?from=ke.com
20240924,海淀,安宁庄,101114655061,安宁华庭一区 有车位 一层 楼间距大 无遮挡 价格优质,1160万,85515元/平,底层 (共21层) | 2011年 | 3室2厅 | 135.65平米 | 东 南 北,https://ke-image.ljcdn.com/110000-inspection/pc1_hSdozJjwz_1.jpg!m_fill,w_280,h_210,f_jpg?from=ke.com
20240924,海淀,安宁庄,101126706150,安宁佳园优质一居室、诚心卖、随时签约。新上,380万,75532元/平,低楼层 (共18层) | 2007年 | 1室1厅 | 50.31平米 | 东北,https://ke-image.ljcdn.com/110000-inspection/24753b61-f8b8-4106-acbc-6fb5c5fe043f_1000.jpg!m_fill,w_280,h_210,f_jpg?from=ke.com
20240924,海淀,安宁庄,101126661001,上林溪 3室2厅 南 北新上,1250万,98565元/平,中楼层 (共11层) 3室2厅 | 126.82平米 | 南 北,https://ke-image.ljcdn.com/110000-inspection/49111d79-77b5-4a24-a02f-5a8e8133f148_1000.jpg!m_fill,w_280,h_210,f_jpg?from=ke.com
20240924,海淀,安宁庄,101126660541,清上园新上二期板楼两居有电梯一梯两户新上,788万,79069元/平,中楼层 (共11层) 2室2厅 | 99.66平米 | 南 北,https://ke-image.ljcdn.com/110000-inspection/6cd4e57b-eedd-40a9-b813-3c3dade9bdc7_1000.jpg!m_fill,w_280,h_210,f_jpg?from=ke.com
20240924,海淀,安宁庄,101126567531,清上园南向一居室满二年中间层采光好,429万,68422元/平,中楼层 (共19层) | 2003年 | 1室1厅 | 62.7平米 | 南,https://ke-image.ljcdn.com/110000-inspection/pc1_WkxQEpecJ.jpg!m_fill,w_280,h_210,f_jpg?from=ke.com
20240924,海淀,安宁庄,101126556630,安宁里南区 3室2厅 南 北,586万,54119元/平,高楼层 (共7层) | 1998年 | 3室2厅 | 108.28平米 | 南 北,https://ke-image.ljcdn.com/110000-inspection/d4f67ad8-2518-4648-92fb-ee6c63d34199_1000.jpg!m_fill,w_280,h_210,f_jpg?from=ke.com
20240924,海淀,安宁庄,101126533030,上林溪 1室1厅 南,420万,95195元/平,中楼层 (共11层) | 2012年 | 1室1厅 | 44.12平米 | 南,https://ke-image.ljcdn.com/110000-inspection/cab4c622-17de-4f9f-b7bd-47f8696ac0e7_1000.jpg!m_fill,w_280,h_210,f_jpg?from=ke.com
20240924,海淀,安宁庄,101126510496,安宁里南区 4室2厅 南 北房主自荐,499万,42672元/平,高楼层 (共7层) | 2000年 | 4室2厅 | 116.94平米 | 南 北,https://ke-image.ljcdn.com/110000-inspection/pc1_eQ94aLc9v_1.jpg!m_fill,w_280,h_210,f_jpg?from=ke.com
20240924,海淀,安宁庄,101126428657,上林溪 2室1厅 南,750万,80898元/平,低楼层 (共21层) | 2012年 | 2室1厅 | 92.71平米 | 南,https://ke-image.ljcdn.com/110000-inspection/361256cb-815f-4b27-ba66-72d7688fc6ff_1000.jpg!m_fill,w_280,h_210,f_jpg?from=ke.com
20240924,海淀,安宁庄,101126354388,安宁华庭一区  价格可以协商 诚意出售 随时签约,800万,86291元/平,低楼层 (共21层) 2室1厅 | 92.71平米 | 南,https://ke-image.ljcdn.com/110000-inspection/d5ac343a-b115-4e81-989a-e249e6ae319d_1000.jpg!m_fill,w_280,h_210,f_jpg?from=ke.com
20240924,海淀,安宁庄,101126352139,安宁里南北两居室满五唯一诚意出售看房方便房主自荐,325万,53411元/平,顶层 (共6层) | 1999年 | 2室1厅 | 60.85平米 | 南 北,https://ke-image.ljcdn.com/110000-inspection/178bc3b2-13b0-4d5b-8994-eb3a9f23cd60_1000.jpg!m_fill,w_280,h_210,f_jpg?from=ke.com
20240924,海淀,安宁庄,101126144775,房子满五年唯一精装修南北通透房主自荐,898万,81957元/平,中楼层 (共17层) 2室2厅 | 109.57平米 | 南 北,https://ke-image.ljcdn.com/110000-inspection/39c6f02f-9100-4a63-8a41-ebfde0bd9577_1000.jpg!m_fill,w_280,h_210,f_jpg?from=ke.com
20240924,海淀,安宁庄,101126039460,海淀产权 安宁里南区复式 精装3居  436万,436万,51325元/平,高楼层 (共7层) 3室3厅 | 84.95平米 | 南 北,https://ke-image.ljcdn.com/110000-inspection/pc1_0O0t3bDzO_1.jpg!m_fill,w_280,h_210,f_jpg?from=ke.com
20240924,海淀,安宁庄,101125940983,安宁佳园 3室1厅 南 北,850万,83769元/平,底层 (共10层) | 2007年 | 3室1厅 | 101.47平米 | 南 北,https://ke-image.ljcdn.com/110000-inspection/f4317a41-bc47-4275-ad9e-0cbf369052bc_1000.jpg!m_fill,w_280,h_210,f_jpg?from=ke.com
20240924,海淀,安宁庄,101125928194,小米旁边海淀产权安宁佳园落地飘窗满五唯一商,395万,72424元/平,低楼层 (共18层) | 2007年 | 1室1厅 | 54.54平米 | 西北,https://ke-image.ljcdn.com/110000-inspection/pc1_yHmfbZc7Q.jpg!m_fill,w_280,h_210,f_jpg?from=ke.com
20240924,海淀,安宁庄,101125927989,安宁佳园小米旁边海淀产权满五年唯一商急售,298万,81824元/平,中楼层 (共18层) | 2007年 | 1室0厅 | 36.42平米 | 北,https://ke-image.ljcdn.com/110000-inspection/pc1_f124pejJf_1.jpg!m_fill,w_280,h_210,f_jpg?from=ke.com
20240924,海淀,安宁庄,101125863151,安宁里南区 5室2厅 东 西,790万,48449元/平,高楼层 (共7层) 5室2厅 | 163.06平米 | 东 西,https://ke-image.ljcdn.com/110000-inspection/8790f9ed-de44-488f-845b-7dc143d91dd9_1000.jpg!m_fill,w_280,h_210,f_jpg?from=ke.com
20240924,海淀,安宁庄,101125815031,安宁庄东路2号院 2室1厅 南 北,360万,57785元/平,顶层 (共6层) 2室1厅 | 62.3平米 | 南 北,https://ke-image.ljcdn.com/110000-inspection/25dd6174-14b9-4fd7-a616-7a3ba0b13bb6_1000.jpg!m_fill,w_280,h_210,f_jpg?from=ke.com
20240924,海淀,安宁庄,101125567312,阳光北里 诚意出售 价格可谈 看房方便,415万,54178元/平,顶层 (共18层) | 1996年 | 2室1厅 | 76.6平米 | 西南,https://ke-image.ljcdn.com/110000-inspection/16cc9898-48b1-45c6-bd6e-01ff7676683f_1000.jpg!m_fill,w_280,h_210,f_jpg?from=ke.com
20240924,海淀,安宁庄,101125306706,安宁里南区低价一居满五唯一看房方便诚意出售,385万,74053元/平,高楼层 (共7层) | 1998年 | 1室1厅 | 51.99平米 | 东 西,https://ke-image.ljcdn.com/110000-inspection/39519447-8c5c-4cf8-973d-c6974d13e13c_1000.jpg!m_fill,w_280,h_210,f_jpg?from=ke.com
20240924,海淀,安宁庄,101125191225,安宁庄东路2号院 2室1厅 南,680万,84863元/平,底层 (共6层) 2室1厅 | 80.13平米 | 南,https://ke-image.ljcdn.com/110000-inspection/ee921664-2930-4b8a-80d9-6a4ba77c3e92_1000.jpg!m_fill,w_280,h_210,f_jpg?from=ke.com
20240924,海淀,安宁庄,101125155516,有电梯 临近小米 业主诚意出售 价格可以谈房主自荐,469万,58414元/平,中楼层 (共18层) | 1998年 | 2室1厅 | 80.29平米 | 东,https://ke-image.ljcdn.com/110000-inspection/1c850bce-795b-4ae4-88ea-86cb17a975ea_1000.jpg!m_fill,w_280,h_210,f_jpg?from=ke.com
20240924,海淀,安宁庄,101125114980,安宁佳园都有窗户两居满五年中间层采光好居家好房,588万,75764元/平,中楼层 (共18层) | 2007年 | 2室1厅 | 77.61平米 | 东北,https://ke-image.ljcdn.com/110000-inspection/04150f11-771a-4f24-8581-027859b7f2e0_1000.jpg!m_fill,w_280,h_210,f_jpg?from=ke.com
20240924,海淀,安宁庄,101125034689,毛纺住宅北小区 2室1厅 东 西房主自荐,470万,60180元/平,低楼层 (共14层) | 1997年 | 2室1厅 | 78.1平米 | 东 西,https://ke-image.ljcdn.com/110000-inspection/5611a972-6a93-4853-9bbd-6cf66170abd2_1000.jpg!m_fill,w_280,h_210,f_jpg?from=ke.com
20240924,海淀,安宁庄,101124845311,清上园新增正规一居室诚心卖看房子方便价格可谈,498万,69885元/平,低楼层 (共19层) | 2003年 | 2室1厅 | 71.26平米 | 西北,https://ke-image.ljcdn.com/110000-inspection/dd578e6a-9045-4266-a945-ee51b61fdb95_1000.jpg!m_fill,w_280,h_210,f_jpg?from=ke.com
20240924,海淀,安宁庄,101124548173,阳光北里精装一居   中间层  采光视野好房主自荐,370万,70611元/平,中楼层 (共18层) 1室1厅 | 52.4平米 | 南,https://ke-image.ljcdn.com/110000-inspection/55a75319-7a5a-4e81-b8f5-3698e4283e3a_1000.jpg!m_fill,w_280,h_210,f_jpg?from=ke.com
20240924,海淀,安宁庄,101124502929,安宁佳园全明格局正规一居室无遮挡精装修！,399万,79309元/平,底层 (共18层) | 2007年 | 1室1厅 | 50.31平米 | 东,https://ke-image.ljcdn.com/110000-inspection/ccba851c-f6c6-4519-b0bb-04a50faad915_1000.jpg!m_fill,w_280,h_210,f_jpg?from=ke.com
20240924,海淀,安宁庄,101124419816,安宁里南区精装四居室、拎包入住、户型比较少、诚心卖,649万,55324元/平,高楼层 (共7层) 4室2厅 | 117.31平米 | 南 北,https://ke-image.ljcdn.com/110000-inspection/d7e71ef3-591e-400c-bf89-a042de68bed9_1000.jpg!m_fill,w_280,h_210,f_jpg?from=ke.com
20240924,海淀,安宁庄,101123998622,阳光北里 2室1厅 西南,440万,70627元/平,高楼层 (共18层) | 1996年 | 2室1厅 | 62.3平米 | 西南,https://ke-image.ljcdn.com/110000-inspection/8fa2a3b9-a6d5-4768-98fa-0a80a2dbfabe_1000.jpg!m_fill,w_280,h_210,f_jpg?from=ke.com
20240924,海淀,安宁庄,101123928930,全南向三居室高楼层采光和视野好居住温馨舒适房主自荐,998万,68123元/平,中楼层 (共21层) | 2003年 | 3室2厅 | 146.5平米 | 西南,https://ke-image.ljcdn.com/110000-inspection/4a98fd2e-0a2f-41ba-a6d3-da55b401af84_1000.jpg!m_fill,w_280,h_210,f_jpg?from=ke.com
20240924,海淀,安宁庄,101123829789,清上园 正规三居 满五唯一 交通便利 急售 随时可以看,798万,68990元/平,顶层 (共6层) 3室1厅 | 115.67平米 | 西南,https://ke-image.ljcdn.com/110000-inspection/c3531f8a-5554-4ae5-8521-f2dd8747c5a6_1000.jpg!m_fill,w_280,h_210,f_jpg?from=ke.com
20240924,海淀,安宁庄,101123800823,安宁里南区 南向精装两居室 满五唯一,515万,68194元/平,底层 (共18层) 2室1厅 | 75.52平米 | 东南,https://ke-image.ljcdn.com/110000-inspection/pc1_D1FkAjiqN_1.jpg!m_fill,w_280,h_210,f_jpg?from=ke.com
20240924,海淀,安宁庄,101123748670,清上园 2室1厅 西 北,549万,74532元/平,中楼层 (共19层) | 2003年 | 2室1厅 | 73.66平米 | 西 北,https://ke-image.ljcdn.com/110000-inspection/bfbe5721-f76a-475b-bb24-64aa51fa5464_1000.jpg!m_fill,w_280,h_210,f_jpg?from=ke.com
20240924,海淀,安宁庄,101123364043,毛纺住宅北小区 2室1厅 南 北,450万,58215元/平,高楼层 (共6层) 2室1厅 | 77.3平米 | 南 北,https://ke-image.ljcdn.com/110000-inspection/pc1_1bTVqXfGm_1.jpg!m_fill,w_280,h_210,f_jpg?from=ke.com
20240924,海淀,安宁庄,101123140777,清上园精装修次顶层采光好看房方便。,365万,78025元/平,中楼层 (共19层) | 2003年 | 1室1厅 | 46.78平米 | 东南,https://ke-image.ljcdn.com/110000-inspection/pc1_pJ3QCYFNL.jpg!m_fill,w_280,h_210,f_jpg?from=ke.com
20240924,海淀,安宁庄,101122998244,毛纺北小区 新上东西两居 电梯板楼 满五唯一 看房方便,520万,61758元/平,低楼层 (共14层) | 1997年 | 2室1厅 | 84.2平米 | 东 西,https://ke-image.ljcdn.com/110000-inspection/pc1_rHOMjmE5T.jpg!m_fill,w_280,h_210,f_jpg?from=ke.com
20240924,海淀,安宁庄,101122887621,清河小米旁边安宁里南区两居满五年诚心出售,410万,53588元/平,底层 (共18层) 2室1厅 | 76.51平米 | 东,https://ke-image.ljcdn.com/110000-inspection/pc1_oNCJKPDaw_1.jpg!m_fill,w_280,h_210,f_jpg?from=ke.com
20240924,海淀,安宁庄,101122804891,清上园 3室2厅 南 北,1250万,123360元/平,底层 (共6层) | 2005年 | 3室2厅 | 101.33平米 | 南 北,https://ke-image.ljcdn.com/110000-inspection/pc1_5Wx6RaZ88_1.jpg!m_fill,w_280,h_210,f_jpg?from=ke.com
20240924,海淀,安宁庄,101122691315,房子一层带下跃满五年唯一南北通透房主自荐,1198万,118380元/平,底层 (共6层) | 2005年 | 3室2厅 | 101.2平米 | 南 北,https://ke-image.ljcdn.com/110000-inspection/c8b32ad4-cb5c-4e01-882f-03c2c63a150b_1000.jpg!m_fill,w_280,h_210,f_jpg?from=ke.com
20240924,海淀,安宁庄,101122689473,采光充足 西南两居室   满五唯一  随时签约,595万,76498元/平,低楼层 (共18层) | 2007年 | 2室1厅 | 77.78平米 | 西南,https://ke-image.ljcdn.com/110000-inspection/886d05aa-dc50-4221-b3aa-a6d0c3d16710_1000.jpg!m_fill,w_280,h_210,f_jpg?from=ke.com
20240924,海淀,安宁庄,101122589581,阳光北里 南向一居室 户型格局方正 好利用,370万,70611元/平,底层 (共18层) | 1996年 | 1室1厅 | 52.4平米 | 南,https://ke-image.ljcdn.com/110000-inspection/187375d6-0597-4cba-bf3b-2650637c3a08_1000.jpg!m_fill,w_280,h_210,f_jpg?from=ke.com
20240924,海淀,安宁庄,101122538887,高层精装三居有电梯格局好满五唯一随时签约房主自荐,490万,59684元/平,低楼层 (共18层) | 1996年 | 3室1厅 | 82.1平米 | 西南,https://ke-image.ljcdn.com/110000-inspection/prod-7707a9fd-ff67-4fe1-921e-ea8fa6f49779.jpg!m_fill,w_280,h_210,f_jpg?from=ke.com
20240924,海淀,安宁庄,101122477992,清上园二期两居室一梯两户业主诚意出售,750万,78101元/平,顶层 (共9层) 2室1厅 | 96.03平米 | 南 北,https://ke-image.ljcdn.com/110000-inspection/pc1_yi5vYcmo5.jpg!m_fill,w_280,h_210,f_jpg?from=ke.com
20240924,海淀,安宁庄,101122284350,自住精装修 南北通透四居室 户型超方正 四个卧室南,560万,47322元/平,高楼层 (共7层) | 1998年 | 4室2厅 | 118.34平米 | 南 北,https://ke-image.ljcdn.com/110000-inspection/1db9e0e2-3115-4b71-817b-e6ae742643d9_1000.jpg!m_fill,w_280,h_210,f_jpg?from=ke.com
20240924,海淀,安宁庄,101122225099,清河小米旁边陶瓷厂宿舍双南向两居满五年唯一房主自荐,315万,59100元/平,顶层 (共5层) 2室1厅 | 53.3平米 | 南,https://ke-image.ljcdn.com/110000-inspection/3a67a21f-cd4f-43ce-97bc-028f88bcfe6f_1000.jpg!m_fill,w_280,h_210,f_jpg?from=ke.com
20240924,海淀,安宁庄,101122160996,阳光北里 3室1厅 东 南,636万,74386元/平,中楼层 (共18层) 3室1厅 | 85.5平米 | 东 南,https://ke-image.ljcdn.com/110000-inspection/4a7656c4-1563-4ec3-99c8-7a7945768828_1000.jpg!m_fill,w_280,h_210,f_jpg?from=ke.com
20240924,海淀,安宁庄,101122107638,清上园南北通透三居室精装满五唯一诚心卖,980万,76135元/平,中楼层 (共19层) | 2003年 | 3室2厅 | 128.72平米 | 南 北,https://ke-image.ljcdn.com/110000-inspection/2207ab25-33ef-4d82-b4dd-5646d70ed85d_1000.jpg!m_fill,w_280,h_210,f_jpg?from=ke.com
20240924,海淀,安宁庄,101122056732,动力厂宿舍 2室1厅 南 北,420万,71551元/平,顶层 (共6层) 2室1厅 | 58.7平米 | 南 北,https://ke-image.ljcdn.com/110000-inspection/69d1969f-2b61-4359-aa9e-652851937349_1000.jpg!m_fill,w_280,h_210,f_jpg?from=ke.com
20240924,海淀,安宁庄,101121511790,阳光北里 正规一居 满五年 靠谱出售 价格可谈 近地铁,438万,79348元/平,中楼层 (共18层) 1室1厅 | 55.2平米 | 西南,https://ke-image.ljcdn.com/110000-inspection/55090907-3bdb-4f5f-a7b9-fd67366dded6_1000.jpg!m_fill,w_280,h_210,f_jpg?from=ke.com
20240924,海淀,安宁庄,101121082318,安宁里南区精装一居室、拎包入住、诚心卖。,375万,72130元/平,中楼层 (共7层) | 1998年 | 1室1厅 | 51.99平米 | 东 西,https://ke-image.ljcdn.com/110000-inspection/7f654aa7-5c29-4ce2-84ab-2fb67560573c_1000.jpg!m_fill,w_280,h_210,f_jpg?from=ke.com
20240924,海淀,安宁庄,101119401675,小米旁二居室全南向看房约就可以,360万,66177元/平,高楼层 (共6层) | 1986年 | 2室1厅 | 54.4平米 | 东南,https://ke-image.ljcdn.com/110000-inspection/637c934e-5875-4ccb-af85-3f2360a56871_1000.jpg!m_fill,w_280,h_210,f_jpg?from=ke.com
20240924,海淀,安宁庄,101118474438,卖！大卖！大大的卖！安宁里南区精装大一居,378万,64517元/平,中楼层 (共7层) 1室1厅 | 58.59平米 | 南 北,https://ke-image.ljcdn.com/110000-inspection/pc1_IB8iR2MSf_1.jpg!m_fill,w_280,h_210,f_jpg?from=ke.com
20240924,海淀,安宁庄,101118257121,地壳所 南向一居室 业主诚心出售 看房随时 稳定签约,370万,84111元/平,底层 (共6层) 1室1厅 | 43.99平米 | 南,https://ke-image.ljcdn.com/110000-inspection/pc1_xlVRI2ANZ_1.jpg!m_fill,w_280,h_210,f_jpg?from=ke.com
20240924,海淀,安宁庄,101117887384,精装修南北通透的三居室一层带下跃满五唯一。,1350万,105083元/平,底层 (共9层) 3室2厅 | 128.47平米 | 南 北,https://ke-image.ljcdn.com/110000-inspection/410ea1fa-ce1a-431d-9615-045dbebd123d_1000.jpg!m_fill,w_280,h_210,f_jpg?from=ke.com
20240924,海淀,安宁庄,101117865618,满五年唯一高楼层采光好视野好,517万,82457元/平,高楼层 (共19层) | 2003年 | 1室1厅 | 62.7平米 | 东南,https://ke-image.ljcdn.com/110000-inspection/9c6467d1-b963-45e8-adc0-3a8e2fa52821_1000.jpg!m_fill,w_280,h_210,f_jpg?from=ke.com
20240924,海淀,安宁庄,101115312524,上林溪 车位,95万,17952元/平,地下室 | 2018年 | 1室0厅 | 52.92平米 | 南,https://ke-image.ljcdn.com/110000-inspection/pc1_eO6TheOlT_1.jpg!m_fill,w_280,h_210,f_jpg?from=ke.com
20240924,海淀,安宁庄,101113107085,上林溪车位 地下一层 全款购买 位置好 随时可签,55万,21722元/平,地下室 | 2018年 | 1室0厅 | 25.32平米 | 南 北,https://ke-image.ljcdn.com/110000-inspection/2726068e-1abd-42d4-8dc8-4b0902a37d8b_1000.jpg!m_fill,w_280,h_210,f_jpg?from=ke.com
20240924,海淀,安宁庄,101126750168,水利局一处宿舍紧挨小米南北通透中间层靠谱签约,325万,52932元/平,中楼层 (共5层) | 1992年 | 2室1厅 | 61.4平米 | 南 北,https://s1.ljcdn.com/pegasus/redskull/images/common/default_house_list.png?_v=20240826145726
20240924,海淀,安宁庄,101126606400,中间楼层南北通透正规小两居！,330万,57895元/平,中楼层 (共5层) 2室1厅 | 57平米 | 南 北,https://s1.ljcdn.com/pegasus/redskull/images/common/default_house_list.png?_v=20240826145726
20240924,海淀,安宁庄,101126571421,水利局一处宿舍 2室1厅 南 北,325万,52932元/平,顶层 (共5层) 2室1厅 | 61.4平米 | 南 北,https://s1.ljcdn.com/pegasus/redskull/images/common/default_house_list.png?_v=20240826145726
20240924,海淀,安宁庄,101126419783,上林溪 3室2厅 西南 北,1250万,91462元/平,低楼层 (共21层) | 2012年 | 3室2厅 | 136.67平米 | 西南 北,https://s1.ljcdn.com/pegasus/redskull/images/common/default_house_list.png?_v=20240826145726
20240924,海淀,安宁庄,101126380102,毛纺住宅北小区 诚意出售 价格能谈 随时签约房主自荐,420万,66142元/平,中楼层 (共7层) 2室2厅 | 63.5平米 | 南 北,https://s1.ljcdn.com/pegasus/redskull/images/common/default_house_list.png?_v=20240826145726
20240924,海淀,安宁庄,101126240788,清上园 1室1厅 西北,389万,73955元/平,底层 (共19层) | 2003年 | 1室1厅 | 52.6平米 | 西北,https://s1.ljcdn.com/pegasus/redskull/images/common/default_house_list.png?_v=20240826145726
20240924,海淀,安宁庄,101126115279,上林溪 南北通透 两居室 高楼层 满五唯一,960万,99082元/平,中楼层 (共9层) 2室2厅 | 96.89平米 | 南 北,https://s1.ljcdn.com/pegasus/redskull/images/common/default_house_list.png?_v=20240826145726
20240924,海淀,安宁庄,101125431942,海淀产权陶瓷厂宿舍  南北三居,349万,57782元/平,高楼层 (共6层) 3室1厅 | 60.4平米 | 南 北,https://s1.ljcdn.com/pegasus/redskull/images/common/default_house_list.png?_v=20240826145726
20240924,海淀,安宁庄,101125323364,安宁里南区 2室1厅 南,720万,72421元/平,高楼层 (共18层) | 1998年 | 2室1厅 | 99.42平米 | 南,https://s1.ljcdn.com/pegasus/redskull/images/common/default_house_list.png?_v=20240826145726
20240924,海淀,安宁庄,101125211113,阳光北里 2室1厅 东 南,480万,73949元/平,低楼层 (共18层) 2室1厅 | 64.91平米 | 东 南,https://s1.ljcdn.com/pegasus/redskull/images/common/default_house_list.png?_v=20240826145726
20240924,海淀,安宁庄,101124752247,清上园 大两居 南向 满五唯一 近地铁 生活配套全,850万,76938元/平,高楼层 (共21层) | 2003年 | 2室1厅 | 110.48平米 | 南,https://s1.ljcdn.com/pegasus/redskull/images/common/default_house_list.png?_v=20240826145726
20240924,海淀,安宁庄,101123224719,上林溪 车位,50万,15203元/平,地下室 | 2012年 | 1室0厅 | 32.89平米 | 南,https://ke-image.ljcdn.com/110000-inspection/993fb8ce6efc64da6cf466f94f9fdafb-040.jpg!m_fill,w_280,h_210,f_jpg?from=ke.com
20240924,海淀,安宁庄,101122527048,上林溪 车位,53万,20130元/平,地下室 | 2012年 | 1室0厅 | 26.33平米 | 南,https://ke-image.ljcdn.com/110000-inspection/b25bb44d9d088c7b0d1c4b7e0d5bab04-081.jpg!m_fill,w_280,h_210,f_jpg?from=ke.com
20240924,海淀,安宁庄,101121752953,清上园 2室1厅 南,660万,57133元/平,低楼层 (共21层) | 2003年 | 2室1厅 | 115.52平米 | 南,https://s1.ljcdn.com/pegasus/redskull/images/common/default_house_list.png?_v=20240826145726
20240924,海淀,安宁庄,101120938647,商品房社区 人车分流 满五年 高楼层视野采光好 配套全,480万,82645元/平,高楼层 (共19层) | 2003年 | 1室0厅 | 58.08平米 | 西北,https://s1.ljcdn.com/pegasus/redskull/images/common/default_house_list.png?_v=20240826145726
20240924,海淀,安宁庄,101119019264,安宁华庭正规两居室全明格局不临街无遮挡带电梯,1000万,91550元/平,低楼层 (共10层) | 2012年 | 2室2厅 | 109.23平米 | 南 北,https://s1.ljcdn.com/pegasus/redskull/images/common/default_house_list.png?_v=20240826145726
20240924,海淀,安宁庄,101118208223,上林溪小区中间位置两居 中高楼层 南北通透,1130万,111046元/平,高楼层 (共11层) 2室1厅 | 101.76平米 | 南 北,https://s1.ljcdn.com/pegasus/redskull/images/common/default_house_list.png?_v=20240826145726
