20240911,丰台,岳各庄,101126355681,西府兰庭 3室1厅 南 北必看好房,970万,63350元/平,高楼层 (共18层) | 2007年 | 3室1厅 | 153.12平米 | 南 北,https://ke-image.ljcdn.com/110000-inspection/pc1_9Rm1RlUsw.jpg!m_fill,w_280,h_210,f_jpg?from=ke.com
20240911,丰台,岳各庄,101126122709,大井南里中间楼栋 中间楼层全明格局有钥匙随时看必看好房,242万,47275元/平,中楼层 (共6层) 2室1厅 | 51.19平米 | 南 北,https://ke-image.ljcdn.com/110000-inspection/pc1_vVG9IFjzx_1.jpg!m_fill,w_280,h_210,f_jpg?from=ke.com
20240911,丰台,岳各庄,101126020590,民岳家园 单位集资建房 管理好 满五年唯一商品房必看好房,445万,47589元/平,中楼层 (共23层) | 2007年 | 2室1厅 | 93.51平米 | 东南,https://ke-image.ljcdn.com/110000-inspection/pc1_r2CVqRgyY_1.jpg!m_fill,w_280,h_210,f_jpg?from=ke.com
20240911,丰台,岳各庄,101125667765,四环内南北两居室全明户型450万必看好房,450万,46749元/平,高楼层 (共14层) 2室1厅 | 96.26平米 | 南 北,https://ke-image.ljcdn.com/110000-inspection/pc1_H1zddwGwA_1.jpg!m_fill,w_280,h_210,f_jpg?from=ke.com
20240911,丰台,岳各庄,101125245236,丰体时代全南向、电梯房、中高楼层两居室满五唯一。必看好房,450万,47160元/平,中楼层 (共29层) | 2009年 | 2室1厅 | 95.42平米 | 南,https://ke-image.ljcdn.com/110000-inspection/pc1_T3z05u97b_1.jpg!m_fill,w_280,h_210,f_jpg?from=ke.com
20240911,丰台,岳各庄,101126319559,商品房社区有产权车位 看房方便 精装 环境好且安静房主自荐,560万,62223元/平,高楼层 (共21层) | 2010年 | 2室2厅 | 90平米 | 南 北,https://ke-image.ljcdn.com/110000-inspection/pc1_t3ZAPWTtM_1.jpg!m_fill,w_280,h_210,f_jpg?from=ke.com
20240911,丰台,岳各庄,101126139203,精装修正南向三居室 视野好 诚心出售 可随时签约,668万,53436元/平,中楼层 (共21层) | 2006年 | 3室2厅 | 125.01平米 | 东南,https://ke-image.ljcdn.com/110000-inspection/cdee052b-3736-4e28-94c6-47e37fd218ac_1000.jpg!m_fill,w_280,h_210,f_jpg?from=ke.com
20240911,丰台,岳各庄,101126017782,珠江峰景 西南向三居 双卫生间 小区中间 视野好房主自荐,630万,52313元/平,中楼层 (共21层) 3室2厅 | 120.43平米 | 西南,https://ke-image.ljcdn.com/110000-inspection/pc1_j5A3mMwm7_1.jpg!m_fill,w_280,h_210,f_jpg?from=ke.com
20240911,丰台,岳各庄,101125852022,万科紫台小区中间位置带车位出售,1225万,72856元/平,低楼层 (共17层) | 2007年 | 3室1厅 | 168.14平米 | 南 北,https://ke-image.ljcdn.com/110000-inspection/pc1_OXYcvCwac_1.jpg!m_fill,w_280,h_210,f_jpg?from=ke.com
20240911,丰台,岳各庄,101125579282,民岳家园新上朝南一居满五唯一业主诚意出售,210万,39063元/平,低楼层 (共23层) | 2007年 | 1室1厅 | 53.76平米 | 南,https://ke-image.ljcdn.com/110000-inspection/pc1_02rzMOElx_1.jpg!m_fill,w_280,h_210,f_jpg?from=ke.com
20240911,丰台,岳各庄,101125465440,区域主推三居室 看房方便 价格可谈 能随时签约,615万,50957元/平,中楼层 (共21层) | 2006年 | 3室2厅 | 120.69平米 | 东南,https://ke-image.ljcdn.com/110000-inspection/pc1_4LZ0RzLG5_1.jpg!m_fill,w_280,h_210,f_jpg?from=ke.com
20240911,丰台,岳各庄,101125465049,珠江风景无边大两居落地飘窗满五唯一随时可看！房主自荐,515万,45864元/平,低楼层 (共21层) 2室2厅 | 112.29平米 | 西南 东北,https://ke-image.ljcdn.com/110000-inspection/pc1_6IUfO4rmX_1.jpg!m_fill,w_280,h_210,f_jpg?from=ke.com
20240911,丰台,岳各庄,101125164337,满五年家庭唯一住宅自住保持良好居住舒适,730万,62298元/平,高楼层 (共17层) | 2011年 | 2室1厅 | 117.18平米 | 南 北,https://ke-image.ljcdn.com/110000-inspection/e4862e91-e13a-40de-8bdc-91b3339b0e7b_1000.jpg!m_fill,w_280,h_210,f_jpg?from=ke.com
20240911,丰台,岳各庄,101125125663,丰体时代花园小区绿化好交通购物便利必看好房,460万,48027元/平,中楼层 (共29层) | 2008年 | 2室1厅 | 95.78平米 | 南,https://ke-image.ljcdn.com/110000-inspection/pc1_c5BkoFT5E_1.jpg!m_fill,w_280,h_210,f_jpg?from=ke.com
20240911,丰台,岳各庄,101125125556,西府景园 两梯四户板楼结构 高楼层视野开阔必看好房,449万,49357元/平,中楼层 (共23层) | 2004年 | 2室1厅 | 90.97平米 | 南,https://ke-image.ljcdn.com/110000-inspection/pc1_uDFpF17K9_1.jpg!m_fill,w_280,h_210,f_jpg?from=ke.com
20240911,丰台,岳各庄,101124894086,珠江峰景 商品房 仅契税 接受贷款必看好房,465万,51875元/平,低楼层 (共21层) | 2006年 | 2室1厅 | 89.64平米 | 东南,https://ke-image.ljcdn.com/110000-inspection/pc1_T48NneLzd_1.jpg!m_fill,w_280,h_210,f_jpg?from=ke.com
20240911,丰台,岳各庄,101124481524,西府景园 次顶层 南北通透三居 婚房装修 有车位必看好房,699万,58548元/平,高楼层 (共23层) | 2004年 | 3室2厅 | 119.39平米 | 南 北,https://ke-image.ljcdn.com/110000-inspection/pc1_0kEN6FMIh_1.jpg!m_fill,w_280,h_210,f_jpg?from=ke.com
20240911,丰台,岳各庄,101124433709,商品房 满五唯一 高楼层视野好 安静 正对小区花园必看好房,578万,48369元/平,高楼层 (共22层) 3室2厅 | 119.5平米 | 南 北,https://ke-image.ljcdn.com/110000-inspection/pc1_R3YcM8Iho_1.jpg!m_fill,w_280,h_210,f_jpg?from=ke.com
20240911,丰台,岳各庄,101124289799,西四环内 绿化45% 人车分流  位置好可观景。房主自荐,298万,54710元/平,顶层 (共25层) | 2004年 | 1室1厅 | 54.47平米 | 西 北,https://ke-image.ljcdn.com/110000-inspection/pc1_dqNl0dv8I_1.jpg!m_fill,w_280,h_210,f_jpg?from=ke.com
20240911,丰台,岳各庄,101124223823,急售南北通透 次顶层 客厅多窗 采光充足 房龄新,379万,40384元/平,高楼层 (共26层) | 2010年 | 2室1厅 | 93.85平米 | 南 北,https://ke-image.ljcdn.com/110000-inspection/pc1_UMlgJ6uzM_1.jpg!m_fill,w_280,h_210,f_jpg?from=ke.com
20240911,丰台,岳各庄,101124058848,满五唯一商品房 1梯2户 南北通透 干部楼必看好房,538万,49641元/平,底层 (共12层) 3室2厅 | 108.38平米 | 南 北,https://ke-image.ljcdn.com/110000-inspection/pc1_e0TAAUST1_1.jpg!m_fill,w_280,h_210,f_jpg?from=ke.com
20240911,丰台,岳各庄,101124024657,大井三层不临街南北明厨明卫 满五唯一房主自荐,319万,44710元/平,中楼层 (共6层) 2室2厅 | 71.35平米 | 南 北,https://ke-image.ljcdn.com/110000-inspection/613ed5f8-90bc-4510-bf9d-aa4c37c6f0e3_1000.jpg!m_fill,w_280,h_210,f_jpg?from=ke.com
20240911,丰台,岳各庄,101123307939,大井南里 南北两居 中间楼层 满五年,233万,43277元/平,中楼层 (共6层) 2室1厅 | 53.84平米 | 南 北,https://ke-image.ljcdn.com/110000-inspection/pc1_qv1CbJheU_1.jpg!m_fill,w_280,h_210,f_jpg?from=ke.com
20240911,丰台,岳各庄,101123193742,万科紫台中高楼层南北通透三居室房主自荐,1225万,72826元/平,高楼层 (共18层) | 2007年 | 3室2厅 | 168.21平米 | 南 北,https://ke-image.ljcdn.com/110000-inspection/442d4dc3-c96f-499e-8bc2-aa81ba62d3b5_1000.jpg!m_fill,w_280,h_210,f_jpg?from=ke.com
20240911,丰台,岳各庄,101123108877,大成郡低价两居安享舒适花园洋房小区内花园必看好房,566万,67801元/平,中楼层 (共9层) 2室1厅 | 83.48平米 | 东北,https://ke-image.ljcdn.com/110000-inspection/fdb5eae9-ea6b-44ff-b154-6dc4ab54e377_1000.jpg!m_fill,w_280,h_210,f_jpg?from=ke.com
20240911,丰台,岳各庄,101123103800,满5唯一 无抵押 拎包入住 中楼层 产权清晰,290万,56564元/平,中楼层 (共17层) | 2004年 | 1室1厅 | 51.27平米 | 西 北,https://ke-image.ljcdn.com/110000-inspection/pc1_hqI9jXV7T_1.jpg!m_fill,w_280,h_210,f_jpg?from=ke.com
20240911,丰台,岳各庄,101123067819,珠江风景无边2居 满五唯一 落地飘窗 采光好无遮挡！,565万,50094元/平,中楼层 (共13层) | 2007年 | 2室2厅 | 112.79平米 | 东南,https://ke-image.ljcdn.com/110000-inspection/pc1_BvUQUbowx_1.jpg!m_fill,w_280,h_210,f_jpg?from=ke.com
20240911,丰台,岳各庄,101122827115,四环内南北通透有电梯正规两居室集中供暖户型好必看好房,399万,46037元/平,低楼层 (共9层) 2室1厅 | 86.67平米 | 南 北,https://ke-image.ljcdn.com/110000-inspection/pc1_PHXghDVON_1.jpg!m_fill,w_280,h_210,f_jpg?from=ke.com
20240911,丰台,岳各庄,101126405704,大井南里 低楼层的南北2居室 有钥匙 随时能看。必看好房,249万,47115元/平,低楼层 (共6层) 2室1厅 | 52.85平米 | 南 北,https://ke-image.ljcdn.com/110000-inspection/pc1_jgCET8xrq_1.jpg!m_fill,w_280,h_210,f_jpg?from=ke.com
20240911,丰台,岳各庄,101126258519,岳各庄 青塔民岳家园 南向三居 随时看房 诚意出售必看好房,615万,50348元/平,底层 (共23层) | 2007年 | 3室2厅 | 122.15平米 | 南,https://ke-image.ljcdn.com/110000-inspection/pc1_AH9tGZ6ZE_1.jpg!m_fill,w_280,h_210,f_jpg?from=ke.com
20240911,丰台,岳各庄,101126222129,珠江峰景 精装修三居室 东南向 视野好 有车位必看好房,620万,52198元/平,低楼层 (共21层) | 2008年 | 3室2厅 | 118.78平米 | 东南,https://ke-image.ljcdn.com/110000-inspection/pc1_L4wczzoyr_1.jpg!m_fill,w_280,h_210,f_jpg?from=ke.com
20240911,丰台,岳各庄,101126122009,区域主推 南北通透 满五年唯一 诚心出售必看好房,555万,49373元/平,高楼层 (共21层) | 2006年 | 2室2厅 | 112.41平米 | 东南 西北,https://ke-image.ljcdn.com/110000-inspection/pc1_4JzJvYeUG_1.jpg!m_fill,w_280,h_210,f_jpg?from=ke.com
20240911,丰台,岳各庄,101125943027,正向两居室 三阳台 满五年唯一 出房少 诚心出售,555万,54978元/平,中楼层 (共21层) | 2006年 | 2室2厅 | 100.95平米 | 南 东,https://ke-image.ljcdn.com/110000-inspection/pc1_ttjmGKZgD_1.jpg!m_fill,w_280,h_210,f_jpg?from=ke.com
20240911,丰台,岳各庄,101125927365,四环边 珠江峰景 正南向四居室 满五年唯一住房必看好房,795万,54479元/平,中楼层 (共21层) 4室2厅 | 145.93平米 | 东南,https://ke-image.ljcdn.com/110000-inspection/pc1_yIwlxdd8B_1.jpg!m_fill,w_280,h_210,f_jpg?from=ke.com
20240911,丰台,岳各庄,101125768285,楼龄新 得房高采光好 不临街两梯四户 中间层,465万,50765元/平,中楼层 (共17层) | 2010年 | 2室1厅 | 91.6平米 | 东南,https://ke-image.ljcdn.com/110000-inspection/d2913f0f-6ec8-4579-8406-8d5cedafca05_1000.jpg!m_fill,w_280,h_210,f_jpg?from=ke.com
20240911,丰台,岳各庄,101125691382,珠江峰景 纯商品房 满五唯一 适合首套 接受贷款房主自荐,253万,47468元/平,低楼层 (共21层) | 2006年 | 1室1厅 | 53.3平米 | 东,https://ke-image.ljcdn.com/110000-inspection/pc1_eTqxR3NfP_1.jpg!m_fill,w_280,h_210,f_jpg?from=ke.com
20240911,丰台,岳各庄,101125668303,西四环洋房大成郡单价6.8万带独立餐厅大三居必看好房,1018万,64652元/平,低楼层 (共8层) 3室2厅 | 157.46平米 | 东 南 北,https://ke-image.ljcdn.com/110000-inspection/65ef8ae0-4af4-41d9-bf76-8c22ec777345_1000.jpg!m_fill,w_280,h_210,f_jpg?from=ke.com
20240911,丰台,岳各庄,101125545522,大成郡 2室1厅 西必看好房,560万,55347元/平,低楼层 (共9层) 2室1厅 | 101.18平米 | 西,https://ke-image.ljcdn.com/110000-inspection/e95955fb-c89f-4987-8438-c3eb311912a2_1000.jpg!m_fill,w_280,h_210,f_jpg?from=ke.com
20240911,丰台,岳各庄,101125313278,大井北里 南北两居 明厨明卫 高楼层,219万,36020元/平,顶层 (共6层) | 1989年 | 2室1厅 | 60.8平米 | 北 南,https://ke-image.ljcdn.com/110000-inspection/pc1_GCJWMAjgW_1.jpg!m_fill,w_280,h_210,f_jpg?from=ke.com
20240911,丰台,岳各庄,101125110365,聚焦房源 西府景园 南北通透三居 低价格 看房方便房主自荐,536万,48613元/平,底层 (共23层) | 2004年 | 3室2厅 | 110.26平米 | 南 北,https://ke-image.ljcdn.com/110000-inspection/pc1_gedYJxZ62_1.jpg!m_fill,w_280,h_210,f_jpg?from=ke.com
20240911,丰台,岳各庄,101124954989,西四环内中堂80平两居室499万落地窗公园社区,499万,62329元/平,中楼层 (共18层) | 2004年 | 2室1厅 | 80.06平米 | 东北,https://ke-image.ljcdn.com/110000-inspection/pc1_abTRy8fD0.jpg!m_fill,w_280,h_210,f_jpg?from=ke.com
20240911,丰台,岳各庄,101124930119,中堂 3室1厅 东南,890万,61435元/平,中楼层 (共25层) | 2004年 | 3室1厅 | 144.87平米 | 东南,https://ke-image.ljcdn.com/110000-inspection/3f119c80-e21b-4d7b-8cd3-5898ee3e00d4_1000.jpg!m_fill,w_280,h_210,f_jpg?from=ke.com
20240911,丰台,岳各庄,101123855657,西四环 珠江峰景 满五年唯一三居室 双卫生间,618万,51820元/平,中楼层 (共21层) | 2006年 | 3室1厅 | 119.26平米 | 东南,https://ke-image.ljcdn.com/110000-inspection/pc1_zhiaNxVBr_1.jpg!m_fill,w_280,h_210,f_jpg?from=ke.com
20240911,丰台,岳各庄,101117292650,西四环内 封闭小区绿化45% 人车分流 满五唯一,272万,55285元/平,底层 (共18层) | 2004年 | 1室1厅 | 49.2平米 | 西北,https://ke-image.ljcdn.com/110000-inspection/pc1_bqkq1QhXW_1.jpg!m_fill,w_280,h_210,f_jpg?from=ke.com
20240911,丰台,岳各庄,101126444952,中堂南北 两居室没怎么住 看房提前约 有车位新上,750万,63972元/平,中楼层 (共17层) | 2011年 | 2室2厅 | 117.24平米 | 南 北,https://ke-image.ljcdn.com/110000-inspection/pc1_qIfTMd7f5.jpg!m_fill,w_280,h_210,f_jpg?from=ke.com
20240911,丰台,岳各庄,101126440790,新上 西府景园 东南向两居室满五年唯一 诚意出售新上,449万,49357元/平,低楼层 (共23层) | 2004年 | 2室1厅 | 90.97平米 | 东南,https://ke-image.ljcdn.com/110000-inspection/pc1_PBcQR0BQu_1.jpg!m_fill,w_280,h_210,f_jpg?from=ke.com
20240911,丰台,岳各庄,101126403401,西府景园  东西通透三居室  满五年唯一 两梯四户新上,560万,47591元/平,中楼层 (共23层) | 2004年 | 3室2厅 | 117.67平米 | 东 西,https://ke-image.ljcdn.com/110000-inspection/pc1_cAtKxz5kF_1.jpg!m_fill,w_280,h_210,f_jpg?from=ke.com
20240911,丰台,岳各庄,101126384240,西府颐园 南向2居不遮挡 诚心出售 看房方便新上,468万,49693元/平,底层 (共26层) | 2010年 | 2室1厅 | 94.18平米 | 西南,https://ke-image.ljcdn.com/110000-inspection/bdb6ee63-60bf-477c-8085-d1a660fd8e1d_1000.jpg!m_fill,w_280,h_210,f_jpg?from=ke.com
20240911,丰台,岳各庄,101126353223,大井南里 板楼 南北通透 两居  一层两户 商品房,265万,49869元/平,低楼层 (共6层) 2室1厅 | 53.14平米 | 南 北,https://ke-image.ljcdn.com/110000-inspection/pc1_pMxWoNFal_1.jpg!m_fill,w_280,h_210,f_jpg?from=ke.com
20240911,丰台,岳各庄,101126343393,大井东里 南北通透三居室 二层 近地铁 明厨明卫,289万,43518元/平,低楼层 (共6层) 3室1厅 | 66.41平米 | 南 西 北,https://ke-image.ljcdn.com/110000-inspection/pc1_Vb45eUgY4_1.jpg!m_fill,w_280,h_210,f_jpg?from=ke.com
20240911,丰台,岳各庄,101126318731,中堂 南北通透 小区中间 精装修 价格可谈,1050万,69537元/平,低楼层 (共18层) | 2007年 | 3室1厅 | 151平米 | 南 北,https://ke-image.ljcdn.com/110000-inspection/02739394-e6dc-41b0-9bd5-e948b6a5e5b0_1000.jpg!m_fill,w_280,h_210,f_jpg?from=ke.com
20240911,丰台,岳各庄,101126292884,中堂 1室1厅 北,530万,73245元/平,中楼层 (共25层) | 2004年 | 1室1厅 | 72.36平米 | 北,https://ke-image.ljcdn.com/110000-inspection/pc1_XwR45B9kv.jpg!m_fill,w_280,h_210,f_jpg?from=ke.com
20240911,丰台,岳各庄,101126253160,丰体时代花园视野开阔东向大两居室,490万,53788元/平,高楼层 (共28层) | 2008年 | 2室1厅 | 91.1平米 | 东,https://ke-image.ljcdn.com/110000-inspection/pc1_AZ5eZGaBh_1.jpg!m_fill,w_280,h_210,f_jpg?from=ke.com
20240911,丰台,岳各庄,101126248281,大成郡 2室1厅 南 北,860万,77991元/平,中楼层 (共7层) 2室1厅 | 110.27平米 | 南 北,https://ke-image.ljcdn.com/110000-inspection/pc1_vVAE2SsuY_1.jpg!m_fill,w_280,h_210,f_jpg?from=ke.com
20240911,丰台,岳各庄,101126248186,中堂 2室2厅 南 北,730万,62266元/平,中楼层 (共17层) | 2011年 | 2室2厅 | 117.24平米 | 南 北,https://ke-image.ljcdn.com/110000-inspection/pc1_lYsRVFi4A_1.jpg!m_fill,w_280,h_210,f_jpg?from=ke.com
20240911,丰台,岳各庄,101126237206,大井东里 2室1厅 南 北,260万,46330元/平,低楼层 (共6层) 2室1厅 | 56.12平米 | 南 北,https://ke-image.ljcdn.com/110000-inspection/pc1_XfZ7eNklp_1.jpg!m_fill,w_280,h_210,f_jpg?from=ke.com
20240911,丰台,岳各庄,101126234468,小区中间位置安静 满五唯一 无抵押 前后花园景观房,1270万,75985元/平,低楼层 (共18层) | 2007年 | 3室2厅 | 167.14平米 | 南 北,https://ke-image.ljcdn.com/110000-inspection/pc1_AxLJP71r3_1.jpg!m_fill,w_280,h_210,f_jpg?from=ke.com
20240911,丰台,岳各庄,101126201192,民岳家园新上明厨明卫两居满五唯一业主诚售,475万,47434元/平,中楼层 (共23层) | 2007年 | 2室1厅 | 100.14平米 | 西北,https://ke-image.ljcdn.com/110000-inspection/pc1_0S3i4gvJN_1.jpg!m_fill,w_280,h_210,f_jpg?from=ke.com
20240911,丰台,岳各庄,101126197872,四环内中堂南向一居室满五年唯一住房报价330万,330万,50290元/平,中楼层 (共17层) | 2011年 | 1室0厅 | 65.62平米 | 南,https://ke-image.ljcdn.com/110000-inspection/pc1_UyuDpO0Mh_1.jpg!m_fill,w_280,h_210,f_jpg?from=ke.com
20240911,丰台,岳各庄,101126183895,丰体时代花园 三居双卫 户型方正 商品房 高楼层,650万,52568元/平,高楼层 (共28层) 3室1厅 | 123.65平米 | 西北,https://ke-image.ljcdn.com/110000-inspection/pc1_Y32s4zL2s_1.jpg!m_fill,w_280,h_210,f_jpg?from=ke.com
20240911,丰台,岳各庄,101126183343,南北通透四居室 带明卫 精装交付 层高3.3米 有,1300万,89017元/平,中楼层 (共22层) | 2016年 | 4室2厅 | 146.04平米 | 南 北,https://ke-image.ljcdn.com/110000-inspection/3b4238c9-dec2-4329-aa3f-f38443d4f5ae_1000.jpg!m_fill,w_280,h_210,f_jpg?from=ke.com
20240911,丰台,岳各庄,101126151813,洋房社区两居室通体阳台。精装修。,860万,91509元/平,中楼层 (共7层) | 2010年 | 2室1厅 | 93.98平米 | 南 北,https://ke-image.ljcdn.com/110000-inspection/pc1_7BwFvm2RF_1.jpg!m_fill,w_280,h_210,f_jpg?from=ke.com
20240911,丰台,岳各庄,101126151395,岳各庄 青塔 珠江峰景 优质精装三居 价格可谈,625万,51984元/平,低楼层 (共13层) | 2007年 | 3室1厅 | 120.23平米 | 东 南,https://ke-image.ljcdn.com/110000-inspection/f010a05e-4284-4a53-81a1-b68ec2c5c90d_1000.jpg!m_fill,w_280,h_210,f_jpg?from=ke.com
20240911,丰台,岳各庄,101126141008,中堂 1室1厅 南,405万,63540元/平,中楼层 (共16层) 1室1厅 | 63.74平米 | 南,https://ke-image.ljcdn.com/110000-inspection/773285fe-6a3d-46cc-adba-84ab1089378a_1000.jpg!m_fill,w_280,h_210,f_jpg?from=ke.com
20240911,丰台,岳各庄,101126136077,满五年唯一住宅次顶层开阔三居室,1320万,87889元/平,高楼层 (共7层) 3室2厅 | 150.19平米 | 南 北,https://ke-image.ljcdn.com/110000-inspection/pc1_uZx4bz7Y9.jpg!m_fill,w_280,h_210,f_jpg?from=ke.com
20240911,丰台,岳各庄,101126118282,中堂小两居  高楼层 视野宽阔 户型方正 正对公园,460万,58982元/平,高楼层 (共18层) | 2004年 | 2室1厅 | 77.99平米 | 东北,https://ke-image.ljcdn.com/110000-inspection/2f149955-862c-4d96-b0a6-55625784f805_1000.jpg!m_fill,w_280,h_210,f_jpg?from=ke.com
20240911,丰台,岳各庄,101126077364,高楼层 东南向两居室  视野开阔 采光好,450万,49467元/平,高楼层 (共23层) | 2004年 | 2室1厅 | 90.97平米 | 东南,https://ke-image.ljcdn.com/110000-inspection/pc1_a1lJsIIv3_1.jpg!m_fill,w_280,h_210,f_jpg?from=ke.com
20240911,丰台,岳各庄,101126025160,西府景园  东西通透三居室  满五年唯一 两梯四户,599万,50759元/平,中楼层 (共23层) | 2004年 | 3室2厅 | 118.01平米 | 东 西,https://ke-image.ljcdn.com/110000-inspection/pc1_lanJkT7cf_1.jpg!m_fill,w_280,h_210,f_jpg?from=ke.com
20240911,丰台,岳各庄,101126008206,阅园二区 南北通透三居室 业主诚心出售,1260万,80322元/平,高楼层 (共30层) | 2011年 | 3室2厅 | 156.87平米 | 南 北,https://ke-image.ljcdn.com/110000-inspection/82d7b14f-8f64-4be3-b93a-2e86fc6c4273_1000.jpg!m_fill,w_280,h_210,f_jpg?from=ke.com
20240911,丰台,岳各庄,101125983653,业主诚售民岳家园一居   满五唯一高层采光视野好,270万,49743元/平,中楼层 (共23层) | 2007年 | 1室0厅 | 54.28平米 | 东,https://ke-image.ljcdn.com/110000-inspection/pc1_sM8ZPk4de_1.jpg!m_fill,w_280,h_210,f_jpg?from=ke.com
20240911,丰台,岳各庄,101125978312,西府兰庭 3室2厅 南 北,1100万,71840元/平,中楼层 (共18层) | 2007年 | 3室2厅 | 153.12平米 | 南 北,https://ke-image.ljcdn.com/110000-inspection/1a8e25e9-7fba-4985-9ead-a9dffc6234ab_1000.jpg!m_fill,w_280,h_210,f_jpg?from=ke.com
20240911,丰台,岳各庄,101125972921,大成郡四环花园洋房中间位置南北通透前后三阳台房主自荐,760万,72402元/平,低楼层 (共9层) | 2012年 | 2室1厅 | 104.97平米 | 南 北,https://ke-image.ljcdn.com/110000-inspection/pc1_gD3NeYtnI_1.jpg!m_fill,w_280,h_210,f_jpg?from=ke.com
20240911,丰台,岳各庄,101125961372,西四环 珠江峰景 纯商品房两居 精装修  诚意出售房主自荐,498万,55291元/平,中楼层 (共21层) | 2006年 | 2室1厅 | 90.07平米 | 东南,https://ke-image.ljcdn.com/110000-inspection/pc1_PdwS1UtTZ_1.jpg!m_fill,w_280,h_210,f_jpg?from=ke.com
20240911,丰台,岳各庄,101125940126,紫辰院 南北四居室 明卫 东户 采光好 满两年,1300万,89017元/平,中楼层 (共22层) | 2016年 | 4室2厅 | 146.04平米 | 东 南 北,https://ke-image.ljcdn.com/110000-inspection/pc1_CRcQnyHEU_1.jpg!m_fill,w_280,h_210,f_jpg?from=ke.com
20240911,丰台,岳各庄,101125935749,此房屋满五年唯一商品房有钥匙,249万,47867元/平,中楼层 (共18层) | 2004年 | 1室0厅 | 52.02平米 | 北,https://ke-image.ljcdn.com/110000-inspection/60e6fa0c-f60d-4b02-bfc6-f632a78df056_1000.jpg!m_fill,w_280,h_210,f_jpg?from=ke.com
20240911,丰台,岳各庄,101125894301,丰体时代花园、电梯房两居室、满五唯一、地铁14号线,389万,43871元/平,低楼层 (共29层) | 2008年 | 2室1厅 | 88.67平米 | 东 北,https://ke-image.ljcdn.com/110000-inspection/pc1_jm2Jdiujp_1.jpg!m_fill,w_280,h_210,f_jpg?from=ke.com
20240911,丰台,岳各庄,101125874463,大井中里 南北通透两居室中间楼层不临街,290万,47309元/平,中楼层 (共6层) 2室1厅 | 61.3平米 | 南 北,https://ke-image.ljcdn.com/110000-inspection/0900448d-ef89-4efe-ab29-9c14d1cbf4cb_1000.jpg!m_fill,w_280,h_210,f_jpg?from=ke.com
20240911,丰台,岳各庄,101125850012,丰体时代花园 满五唯一两居室 低楼层出行方便房主自荐,389万,42431元/平,低楼层 (共29层) | 2008年 | 2室1厅 | 91.68平米 | 东,https://ke-image.ljcdn.com/110000-inspection/pc1_eVVeWedUN_1.jpg!m_fill,w_280,h_210,f_jpg?from=ke.com
20240911,丰台,岳各庄,101125778018,大井东里低楼层两居室满五唯一商品房大井地铁站房主自荐,255万,47014元/平,底层 (共6层) 2室1厅 | 54.24平米 | 东 西,https://ke-image.ljcdn.com/110000-inspection/pc1_VkjSZkkoB_1.jpg!m_fill,w_280,h_210,f_jpg?from=ke.com
20240911,丰台,岳各庄,101125747471,大井北里 南北通透 两居室 采光充足 视野好近地铁,215万,35526元/平,顶层 (共6层) 2室1厅 | 60.52平米 | 南 北,https://ke-image.ljcdn.com/110000-inspection/pc1_IW56NPd1B.jpg!m_fill,w_280,h_210,f_jpg?from=ke.com
20240911,丰台,岳各庄,101125716768,珠江峰景风景无边带产权车位无挡精装地暖双卫拎包入住,580万,51921元/平,低楼层 (共21层) | 2006年 | 2室2厅 | 111.71平米 | 东南 西北,https://ke-image.ljcdn.com/110000-inspection/pc1_7W66QJ02W_1.jpg!m_fill,w_280,h_210,f_jpg?from=ke.com
20240911,丰台,岳各庄,101125709701,五棵松南四环边大成郡2010年7层洋房社区,890万,80080元/平,中楼层 (共7层) | 2011年 | 2室1厅 | 111.14平米 | 南 北,https://ke-image.ljcdn.com/110000-inspection/pc1_mwHTjoAeh_1.jpg!m_fill,w_280,h_210,f_jpg?from=ke.com
20240911,丰台,岳各庄,101125682587,西府兰庭南北两居楼层低静谧安心诚心出售,720万,67632元/平,低楼层 (共18层) 2室1厅 | 106.46平米 | 南 北,https://ke-image.ljcdn.com/110000-inspection/8fe4fd54-0dea-45bb-bece-e1a1bd8deb9e_1000.jpg!m_fill,w_280,h_210,f_jpg?from=ke.com
20240911,丰台,岳各庄,101125675951,大成郡 3室2厅 东 西北,1060万,79562元/平,中楼层 (共8层) | 2010年 | 3室2厅 | 133.23平米 | 东 西北,https://ke-image.ljcdn.com/110000-inspection/pc1_wuRUxke1h_1.jpg!m_fill,w_280,h_210,f_jpg?from=ke.com
20240911,丰台,岳各庄,101125669596,四环中堂双子座户型净高2.75前后花园水系,900万,68504元/平,高楼层 (共30层) | 2011年 | 2室2厅 | 131.38平米 | 南 北,https://ke-image.ljcdn.com/110000-inspection/8ec8663d-8a16-4f1b-83d2-6bee0daa7735_1000.jpg!m_fill,w_280,h_210,f_jpg?from=ke.com
20240911,丰台,岳各庄,101125628629,丰体时代面朝小区花园 安静 近地铁 精装修商品房,289万,46285元/平,低楼层 (共28层) 1室1厅 | 62.44平米 | 北,https://ke-image.ljcdn.com/110000-inspection/pc1_V8vJiROfx_1.jpg!m_fill,w_280,h_210,f_jpg?from=ke.com
20240911,丰台,岳各庄,101125610326,珠江峰景热卖三居不临街满五唯一商品房,580万,48310元/平,底层 (共21层) | 2007年 | 3室1厅 | 120.06平米 | 东南,https://ke-image.ljcdn.com/110000-inspection/pc1_XA0TAeskq_1.jpg!m_fill,w_280,h_210,f_jpg?from=ke.com
20240911,丰台,岳各庄,101125589258,丰体时代花园 商品房 两居室 人车分流 近地铁,385万,39290元/平,高楼层 (共29层) | 2008年 | 2室2厅 | 97.99平米 | 西,https://ke-image.ljcdn.com/110000-inspection/pc1_3HWts2iIo_1.jpg!m_fill,w_280,h_210,f_jpg?from=ke.com
20240911,丰台,岳各庄,101125551905,大成郡中间位置户型方正看房方便房主自荐,790万,74712元/平,中楼层 (共9层) | 2010年 | 2室1厅 | 105.74平米 | 东,https://ke-image.ljcdn.com/110000-inspection/pc1_r4gyBx4NG_1.jpg!m_fill,w_280,h_210,f_jpg?from=ke.com
20240911,丰台,岳各庄,101125513378,南北通透前后观景花园楼龄新 精装修！,950万,72503元/平,低楼层 (共30层) | 2011年 | 2室1厅 | 131.03平米 | 南 北,https://ke-image.ljcdn.com/110000-inspection/91f0fba8-cb26-4bb7-93f0-28c2b35653f3_1000.jpg!m_fill,w_280,h_210,f_jpg?from=ke.com
20240911,丰台,岳各庄,101125470149,丰体时代花园 380万的朝南2居 随时看房,380万,40047元/平,低楼层 (共29层) | 2009年 | 2室1厅 | 94.89平米 | 南,https://ke-image.ljcdn.com/110000-inspection/pc1_N8d6WRbsc_1.jpg!m_fill,w_280,h_210,f_jpg?from=ke.com
20240911,丰台,岳各庄,101125346705,此房不临街朝东视野采光好朝东一居直通地库,248万,44831元/平,低楼层 (共29层) | 2008年 | 1室1厅 | 55.32平米 | 东,https://ke-image.ljcdn.com/110000-inspection/pc1_wvjORLAEf_1.jpg!m_fill,w_280,h_210,f_jpg?from=ke.com
20240911,丰台,岳各庄,101125211353,中堂 小区中间 南北通透 满5唯一  价格可谈,1080万,70992元/平,低楼层 (共18层) | 2007年 | 3室2厅 | 152.13平米 | 南 北,https://ke-image.ljcdn.com/110000-inspection/435e6c69-5f7c-45a8-98b2-55782b29726a_1000.jpg!m_fill,w_280,h_210,f_jpg?from=ke.com
20240911,丰台,岳各庄,101125194679,中堂 1室0厅 南,340万,55647元/平,高楼层 (共17层) | 2011年 | 1室0厅 | 61.1平米 | 南,https://ke-image.ljcdn.com/110000-inspection/ea838d8b-97e8-4169-aeb6-07234c4da72c_1000.jpg!m_fill,w_280,h_210,f_jpg?from=ke.com
20240911,丰台,岳各庄,101125193801,中堂 集中供暖 南北通透 满五年唯一 精装 双卫,720万,61413元/平,低楼层 (共17层) | 2011年 | 2室2厅 | 117.24平米 | 南 北,https://ke-image.ljcdn.com/110000-inspection/pc1_gzjR6rjIk_1.jpg!m_fill,w_280,h_210,f_jpg?from=ke.com
20240911,丰台,岳各庄,101125188818,大井东里 双阳台两居室 南北通透 满五唯一 次顶层,265万,42853元/平,高楼层 (共6层) 2室1厅 | 61.84平米 | 南 北,https://ke-image.ljcdn.com/110000-inspection/pc1_dKMiVZlpT_1.jpg!m_fill,w_280,h_210,f_jpg?from=ke.com
20240911,丰台,岳各庄,101125184664,丰体时代花园 客厅20平米 首付60万起 装修好,279万,41401元/平,中楼层 (共29层) | 2009年 | 2室1厅 | 67.39平米 | 东北,https://ke-image.ljcdn.com/110000-inspection/pc1_FHXTM6f6h_1.jpg!m_fill,w_280,h_210,f_jpg?from=ke.com
20240911,丰台,岳各庄,101125161440,五棵松南 珠江峰景大三居 视野开阔 满五唯一,648万,54181元/平,中楼层 (共21层) | 2006年 | 3室1厅 | 119.6平米 | 东南,https://ke-image.ljcdn.com/110000-inspection/pc1_XYHb7T8h5_1.jpg!m_fill,w_280,h_210,f_jpg?from=ke.com
20240911,丰台,岳各庄,101125098239,大成郡 1室0厅 东,340万,61965元/平,顶层 (共9层) | 2012年 | 1室0厅 | 54.87平米 | 东,https://ke-image.ljcdn.com/110000-inspection/pc1_595kgN7UN_1.jpg!m_fill,w_280,h_210,f_jpg?from=ke.com
20240911,丰台,岳各庄,101125085149,珠江峰景 满五年 唯一 精装修,610万,53509元/平,低楼层 (共21层) | 2006年 | 2室1厅 | 114平米 | 西南 东北,https://ke-image.ljcdn.com/110000-inspection/edd3f9c6-3393-4917-a202-a71e14de2599_1000.jpg!m_fill,w_280,h_210,f_jpg?from=ke.com
20240911,丰台,岳各庄,101125071471,大井南里小区环境好交通方便,238万,46494元/平,顶层 (共6层) | 1990年 | 2室1厅 | 51.19平米 | 南 北,https://ke-image.ljcdn.com/110000-inspection/pc1_7I0mkFvSY_1.jpg!m_fill,w_280,h_210,f_jpg?from=ke.com
20240911,丰台,岳各庄,101125063242,珠江峰景 精装观景房 诚意出售,640万,53086元/平,中楼层 (共21层) | 2006年 | 3室2厅 | 120.56平米 | 西南,https://ke-image.ljcdn.com/110000-inspection/pc1_rFi0k7ZZu_1.jpg!m_fill,w_280,h_210,f_jpg?from=ke.com
20240911,丰台,岳各庄,101124981813,丰体时代东南三居不临街无遮挡满五年唯一,518万,44667元/平,低楼层 (共29层) | 2009年 | 3室1厅 | 115.97平米 | 东南,https://ke-image.ljcdn.com/110000-inspection/pc1_wrv6JjZD3_1.jpg!m_fill,w_280,h_210,f_jpg?from=ke.com
20240911,丰台,岳各庄,101124944118,岳各庄 青塔 万科紫台 小区中间 精装南北大三居,1245万,72773元/平,中楼层 (共11层) | 2007年 | 3室2厅 | 171.08平米 | 南 北,https://ke-image.ljcdn.com/110000-inspection/cee223d5-eba3-471d-bfba-3c1ba7c6df99_1000.jpg!m_fill,w_280,h_210,f_jpg?from=ke.com
20240911,丰台,岳各庄,101124787569,珠江峰景精装满五唯一南北通透两居风景无边户型有车位,560万,49659元/平,高楼层 (共21层) 2室1厅 | 112.77平米 | 东南 西北,https://ke-image.ljcdn.com/110000-inspection/524a9f76-e491-4973-8fe1-2589d193fc00_1000.jpg!m_fill,w_280,h_210,f_jpg?from=ke.com
20240911,丰台,岳各庄,101124765942,大成郡次顶层精装修南北通透三居洋房社区,890万,81885元/平,高楼层 (共7层) 3室1厅 | 108.69平米 | 南 北,https://ke-image.ljcdn.com/110000-inspection/9d527112-2554-4cae-b856-09694cc4c134_1000.jpg!m_fill,w_280,h_210,f_jpg?from=ke.com
20240911,丰台,岳各庄,101124763158,紫辰院南北通透四居室 满两年看房提前约 中间层,1320万,94098元/平,中楼层 (共22层) | 2016年 | 4室2厅 | 140.28平米 | 南 北,https://ke-image.ljcdn.com/110000-inspection/7583183a-393e-407a-b8b5-beff5d74fe64_1000.jpg!m_fill,w_280,h_210,f_jpg?from=ke.com
20240911,丰台,岳各庄,101124727258,大成郡 中间位置 全天采光 超大客厅 3个阳台房主自荐,1299万,68975元/平,中楼层 (共9层) | 2010年 | 3室1厅 | 188.33平米 | 东 南 西,https://ke-image.ljcdn.com/110000-inspection/pc1_UN51qXocr_1.jpg!m_fill,w_280,h_210,f_jpg?from=ke.com
20240911,丰台,岳各庄,101124548960,大井中里 南北向两居室 近地铁 满五唯一,248万,39291元/平,顶层 (共6层) 2室1厅 | 63.12平米 | 南 北,https://ke-image.ljcdn.com/110000-inspection/pc1_jANTnkdHq_1.jpg!m_fill,w_280,h_210,f_jpg?from=ke.com
20240911,丰台,岳各庄,101124531625,大井南里不临街 中间楼层二居 小区有广场房主自荐,349万,48185元/平,中楼层 (共6层) 2室1厅 | 72.43平米 | 南 北,https://ke-image.ljcdn.com/110000-inspection/pc1_ICQPTuVMQ_1.jpg!m_fill,w_280,h_210,f_jpg?from=ke.com
20240911,丰台,岳各庄,101124517277,4环内中间楼层南北通透两居！,750万,68040元/平,中楼层 (共18层) | 2007年 | 2室2厅 | 110.23平米 | 南 北,https://ke-image.ljcdn.com/110000-inspection/pc1_21nYGICXD_1.jpg!m_fill,w_280,h_210,f_jpg?from=ke.com
20240911,丰台,岳各庄,101124499338,大井北里有幼儿园小区环境好,179万,43175元/平,顶层 (共6层) 1室1厅 | 41.46平米 | 南,https://ke-image.ljcdn.com/110000-inspection/pc1_JE8YWeHcs_1.jpg!m_fill,w_280,h_210,f_jpg?from=ke.com
20240911,丰台,岳各庄,101124492693,满五唯一可贷款；中间位置中间楼层安静无遮挡,518万,56942元/平,中楼层 (共23层) | 2004年 | 2室1厅 | 90.97平米 | 西南,https://ke-image.ljcdn.com/110000-inspection/d0722527-ade1-4974-b0b1-a9c3b3c416f7_1000.jpg!m_fill,w_280,h_210,f_jpg?from=ke.com
20240911,丰台,岳各庄,101124424701,大井东里 2室1厅 东 西,279万,51439元/平,底层 (共6层) 2室1厅 | 54.24平米 | 东 西,https://ke-image.ljcdn.com/110000-inspection/pc1_TRaqexq6j.jpg!m_fill,w_280,h_210,f_jpg?from=ke.com
20240911,丰台,岳各庄,101124321251,丰体时代花园不临街两居室 中间楼层好房  采光充足,460万,48208元/平,中楼层 (共29层) | 2009年 | 2室1厅 | 95.42平米 | 南,https://ke-image.ljcdn.com/110000-inspection/pc1_HE7uIaZwh_1.jpg!m_fill,w_280,h_210,f_jpg?from=ke.com
20240911,丰台,岳各庄,101124300028,中堂小区 全南户型 2011年 采光好 落地窗,395万,64511元/平,高楼层 (共17层) | 2011年 | 1室1厅 | 61.23平米 | 南,https://ke-image.ljcdn.com/110000-inspection/e04e3bcf-2391-42fe-9376-7e8cec65160f_1000.jpg!m_fill,w_280,h_210,f_jpg?from=ke.com
20240911,丰台,岳各庄,101124293137,丰体时代花园西南向两居 商品房 近地铁 停车位充足,389万,42894元/平,低楼层 (共28层) 2室1厅 | 90.69平米 | 西南,https://ke-image.ljcdn.com/110000-inspection/pc1_zolS0VYsz_1.jpg!m_fill,w_280,h_210,f_jpg?from=ke.com
20240911,丰台,岳各庄,101124219751,中堂 西南北三居室 满5年 西四环 中式园林社区,710万,65918元/平,中楼层 (共17层) 2室2厅 | 107.71平米 | 南 西 北,https://ke-image.ljcdn.com/110000-inspection/pc1_pGFDfuXKM_1.jpg!m_fill,w_280,h_210,f_jpg?from=ke.com
20240911,丰台,岳各庄,101124043660,靛厂锦园 2室1厅 北 南,430万,50152元/平,低楼层 (共9层) | 2005年 | 2室1厅 | 85.74平米 | 北 南,https://ke-image.ljcdn.com/110000-inspection/3dee8231-f3d6-4dd0-b6d3-708256c4d1f1_1000.jpg!m_fill,w_280,h_210,f_jpg?from=ke.com
20240911,丰台,岳各庄,101124031606,丰体时代花园 西北向两居室格局方正采光好。,399万,44512元/平,低楼层 (共29层) | 2008年 | 2室1厅 | 89.64平米 | 西,https://ke-image.ljcdn.com/110000-inspection/pc1_rsjgOZOHr_1.jpg!m_fill,w_280,h_210,f_jpg?from=ke.com
20240911,丰台,岳各庄,101124013663,大井东里 南北通透两居室 六层 诚心出售！,230万,36427元/平,顶层 (共6层) 2室1厅 | 63.14平米 | 南 北,https://ke-image.ljcdn.com/110000-inspection/pc1_0vIjzp9NN_1.jpg!m_fill,w_280,h_210,f_jpg?from=ke.com
20240911,丰台,岳各庄,101124003896,民岳家园 高楼层 视野开阔 满五唯一商品房 精装修,260万,47953元/平,高楼层 (共23层) | 2007年 | 1室1厅 | 54.22平米 | 西,https://ke-image.ljcdn.com/110000-inspection/pc1_quzecjXwS_1.jpg!m_fill,w_280,h_210,f_jpg?from=ke.com
20240911,丰台,岳各庄,101123959092,民岳家园 单位家属楼 满五唯一商品房 双落地窗 有钥匙,425万,45513元/平,中楼层 (共23层) | 2007年 | 2室2厅 | 93.38平米 | 南 西,https://ke-image.ljcdn.com/110000-inspection/ef561590-bd30-4ad5-b824-9f19b66b9a27_1000.jpg!m_fill,w_280,h_210,f_jpg?from=ke.com
20240911,丰台,岳各庄,101123894629,珠江峰景精装修东西通透全明格局大两居,650万,55996元/平,中楼层 (共21层) | 2006年 | 2室1厅 | 116.08平米 | 东 西,https://ke-image.ljcdn.com/110000-inspection/pc1_tWW3GpFQz.jpg!m_fill,w_280,h_210,f_jpg?from=ke.com
20240911,丰台,岳各庄,101123863463,大井南里 无遮挡南北两居室 精装修拎包入住,250万,49281元/平,中楼层 (共6层) 2室1厅 | 50.73平米 | 南 北,https://ke-image.ljcdn.com/110000-inspection/pc1_OADvMxbCo_1.jpg!m_fill,w_280,h_210,f_jpg?from=ke.com
20240911,丰台,岳各庄,101123801156,万科紫台 3室2厅 南 北,1560万,90169元/平,低楼层 (共15层) | 2007年 | 3室2厅 | 173.01平米 | 南 北,https://ke-image.ljcdn.com/110000-inspection/pc1_vwEY1CLmu.jpg!m_fill,w_280,h_210,f_jpg?from=ke.com
20240911,丰台,岳各庄,101123761264,有双阳台无遮挡采光好一梯两户电梯直达车库！！,1160万,65996元/平,中楼层 (共11层) | 2008年 | 3室2厅 | 175.77平米 | 南 北,https://ke-image.ljcdn.com/110000-inspection/7d143a61-8f8e-4df7-a48f-ab5d92741369_1000.jpg!m_fill,w_280,h_210,f_jpg?from=ke.com
20240911,丰台,岳各庄,101123717264,大成郡 精致装修 户型方正 无浪费面积 看房方便,680万,69665元/平,高楼层 (共9层) | 2010年 | 2室1厅 | 97.61平米 | 东 北,https://ke-image.ljcdn.com/110000-inspection/pc1_ix1fIxrFH_1.jpg!m_fill,w_280,h_210,f_jpg?from=ke.com
20240911,丰台,岳各庄,101123710482,大井北里 南北通透 正规三居 低楼层,339万,47367元/平,低楼层 (共6层) 3室1厅 | 71.57平米 | 南 北,https://ke-image.ljcdn.com/110000-inspection/pc1_6oFBbq9rj_1.jpg!m_fill,w_280,h_210,f_jpg?from=ke.com
20240911,丰台,岳各庄,101123637702,靛厂锦园  精装 中间楼层 视野开阔 小区好位置,318万,51860元/平,低楼层 (共9层) 1室1厅 | 61.32平米 | 南 北,https://ke-image.ljcdn.com/110000-inspection/pc1_VRXd9Opu9_1.jpg!m_fill,w_280,h_210,f_jpg?from=ke.com
20240911,丰台,岳各庄,101123631696,西府兰庭 满五唯一视野采光充足南北通透,760万,68947元/平,中楼层 (共18层) | 2007年 | 2室1厅 | 110.23平米 | 南 北,https://ke-image.ljcdn.com/110000-inspection/6db133c1-b826-4361-904c-2764044ce6bb_1000.jpg!m_fill,w_280,h_210,f_jpg?from=ke.com
20240911,丰台,岳各庄,101123617446,岳各庄民岳家园精装一居 高楼层 采光好 商品房,225万,41452元/平,高楼层 (共23层) | 2007年 | 1室1厅 | 54.28平米 | 西,https://ke-image.ljcdn.com/110000-inspection/pc1_KTNFgrHFB_1.jpg!m_fill,w_280,h_210,f_jpg?from=ke.com
20240911,丰台,岳各庄,101123572303,大井南里精装修4层南北满五年唯一房主自荐,245万,45472元/平,中楼层 (共6层) 2室1厅 | 53.88平米 | 南 北,https://ke-image.ljcdn.com/110000-inspection/pc1_fYhalqnkb_1.jpg!m_fill,w_280,h_210,f_jpg?from=ke.com
20240911,丰台,岳各庄,101123526367,丰体时代双阳台三居室 近地铁 户型方正,539万,43588元/平,高楼层 (共28层) | 2008年 | 3室1厅 | 123.66平米 | 西北,https://ke-image.ljcdn.com/110000-inspection/pc1_mbJ8ssjN1_1.jpg!m_fill,w_280,h_210,f_jpg?from=ke.com
20240911,丰台,岳各庄,101123464255,民岳家园 满五年唯一商品房 客厅/两卧朝南 诚心出售,635万,55532元/平,低楼层 (共22层) 3室2厅 | 114.35平米 | 南,https://ke-image.ljcdn.com/110000-inspection/96a3b39e-1af2-43d8-b134-1f73c53052a6_1000.jpg!m_fill,w_280,h_210,f_jpg?from=ke.com
20240911,丰台,岳各庄,101123441554,中堂西四环公园社区！南北通透户型,690万,60842元/平,低楼层 (共17层) | 2011年 | 2室1厅 | 113.41平米 | 南 北,https://ke-image.ljcdn.com/110000-inspection/13cd77e8-72ec-4895-a64f-39783df1ed3c_1000.jpg!m_fill,w_280,h_210,f_jpg?from=ke.com
20240911,丰台,岳各庄,101123374778,丰体时代花园4年的精装户型方正采光亮堂堂！房主自荐,599万,52361元/平,高楼层 (共28层) | 2005年 | 3室1厅 | 114.4平米 | 西南,https://ke-image.ljcdn.com/110000-inspection/pc1_kLKkL2SXi_1.jpg!m_fill,w_280,h_210,f_jpg?from=ke.com
20240911,丰台,岳各庄,101123352871,珠江峰景 南北两居室 精装修 可拎包入住 视野好房主自荐,603万,53980元/平,低楼层 (共21层) | 2006年 | 2室1厅 | 111.71平米 | 南 西 北,https://ke-image.ljcdn.com/110000-inspection/pc1_hwybSmdNf_1.jpg!m_fill,w_280,h_210,f_jpg?from=ke.com
20240911,丰台,岳各庄,101123341467,两居室的价格买园梦园690万三居室。四环内惊喜价,680万,49116元/平,高楼层 (共13层) | 2003年 | 3室2厅 | 138.45平米 | 西 东,https://ke-image.ljcdn.com/110000-inspection/pc1_nwfnYKs9M_1.jpg!m_fill,w_280,h_210,f_jpg?from=ke.com
20240911,丰台,岳各庄,101123255772,格局方正南北通透有电梯正规两居室集中供暖户型好,455万,53130元/平,底层 (共9层) 2室2厅 | 85.64平米 | 南 北,https://ke-image.ljcdn.com/110000-inspection/pc1_E2LJgW8Ni_1.jpg!m_fill,w_280,h_210,f_jpg?from=ke.com
20240911,丰台,岳各庄,101123171813,大井东里 中间楼层 精装 南北通透 满五唯一商品房房主自荐,280万,43778元/平,中楼层 (共6层) 2室1厅 | 63.96平米 | 南 北,https://ke-image.ljcdn.com/110000-inspection/pc1_Yr4H6bkgO.jpg!m_fill,w_280,h_210,f_jpg?from=ke.com
20240911,丰台,岳各庄,101123155692,靛厂锦园 南北通透 精装小两居,375万,61155元/平,顶层 (共9层) 2室1厅 | 61.32平米 | 南 北,https://ke-image.ljcdn.com/110000-inspection/9a68d09e-54eb-4304-b807-8b9e6998e3ca_1000.jpg!m_fill,w_280,h_210,f_jpg?from=ke.com
20240911,丰台,岳各庄,101123138789,中堂 2室2厅 南 北,615万,56314元/平,低楼层 (共15层) | 2004年 | 2室2厅 | 109.21平米 | 南 北,https://ke-image.ljcdn.com/110000-inspection/989af218-45a3-4e31-888d-1db0b7dc6a74_1000.jpg!m_fill,w_280,h_210,f_jpg?from=ke.com
20240911,丰台,岳各庄,101123059957,岳各庄 珠江峰景 全屋全新精装 正规全明格局大两居,645万,55566元/平,中楼层 (共21层) | 2006年 | 2室2厅 | 116.08平米 | 东 西,https://ke-image.ljcdn.com/110000-inspection/pc1_kvuJAVZW3.jpg!m_fill,w_280,h_210,f_jpg?from=ke.com
20240911,丰台,岳各庄,101122944588,大井南里 2室1厅 南 北,209万,38819元/平,高楼层 (共6层) 2室1厅 | 53.84平米 | 南 北,https://ke-image.ljcdn.com/110000-inspection/pc1_BhP82yzif_1.jpg!m_fill,w_280,h_210,f_jpg?from=ke.com
20240911,丰台,岳各庄,101122728524,丰体时代花园 带产权车位 视野开阔朝东两居室,399万,44611元/平,高楼层 (共28层) | 2005年 | 2室1厅 | 89.44平米 | 东,https://ke-image.ljcdn.com/110000-inspection/pc1_Sl7GOl0QD_1.jpg!m_fill,w_280,h_210,f_jpg?from=ke.com
20240911,丰台,岳各庄,101122440553,丰体时代花园 南向两居室 格局方正 采光充足 近地铁,489万,50103元/平,中楼层 (共28层) | 2005年 | 2室1厅 | 97.6平米 | 西南,https://ke-image.ljcdn.com/110000-inspection/pc1_Jqbnt7Smc_1.jpg!m_fill,w_280,h_210,f_jpg?from=ke.com
20240911,丰台,岳各庄,101122059283,紫辰院 精装四居室 户型好 看房方便 提前联系 采光好,1940万,102305元/平,中楼层 (共22层) 4室2厅 | 189.63平米 | 南 北,https://ke-image.ljcdn.com/110000-inspection/adfd607c-4736-4f69-b39a-f2684fb752d0_1000.jpg!m_fill,w_280,h_210,f_jpg?from=ke.com
20240911,丰台,岳各庄,101122051001,丰体时代西向两居室 低楼层 户型方正 格局好,430万,46212元/平,低楼层 (共29层) | 2009年 | 2室2厅 | 93.05平米 | 西南,https://ke-image.ljcdn.com/110000-inspection/pc1_dSnw5ognM_1.jpg!m_fill,w_280,h_210,f_jpg?from=ke.com
20240911,丰台,岳各庄,101121941496,靛厂锦园 2室2厅 南 北,500万,57965元/平,中楼层 (共9层) | 2011年 | 2室2厅 | 86.26平米 | 南 北,https://ke-image.ljcdn.com/110000-inspection/pc1_KrSOmKjxM_1.jpg!m_fill,w_280,h_210,f_jpg?from=ke.com
20240911,丰台,岳各庄,101121936970,大井北里 精装修两居 公积金新政可贷款30年 户型方正,249万,42362元/平,顶层 (共6层) 2室1厅 | 58.78平米 | 南,https://ke-image.ljcdn.com/110000-inspection/test-da8ba8ce-e0b0-4cd3-8d6e-d057cdcdda95.png!m_fill,w_280,h_210,f_jpg?from=ke.com
20240911,丰台,岳各庄,101121881368,中堂 1室1厅 西北,315万,61440元/平,中楼层 (共15层) | 2004年 | 1室1厅 | 51.27平米 | 西北,https://ke-image.ljcdn.com/110000-inspection/pc1_xtPeJ4YXY_1.jpg!m_fill,w_280,h_210,f_jpg?from=ke.com
20240911,丰台,岳各庄,101121857678,大井东里一居公积金可贷满30年 满五年唯一商品房,179万,39849元/平,顶层 (共6层) 1室1厅 | 44.92平米 | 南,https://ke-image.ljcdn.com/110000-inspection/pc1_0NnN7qEM1_1.jpg!m_fill,w_280,h_210,f_jpg?from=ke.com
20240911,丰台,岳各庄,101121815966,大成郡 3室2厅 东 西 北,1020万,78203元/平,低楼层 (共8层) 3室2厅 | 130.43平米 | 东 西 北,https://ke-image.ljcdn.com/110000-inspection/pc1_aFrrPuLOI_1.jpg!m_fill,w_280,h_210,f_jpg?from=ke.com
20240911,丰台,岳各庄,101121735095,大井南里2层精装修满五年唯一 交通便利！,262万,48772元/平,低楼层 (共6层) 2室1厅 | 53.72平米 | 南 北,https://ke-image.ljcdn.com/110000-inspection/pc1_vRvlc1fD8_1.jpg!m_fill,w_280,h_210,f_jpg?from=ke.com
20240911,丰台,岳各庄,101121731497,紫辰院南北通透三居室小区中间安静楼龄新有车位储物间,1232万,92230元/平,底层 (共22层) 3室2厅 | 133.58平米 | 南 北,https://ke-image.ljcdn.com/110000-inspection/f94cf98b-c28e-4f22-bff7-945b11f91e5e_1000.jpg!m_fill,w_280,h_210,f_jpg?from=ke.com
20240911,丰台,岳各庄,101121692823,大井北里 南北向两居 中楼层 满五唯一 近地铁,298万,49014元/平,中楼层 (共6层) 2室1厅 | 60.8平米 | 南 北,https://ke-image.ljcdn.com/110000-inspection/pc1_vxJnOjFmL_1.jpg!m_fill,w_280,h_210,f_jpg?from=ke.com
20240911,丰台,岳各庄,101121490669,中堂 南北 精装 满五年 业主诚心出售,650万,57214元/平,中楼层 (共25层) | 2004年 | 2室2厅 | 113.61平米 | 南 北,https://ke-image.ljcdn.com/110000-inspection/pc1_hn3HG3nOS.jpg!m_fill,w_280,h_210,f_jpg?from=ke.com
20240911,丰台,岳各庄,101121424371,大井中里 南北通透两居室 户型方正格局好,328万,49697元/平,中楼层 (共6层) 2室1厅 | 66平米 | 南 北,https://ke-image.ljcdn.com/110000-inspection/pc1_pVi3j5zzR.jpg!m_fill,w_280,h_210,f_jpg?from=ke.com
20240911,丰台,岳各庄,101121399190,中堂 1室1厅 西北房主自荐,313万,61050元/平,中楼层 (共15层) | 2004年 | 1室1厅 | 51.27平米 | 西北,https://ke-image.ljcdn.com/110000-inspection/pc1_BkSAXOG2t_1.jpg!m_fill,w_280,h_210,f_jpg?from=ke.com
20240911,丰台,岳各庄,101121275489,靛厂锦园 业主诚心出售 看房提前联系,495万,57186元/平,底层 (共9层) 2室1厅 | 86.56平米 | 南 北,https://ke-image.ljcdn.com/110000-inspection/pc1_lP1QI0re5_1.jpg!m_fill,w_280,h_210,f_jpg?from=ke.com
20240911,丰台,岳各庄,101121200298,丰体时代花园 朝西俯瞰公园两居室 户型方正 看房方便,380万,45944元/平,中楼层 (共29层) | 2009年 | 2室1厅 | 82.71平米 | 西,https://ke-image.ljcdn.com/110000-inspection/pc1_nmjVtj8fK_1.jpg!m_fill,w_280,h_210,f_jpg?from=ke.com
20240911,丰台,岳各庄,101121175489,满五唯一 板楼带电梯 一层两户两部电梯 南北 精装。,1250万,85817元/平,中楼层 (共18层) | 2007年 | 3室2厅 | 145.66平米 | 南 北,https://ke-image.ljcdn.com/110000-inspection/pc1_vLcJRmnKb.jpg!m_fill,w_280,h_210,f_jpg?from=ke.com
20240911,丰台,岳各庄,101121132955,商品房 房子总高九层房子 视野宽阔卧室和客厅南向,495万,57114元/平,顶层 (共9层) 2室1厅 | 86.67平米 | 南 北,https://ke-image.ljcdn.com/110000-inspection/pc1_smTwwdDOP.jpg!m_fill,w_280,h_210,f_jpg?from=ke.com
20240911,丰台,岳各庄,101121106784,大井东里中楼层南北通透两居室满五唯一。地铁大井站房主自荐,285万,48685元/平,中楼层 (共6层) 2室1厅 | 58.54平米 | 南 北,https://ke-image.ljcdn.com/110000-inspection/pc1_k9SqnYBOS_1.jpg!m_fill,w_280,h_210,f_jpg?from=ke.com
20240911,丰台,岳各庄,101121098086,中堂 1室1厅 西 北,305万,59489元/平,低楼层 (共17层) 1室1厅 | 51.27平米 | 西 北,https://ke-image.ljcdn.com/110000-inspection/pc1_tnBEUUnXf_1.jpg!m_fill,w_280,h_210,f_jpg?from=ke.com
20240911,丰台,岳各庄,101121082850,大井南里 不临街 满五年 低楼层 14号大井地铁站,246万,46786元/平,低楼层 (共6层) 2室1厅 | 52.58平米 | 南 北,https://ke-image.ljcdn.com/110000-inspection/pc1_AnUYzNN8Q_1.jpg!m_fill,w_280,h_210,f_jpg?from=ke.com
20240911,丰台,岳各庄,101121055855,民岳家园 三居室 满五年 西南北朝向 无遮挡 诚意售,539万,48664元/平,底层 (共11层) | 2005年 | 3室2厅 | 110.76平米 | 北 南 西,https://ke-image.ljcdn.com/110000-inspection/pc1_8YE65Lri3.jpg!m_fill,w_280,h_210,f_jpg?from=ke.com
20240911,丰台,岳各庄,101120910369,民政局单位用房 一居 适宜居住,243万,44263元/平,底层 (共23层) | 2007年 | 1室0厅 | 54.9平米 | 东,https://ke-image.ljcdn.com/110000-inspection/pc1_QRmYSeTYN.jpg!m_fill,w_280,h_210,f_jpg?from=ke.com
20240911,丰台,岳各庄,101120877298,大井东里 南向两居 精装修 明厨明卫 中间楼层房主自荐,288万,48600元/平,中楼层 (共6层) 2室1厅 | 59.26平米 | 南,https://ke-image.ljcdn.com/110000-inspection/pc1_mDj4PPRqa_1.jpg!m_fill,w_280,h_210,f_jpg?from=ke.com
20240911,丰台,岳各庄,101120872210,丰体时代花园 3室1厅 西北房主自荐,499万,42988元/平,顶层 (共29层) | 2009年 | 3室1厅 | 116.08平米 | 西北,https://ke-image.ljcdn.com/110000-inspection/pc1_oSD63hX3R_1.jpg!m_fill,w_280,h_210,f_jpg?from=ke.com
20240911,丰台,岳各庄,101120859011,西四环内靛厂锦园南北通透一居室也可以两居室,340万,59597元/平,顶层 (共5层) 1室1厅 | 57.05平米 | 南 北,https://ke-image.ljcdn.com/110000-inspection/pc1_m9j2RWsej.jpg!m_fill,w_280,h_210,f_jpg?from=ke.com
20240911,丰台,岳各庄,101120559539,中堂四环内南向一居室纯商品社区紫辰院房主自荐,369万,60265元/平,顶层 (共17层) | 2011年 | 1室0厅 | 61.23平米 | 南,https://ke-image.ljcdn.com/110000-inspection/pc1_jOuc0gU1C.jpg!m_fill,w_280,h_210,f_jpg?from=ke.com
20240911,丰台,岳各庄,101120515447,有电梯集中供暖西四环内两居室南北通透中间楼层,420万,48522元/平,中楼层 (共9层) 2室1厅 | 86.56平米 | 南 北,https://ke-image.ljcdn.com/110000-inspection/pc1_ZVSR1N8xG_1.jpg!m_fill,w_280,h_210,f_jpg?from=ke.com
20240911,丰台,岳各庄,101120190560,靛厂锦园两居室南北通透户型方正中间楼层,420万,48460元/平,中楼层 (共9层) 2室1厅 | 86.67平米 | 南 北,https://ke-image.ljcdn.com/110000-inspection/pc1_KoxXaRdjG_1.jpg!m_fill,w_280,h_210,f_jpg?from=ke.com
20240911,丰台,岳各庄,101120161905,圆梦园 正规三居室 明卫 满五唯一,890万,64135元/平,中楼层 (共14层) 3室2厅 | 138.77平米 | 东 西,https://ke-image.ljcdn.com/110000-inspection/pc1_Gsgogpwy2.jpg!m_fill,w_280,h_210,f_jpg?from=ke.com
20240911,丰台,岳各庄,101120107044,大井北里南北通透中间楼层户型方正14号线大井地铁站,390万,50835元/平,中楼层 (共6层) 3室1厅 | 76.72平米 | 南 北,https://ke-image.ljcdn.com/110000-inspection/pc1_0npMtl8no_1.jpg!m_fill,w_280,h_210,f_jpg?from=ke.com
20240911,丰台,岳各庄,101120074719,丰体时代花园满五唯一电梯房精装修中高楼层视野好,475万,50404元/平,高楼层 (共29层) | 2009年 | 2室1厅 | 94.24平米 | 南,https://ke-image.ljcdn.com/110000-inspection/pc1_EC8Q5EBSK_1.jpg!m_fill,w_280,h_210,f_jpg?from=ke.com
20240911,丰台,岳各庄,101119846750,丰体时代花园 商品房 双卫 落地大阳台,699万,50631元/平,低楼层 (共28层) 3室1厅 | 138.06平米 | 东南,https://ke-image.ljcdn.com/110000-inspection/pc1_slwl7KdHM_1.jpg!m_fill,w_280,h_210,f_jpg?from=ke.com
20240911,丰台,岳各庄,101119560222,丰体时代花园 2室1厅 东,488万,50144元/平,高楼层 (共29层) | 2009年 | 2室1厅 | 97.32平米 | 东,https://ke-image.ljcdn.com/110000-inspection/e7fec9a0-828f-48e9-8ef7-798a15996f3a_1000.jpg!m_fill,w_280,h_210,f_jpg?from=ke.com
20240911,丰台,岳各庄,101119456598,西府兰庭 正规三居室 精装修 南北通透,1230万,80330元/平,顶层 (共18层) 3室1厅 | 153.12平米 | 南 北,https://ke-image.ljcdn.com/110000-inspection/pc1_o5PDGfVSi_1.jpg!m_fill,w_280,h_210,f_jpg?from=ke.com
20240911,丰台,岳各庄,101119386262,珠江峰景 小区中间位置前后花园 南北通透,786万,60742元/平,中楼层 (共11层) 3室2厅 | 129.4平米 | 南 北,https://ke-image.ljcdn.com/110000-inspection/pc1_9jjsFu6kI_1.jpg!m_fill,w_280,h_210,f_jpg?from=ke.com
20240911,丰台,岳各庄,101119259317,中堂 精装修 全南向 视野好 70年产权,199.8万,78108元/平,低楼层 (共30层) | 2011年 | 1室0厅 | 25.58平米 | 南,https://ke-image.ljcdn.com/110000-inspection/pc1_7zKTtIHXj_1.jpg!m_fill,w_280,h_210,f_jpg?from=ke.com
20240911,丰台,岳各庄,101119107810,丰体时代花园满五年商品房 地铁周边 刚需小户型,200万,59791元/平,中楼层 (共28层) | 2008年 | 1室1厅 | 33.45平米 | 南,https://ke-image.ljcdn.com/110000-inspection/pc1_d5YdIw9n9.jpg!m_fill,w_280,h_210,f_jpg?from=ke.com
20240911,丰台,岳各庄,101118466497,小区中间位置正对水系满五唯一,980万,66986元/平,低楼层 (共25层) | 2004年 | 3室2厅 | 146.3平米 | 东南,https://ke-image.ljcdn.com/110000-inspection/pc1_kBuCZazz1.jpg!m_fill,w_280,h_210,f_jpg?from=ke.com
20240911,丰台,岳各庄,101118463631,大井南里南北通透一居室房子装修好,219万,55331元/平,中楼层 (共6层) 1室1厅 | 39.58平米 | 南 北,https://ke-image.ljcdn.com/110000-inspection/pc1_USPQcPYaW.jpg!m_fill,w_280,h_210,f_jpg?from=ke.com
20240911,丰台,岳各庄,101118462209,满五唯一南北通透正规一居前后观景小区中间位置。,388万,58469元/平,低楼层 (共18层) | 2004年 | 1室1厅 | 66.36平米 | 南 北,https://ke-image.ljcdn.com/110000-inspection/874808de-a598-4954-931a-bf04f4e04e8a_1000.jpg!m_fill,w_280,h_210,f_jpg?from=ke.com
20240911,丰台,岳各庄,101118453601,满五唯一自住保持良好居住舒适正对小区绿化,630万,63184元/平,中楼层 (共18层) | 2004年 | 2室2厅 | 99.71平米 | 南,https://ke-image.ljcdn.com/110000-inspection/pc1_AKITM4wHz.jpg!m_fill,w_280,h_210,f_jpg?from=ke.com
20240911,丰台,岳各庄,101117860064,丰体时代 商品房满五唯一 近地铁 双阳台 楼层高视野好,470万,53174元/平,高楼层 (共28层) | 2005年 | 2室1厅 | 88.39平米 | 西 北,https://ke-image.ljcdn.com/110000-inspection/pc1_0qxol97xQ_1.jpg!m_fill,w_280,h_210,f_jpg?from=ke.com
20240911,丰台,岳各庄,101116933076,业主装修保持的好南北通透户型方正！前后观景。,950万,72249元/平,低楼层 (共30层) | 2011年 | 2室2厅 | 131.49平米 | 南 北,https://ke-image.ljcdn.com/110000-inspection/pc1_jxwbVAZRI.jpg!m_fill,w_280,h_210,f_jpg?from=ke.com
20240911,丰台,岳各庄,101116933063,西四环内 全南一居 采光好 无遮挡  得房率81.7%,190万,74277元/平,低楼层 (共30层) | 2011年 | 1室0厅 | 25.58平米 | 南,https://ke-image.ljcdn.com/110000-inspection/pc1_86IxRu0h1.jpg!m_fill,w_280,h_210,f_jpg?from=ke.com
20240911,丰台,岳各庄,101116895733,紫辰院 精装 南北通透三居室 带车位 有会所 高档商品.,1990万,86275元/平,低楼层 (共22层) 3室2厅 | 230.66平米 | 南 北,https://ke-image.ljcdn.com/110000-inspection/pc1_Ac6UTVTwO.jpg!m_fill,w_280,h_210,f_jpg?from=ke.com
20240911,丰台,岳各庄,101116282472,中堂正规一居室 南北通透 精装修,489万,71492元/平,中楼层 (共18层) | 2004年 | 1室1厅 | 68.4平米 | 南 北,https://ke-image.ljcdn.com/110000-inspection/pc1_nOugHeGoN.jpg!m_fill,w_280,h_210,f_jpg?from=ke.com
20240911,丰台,岳各庄,101115991145,大井北里 南北通透两居室 公积金新政可贷款30年,255万,41941元/平,中楼层 (共6层) 2室1厅 | 60.8平米 | 南 北,https://ke-image.ljcdn.com/110000-inspection/pc1_tIHqsVx8X.jpg!m_fill,w_280,h_210,f_jpg?from=ke.com
20240911,丰台,岳各庄,101114514515,大井北里 商品房 南北通透 邻近地铁,229万,37333元/平,顶层 (共6层) 2室1厅 | 61.34平米 | 北 南,https://ke-image.ljcdn.com/110000-inspection/pc1_QKAgmomaq_1.jpg!m_fill,w_280,h_210,f_jpg?from=ke.com
20240911,丰台,岳各庄,101126532962,丰体时代花园 3室1厅 西南,547万,47815元/平,低楼层 (共28层) | 2005年 | 3室1厅 | 114.4平米 | 西南,https://ke-image.ljcdn.com/110000-inspection/pc1_T7hJ0Lss0_1.jpg!m_fill,w_280,h_210,f_jpg?from=ke.com
20240911,丰台,岳各庄,101126389182,中堂 正规两居室 有花园 南向 不临街新上,750万,80455元/平,底层 (共18层) | 2004年 | 2室1厅 | 93.22平米 | 南,https://ke-image.ljcdn.com/110000-inspection/ea47ac87-c3e7-43b3-ae2e-27fac2949a4e_1000.jpg!m_fill,w_280,h_210,f_jpg?from=ke.com
20240911,丰台,岳各庄,101126375732,西四环 2010年 大成时代中心 70年 正规一居新上,306万,35996元/平,高楼层 (共27层) | 2010年 | 1室2厅 | 85.01平米 | 东,https://ke-image.ljcdn.com/110000-inspection/pc1_yWkOq8nfR_1.jpg!m_fill,w_280,h_210,f_jpg?from=ke.com
20240911,丰台,岳各庄,101126364757,圆梦园 3室2厅 南 北,910万,65501元/平,高楼层 (共13层) | 2003年 | 3室2厅 | 138.93平米 | 南 北,https://ke-image.ljcdn.com/110000-inspection/pc1_qVIjQnF8a.jpg!m_fill,w_280,h_210,f_jpg?from=ke.com
20240911,丰台,岳各庄,101126278003,业主诚售民岳家园大一居 满五年 格局好采光棒房主自荐,320万,43069元/平,中楼层 (共22层) 1室1厅 | 74.3平米 | 东,https://ke-image.ljcdn.com/110000-inspection/pc1_mO6ZIZuis_1.jpg!m_fill,w_280,h_210,f_jpg?from=ke.com
20240911,丰台,岳各庄,101126242926,民岳家园 单位建房 满五年唯一商品房 落地窗有阳台,439万,43962元/平,低楼层 (共23层) | 2007年 | 2室1厅 | 99.86平米 | 东南,https://ke-image.ljcdn.com/110000-inspection/c5cffd7b-d6cb-4c70-9dca-79e47342161b_1000.jpg!m_fill,w_280,h_210,f_jpg?from=ke.com
20240911,丰台,岳各庄,101126239487,西府景园 3室1厅 西 东,610万,51840元/平,高楼层 (共23层) | 2004年 | 3室1厅 | 117.67平米 | 西 东,https://ke-image.ljcdn.com/110000-inspection/72152ad3-59b5-4e70-b467-300ce7616112_1000.jpg!m_fill,w_280,h_210,f_jpg?from=ke.com
20240911,丰台,岳各庄,101126197432,大面积一居室 满五年唯一 一层 看房方便,332万,45207元/平,底层 (共21层) | 2006年 | 1室1厅 | 73.44平米 | 东南,https://ke-image.ljcdn.com/110000-inspection/pc1_KvivPPadE_1.jpg!m_fill,w_280,h_210,f_jpg?from=ke.com
20240911,丰台,岳各庄,101126195794,西四环珠江峰景 精装高楼层两居 满五唯一 视野开阔,529万,59014元/平,高楼层 (共21层) | 2006年 | 2室1厅 | 89.64平米 | 东南,https://ke-image.ljcdn.com/110000-inspection/pc1_26SwxmZPv_1.jpg!m_fill,w_280,h_210,f_jpg?from=ke.com
20240911,丰台,岳各庄,101126191583,西四环 珠江峰景南北通透三居室 全明格局 双明卫,828万,64346元/平,中楼层 (共11层) 3室1厅 | 128.68平米 | 南 北,https://ke-image.ljcdn.com/110000-inspection/pc1_3zmkiVp0k_1.jpg!m_fill,w_280,h_210,f_jpg?from=ke.com
20240911,丰台,岳各庄,101126191061,精装修一居室 诚心出售 看房方便 优质好房,260万,49318元/平,中楼层 (共21层) | 2006年 | 1室1厅 | 52.72平米 | 东,https://ke-image.ljcdn.com/110000-inspection/pc1_lpRy7AqmO_1.jpg!m_fill,w_280,h_210,f_jpg?from=ke.com
20240911,丰台,岳各庄,101126167246,万科紫精装台五居室复式满五年唯一,1700万,86427元/平,高楼层 (共18层) | 2006年 | 5室2厅 | 196.7平米 | 南 北,https://ke-image.ljcdn.com/110000-inspection/pc1_nAiWO5JtZ_1.jpg!m_fill,w_280,h_210,f_jpg?from=ke.com
20240911,丰台,岳各庄,101126166688,此房满五年唯一双明卫南北通透一梯两户,838万,65123元/平,中楼层 (共11层) 3室1厅 | 128.68平米 | 南 北,https://ke-image.ljcdn.com/110000-inspection/70be8ac4-7afb-4a70-b6dd-19c30007ff25_1000.jpg!m_fill,w_280,h_210,f_jpg?from=ke.com
20240911,丰台,岳各庄,101126166562,四环边民岳家园正规两居明厨明卫商品房满五年唯一,470万,46935元/平,顶层 (共23层) | 2007年 | 2室1厅 | 100.14平米 | 南 西 北,https://ke-image.ljcdn.com/110000-inspection/pc1_g0dFkBluP.jpg!m_fill,w_280,h_210,f_jpg?from=ke.com
20240911,丰台,岳各庄,101126166401,民岳家园 2室1厅 南,600万,58151元/平,底层 (共23层) | 2008年 | 2室1厅 | 103.18平米 | 南,https://ke-image.ljcdn.com/110000-inspection/0b96cbd3-badc-4a52-aac8-f8545ffbbde4_1000.jpg!m_fill,w_280,h_210,f_jpg?from=ke.com
20240911,丰台,岳各庄,101126092337,大井北里 2室1厅 南,225万,40578元/平,底层 (共6层) | 1989年 | 2室1厅 | 55.45平米 | 南,https://ke-image.ljcdn.com/110000-inspection/pc1_7iYNZHszs_1.jpg!m_fill,w_280,h_210,f_jpg?from=ke.com
20240911,丰台,岳各庄,101126066889,丰体时代花园 近地铁 楼层高 视野好,395万,45429元/平,高楼层 (共28层) 2室1厅 | 86.95平米 | 西,https://ke-image.ljcdn.com/110000-inspection/pc1_84AeYj0Fq_1.jpg!m_fill,w_280,h_210,f_jpg?from=ke.com
20240911,丰台,岳各庄,101126001940,中堂明卫正规三居室看房方便,1090万,79129元/平,中楼层 (共17层) | 2011年 | 3室1厅 | 137.75平米 | 南 北 东,https://ke-image.ljcdn.com/110000-inspection/pc1_oei0usc9z.jpg!m_fill,w_280,h_210,f_jpg?from=ke.com
20240911,丰台,岳各庄,101126001753,中堂 1室0厅 西 北,250万,48762元/平,中楼层 (共17层) 1室0厅 | 51.27平米 | 西 北,https://ke-image.ljcdn.com/110000-inspection/pc1_LvjCbiaUw_1.jpg!m_fill,w_280,h_210,f_jpg?from=ke.com
20240911,丰台,岳各庄,101125976203,满五年唯一南北通透明厨明卫三居 两梯3户,645万,53980元/平,中楼层 (共23层) | 2004年 | 3室1厅 | 119.49平米 | 南 北,https://ke-image.ljcdn.com/110000-inspection/aef50e73-7c34-469b-b217-f46bfd596968_1000.jpg!m_fill,w_280,h_210,f_jpg?from=ke.com
20240911,丰台,岳各庄,101125953248,丰体时代花园 2室1厅 南,435万,46159元/平,高楼层 (共29层) | 2009年 | 2室1厅 | 94.24平米 | 南,https://ke-image.ljcdn.com/110000-inspection/pc1_X6IxbbiNI_1.jpg!m_fill,w_280,h_210,f_jpg?from=ke.com
20240911,丰台,岳各庄,101125942681,西府景园 2室1厅 西南,480万,53740元/平,中楼层 (共23层) | 2004年 | 2室1厅 | 89.32平米 | 西南,https://ke-image.ljcdn.com/110000-inspection/pc1_EXdsoHU3G_1.jpg!m_fill,w_280,h_210,f_jpg?from=ke.com
20240911,丰台,岳各庄,101125920107,大成郡 3室2厅 南 北,1250万,78612元/平,中楼层 (共7层) | 2011年 | 3室2厅 | 159.01平米 | 南 北,https://ke-image.ljcdn.com/110000-inspection/0b8270cc-d290-4556-a45e-12937b44cef5_1000.jpg!m_fill,w_280,h_210,f_jpg?from=ke.com
20240911,丰台,岳各庄,101125862293,中堂南北通透两居不临街 随时可看 满5唯一,680万,63051元/平,低楼层 (共12层) 2室1厅 | 107.85平米 | 南 北,https://ke-image.ljcdn.com/110000-inspection/pc1_BKThLZa1F.jpg!m_fill,w_280,h_210,f_jpg?from=ke.com
20240911,丰台,岳各庄,101125834975,岳各庄 青塔 珠江峰景 精装两居 诚意出售价格可谈,530万,51946元/平,中楼层 (共21层) | 2007年 | 2室1厅 | 102.03平米 | 西北,https://ke-image.ljcdn.com/110000-inspection/pc1_AUhdW7v7S_1.jpg!m_fill,w_280,h_210,f_jpg?from=ke.com
20240911,丰台,岳各庄,101125805184,大成郡 3室2厅 南 北,1185万,99447元/平,中楼层 (共7层) 3室2厅 | 119.16平米 | 南 北,https://ke-image.ljcdn.com/110000-inspection/pc1_6P20vbP0F_1.jpg!m_fill,w_280,h_210,f_jpg?from=ke.com
20240911,丰台,岳各庄,101125751846,西四环 大成郡 花园洋房 满五唯一 大两居,987万,91951元/平,底层 (共6层) 2室1厅 | 107.34平米 | 东南,https://ke-image.ljcdn.com/110000-inspection/pc1_AfSPLSWKv_1.jpg!m_fill,w_280,h_210,f_jpg?from=ke.com
20240911,丰台,岳各庄,101125692184,珠江峰景大一居正南向满五唯一户型方正接受贷款房主自荐,400万,55257元/平,高楼层 (共21层) | 2006年 | 1室1厅 | 72.39平米 | 西南,https://ke-image.ljcdn.com/110000-inspection/5e661b44-c49f-4faf-b6bb-900550bf1549_1000.jpg!m_fill,w_280,h_210,f_jpg?from=ke.com
20240911,丰台,岳各庄,101125691582,万科紫台 前后花园 无增值税 三居室房主自荐,1270万,74235元/平,中楼层 (共11层) | 2007年 | 3室2厅 | 171.08平米 | 南 北,https://ke-image.ljcdn.com/110000-inspection/pc1_illTOVgfV.jpg!m_fill,w_280,h_210,f_jpg?from=ke.com
20240911,丰台,岳各庄,101125642680,西府景园通透三居  客观西山  视野开阔房主自荐,575万,49514元/平,顶层 (共23层) | 2004年 | 3室2厅 | 116.13平米 | 东 南 西,https://ke-image.ljcdn.com/110000-inspection/pc1_MLGDp7gMn_1.jpg!m_fill,w_280,h_210,f_jpg?from=ke.com
20240911,丰台,岳各庄,101125630049,满五唯一带明卫南北通透东边户型采光好,760万,70423元/平,中楼层 (共18层) 2室1厅 | 107.92平米 | 南 北,https://ke-image.ljcdn.com/110000-inspection/pc1_Uru0DCOZJ_1.jpg!m_fill,w_280,h_210,f_jpg?from=ke.com
20240911,丰台,岳各庄,101125594998,西府颐园 商品房院 满五年唯一 地下停车人车分流,499万,57107元/平,顶层 (共21层) | 2010年 | 2室1厅 | 87.38平米 | 南,https://ke-image.ljcdn.com/110000-inspection/pc1_hIEHyE7YJ.jpg!m_fill,w_280,h_210,f_jpg?from=ke.com
20240911,丰台,岳各庄,101125544935,大成时代中心 1室1厅 西,350万,43658元/平,高楼层 (共27层) | 2010年 | 1室1厅 | 80.17平米 | 西,https://ke-image.ljcdn.com/110000-inspection/pc1_Dt7AlahUB_1.jpg!m_fill,w_280,h_210,f_jpg?from=ke.com
20240911,丰台,岳各庄,101125543494,大成郡南北通透双明卫次顶层满五年唯一,940万,84042元/平,高楼层 (共7层) 3室1厅 | 111.85平米 | 南 北,https://ke-image.ljcdn.com/110000-inspection/pc1_vNqRV6ovt_1.jpg!m_fill,w_280,h_210,f_jpg?from=ke.com
20240911,丰台,岳各庄,101125543065,西四环大成郡 6-9层洋房 南北通透 正规一居房主自荐,620万,83345元/平,中楼层 (共7层) 1室1厅 | 74.39平米 | 南 北,https://ke-image.ljcdn.com/110000-inspection/1f62cfef-d4c9-437d-adb3-b648500f63bc_1000.jpg!m_fill,w_280,h_210,f_jpg?from=ke.com
20240911,丰台,岳各庄,101125509122,珠江峰景 一居室 满五年唯一 视野好 格局方正房主自荐,330万,56180元/平,低楼层 (共21层) 1室1厅 | 58.74平米 | 西,https://ke-image.ljcdn.com/110000-inspection/pc1_99viDXgLL_1.jpg!m_fill,w_280,h_210,f_jpg?from=ke.com
20240911,丰台,岳各庄,101125451130,珠江峰景西南1居室 西四环岳各庄 门禁楼商品房房主自荐,428万,59157元/平,中楼层 (共21层) | 2006年 | 1室1厅 | 72.35平米 | 南 西,https://ke-image.ljcdn.com/110000-inspection/pc1_F07fQWtdm.jpg!m_fill,w_280,h_210,f_jpg?from=ke.com
20240911,丰台,岳各庄,101125413490,珠江峰景 东南向两居 落地飘窗 满五年唯一 有车位,528万,51735元/平,底层 (共21层) | 2006年 | 2室2厅 | 102.06平米 | 东南,https://ke-image.ljcdn.com/110000-inspection/89face3d-d36c-4e13-97c9-602dfd6e4f3f_1000.jpg!m_fill,w_280,h_210,f_jpg?from=ke.com
20240911,丰台,岳各庄,101125353276,丰体时代花园 3室1厅 东南,560万,45775元/平,中楼层 (共28层) | 2005年 | 3室1厅 | 122.34平米 | 东南,https://ke-image.ljcdn.com/110000-inspection/pc1_f3VDKrITR_1.jpg!m_fill,w_280,h_210,f_jpg?from=ke.com
20240911,丰台,岳各庄,101125316858,丰体时代花园 1室0厅 南,200万,59791元/平,高楼层 (共28层) | 2008年 | 1室0厅 | 33.45平米 | 南,https://ke-image.ljcdn.com/110000-inspection/a687eac7-398d-49b3-84a8-12fa8b99b28f_1000.jpg!m_fill,w_280,h_210,f_jpg?from=ke.com
20240911,丰台,岳各庄,101125296410,满五唯一商品房户型方正正对小区花园,465万,51116元/平,低楼层 (共23层) | 2004年 | 2室1厅 | 90.97平米 | 南,https://ke-image.ljcdn.com/110000-inspection/pc1_cCYJgwP99_1.jpg!m_fill,w_280,h_210,f_jpg?from=ke.com
20240911,丰台,岳各庄,101125244139,大井南里 南北通透大两居 商品房 费用低 近地铁,288万,40365元/平,顶层 (共6层) | 1991年 | 2室1厅 | 71.35平米 | 南 北,https://ke-image.ljcdn.com/110000-inspection/pc1_sg65KcJhQ.jpg!m_fill,w_280,h_210,f_jpg?from=ke.com
20240911,丰台,岳各庄,101124997913,大成郡南北两居室满五唯一户型好,760万,81336元/平,中楼层 (共7层) 2室1厅 | 93.44平米 | 南 北,https://ke-image.ljcdn.com/110000-inspection/35638613-bd0e-48b7-89ac-235d5892ff5c_1000.jpg!m_fill,w_280,h_210,f_jpg?from=ke.com
20240911,丰台,岳各庄,101124917225,大成郡 绿化好 楼龄新 优质一居室,299万,55075元/平,底层 (共9层) | 2011年 | 1室0厅 | 54.29平米 | 西,https://ke-image.ljcdn.com/110000-inspection/ef7ad161-074b-4729-acf9-ae693172e1a1_1000.jpg!m_fill,w_280,h_210,f_jpg?from=ke.com
20240911,丰台,岳各庄,101124800048,珠江峰景可观景公园四居落地窗视野好,780万,52972元/平,高楼层 (共21层) | 2007年 | 4室1厅 | 147.25平米 | 南 西,https://ke-image.ljcdn.com/110000-inspection/pc1_fGzmvb00D_1.jpg!m_fill,w_280,h_210,f_jpg?from=ke.com
20240911,丰台,岳各庄,101124714478,大成时代中心紧靠西四环边楼下物美和公交站,390万,44952元/平,中楼层 (共27层) 1室2厅 | 86.76平米 | 西南,https://ke-image.ljcdn.com/110000-inspection/cd09d89f-f328-46e7-b25e-7349ed4638de_1000.jpg!m_fill,w_280,h_210,f_jpg?from=ke.com
20240911,丰台,岳各庄,101124707464,中堂一居室地热集中供暖楼龄新2010年南向,390万,59434元/平,顶层 (共17层) | 2011年 | 1室1厅 | 65.62平米 | 南,https://ke-image.ljcdn.com/110000-inspection/bc870746-ab4f-47ef-9776-5e02a1b68526_1000.jpg!m_fill,w_280,h_210,f_jpg?from=ke.com
20240911,丰台,岳各庄,101124676217,大井全南两居室5层交通便利有钥匙,219万,37252元/平,高楼层 (共6层) 2室1厅 | 58.79平米 | 南,https://ke-image.ljcdn.com/110000-inspection/pc1_A1HDSPizA_1.jpg!m_fill,w_280,h_210,f_jpg?from=ke.com
20240911,丰台,岳各庄,101124651240,大成郡 2室1厅 东 南 西 北,985万,76612元/平,高楼层 (共8层) | 2010年 | 2室1厅 | 128.57平米 | 东 南 西 北,https://ke-image.ljcdn.com/110000-inspection/pc1_nP2ZTQVWW_1.jpg!m_fill,w_280,h_210,f_jpg?from=ke.com
20240911,丰台,岳各庄,101124634414,大成时代中心 1室2厅 西,300万,34945元/平,中楼层 (共27层) | 2010年 | 1室2厅 | 85.85平米 | 西,https://ke-image.ljcdn.com/110000-inspection/pc1_SJQPW9Yvy_1.jpg!m_fill,w_280,h_210,f_jpg?from=ke.com
20240911,丰台,岳各庄,101124607305,中堂社区  南北通透三居室  业主诚心出售,895万,64720元/平,高楼层 (共15层) 3室2厅 | 138.29平米 | 南 北,https://ke-image.ljcdn.com/110000-inspection/769ef465-7816-48d6-a1e2-90a27c519e32_1000.jpg!m_fill,w_280,h_210,f_jpg?from=ke.com
20240911,丰台,岳各庄,101124461408,民岳家园明厨明卫大两居高层视野开阔采光很好,473万,47405元/平,高楼层 (共23层) | 2007年 | 2室1厅 | 99.78平米 | 西南 北,https://ke-image.ljcdn.com/110000-inspection/pc1_oVpOpzbZi_1.jpg!m_fill,w_280,h_210,f_jpg?from=ke.com
20240911,丰台,岳各庄,101124426582,产权70年满五年家庭唯一住房,305万,38045元/平,高楼层 (共27层) 1室1厅 | 80.17平米 | 西,https://ke-image.ljcdn.com/110000-inspection/pc1_LUFfXXcKt_1.jpg!m_fill,w_280,h_210,f_jpg?from=ke.com
20240911,丰台,岳各庄,101124395303,大成郡西四环洋房社区中间位置总价适中南北两居,708万,66995元/平,低楼层 (共9层) | 2012年 | 2室1厅 | 105.68平米 | 南 北,https://ke-image.ljcdn.com/110000-inspection/pc1_gfSZWUh9M_1.jpg!m_fill,w_280,h_210,f_jpg?from=ke.com
20240911,丰台,岳各庄,101124368199,民岳家园新上东南大两居业主诚心出售看房方便,430万,45985元/平,低楼层 (共23层) | 2007年 | 2室1厅 | 93.51平米 | 东南,https://ke-image.ljcdn.com/110000-inspection/pc1_PLTcMf4nS_1.jpg!m_fill,w_280,h_210,f_jpg?from=ke.com
20240911,丰台,岳各庄,101124366740,大井北里 2室1厅 南 北,266万,43550元/平,中楼层 (共6层) 2室1厅 | 61.08平米 | 南 北,https://ke-image.ljcdn.com/110000-inspection/pc1_8ajkj7ChP.jpg!m_fill,w_280,h_210,f_jpg?from=ke.com
20240911,丰台,岳各庄,101124319143,中堂 边户两居 满5年唯一 随时可看,725万,69015元/平,低楼层 (共18层) | 2007年 | 2室2厅 | 105.05平米 | 西南,https://ke-image.ljcdn.com/110000-inspection/0426e864-2bb3-489a-947c-933013cdd3bc_1000.jpg!m_fill,w_280,h_210,f_jpg?from=ke.com
20240911,丰台,岳各庄,101124299617,中堂 2室1厅 南,790万,69641元/平,高楼层 (共17层) | 2011年 | 2室1厅 | 113.44平米 | 南,https://ke-image.ljcdn.com/110000-inspection/pc1_4elvEociA_1.jpg!m_fill,w_280,h_210,f_jpg?from=ke.com
20240911,丰台,岳各庄,101124278019,珠江峰景 车位,35万,13268元/平,地下室 (共21层) | 2006年 | 1室0厅 | 26.38平米 | 南,https://ke-image.ljcdn.com/110000-inspection/pc1_xrptjWRwG_1.jpg!m_fill,w_280,h_210,f_jpg?from=ke.com
20240911,丰台,岳各庄,101124221792,民岳家园 东向一居 商品房 精装修 拎包入住,245万,45137元/平,低楼层 (共23层) | 2007年 | 1室1厅 | 54.28平米 | 东,https://ke-image.ljcdn.com/110000-inspection/pc1_sIc4gcBmb_1.jpg!m_fill,w_280,h_210,f_jpg?from=ke.com
20240911,丰台,岳各庄,101124169569,西四环次新房 万科紫台 方正3居 2电梯2户房主自荐,1199万,71523元/平,中楼层 (共18层) | 2006年 | 3室2厅 | 167.64平米 | 南 北,https://ke-image.ljcdn.com/110000-inspection/pc1_hgYWQl0sK_1.jpg!m_fill,w_280,h_210,f_jpg?from=ke.com
20240911,丰台,岳各庄,101124051701,丰体时代花园一期 高楼层 东向两居室 优质诚心卖！,431万,46976元/平,高楼层 (共28层) | 2005年 | 2室1厅 | 91.75平米 | 东,https://ke-image.ljcdn.com/110000-inspection/pc1_r4qxUMqtC.jpg!m_fill,w_280,h_210,f_jpg?from=ke.com
20240911,丰台,岳各庄,101124043916,丰体时代花园 西向两居室 精装房 近地铁 满五唯一,355万,37964元/平,顶层 (共29层) | 2009年 | 2室1厅 | 93.51平米 | 西,https://ke-image.ljcdn.com/110000-inspection/pc1_MxgetuTOH.jpg!m_fill,w_280,h_210,f_jpg?from=ke.com
20240911,丰台,岳各庄,101124034683,纯商品房珠江峰景 落地窗门禁楼 小区环境好户型赞,630万,50172元/平,低楼层 (共21层) | 2006年 | 3室2厅 | 125.57平米 | 南,https://ke-image.ljcdn.com/110000-inspection/pc1_0lEQ7K0AL_1.jpg!m_fill,w_280,h_210,f_jpg?from=ke.com
20240911,丰台,岳各庄,101124006429,珠江峰景南北通透小区中间户型很少五居室,1318万,55128元/平,高楼层 (共11层) 5室2厅 | 239.08平米 | 南 北,https://ke-image.ljcdn.com/110000-inspection/pc1_7fm8M8H4n_1.jpg!m_fill,w_280,h_210,f_jpg?from=ke.com
20240911,丰台,岳各庄,101123940752,西四环内中堂小区中间位置三居室高楼层视野开阔,840万,64358元/平,高楼层 (共18层) | 2004年 | 3室1厅 | 130.52平米 | 南 北,https://ke-image.ljcdn.com/110000-inspection/pc1_dRkxXmEc5_1.jpg!m_fill,w_280,h_210,f_jpg?from=ke.com
20240911,丰台,岳各庄,101123833396,阅园二区 南北三居 满5年唯一 精装修 带仓储,980万,70106元/平,低楼层 (共25层) | 2004年 | 3室2厅 | 139.79平米 | 南 北,https://ke-image.ljcdn.com/110000-inspection/pc1_3A2wX42kx.jpg!m_fill,w_280,h_210,f_jpg?from=ke.com
20240911,丰台,岳各庄,101123761836,西四环南北通透 两居室 得房率85%商品房房主自荐,258万,43406元/平,中楼层 (共5层) 2室1厅 | 59.44平米 | 东 南 北,https://ke-image.ljcdn.com/110000-inspection/pc1_9XmugJPoM_1.jpg!m_fill,w_280,h_210,f_jpg?from=ke.com
20240911,丰台,岳各庄,101123745589,西府景园精装商品房两居室满两年配套好随时住房主自荐,335万,49667元/平,底层 (共23层) | 2004年 | 2室1厅 | 67.45平米 | 西,https://ke-image.ljcdn.com/110000-inspection/pc1_EroTpL5VX_1.jpg!m_fill,w_280,h_210,f_jpg?from=ke.com
20240911,丰台,岳各庄,101123699169,民岳家园 满五年唯一 精装拎包入住 商品房房主自荐,368万,49529元/平,低楼层 (共22层) 2室1厅 | 74.3平米 | 东,https://ke-image.ljcdn.com/110000-inspection/pc1_J5TXyfD2g_1.jpg!m_fill,w_280,h_210,f_jpg?from=ke.com
20240911,丰台,岳各庄,101123596000,中堂两居室 无遮挡 北向落地窗有地下室可多贷款,565万,72800元/平,顶层 (共18层) | 2004年 | 2室1厅 | 77.61平米 | 北 西 东,https://ke-image.ljcdn.com/110000-inspection/pc1_SQXkcAqLj.jpg!m_fill,w_280,h_210,f_jpg?from=ke.com
20240911,丰台,岳各庄,101123577657,大井南里 2室1厅 南 北,269万,52550元/平,中楼层 (共6层) 2室1厅 | 51.19平米 | 南 北,https://ke-image.ljcdn.com/110000-inspection/pc1_b2IQgqFNA_1.jpg!m_fill,w_280,h_210,f_jpg?from=ke.com
20240911,丰台,岳各庄,101123556861,中堂 2室2厅 东南,630万,61404元/平,低楼层 (共18层) | 2004年 | 2室2厅 | 102.6平米 | 东南,https://ke-image.ljcdn.com/110000-inspection/pc1_ZOUR5ivIt.jpg!m_fill,w_280,h_210,f_jpg?from=ke.com
20240911,丰台,岳各庄,101123554636,紫辰院 南北四居室 层高3.3米 精装大宅 带车位,2400万,90944元/平,高楼层 (共21层) 4室2厅 | 263.9平米 | 南 北,https://ke-image.ljcdn.com/110000-inspection/pc1_VMbl5YVF0.jpg!m_fill,w_280,h_210,f_jpg?from=ke.com
20240911,丰台,岳各庄,101123532696,丰体时代花园 399万的2居室 满五唯一商品房,388万,44825元/平,低楼层 (共28层) | 2008年 | 2室1厅 | 86.56平米 | 西,https://ke-image.ljcdn.com/110000-inspection/pc1_mSoR3ZyaJ.jpg!m_fill,w_280,h_210,f_jpg?from=ke.com
20240911,丰台,岳各庄,101123512961,板楼 一梯两户 南北通透 精装修 随时可看,588万,62361元/平,底层 (共11层) | 2006年 | 2室1厅 | 94.29平米 | 南 北,https://ke-image.ljcdn.com/110000-inspection/pc1_rMknU0PCw_1.jpg!m_fill,w_280,h_210,f_jpg?from=ke.com
20240911,丰台,岳各庄,101123506391,大成郡 四环边 南北通透 带电梯 精装修,658万,99501元/平,顶层 (共9层) 1室1厅 | 66.13平米 | 南 北,https://ke-image.ljcdn.com/110000-inspection/pc1_tc7WhbSt2_1.jpg!m_fill,w_280,h_210,f_jpg?from=ke.com
20240911,丰台,岳各庄,101123390519,珠江峰景 七层洋房 南北通透 满五唯一房主自荐,750万,53188元/平,底层 (共7层) 3室1厅 | 141.01平米 | 南 北,https://ke-image.ljcdn.com/110000-inspection/5282c7fb-7ffa-43c7-a8ce-8cad99756963_1000.jpg!m_fill,w_280,h_210,f_jpg?from=ke.com
20240911,丰台,岳各庄,101123368159,丰体时代花园 东南三居 满五唯一 高楼层,570万,47268元/平,高楼层 (共29层) | 2008年 | 3室1厅 | 120.59平米 | 东南,https://ke-image.ljcdn.com/110000-inspection/pc1_qOt1eUgQ6_1.jpg!m_fill,w_280,h_210,f_jpg?from=ke.com
20240911,丰台,岳各庄,101123353862,岳各庄南北三居楼间距宽采光好业主诚售房主自荐,370万,50204元/平,顶层 (共5层) 2室2厅 | 73.7平米 | 南 北,https://ke-image.ljcdn.com/110000-inspection/pc1_f9OKaC1Mj_1.jpg!m_fill,w_280,h_210,f_jpg?from=ke.com
20240911,丰台,岳各庄,101123274864,西府颐园 车位新上,30万,8480元/平,地下室 (共21层) | 2010年 | 1室0厅 | 35.38平米 | 东,https://ke-image.ljcdn.com/110000-inspection/pc1_JcePdN4Vy_1.jpg!m_fill,w_280,h_210,f_jpg?from=ke.com
20240911,丰台,岳各庄,101123219667,珠江峰景 2室2厅 东南,699万,57812元/平,高楼层 (共21层) | 2006年 | 2室2厅 | 120.91平米 | 东南,https://ke-image.ljcdn.com/110000-inspection/pc1_BK0SlkQKY_1.jpg!m_fill,w_280,h_210,f_jpg?from=ke.com
20240911,丰台,岳各庄,101123219331,丰体时代花园 精装修拎包住的三居室 随时交房,558万,49203元/平,高楼层 (共28层) | 2005年 | 3室1厅 | 113.41平米 | 西北,https://ke-image.ljcdn.com/110000-inspection/pc1_p51HQ4c5C.jpg!m_fill,w_280,h_210,f_jpg?from=ke.com
20240911,丰台,岳各庄,101123192747,此房满五唯一中高楼层采光充足视野开阔。,330万,38440元/平,高楼层 (共27层) | 2010年 | 1室1厅 | 85.85平米 | 西,https://ke-image.ljcdn.com/110000-inspection/5967f036-a0a5-4023-95c3-7855abaf8304_1000.jpg!m_fill,w_280,h_210,f_jpg?from=ke.com
20240911,丰台,岳各庄,101123189687,四环边精装修 远望西山  景色宜人,509万,56443元/平,中楼层 (共23层) | 2004年 | 2室1厅 | 90.18平米 | 西南,https://ke-image.ljcdn.com/110000-inspection/pc1_vjFIQz3xD_1.jpg!m_fill,w_280,h_210,f_jpg?from=ke.com
20240911,丰台,岳各庄,101123089361,西四环低密电梯洋房社区不临街。,768万,73982元/平,底层 (共9层) | 2010年 | 2室1厅 | 103.81平米 | 东,https://ke-image.ljcdn.com/110000-inspection/pc1_3n2CwRVeo.jpg!m_fill,w_280,h_210,f_jpg?from=ke.com
20240911,丰台,岳各庄,101123074526,【店长推荐】丰体时代花园 朝南两居室高楼层视野无挡,398万,43474元/平,高楼层 (共28层) | 2005年 | 2室1厅 | 91.55平米 | 南,https://ke-image.ljcdn.com/110000-inspection/pc1_wf9HQQJ4A_1.jpg!m_fill,w_280,h_210,f_jpg?from=ke.com
20240911,丰台,岳各庄,101123022607,丰体时代花园 满五唯一商品房 14号线大井站 电梯房房主自荐,408万,46919元/平,中楼层 (共28层) | 2008年 | 2室1厅 | 86.96平米 | 西,https://ke-image.ljcdn.com/110000-inspection/pc1_XoxN7iZNM_1.jpg!m_fill,w_280,h_210,f_jpg?from=ke.com
20240911,丰台,岳各庄,101122987310,丰体时代花园 正规一居室商品房 。,279万,51382元/平,低楼层 (共28层) | 2005年 | 1室1厅 | 54.3平米 | 北,https://ke-image.ljcdn.com/110000-inspection/pc1_8HfzQM4Pz.jpg!m_fill,w_280,h_210,f_jpg?from=ke.com
20240911,丰台,岳各庄,101122870781,丰体时代花园 直通地库双向采光高楼层正规两居室房主自荐,425万,47759元/平,中楼层 (共29层) | 2008年 | 2室1厅 | 88.99平米 | 东北,https://ke-image.ljcdn.com/110000-inspection/pc1_nH7eLEsc3_1.jpg!m_fill,w_280,h_210,f_jpg?from=ke.com
20240911,丰台,岳各庄,101122642934,全明格局安静位置花园社区4环内！,318万,65325元/平,中楼层 (共17层) 1室1厅 | 48.68平米 | 东 北,https://ke-image.ljcdn.com/110000-inspection/pc1_xuak2e9zZ.jpg!m_fill,w_280,h_210,f_jpg?from=ke.com
20240911,丰台,岳各庄,101122631237,靛厂锦园 2室2厅 南 北,490万,56753元/平,高楼层 (共9层) | 2011年 | 2室2厅 | 86.34平米 | 南 北,https://ke-image.ljcdn.com/110000-inspection/pc1_08C1Dm4Wi_1.jpg!m_fill,w_280,h_210,f_jpg?from=ke.com
20240911,丰台,岳各庄,101122521014,中堂小区绿化45% 人车分流 全明格局 含地下室,295万,61587元/平,底层 (共15层) | 2004年 | 1室1厅 | 47.9平米 | 西北,https://ke-image.ljcdn.com/110000-inspection/pc1_lynCBY2mD.jpg!m_fill,w_280,h_210,f_jpg?from=ke.com
20240911,丰台,岳各庄,101122519839,紫辰院南北通透三居室精装修采光好两梯两户,1380万,123457元/平,高楼层 (共22层) | 2016年 | 3室2厅 | 111.78平米 | 南 北,https://ke-image.ljcdn.com/110000-inspection/pc1_ILr5QIRQZ_1.jpg!m_fill,w_280,h_210,f_jpg?from=ke.com
20240911,丰台,岳各庄,101122519600,中堂全南 两居室 精装 婚房出售 看房方便 好房,735万,70789元/平,中楼层 (共17层) | 2011年 | 2室2厅 | 103.83平米 | 南,https://ke-image.ljcdn.com/110000-inspection/pc1_qW4GBU4TW_1.jpg!m_fill,w_280,h_210,f_jpg?from=ke.com
20240911,丰台,岳各庄,101122518141,大井南里 2室1厅 东北,230万,39256元/平,高楼层 (共6层) 2室1厅 | 58.59平米 | 东北,https://ke-image.ljcdn.com/110000-inspection/pc1_T6by4NLSV_1.jpg!m_fill,w_280,h_210,f_jpg?from=ke.com
20240911,丰台,岳各庄,101122517524,南北通透大三居室 满五年唯一 看房方便采光好,990万,71943元/平,中楼层 (共13层) | 2004年 | 3室2厅 | 137.61平米 | 南 北,https://ke-image.ljcdn.com/110000-inspection/pc1_wA9hLWyux.jpg!m_fill,w_280,h_210,f_jpg?from=ke.com
20240911,丰台,岳各庄,101122401805,70年住宅性质 高楼层采光视野好 精装可拎包入住房主自荐,310万,36796元/平,高楼层 (共27层) 1室1厅 | 84.25平米 | 东,https://ke-image.ljcdn.com/110000-inspection/pc1_5kpJ6nqob_1.jpg!m_fill,w_280,h_210,f_jpg?from=ke.com
20240911,丰台,岳各庄,101122395695,大成郡 3室2厅 东 西,1040万,69366元/平,底层 (共9层) | 2012年 | 3室2厅 | 149.93平米 | 东 西,https://ke-image.ljcdn.com/110000-inspection/pc1_HAM0nXgcO_1.jpg!m_fill,w_280,h_210,f_jpg?from=ke.com
20240911,丰台,岳各庄,101122379079,南北通透 有产权车位 中式园林 徽派建筑风格 四世同堂,1600万,81409元/平,低楼层 (共30层) | 2011年 | 4室2厅 | 196.54平米 | 南 北,https://ke-image.ljcdn.com/110000-inspection/pc1_NYUXygFce.jpg!m_fill,w_280,h_210,f_jpg?from=ke.com
20240911,丰台,岳各庄,101122346873,中堂  东南三居  不临街 有地下车位 满5唯一,890万,61435元/平,中楼层 (共25层) | 2004年 | 3室1厅 | 144.87平米 | 东南,https://ke-image.ljcdn.com/110000-inspection/pc1_kqufzfSCb.jpg!m_fill,w_280,h_210,f_jpg?from=ke.com
20240911,丰台,岳各庄,101122311018,大成郡 车位,26.5万,6010元/平,地下室 (共1层) 1室0厅 | 44.1平米 | 南,https://ke-image.ljcdn.com/110000-inspection/pc1_JkUB8I9at_1.jpg!m_fill,w_280,h_210,f_jpg?from=ke.com
20240911,丰台,岳各庄,101122232185,丰体东南三居 出房少 180°全景落地窗 朝向好 视野佳,668万,48382元/平,中楼层 (共28层) | 2008年 | 3室2厅 | 138.07平米 | 东 南,https://ke-image.ljcdn.com/110000-inspection/pc1_X0aLKAKXa_1.jpg!m_fill,w_280,h_210,f_jpg?from=ke.com
20240911,丰台,岳各庄,101122148078,丰体时代 双阳台户型 格局好 业主诚心出售,400万,42988元/平,低楼层 (共29层) | 2009年 | 2室1厅 | 93.05平米 | 西,https://ke-image.ljcdn.com/110000-inspection/pc1_OJGAbKKLH.jpg!m_fill,w_280,h_210,f_jpg?from=ke.com
20240911,丰台,岳各庄,101122108825,大成郡中间位置顶层复式结构正规四居满五唯一,1860万,84221元/平,顶层 (共7层) 4室2厅 | 220.85平米 | 南 北,https://ke-image.ljcdn.com/110000-inspection/e8afc76c-a976-41df-8bdb-c5879f7b94f3_1000.jpg!m_fill,w_280,h_210,f_jpg?from=ke.com
20240911,丰台,岳各庄,101122045601,紫辰院6居室小区中间上下两层有花园挑高3米,3000万,75091元/平,底层 (共21层) 6室2厅 | 399.52平米 | 南 北,https://ke-image.ljcdn.com/110000-inspection/pc1_q5K8TNJ3C.jpg!m_fill,w_280,h_210,f_jpg?from=ke.com
20240911,丰台,岳各庄,101121971898,南向两居室 一层有花 园   户型方正 采光好 拎包入住,815万,86537元/平,底层 (共18层) | 2004年 | 2室2厅 | 94.18平米 | 南 北,https://ke-image.ljcdn.com/110000-inspection/pc1_ki5wW5YRs_1.jpg!m_fill,w_280,h_210,f_jpg?from=ke.com
20240911,丰台,岳各庄,101121968866,中堂小区中间花园洋房南北通透大一居室落地窗,408万,62472元/平,中楼层 (共18层) | 2004年 | 1室1厅 | 65.31平米 | 南 北,https://ke-image.ljcdn.com/110000-inspection/pc1_0RE0RVcoj.jpg!m_fill,w_280,h_210,f_jpg?from=ke.com
20240911,丰台,岳各庄,101121335993,紫辰院精装修南北通透新风系统双卧室南向,2982万,74640元/平,底层 (共21层) 6室3厅 | 399.52平米 | 南 北,https://ke-image.ljcdn.com/110000-inspection/pc1_FPOBEDWEN.jpg!m_fill,w_280,h_210,f_jpg?from=ke.com
20240911,丰台,岳各庄,101121333153,中堂 2室1厅 南,620万,62025元/平,高楼层 (共18层) | 2004年 | 2室1厅 | 99.96平米 | 南,https://ke-image.ljcdn.com/110000-inspection/pc1_beAVX6sOd_1.jpg!m_fill,w_280,h_210,f_jpg?from=ke.com
20240911,丰台,岳各庄,101121332258,房本满五年家庭唯一住房小区环境好市政地采暖。,650万,62736元/平,低楼层 (共17层) | 2011年 | 2室1厅 | 103.61平米 | 南,https://ke-image.ljcdn.com/110000-inspection/pc1_RR5zfgRtR.jpg!m_fill,w_280,h_210,f_jpg?from=ke.com
20240911,丰台,岳各庄,101120062096,丰体时代满五年唯一商品房仅有契税 停车位充足 落地窗房主自荐,485万,53239元/平,高楼层 (共28层) | 2006年 | 2室1厅 | 91.1平米 | 西,https://ke-image.ljcdn.com/110000-inspection/pc1_1b10B1M5x.jpg!m_fill,w_280,h_210,f_jpg?from=ke.com
20240911,丰台,岳各庄,101119698689,丰台大井北里满五年唯一南北向交通方便,239万,39310元/平,顶层 (共6层) 2室1厅 | 60.8平米 | 南 北,https://ke-image.ljcdn.com/110000-inspection/8df15f36-940f-4197-a4a0-e4cd7f3127d5_1000.jpg!m_fill,w_280,h_210,f_jpg?from=ke.com
20240911,丰台,岳各庄,101119429442,丰体时代花园 满五年唯一商品房 停车位充足 人车分流,550万,46320元/平,中楼层 (共29层) | 2008年 | 3室1厅 | 118.74平米 | 西 北,https://ke-image.ljcdn.com/110000-inspection/pc1_An35Pk4dM_1.jpg!m_fill,w_280,h_210,f_jpg?from=ke.com
20240911,丰台,岳各庄,101118929587,丰体时代全南向满五唯一电梯房精装修地铁大井站,520万,50232元/平,高楼层 (共29层) | 2009年 | 2室1厅 | 103.52平米 | 南,https://ke-image.ljcdn.com/110000-inspection/pc1_CLPH9v0Tp.jpg!m_fill,w_280,h_210,f_jpg?from=ke.com
20240911,丰台,岳各庄,101118768719,大成郡 2室1厅 东,579万,63978元/平,低楼层 (共8层) | 2010年 | 2室1厅 | 90.5平米 | 东,https://ke-image.ljcdn.com/110000-inspection/pc1_zGTJhX3oJ_1.jpg!m_fill,w_280,h_210,f_jpg?from=ke.com
20240911,丰台,岳各庄,101118232150,4环内2011年的楼前后花园景观！,250万,97239元/平,中楼层 (共30层) | 2012年 | 1室0厅 | 25.71平米 | 南,https://ke-image.ljcdn.com/110000-inspection/pc1_MGxJH5FQm.jpg!m_fill,w_280,h_210,f_jpg?from=ke.com
20240911,丰台,岳各庄,101118232144,视野开阔花园社区阳光充足户型方正！,1110万,84837元/平,中楼层 (共30层) | 2012年 | 2室1厅 | 130.84平米 | 南 北,https://ke-image.ljcdn.com/110000-inspection/pc1_NZYItil4q.jpg!m_fill,w_280,h_210,f_jpg?from=ke.com
20240911,丰台,岳各庄,101118018846,中堂全明格局1居室采光好西四环内花园洋房小区,339万,69639元/平,中楼层 (共17层) | 2004年 | 1室0厅 | 48.68平米 | 东北,https://ke-image.ljcdn.com/110000-inspection/prod-613b976c-9f4b-44b4-ad16-31fc7d2bd4ee.jpg!m_fill,w_280,h_210,f_jpg?from=ke.com
20240911,丰台,岳各庄,101117845071,此房满五年唯一南北通透自住保持良好。,425万,62436元/平,顶层 (共18层) | 2004年 | 1室1厅 | 68.07平米 | 南 北,https://ke-image.ljcdn.com/110000-inspection/pc1_etaY0AI43.jpg!m_fill,w_280,h_210,f_jpg?from=ke.com
20240911,丰台,岳各庄,101126499065,西四环内 小区绿化45% 人车分流正规一居。新上,268万,52273元/平,高楼层 (共15层) 1室1厅 | 51.27平米 | 西北,https://s1.ljcdn.com/pegasus/redskull/images/common/default_house_list.png?_v=20240826145726
20240911,丰台,岳各庄,101126490385,民岳家园 2室2厅 西北新上,469万,46835元/平,低楼层 (共23层) | 2007年 | 2室2厅 | 100.14平米 | 西北,https://s1.ljcdn.com/pegasus/redskull/images/common/default_house_list.png?_v=20240826145726
20240911,丰台,岳各庄,101126485414,紫熙台 商办 户型方正 精装 可注册新上,698万,30699元/平,顶层 (共26层) | 2015年 | 4室1厅 | 227.37平米 | 西,https://s1.ljcdn.com/pegasus/redskull/images/common/default_house_list.png?_v=20240826145726
20240911,丰台,岳各庄,101126338090,万科紫台 精装修 南北通透复式,1500万,73834元/平,高楼层 (共14层) | 2008年 | 3室3厅 | 203.16平米 | 南 北,https://s1.ljcdn.com/pegasus/redskull/images/common/default_house_list.png?_v=20240826145726
20240911,丰台,岳各庄,101126260857,民岳家园 2室1厅 东南,498万,48648元/平,高楼层 (共22层) 2室1厅 | 102.37平米 | 东南,https://s1.ljcdn.com/pegasus/redskull/images/common/default_house_list.png?_v=20240826145726
20240911,丰台,岳各庄,101126253659,岳各庄 青塔 民岳家园 南向中间层三居 诚意出售,720万,59397元/平,中楼层 (共23层) | 2007年 | 3室2厅 | 121.22平米 | 东南,https://s1.ljcdn.com/pegasus/redskull/images/common/default_house_list.png?_v=20240826145726
20240911,丰台,岳各庄,101126227570,中堂 2室1厅 南 北,780万,69762元/平,中楼层 (共30层) | 2011年 | 2室1厅 | 111.81平米 | 南 北,https://s1.ljcdn.com/pegasus/redskull/images/common/default_house_list.png?_v=20240826145726
20240911,丰台,岳各庄,101126182109,中堂 高楼层 视野宽阔 前后花园 复式结构,980万,50146元/平,顶层 (共18层) | 2004年 | 3室2厅 | 195.43平米 | 南,https://s1.ljcdn.com/pegasus/redskull/images/common/default_house_list.png?_v=20240826145726
20240911,丰台,岳各庄,101126176989,位置安静 客厅大面宽 落地飘窗 满五唯一 价格可谈,780万,51145元/平,中楼层 (共21层) | 2007年 | 4室2厅 | 152.51平米 | 南,https://s1.ljcdn.com/pegasus/redskull/images/common/default_house_list.png?_v=20240826145726
20240911,丰台,岳各庄,101126164385,西四环珠江峰景小区72平一居室诚意出售房主自荐,355万,48617元/平,中楼层 (共21层) | 2006年 | 1室1厅 | 73.02平米 | 西南,https://s1.ljcdn.com/pegasus/redskull/images/common/default_house_list.png?_v=20240826145726
20240911,丰台,岳各庄,101126069317,大井南里 2室1厅 南 北,248万,46029元/平,高楼层 (共6层) 2室1厅 | 53.88平米 | 南 北,https://s1.ljcdn.com/pegasus/redskull/images/common/default_house_list.png?_v=20240826145726
20240911,丰台,岳各庄,101126002326,紫辰院 商业办公 随时可看  朝南向,910万,73697元/平,中楼层 (共17层) 3室2厅 | 123.48平米 | 西南,https://s1.ljcdn.com/pegasus/redskull/images/common/default_house_list.png?_v=20240826145726
20240911,丰台,岳各庄,101126000685,紫辰院 商业办公 精装修 随时可看,318万,56403元/平,高楼层 (共17层) 1室1厅 | 56.38平米 | 北,https://s1.ljcdn.com/pegasus/redskull/images/common/default_house_list.png?_v=20240826145726
20240911,丰台,岳各庄,101125957216,中堂南北两居室满5年名下唯一住房,630万,55453元/平,中楼层 (共25层) | 2004年 | 2室1厅 | 113.61平米 | 南 北,https://s1.ljcdn.com/pegasus/redskull/images/common/default_house_list.png?_v=20240826145726
20240911,丰台,岳各庄,101125506548,西四环边 大成时代公馆 50年产权 办公写字楼,159万,21493元/平,高楼层 (共27层) | 2010年 | 1室1厅 | 73.98平米 | 西,https://s1.ljcdn.com/pegasus/redskull/images/common/default_house_list.png?_v=20240826145726
20240911,丰台,岳各庄,101125407430,五棵松南延线 西府景园 南北通透板楼三居 明厨明卫,638万,53394元/平,低楼层 (共23层) | 2004年 | 3室2厅 | 119.49平米 | 南 北,https://s1.ljcdn.com/pegasus/redskull/images/common/default_house_list.png?_v=20240826145726
20240911,丰台,岳各庄,101125131140,紫辰院 2室1厅 南,428万,52873元/平,低楼层 (共15层) 2室1厅 | 80.95平米 | 南,https://s1.ljcdn.com/pegasus/redskull/images/common/default_house_list.png?_v=20240826145726
20240911,丰台,岳各庄,101125082059,大成时代中心 1室2厅 东,315万,37169元/平,中楼层 (共27层) | 2010年 | 1室2厅 | 84.75平米 | 东,https://s1.ljcdn.com/pegasus/redskull/images/common/default_house_list.png?_v=20240826145726
20240911,丰台,岳各庄,101124117495,西四环中路大成时代公馆可注册！,168万,22858元/平,高楼层 (共27层) | 2010年 | 1室0厅 | 73.5平米 | 西,https://s1.ljcdn.com/pegasus/redskull/images/common/default_house_list.png?_v=20240826145726
20240911,丰台,岳各庄,101122651428,紫辰院 精装大五居 看房方便 提前联系,3500万,101671元/平,低楼层 (共21层) | 2020年 | 5室2厅 | 344.25平米 | 南 北,https://s1.ljcdn.com/pegasus/redskull/images/common/default_house_list.png?_v=20240826145726
20240911,丰台,岳各庄,101122519942,珠江峰景 车位,36万,13647元/平,地下室 (共21层) | 2006年 | 1室0厅 | 26.38平米 | 南,https://ke-image.ljcdn.com/110000-inspection/18969638b4bdd5a17ccdefb66a9f54e5-034.jpg!m_fill,w_280,h_210,f_jpg?from=ke.com
20240911,丰台,岳各庄,101122457272,紫熙台  商业办公 随时可看 价格可谈,300万,29519元/平,高楼层 (共26层) | 2015年 | 2室2厅 | 101.63平米 | 西北,https://s1.ljcdn.com/pegasus/redskull/images/common/default_house_list.png?_v=20240826145726
20240911,丰台,岳各庄,101121956477,紫熙台 精装 可以办公 可以注册公司,940万,31811元/平,低楼层 (共26层) 5室2厅 | 295.5平米 | 西南,https://s1.ljcdn.com/pegasus/redskull/images/common/default_house_list.png?_v=20240826145726
20240911,丰台,岳各庄,101121696105,精装修户型方正可注册公司有地下车位,730万,31597元/平,低楼层 (共26层) 4室1厅 | 231.04平米 | 西北,https://s1.ljcdn.com/pegasus/redskull/images/common/default_house_list.png?_v=20240826145726
20240911,丰台,岳各庄,101121589446,大成时代公馆可注册交通方便。,190万,23891元/平,中楼层 (共27层) | 2010年 | 1室0厅 | 79.53平米 | 东北,https://s1.ljcdn.com/pegasus/redskull/images/common/default_house_list.png?_v=20240826145726
20240911,丰台,岳各庄,101121341738,正朝南户型视野开阔花园社区！,320万,54645元/平,中楼层 (共17层) 1室1厅 | 58.56平米 | 南,https://s1.ljcdn.com/pegasus/redskull/images/common/default_house_list.png?_v=20240826145726
20240911,丰台,岳各庄,101120890435,南北通透前后花园满五唯一采光充足！,700万,60950元/平,低楼层 (共25层) | 2004年 | 3室1厅 | 114.85平米 | 南 北,https://s1.ljcdn.com/pegasus/redskull/images/common/default_house_list.png?_v=20240826145726
20240911,丰台,岳各庄,101120438845,紫熙台 2室2厅 西北,315万,30344元/平,高楼层 (共26层) 2室2厅 | 103.81平米 | 西北,https://s1.ljcdn.com/pegasus/redskull/images/common/default_house_list.png?_v=20240826145726
20240911,丰台,岳各庄,101119294803,紫辰院正南朝向户型采光好集中供暖社区环境好,310万,52938元/平,中楼层 (共15层) 1室1厅 | 58.56平米 | 南,https://s1.ljcdn.com/pegasus/redskull/images/common/default_house_list.png?_v=20240826145726
20240911,丰台,岳各庄,101118655016,此房是上下两层的上跃结构两层高5.5米格局好利用,168万,37193元/平,中楼层 (共8层) | 2010年 | 2室1厅 | 45.17平米 | 东 西,https://s1.ljcdn.com/pegasus/redskull/images/common/default_house_list.png?_v=20240826145726
20240911,丰台,岳各庄,101118080785,紫熙台 商业办公 高楼层  有车位,950万,37398元/平,低楼层 (共22层) 5室2厅 | 254.03平米 | 西南,https://s1.ljcdn.com/pegasus/redskull/images/common/default_house_list.png?_v=20240826145726
20240911,丰台,岳各庄,101118058063,此房小区环境好人车分流50年大产权,760万,29705元/平,低楼层 (共26层) 5室1厅 | 255.85平米 | 东 南,https://s1.ljcdn.com/pegasus/redskull/images/common/default_house_list.png?_v=20240826145726
20240911,丰台,岳各庄,101113524169,西府颐园地下二层产权车位诚意出售随时签约,28万,8107元/平,地下室 (共21层) | 2010年 | 1室0厅 | 34.54平米 | 东,https://ke-image.ljcdn.com/110000-inspection/a5e6d3ac8e8fac87c48f1cb265e06ca3-074.jpg!m_fill,w_280,h_210,f_jpg?from=ke.com
20240911,丰台,岳各庄,101110722789,紫辰院开发商精装 采光好 随时看房 有房本,620万,62646元/平,高楼层 (共17层) 3室1厅 | 98.97平米 | 南 北,https://s1.ljcdn.com/pegasus/redskull/images/common/default_house_list.png?_v=20240826145726
