20240911,海淀,二里庄,101126335902,二里庄小区带电梯管理很好的一栋楼*全明格局三居高层必看好房,708万,90422元/平,高楼层 (共18层) 3室1厅 | 78.3平米 | 东南 北 西,https://ke-image.ljcdn.com/110000-inspection/097e877e-16f5-461b-94e2-8cb6bb3319ec_1000.jpg!m_fill,w_280,h_210,f_jpg?from=ke.com
20240911,海淀,二里庄,101126247740,太极小区南北两居户型方正诚心出售必看好房,598万,104913元/平,底层 (共6层) 2室1厅 | 57平米 | 南 北,https://ke-image.ljcdn.com/110000-inspection/pc1_07Lbniy3g_1.jpg!m_fill,w_280,h_210,f_jpg?from=ke.com
20240911,海淀,二里庄,101125063507,科技大学+南北通透+精装修+一层+诚心出售必看好房,580万,94772元/平,底层 (共5层) 2室1厅 | 61.2平米 | 南 北,https://ke-image.ljcdn.com/110000-inspection/pc1_OF5wKjikQ.jpg!m_fill,w_280,h_210,f_jpg?from=ke.com
20240911,海淀,二里庄,101124889003,二里庄小区2居室 电梯直达 诚意出售必看好房,528万,74577元/平,低楼层 (共18层) 2室1厅 | 70.8平米 | 东南,https://ke-image.ljcdn.com/110000-inspection/pc1_h2isGPJOf.jpg!m_fill,w_280,h_210,f_jpg?from=ke.com
20240911,海淀,二里庄,101122220280,志新村 塔楼 航天部三居室 双阳台必看好房,600万,83103元/平,高楼层 (共18层) | 1994年 | 3室1厅 | 72.2平米 | 南,https://ke-image.ljcdn.com/110000-inspection/pc1_T9AxYDGN8.jpg!m_fill,w_280,h_210,f_jpg?from=ke.com
20240911,海淀,二里庄,101126139706,五道口地铁昌平线北科大校内电梯直达全明格局3居必看好房,735万,85267元/平,低楼层 (共12层) 3室1厅 | 86.2平米 | 南 北,https://ke-image.ljcdn.com/110000-inspection/7b6e6dc9-98bc-4ddf-b0fd-85f8c05fdee5_1000.jpg!m_fill,w_280,h_210,f_jpg?from=ke.com
20240911,海淀,二里庄,101126130360,志新北里 满五年唯一 中间层 全明格局客厅带窗,720万,87592元/平,中楼层 (共6层) 3室1厅 | 82.2平米 | 南 北,https://ke-image.ljcdn.com/110000-inspection/669758ff-590a-46e9-a5cc-3cd04f492d0d_1000.jpg!m_fill,w_280,h_210,f_jpg?from=ke.com
20240911,海淀,二里庄,101126072588,志新西路七号院 精装大两居 满五唯一 南北通透,520万,82671元/平,中楼层 (共6层) 2室1厅 | 62.9平米 | 南 北,https://ke-image.ljcdn.com/110000-inspection/904c2662-8aa1-4973-8cba-7f5af1e1a9fc_1000.jpg!m_fill,w_280,h_210,f_jpg?from=ke.com
20240911,海淀,二里庄,101125639243,满五年唯一单位分房户型好采光好明厨明卫,490万,77655元/平,低楼层 (共6层) | 1992年 | 2室1厅 | 63.1平米 | 南 北,https://ke-image.ljcdn.com/110000-inspection/3146136e-7e38-4054-88f6-063f6fe33bc9_1000.jpg!m_fill,w_280,h_210,f_jpg?from=ke.com
20240911,海淀,二里庄,101125573519,科技大学+南北通透+一层+诚心出售+看房有钥匙必看好房,499万,86783元/平,底层 (共5层) | 1996年 | 2室1厅 | 57.5平米 | 南 北,https://ke-image.ljcdn.com/110000-inspection/ecbcd0fd-1629-48ab-b929-40c009fa5ca0_1000.jpg!m_fill,w_280,h_210,f_jpg?from=ke.com
20240911,海淀,二里庄,101125265830,干休所带电梯满五年唯一4居室两个卫生间中间楼,1100万,120219元/平,中楼层 (共6层) 4室1厅 | 91.5平米 | 南 北,https://ke-image.ljcdn.com/110000-inspection/b87de497-64e2-4172-a5a8-bbd998f37b81_1000.jpg!m_fill,w_280,h_210,f_jpg?from=ke.com
20240911,海淀,二里庄,101124892739,科技大学+双南两居+中间楼层+采光视野好+诚心出售,448万,86654元/平,中楼层 (共5层) 2室1厅 | 51.7平米 | 南,https://ke-image.ljcdn.com/110000-inspection/pc1_uLSL9Tmmc_1.jpg!m_fill,w_280,h_210,f_jpg?from=ke.com
20240911,海淀,二里庄,101124233201,健翔园小区 全南大两居 满五唯一 有电梯,759万,86605元/平,高楼层 (共24层) 2室1厅 | 87.64平米 | 南,https://ke-image.ljcdn.com/110000-inspection/b4d7bfae-4108-49c8-9a01-48656f16665d_1000.jpg!m_fill,w_280,h_210,f_jpg?from=ke.com
20240911,海淀,二里庄,101124107337,二里庄小区满五年单位分房 电梯房,339万,71975元/平,低楼层 (共18层) | 1994年 | 1室1厅 | 47.1平米 | 东,https://ke-image.ljcdn.com/110000-inspection/0a0fca65-ca05-426c-8f79-e7f535cc600e_1000.jpg!m_fill,w_280,h_210,f_jpg?from=ke.com
20240911,海淀,二里庄,101123686026,石油大院全南三居钢混精装中间层诚心出售,798万,85779元/平,高楼层 (共16层) 3室1厅 | 93.03平米 | 南,https://ke-image.ljcdn.com/110000-inspection/abfdf854-543d-434d-ac94-a0806a1ee3f8_1000.jpg!m_fill,w_280,h_210,f_jpg?from=ke.com
20240911,海淀,二里庄,101123246157,太极小区 南北通透边户三居室 有电梯,700万,86207元/平,中楼层 (共18层) 3室1厅 | 81.2平米 | 南 西 北,https://ke-image.ljcdn.com/110000-inspection/pc1_BZToJng9p.jpg!m_fill,w_280,h_210,f_jpg?from=ke.com
20240911,海淀,二里庄,101122412382,志新村 中间层 南向1居 业主诚心卖 不临街,398万,77432元/平,中楼层 (共18层) | 1993年 | 1室1厅 | 51.4平米 | 南,https://ke-image.ljcdn.com/110000-inspection/pc1_7XIflJRdB.jpg!m_fill,w_280,h_210,f_jpg?from=ke.com
20240911,海淀,二里庄,101120792078,志新村 板楼南北中间层 明厨明卫三居室必看好房,660万,86843元/平,中楼层 (共6层) | 1989年 | 3室1厅 | 76平米 | 南 北,https://ke-image.ljcdn.com/110000-inspection/d0e398e9-0cb7-428d-aeca-087ecf82bef3_1000.jpg!m_fill,w_280,h_210,f_jpg?from=ke.com
20240911,海淀,二里庄,101120052203,满五唯一明厨明卫一居室安静不临街采光好,338万,79717元/平,高楼层 (共6层) | 1989年 | 1室1厅 | 42.4平米 | 南,https://ke-image.ljcdn.com/110000-inspection/pc1_234Myf8PH.jpg!m_fill,w_280,h_210,f_jpg?from=ke.com
20240911,海淀,二里庄,101124361914,海淀 健翔园 2001年 南向2居 婚房装修 满五唯一必看好房,738万,84459元/平,高楼层 (共24层) | 2001年 | 2室1厅 | 87.38平米 | 南,https://ke-image.ljcdn.com/110000-inspection/pc1_9zRmRC96a.jpg!m_fill,w_280,h_210,f_jpg?from=ke.com
20240911,海淀,二里庄,101123800386,石油大院  带电梯  双阳台   格局方正必看好房,455万,74226元/平,顶层 (共16层) 2室1厅 | 61.3平米 | 北 东,https://ke-image.ljcdn.com/110000-inspection/18be1fe5-0084-4ca6-857b-6c76000ac717_1000.jpg!m_fill,w_280,h_210,f_jpg?from=ke.com
20240911,海淀,二里庄,101123667972,科技大学板楼带电梯南北通透高楼层看房随时有钥匙。,860万,99653元/平,高楼层 (共12层) | 1987年 | 3室1厅 | 86.3平米 | 南 北,https://ke-image.ljcdn.com/110000-inspection/4a3ae906-341d-4e7f-998f-b79200cc1a82_1000.jpg!m_fill,w_280,h_210,f_jpg?from=ke.com
20240911,海淀,二里庄,101126453031,太极小区 十五所  两居室  诚心出售新上,390万,78788元/平,低楼层 (共6层) 2室1厅 | 49.5平米 | 南 西,https://s1.ljcdn.com/pegasus/redskull/images/common/default_house_list.png?_v=20240826145726
20240911,海淀,二里庄,101126451097,志新东路甲8号   板楼 南北通透   精装修新上,485万,76985元/平,低楼层 (共6层) 2室1厅 | 63平米 | 南 北,https://ke-image.ljcdn.com/110000-inspection/9d933626-fcc1-49b9-ad3a-08577bd8d647_1000.jpg!m_fill,w_280,h_210,f_jpg?from=ke.com
20240911,海淀,二里庄,101126385338,志新北里 南北通透带大阳台全明格局精装修3居新上,740万,86248元/平,高楼层 (共6层) 3室1厅 | 85.8平米 | 南 北,https://ke-image.ljcdn.com/110000-inspection/e7cdfc45-1d0d-45a2-98e3-d6aeaddd7671_1000.jpg!m_fill,w_280,h_210,f_jpg?from=ke.com
20240911,海淀,二里庄,101126369928,志新西路1号院 南北通透2居 31㎡大客厅 有钥匙新上,880万,92525元/平,低楼层 (共6层) 2室1厅 | 95.11平米 | 南 北,https://ke-image.ljcdn.com/110000-inspection/1daba839-b5fd-40a3-94b0-1ee6bccdcc51_1000.jpg!m_fill,w_280,h_210,f_jpg?from=ke.com
20240911,海淀,二里庄,101126367118,科大家属楼 南北通透两居室 带客厅新上,630万,93750元/平,高楼层 (共6层) 2室1厅 | 67.2平米 | 南 北,https://ke-image.ljcdn.com/110000-inspection/16711c7a-922c-4309-9c07-4ad8089a66c1_1000.jpg!m_fill,w_280,h_210,f_jpg?from=ke.com
20240911,海淀,二里庄,101126346621,志新东路 全南两居室 采光好 老旧小区改造已经完成新上,500万,84176元/平,低楼层 (共6层) 2室1厅 | 59.4平米 | 南,https://ke-image.ljcdn.com/110000-inspection/pc1_n3DCh57ZB.jpg!m_fill,w_280,h_210,f_jpg?from=ke.com
20240911,海淀,二里庄,101126330808,志新北里 2室1厅 南新上,490万,85218元/平,中楼层 (共5层) 2室1厅 | 57.5平米 | 南,https://ke-image.ljcdn.com/110000-inspection/9c35419b-de67-4876-b7a4-ef0d2b2e5d75_1000.jpg!m_fill,w_280,h_210,f_jpg?from=ke.com
20240911,海淀,二里庄,101126319947,二里庄小区 南北三居室 看房随时 户型好,650万,83227元/平,顶层 (共6层) 3室1厅 | 78.1平米 | 南 北,https://ke-image.ljcdn.com/110000-inspection/pc1_11ssV8xWj.jpg!m_fill,w_280,h_210,f_jpg?from=ke.com
20240911,海淀,二里庄,101126310555,精装修拎包入住  电梯钢混结构  满五年 诚意出售房主自荐,450万,88409元/平,顶层 (共18层) 1室1厅 | 50.9平米 | 南,https://ke-image.ljcdn.com/110000-inspection/f3c06baf-0426-471b-b446-09f84e789e76_1000.jpg!m_fill,w_280,h_210,f_jpg?from=ke.com
20240911,海淀,二里庄,101126261519,志新西路一号院2居室 南北向中楼层大客厅满五年唯一,830万,87268元/平,高楼层 (共6层) 2室1厅 | 95.11平米 | 南 北,https://ke-image.ljcdn.com/110000-inspection/pc1_J1cpmvT22.jpg!m_fill,w_280,h_210,f_jpg?from=ke.com
20240911,海淀,二里庄,101126255024,地铁15号线北沙滩站满五唯一正南一居,379万,91106元/平,顶层 (共6层) 1室1厅 | 41.6平米 | 南,https://ke-image.ljcdn.com/110000-inspection/9ed5c4d2-78c7-4d13-94af-a6d9be6fd19a_1000.jpg!m_fill,w_280,h_210,f_jpg?from=ke.com
20240911,海淀,二里庄,101126248653,二里庄小区 满五年唯一 带客厅两居室 随时签约,490万,84702元/平,顶层 (共6层) 2室1厅 | 57.85平米 | 南 北,https://ke-image.ljcdn.com/110000-inspection/pc1_kzOcl7D1R.jpg!m_fill,w_280,h_210,f_jpg?from=ke.com
20240911,海淀,二里庄,101126240442,二里庄第七干休所精装修三居室满五唯一,730万,101956元/平,高楼层 (共6层) 3室1厅 | 71.6平米 | 南 北,https://ke-image.ljcdn.com/110000-inspection/pc1_A5aWMtMed.jpg!m_fill,w_280,h_210,f_jpg?from=ke.com
20240911,海淀,二里庄,101126230878,小区环境好享受军休所福利有电梯中间层好停,510万,94973元/平,低楼层 (共6层) 2室1厅 | 53.7平米 | 南 北,https://ke-image.ljcdn.com/110000-inspection/7866d9b1-b63d-4d6f-a476-41dfc338fafc_1000.jpg!m_fill,w_280,h_210,f_jpg?from=ke.com
20240911,海淀,二里庄,101126203932,志新村电梯3居全明格局满五唯一,700万,81872元/平,中楼层 (共18层) | 2001年 | 3室1厅 | 85.5平米 | 东 南 北,https://ke-image.ljcdn.com/110000-inspection/b2681569-bd3f-4560-ab74-86066deac9a9_1000.jpg!m_fill,w_280,h_210,f_jpg?from=ke.com
20240911,海淀,二里庄,101126183664,二里庄小区 3室1厅 南 北,738万,106188元/平,中楼层 (共6层) 3室1厅 | 69.5平米 | 南 北,https://ke-image.ljcdn.com/110000-inspection/ea1e5088-5500-49d2-8370-c26d84f90232_1000.jpg!m_fill,w_280,h_210,f_jpg?from=ke.com
20240911,海淀,二里庄,101126158122,二里庄小区 教育部分房  有电梯 格局方正,400万,85837元/平,低楼层 (共18层) 1室1厅 | 46.6平米 | 东,https://ke-image.ljcdn.com/110000-inspection/pc1_xejMNFed1_1.jpg!m_fill,w_280,h_210,f_jpg?from=ke.com
20240911,海淀,二里庄,101126124257,志新村  南北通透   2居室   采光好,492万,81296元/平,高楼层 (共6层) | 1994年 | 2室1厅 | 60.52平米 | 南 北,https://ke-image.ljcdn.com/110000-inspection/799e96be-4bd1-471d-8e4d-49353b88e5aa_1000.jpg!m_fill,w_280,h_210,f_jpg?from=ke.com
20240911,海淀,二里庄,101126122260,志新村满五唯一商品房南北通透 中间楼层,490万,84193元/平,中楼层 (共6层) 2室1厅 | 58.2平米 | 南 北,https://ke-image.ljcdn.com/110000-inspection/f7c3b8cc-9599-4152-8d3f-fc2770f90675_1000.jpg!m_fill,w_280,h_210,f_jpg?from=ke.com
20240911,海淀,二里庄,101126107574,志新北里中间层两居室中等装修看房方便,530万,89831元/平,中楼层 (共6层) 2室1厅 | 59平米 | 南,https://ke-image.ljcdn.com/110000-inspection/pc1_tg7in5jFY.jpg!m_fill,w_280,h_210,f_jpg?from=ke.com
20240911,海淀,二里庄,101126065373,二里庄小区  两居室带客厅 格局方正,515万,89024元/平,高楼层 (共6层) | 1993年 | 2室1厅 | 57.85平米 | 南 北,https://ke-image.ljcdn.com/110000-inspection/2cfaa5b7-b711-4a5e-832f-22b64cda48de_1000.jpg!m_fill,w_280,h_210,f_jpg?from=ke.com
20240911,海淀,二里庄,101125966846,志新村小区1居室 中楼层南向 满五年唯一,460万,90374元/平,低楼层 (共18层) | 1993年 | 1室1厅 | 50.9平米 | 南,https://ke-image.ljcdn.com/110000-inspection/pc1_jbDenc609.jpg!m_fill,w_280,h_210,f_jpg?from=ke.com
20240911,海淀,二里庄,101125921033,石油大院 青年园内 带电梯一梯两户 楼龄新 满五年,730万,100413元/平,中楼层 (共6层) 2室1厅 | 72.7平米 | 南 北,https://ke-image.ljcdn.com/110000-inspection/pc1_3R2yyXoiK_1.jpg!m_fill,w_280,h_210,f_jpg?from=ke.com
20240911,海淀,二里庄,101125918190,志新村小区两居室南北通透把东边,560万,89031元/平,高楼层 (共6层) | 1989年 | 2室1厅 | 62.9平米 | 东 南 北,https://ke-image.ljcdn.com/110000-inspection/374a440b-a63d-4ebe-bbe2-c19d0084562e_1000.jpg!m_fill,w_280,h_210,f_jpg?from=ke.com
20240911,海淀,二里庄,101125900729,太极小区中间层两居业主诚意出售,530万,80182元/平,中楼层 (共4层) 2室1厅 | 66.1平米 | 南 北,https://ke-image.ljcdn.com/110000-inspection/88554e22-93ae-453f-9f1f-1cae492046ed_1000.jpg!m_fill,w_280,h_210,f_jpg?from=ke.com
20240911,海淀,二里庄,101125858872,二里庄板楼南北两居室业主诚心出售,430万,77200元/平,顶层 (共6层) 2室1厅 | 55.7平米 | 南 北,https://ke-image.ljcdn.com/110000-inspection/e9dbfe8b-78a4-48e7-ad4b-deafa8f87d9c_1000.jpg!m_fill,w_280,h_210,f_jpg?from=ke.com
20240911,海淀,二里庄,101125830364,太极十五所南北通透大两居室大客厅价格可谈。,660万,81482元/平,低楼层 (共18层) 2室1厅 | 81平米 | 南 北,https://ke-image.ljcdn.com/110000-inspection/ac0bab7b-c69f-454e-b1cf-5fbc08f3dec9_1000.jpg!m_fill,w_280,h_210,f_jpg?from=ke.com
20240911,海淀,二里庄,101125778425,二里庄小区邮电大学家属楼电梯直达高层两居室格局好,530万,81351元/平,高楼层 (共18层) | 2002年 | 2室1厅 | 65.15平米 | 南 西,https://ke-image.ljcdn.com/110000-inspection/pc1_Io4S3aq2U.jpg!m_fill,w_280,h_210,f_jpg?from=ke.com
20240911,海淀,二里庄,101125739432,二里庄小区 2室1厅 西南,450万,79929元/平,中楼层 (共6层) | 1993年 | 2室1厅 | 56.3平米 | 西南,https://ke-image.ljcdn.com/110000-inspection/pc1_CHwTU7slm.jpg!m_fill,w_280,h_210,f_jpg?from=ke.com
20240911,海淀,二里庄,101125694134,南北通透 格局方正 满五唯一节约成房主自荐,460万,79038元/平,顶层 (共6层) 2室1厅 | 58.2平米 | 南 北,https://ke-image.ljcdn.com/110000-inspection/1ce113da-7d11-44e4-b952-d8db7d0304d0_1000.jpg!m_fill,w_280,h_210,f_jpg?from=ke.com
20240911,海淀,二里庄,101125658191,科技大学精装修一居变两居 商品房 可以对外诚心出售,400万,98766元/平,中楼层 (共5层) 2室1厅 | 40.5平米 | 南,https://ke-image.ljcdn.com/110000-inspection/85457e9b-e22f-4e63-9848-3cdacc8a8e08_1000.jpg!m_fill,w_280,h_210,f_jpg?from=ke.com
20240911,海淀,二里庄,101125640618,石油大院对外两居室户型方正价格便宜,439万,80271元/平,顶层 (共6层) 2室1厅 | 54.69平米 | 东,https://ke-image.ljcdn.com/110000-inspection/ebaf6f07-af92-49dd-9e4e-0ee614d12235_1000.jpg!m_fill,w_280,h_210,f_jpg?from=ke.com
20240911,海淀,二里庄,101125617593,志新北里带电梯大两居室 业主诚心出售看房方便,635万,80076元/平,高楼层 (共14层) | 1997年 | 2室1厅 | 79.3平米 | 南 东,https://ke-image.ljcdn.com/110000-inspection/pc1_5sAuPOLPQ.jpg!m_fill,w_280,h_210,f_jpg?from=ke.com
20240911,海淀,二里庄,101125576362,志新西路七号院两居 明厅 南北通透 满五年唯一,499万,78460元/平,顶层 (共6层) 2室1厅 | 63.6平米 | 南 北,https://ke-image.ljcdn.com/110000-inspection/fa037685-61d7-4552-8502-a7d154e110c1_1000.jpg!m_fill,w_280,h_210,f_jpg?from=ke.com
20240911,海淀,二里庄,101125544573,科技大学南北通透中楼层两居安静采光好诚售看房方便,550万,96492元/平,中楼层 (共4层) | 1994年 | 2室1厅 | 57平米 | 南 北,https://ke-image.ljcdn.com/110000-inspection/975720cc-b714-4b0a-8b9d-68d504892773_1000.jpg!m_fill,w_280,h_210,f_jpg?from=ke.com
20240911,海淀,二里庄,101125364142,志新西路七号院一居业主诚意出售,375万,82418元/平,底层 (共6层) 1室1厅 | 45.5平米 | 南,https://ke-image.ljcdn.com/110000-inspection/05e8c59d-67d1-418a-b732-74d3856bf14a_1000.jpg!m_fill,w_280,h_210,f_jpg?from=ke.com
20240911,海淀,二里庄,101125348396,志新北里 精装修  楼龄新 电梯高层 视野好,1130万,98091元/平,低楼层 (共14层) | 1997年 | 3室1厅 | 115.2平米 | 东 北,https://ke-image.ljcdn.com/110000-inspection/0e5f1681-2b97-435b-9d1a-ae61fa49f8d2_1000.jpg!m_fill,w_280,h_210,f_jpg?from=ke.com
20240911,海淀,二里庄,101125300067,志新北里中间楼层南北2居明厨明卫不临街视野好,499万,79081元/平,高楼层 (共6层) | 1992年 | 2室1厅 | 63.1平米 | 南 北,https://ke-image.ljcdn.com/110000-inspection/5ef45302-46c3-40a1-a138-fddcff5080c3_1000.jpg!m_fill,w_280,h_210,f_jpg?from=ke.com
20240911,海淀,二里庄,101125298160,二里庄电梯楼一居室明的客厅卫生间有窗户房主自荐,450万,93731元/平,顶层 (共18层) | 1990年 | 1室2厅 | 48.01平米 | 东南 西北,https://ke-image.ljcdn.com/110000-inspection/b579e641-62be-4778-bf0e-fd7bf957e5ce_1000.jpg!m_fill,w_280,h_210,f_jpg?from=ke.com
20240911,海淀,二里庄,101125277257,二里庄小区花园视野 大阳台 户型方正两居满五央产房房主自荐,515万,78149元/平,底层 (共18层) 2室1厅 | 65.9平米 | 西南,https://ke-image.ljcdn.com/110000-inspection/3599c996-7ba4-4d78-b7b1-7d9053797a00_1000.jpg!m_fill,w_280,h_210,f_jpg?from=ke.com
20240911,海淀,二里庄,101125220804,二里庄干休所3居室南北通透户型方正,680万,96318元/平,高楼层 (共6层) 3室1厅 | 70.6平米 | 南 北,https://ke-image.ljcdn.com/110000-inspection/pc1_KSn8mzWxu_1.jpg!m_fill,w_280,h_210,f_jpg?from=ke.com
20240911,海淀,二里庄,101125166279,科大南北通透一居室 中间层 带电梯 可以对外出售,470万,111481元/平,中楼层 (共6层) 1室1厅 | 42.16平米 | 南 北,https://ke-image.ljcdn.com/110000-inspection/pc1_ksa5U7s2E.jpg!m_fill,w_280,h_210,f_jpg?from=ke.com
20240911,海淀,二里庄,101125158934,二里庄小区 2室1厅 南 北,500万,90910元/平,低楼层 (共6层) | 1993年 | 2室1厅 | 55平米 | 南 北,https://ke-image.ljcdn.com/110000-inspection/f37a9e26-8aa6-4575-adfb-d4943e02a904_1000.jpg!m_fill,w_280,h_210,f_jpg?from=ke.com
20240911,海淀,二里庄,101125094821,志新北里带电梯大三居户型好管理好诚心出售,930万,80730元/平,高楼层 (共14层) | 1997年 | 3室1厅 | 115.2平米 | 东北,https://ke-image.ljcdn.com/110000-inspection/pc1_cC1bYsnRc.jpg!m_fill,w_280,h_210,f_jpg?from=ke.com
20240911,海淀,二里庄,101125082597,南北通透把边两居室卧室多两扇窗 低楼层适合老人,460万,78165元/平,底层 (共6层) 2室1厅 | 58.85平米 | 南 北,https://ke-image.ljcdn.com/110000-inspection/pc1_IubhEekOY.jpg!m_fill,w_280,h_210,f_jpg?from=ke.com
20240911,海淀,二里庄,101125057328,电梯房  南向两居室  满五年  价格可谈房主自荐,506万,82143元/平,高楼层 (共18层) 2室1厅 | 61.6平米 | 东南,https://ke-image.ljcdn.com/110000-inspection/pc1_KhHNGd5js.jpg!m_fill,w_280,h_210,f_jpg?from=ke.com
20240911,海淀,二里庄,101125044395,二里庄干休所满五唯一通透采光好 停车方便 诚售,646万,91502元/平,顶层 (共6层) 3室1厅 | 70.6平米 | 南 北,https://ke-image.ljcdn.com/110000-inspection/pc1_4TcCZRRbx.jpg!m_fill,w_280,h_210,f_jpg?from=ke.com
20240911,海淀,二里庄,101125042673,二里庄北里 全明格局 一居室 中间楼层,315万,83777元/平,中楼层 (共6层) 1室1厅 | 37.6平米 | 南,https://ke-image.ljcdn.com/110000-inspection/pc1_UnEHYuJuX.jpg!m_fill,w_280,h_210,f_jpg?from=ke.com
20240911,海淀,二里庄,101124982725,太极小区全南向一居精装修电梯中间层视野开阔房主自荐,375万,86207元/平,中楼层 (共18层) 1室1厅 | 43.5平米 | 南,https://ke-image.ljcdn.com/110000-inspection/ec8af67a-ad62-484e-8c46-756118861fd7_1000.jpg!m_fill,w_280,h_210,f_jpg?from=ke.com
20240911,海淀,二里庄,101124931884,科技大学+朝南两居+采光视野好+诚心出售+中间楼层,480万,87752元/平,中楼层 (共5层) 2室1厅 | 54.7平米 | 南,https://ke-image.ljcdn.com/110000-inspection/932ff7aa-1844-4f20-9b8a-cce305a0d074_1000.jpg!m_fill,w_280,h_210,f_jpg?from=ke.com
20240911,海淀,二里庄,101124883775,满五年唯一户型方正客厅可利用。阳光充足房主自荐,458万,73398元/平,高楼层 (共6层) | 1994年 | 2室1厅 | 62.4平米 | 东 西,https://ke-image.ljcdn.com/110000-inspection/ccf33241-82aa-4d87-8349-61d7ebc03d3d_1000.jpg!m_fill,w_280,h_210,f_jpg?from=ke.com
20240911,海淀,二里庄,101124866372,志新北里 双南向带客厅两居室 采光好,520万,87690元/平,中楼层 (共6层) 2室1厅 | 59.3平米 | 南,https://ke-image.ljcdn.com/110000-inspection/pc1_7oJM8Fdq3.jpg!m_fill,w_280,h_210,f_jpg?from=ke.com
20240911,海淀,二里庄,101124836114,二里庄小区 正规一居室 高楼层 视野好 采光充足,460万,109238元/平,高楼层 (共18层) | 2002年 | 1室1厅 | 42.11平米 | 东南,https://ke-image.ljcdn.com/110000-inspection/pc1_YpaIEhqjJ.jpg!m_fill,w_280,h_210,f_jpg?from=ke.com
20240911,海淀,二里庄,101124829629,石油大院 临近青年园 中间层 南北通透2居 明卫,610万,92988元/平,低楼层 (共6层) 2室1厅 | 65.6平米 | 南 北,https://ke-image.ljcdn.com/110000-inspection/57844e83-54da-4376-bd08-0833142688d4_1000.jpg!m_fill,w_280,h_210,f_jpg?from=ke.com
20240911,海淀,二里庄,101124827954,二里庄干休所 南北通透三居室有电梯不临街诚心卖,720万,102419元/平,中楼层 (共6层) 3室1厅 | 70.3平米 | 南 北,https://ke-image.ljcdn.com/110000-inspection/d1826ee1-7b94-48e7-9ac5-31370e47345e_1000.jpg!m_fill,w_280,h_210,f_jpg?from=ke.com
20240911,海淀,二里庄,101124803041,志新村小区 精装一居室 满五年商品房 小区好位置,430万,83658元/平,中楼层 (共18层) 1室1厅 | 51.4平米 | 东南 西北,https://ke-image.ljcdn.com/110000-inspection/pc1_BeUsfeKBw.jpg!m_fill,w_280,h_210,f_jpg?from=ke.com
20240911,海淀,二里庄,101124764921,科技大学+精装一居+诚心出售+中间楼层,340万,94445元/平,中楼层 (共4层) 1室1厅 | 36平米 | 南,https://ke-image.ljcdn.com/110000-inspection/pc1_lUq9KzIAq.jpg!m_fill,w_280,h_210,f_jpg?from=ke.com
20240911,海淀,二里庄,101124722617,志新村小区低层两居业主诚意出售,399万,81429元/平,低楼层 (共6层) 1室1厅 | 49平米 | 南,https://ke-image.ljcdn.com/110000-inspection/9b729e7e-c052-4435-86cb-f012aecfda11_1000.jpg!m_fill,w_280,h_210,f_jpg?from=ke.com
20240911,海淀,二里庄,101124720429,二里庄干休所 南北通透三居 全明格局 外挂电梯,730万,103841元/平,中楼层 (共6层) 3室1厅 | 70.3平米 | 南 北,https://ke-image.ljcdn.com/110000-inspection/pc1_IywXBZmn7.jpg!m_fill,w_280,h_210,f_jpg?from=ke.com
20240911,海淀,二里庄,101124712413,志新村全南两居室 高楼层视野好,410万,72825元/平,顶层 (共6层) 2室1厅 | 56.3平米 | 南,https://ke-image.ljcdn.com/110000-inspection/pc1_skwe6Mkpp.jpg!m_fill,w_280,h_210,f_jpg?from=ke.com
20240911,海淀,二里庄,101124590922,石油大院 青年园内 低楼层 精装修 户型方正,810万,104248元/平,底层 (共6层) 3室1厅 | 77.7平米 | 南 西 北,https://ke-image.ljcdn.com/110000-inspection/3a7abb38-2c35-4375-8384-8dc90e6be101_1000.jpg!m_fill,w_280,h_210,f_jpg?from=ke.com
20240911,海淀,二里庄,101124500450,二里庄小区  东南两居室  有电梯 满五唯一房主自荐,535万,81184元/平,中楼层 (共18层) | 1994年 | 2室1厅 | 65.9平米 | 东 南,https://ke-image.ljcdn.com/110000-inspection/03e50764-1b33-4a18-afeb-7f5948c18df0_1000.jpg!m_fill,w_280,h_210,f_jpg?from=ke.com
20240911,海淀,二里庄,101124463261,科技大学+南北通透+诚心出售+看房方便,530万,92190元/平,中楼层 (共5层) | 1996年 | 2室1厅 | 57.49平米 | 南 北,https://ke-image.ljcdn.com/110000-inspection/f532d594-d914-4daf-96a2-8ea40ab1c231_1000.jpg!m_fill,w_280,h_210,f_jpg?from=ke.com
20240911,海淀,二里庄,101124334858,二里庄南北两居满五年唯一诚心出售。房主自荐,516万,87177元/平,底层 (共6层) | 1993年 | 2室1厅 | 59.19平米 | 南 北,https://ke-image.ljcdn.com/110000-inspection/pc1_gSYJN4NCI.jpg!m_fill,w_280,h_210,f_jpg?from=ke.com
20240911,海淀,二里庄,101124322945,志新北里 南北通透 两居室 楼层高 视野好,505万,82248元/平,顶层 (共5层) 2室1厅 | 61.4平米 | 南 北,https://ke-image.ljcdn.com/110000-inspection/pc1_rUeZqn0SQ.jpg!m_fill,w_280,h_210,f_jpg?from=ke.com
20240911,海淀,二里庄,101124317936,二里庄南北两居中间层满五年唯一诚心出售,512万,86502元/平,低楼层 (共6层) | 1993年 | 2室1厅 | 59.19平米 | 南 北,https://ke-image.ljcdn.com/110000-inspection/pc1_3BBH3BHtD.jpg!m_fill,w_280,h_210,f_jpg?from=ke.com
20240911,海淀,二里庄,101124295042,志新村南北通透 三居室全明格局户型好诚意出售,665万,84714元/平,高楼层 (共6层) 3室1厅 | 78.5平米 | 南 北,https://ke-image.ljcdn.com/110000-inspection/5dd52776-aa96-4bbb-af4b-deb4509ac70d_1000.jpg!m_fill,w_280,h_210,f_jpg?from=ke.com
20240911,海淀,二里庄,101124290144,石油大院院内可对外出售中间楼层看房方便,530万,88481元/平,中楼层 (共6层) 3室1厅 | 59.9平米 | 东 西,https://ke-image.ljcdn.com/110000-inspection/pc1_PkxEKAtWO.jpg!m_fill,w_280,h_210,f_jpg?from=ke.com
20240911,海淀,二里庄,101124126052,健翔园  东南向  3居室  双卫   不临街,1080万,93386元/平,低楼层 (共24层) 3室1厅 | 115.65平米 | 东南,https://ke-image.ljcdn.com/110000-inspection/2697d434-b395-4ded-93a7-deb4086116e9_1000.jpg!m_fill,w_280,h_210,f_jpg?from=ke.com
20240911,海淀,二里庄,101124044520,二里庄精装一居电梯中间层业主诚心出售,420万,88051元/平,高楼层 (共18层) | 1994年 | 1室1厅 | 47.7平米 | 东南 北,https://ke-image.ljcdn.com/110000-inspection/62052b6e-8448-4be2-a489-ae2073d76a27_1000.jpg!m_fill,w_280,h_210,f_jpg?from=ke.com
20240911,海淀,二里庄,101124028585,二里庄小区一居室有电梯无遮挡对小月河塔院公园。房主自荐,395万,93602元/平,低楼层 (共18层) 1室1厅 | 42.2平米 | 东南,https://ke-image.ljcdn.com/110000-inspection/pc1_z76Tdx9Mp.jpg!m_fill,w_280,h_210,f_jpg?from=ke.com
20240911,海淀,二里庄,101123984929,太极小区精装2居室 中楼层 南北通透 满五年唯一房主自荐,498万,83139元/平,中楼层 (共6层) 2室1厅 | 59.9平米 | 南 北,https://ke-image.ljcdn.com/110000-inspection/9a871388-cd7b-46f9-8c47-d73ba0ad6b50_1000.jpg!m_fill,w_280,h_210,f_jpg?from=ke.com
20240911,海淀,二里庄,101123984541,志新村 全南三居室 满五唯一 安静宜居,725万,99588元/平,中楼层 (共6层) 3室1厅 | 72.8平米 | 南,https://ke-image.ljcdn.com/110000-inspection/pc1_8Mo6GlFdS.jpg!m_fill,w_280,h_210,f_jpg?from=ke.com
20240911,海淀,二里庄,101123982730,二里庄干休所四居室满五年唯一业主诚心出售,1035万,115128元/平,底层 (共6层) 4室1厅 | 89.9平米 | 南 北,https://ke-image.ljcdn.com/110000-inspection/pc1_RHOlOzPBR.jpg!m_fill,w_280,h_210,f_jpg?from=ke.com
20240911,海淀,二里庄,101123973612,志新村  精装修  双南向   全明户型    板楼2居室,550万,96661元/平,中楼层 (共6层) | 1989年 | 2室1厅 | 56.9平米 | 南,https://ke-image.ljcdn.com/110000-inspection/pc1_CJifH3Edo.jpg!m_fill,w_280,h_210,f_jpg?from=ke.com
20240911,海淀,二里庄,101123927151,二里庄邮电家属楼电梯一居室全款买的无抵押商品房,396万,84979元/平,中楼层 (共18层) | 1990年 | 1室1厅 | 46.6平米 | 东南,https://ke-image.ljcdn.com/110000-inspection/23187da9-1c2e-4028-9290-7707d0d63932_1000.jpg!m_fill,w_280,h_210,f_jpg?from=ke.com
20240911,海淀,二里庄,101123857109,石油大院 中间层 南向 青年园院内 可以对外,270万,174194元/平,中楼层 (共6层) 1室0厅 | 15.5平米 | 南,https://ke-image.ljcdn.com/110000-inspection/pc1_8IINZlmyW.jpg!m_fill,w_280,h_210,f_jpg?from=ke.com
20240911,海淀,二里庄,101123753653,五年精装修户型方正正南向阳光充足,338万,79717元/平,顶层 (共6层) 1室1厅 | 42.4平米 | 南,https://ke-image.ljcdn.com/110000-inspection/ac48157e-3458-490c-a457-7a453d651e4f_1000.jpg!m_fill,w_280,h_210,f_jpg?from=ke.com
20240911,海淀,二里庄,101123741044,二里庄小区高层观景房远观奥林匹克塔看鸟巢烟花。,410万,72184元/平,高楼层 (共6层) 2室1厅 | 56.8平米 | 东北,https://ke-image.ljcdn.com/110000-inspection/0df75b43-b50e-4fc3-8ee3-bc324827aa2f_1000.jpg!m_fill,w_280,h_210,f_jpg?from=ke.com
20240911,海淀,二里庄,101123660096,科技大学高层三居室采光视野好业主诚意出售。,998万,101765元/平,高楼层 (共24层) 3室1厅 | 98.07平米 | 东南,https://ke-image.ljcdn.com/110000-inspection/04d0c3d3-2b8f-4114-9ac1-52d569fdcb41_1000.jpg!m_fill,w_280,h_210,f_jpg?from=ke.com
20240911,海淀,二里庄,101123582510,志新村精装南北通透中高楼层采光好全明格局不临街,599万,100554元/平,高楼层 (共6层) | 1994年 | 2室1厅 | 59.57平米 | 南 北,https://ke-image.ljcdn.com/110000-inspection/pc1_DKunIlUKs.jpg!m_fill,w_280,h_210,f_jpg?from=ke.com
20240911,海淀,二里庄,101123509645,科技大学+南北通透+诚心出售+带电梯+有客厅,595万,92249元/平,低楼层 (共12层) | 1984年 | 2室1厅 | 64.5平米 | 南 北,https://ke-image.ljcdn.com/110000-inspection/pc1_upCN2KCJx.jpg!m_fill,w_280,h_210,f_jpg?from=ke.com
20240911,海淀,二里庄,101123473627,科技大学+满五双南两居+带电梯+诚心出售+次顶层采光好,506万,97215元/平,高楼层 (共12层) 2室1厅 | 52.05平米 | 南 北,https://ke-image.ljcdn.com/110000-inspection/874eea41-f594-48d4-9bbb-4b2dfb8203a6_1000.jpg!m_fill,w_280,h_210,f_jpg?from=ke.com
20240911,海淀,二里庄,101123423665,科技大学院内可对外出售两居室南北通透,590万,95780元/平,中楼层 (共6层) 2室1厅 | 61.6平米 | 南 北,https://ke-image.ljcdn.com/110000-inspection/pc1_Rzwe1qmkm.jpg!m_fill,w_280,h_210,f_jpg?from=ke.com
20240911,海淀,二里庄,101123392207,石油大院可以对外交易两居 全明格局诚心出售 采光充足,416万,66806元/平,顶层 (共6层) | 2001年 | 2室1厅 | 62.27平米 | 东 西,https://ke-image.ljcdn.com/110000-inspection/pc1_0En68Hgi1_1.jpg!m_fill,w_280,h_210,f_jpg?from=ke.com
20240911,海淀,二里庄,101123215599,二里庄小区干休所 南北通透 中间层 业主诚心出售,800万,113315元/平,中楼层 (共6层) 3室1厅 | 70.6平米 | 南 北,https://ke-image.ljcdn.com/110000-inspection/pc1_RxWh5tCCc.jpg!m_fill,w_280,h_210,f_jpg?from=ke.com
20240911,海淀,二里庄,101123178356,志新北里+南向两居室+低楼层+诚心出售,530万,89528元/平,低楼层 (共6层) | 1992年 | 2室1厅 | 59.2平米 | 南,https://ke-image.ljcdn.com/110000-inspection/pc1_WOX5SXEVr.jpg!m_fill,w_280,h_210,f_jpg?from=ke.com
20240911,海淀,二里庄,101123059981,石油大院  有电梯  户型方正  格局好,848万,106707元/平,低楼层 (共16层) 3室1厅 | 79.47平米 | 东南,https://ke-image.ljcdn.com/110000-inspection/pc1_hMvgj89pN.jpg!m_fill,w_280,h_210,f_jpg?from=ke.com
20240911,海淀,二里庄,101123021578,学院路30号院 南北朝向两居室 业主急售,525万,87793元/平,顶层 (共5层) 2室1厅 | 59.8平米 | 南 北,https://ke-image.ljcdn.com/110000-inspection/pc1_1dT981WvB.jpg!m_fill,w_280,h_210,f_jpg?from=ke.com
20240911,海淀,二里庄,101122979997,满五唯一 优势户型 南北通透2居 明厨明卫 精装修,515万,84289元/平,底层 (共6层) | 1994年 | 2室1厅 | 61.1平米 | 南 北,https://ke-image.ljcdn.com/110000-inspection/pc1_ckqOF7YgM.jpg!m_fill,w_280,h_210,f_jpg?from=ke.com
20240911,海淀,二里庄,101122964801,志新村小区 全明格局 满五唯一,406万,95620元/平,底层 (共6层) 1室1厅 | 42.46平米 | 南,https://ke-image.ljcdn.com/110000-inspection/00c202ea-b861-40b6-95e4-3e86df14c77b_1000.jpg!m_fill,w_280,h_210,f_jpg?from=ke.com
20240911,海淀,二里庄,101122941881,二里庄 正南一居室 户型方正 明厨明卫,396万,91880元/平,中楼层 (共6层) 1室1厅 | 43.1平米 | 南,https://ke-image.ljcdn.com/110000-inspection/pc1_h7TcxUOTF_1.jpg!m_fill,w_280,h_210,f_jpg?from=ke.com
20240911,海淀,二里庄,101122713881,科技大学+南向一居+诚心出售+看房方便,378万,93288元/平,中楼层 (共5层) 1室1厅 | 40.52平米 | 南,https://ke-image.ljcdn.com/110000-inspection/e2e65ef5-b3d1-42f9-8edf-c8860e4646f7_1000.jpg!m_fill,w_280,h_210,f_jpg?from=ke.com
20240911,海淀,二里庄,101122699865,科技大学+南向两居+诚心出售+看房方便,559万,104292元/平,顶层 (共5层) 2室1厅 | 53.6平米 | 南,https://ke-image.ljcdn.com/110000-inspection/pc1_WR0Xy6jgK.jpg!m_fill,w_280,h_210,f_jpg?from=ke.com
20240911,海淀,二里庄,101122551961,产权清晰+满五年+诚心出售+有钥匙+业主随时签约房主自荐,530万,83994元/平,顶层 (共6层) | 1992年 | 2室1厅 | 63.1平米 | 南 北,https://ke-image.ljcdn.com/110000-inspection/4f468275-c70d-421d-aa9c-ef7b17173bba_1000.jpg!m_fill,w_280,h_210,f_jpg?from=ke.com
20240911,海淀,二里庄,101122505701,二里庄小区 低楼层 客厅有窗户的二居室,460万,80646元/平,底层 (共6层) | 1992年 | 2室1厅 | 57.04平米 | 南 西南 东北,https://ke-image.ljcdn.com/110000-inspection/53d09899-bf57-4048-97f5-4bae4666b043_1000.jpg!m_fill,w_280,h_210,f_jpg?from=ke.com
20240911,海淀,二里庄,101122500272,志新村+大一居室+带电梯+诚心出售+满五唯一,409万,79572元/平,高楼层 (共18层) 1室1厅 | 51.4平米 | 东南,https://ke-image.ljcdn.com/110000-inspection/2c431033-d76b-49c1-99c7-ffa205b389cf_1000.jpg!m_fill,w_280,h_210,f_jpg?from=ke.com
20240911,海淀,二里庄,101122484039,石油大院 正规一居室 格局方正 电梯房高层 视野光线好,365万,79005元/平,高楼层 (共16层) 1室1厅 | 46.2平米 | 西北,https://ke-image.ljcdn.com/110000-inspection/87946aac-bfba-489d-86a3-790308fb423c_1000.jpg!m_fill,w_280,h_210,f_jpg?from=ke.com
20240911,海淀,二里庄,101122477832,科技大学+南北通透+中间楼层+诚心出售+看房方便,595万,104386元/平,中楼层 (共4层) | 1994年 | 2室1厅 | 57平米 | 南 北,https://ke-image.ljcdn.com/110000-inspection/8d3100e3-2ebc-49f4-b1ff-a9bc3979509b_1000.jpg!m_fill,w_280,h_210,f_jpg?from=ke.com
20240911,海淀,二里庄,101122407891,志新北里中间层南北通透三居室大客厅,730万,85082元/平,中楼层 (共6层) | 1995年 | 3室1厅 | 85.8平米 | 南 北,https://ke-image.ljcdn.com/110000-inspection/pc1_zVFk0Z2tr.jpg!m_fill,w_280,h_210,f_jpg?from=ke.com
20240911,海淀,二里庄,101122245453,二里庄北里 南北两居室 中间层 随时签约,500万,86506元/平,中楼层 (共6层) 2室1厅 | 57.8平米 | 南 北,https://ke-image.ljcdn.com/110000-inspection/539d7de4-e1f4-4263-87fa-125ba3b2fc37_1000.jpg!m_fill,w_280,h_210,f_jpg?from=ke.com
20240911,海淀,二里庄,101122072510,志新村  3居室  有电梯   双阳台   采光好,720万,96257元/平,顶层 (共18层) | 1994年 | 3室1厅 | 74.8平米 | 东南,https://ke-image.ljcdn.com/110000-inspection/7d2c59d0-957b-48dc-9fe4-c596124f67ee_1000.jpg!m_fill,w_280,h_210,f_jpg?from=ke.com
20240911,海淀,二里庄,101122011106,健翔园小区西南4居采光好小区中间位置,1130万,92013元/平,高楼层 (共24层) 4室1厅 | 122.81平米 | 西北,https://ke-image.ljcdn.com/110000-inspection/pc1_RjlvsFRTl_1.jpg!m_fill,w_280,h_210,f_jpg?from=ke.com
20240911,海淀,二里庄,101121769278,石油大院内中间层南北通透三居室诚心出售房主自荐,520万,80871元/平,中楼层 (共6层) 3室1厅 | 64.3平米 | 南 北,https://ke-image.ljcdn.com/110000-inspection/pc1_m1d8MiLE3.jpg!m_fill,w_280,h_210,f_jpg?from=ke.com
20240911,海淀,二里庄,101121663983,科技大学 双南向两居室 采光好 全明格局,680万,117040元/平,高楼层 (共6层) 2室1厅 | 58.1平米 | 南,https://ke-image.ljcdn.com/110000-inspection/pc1_u7jNs7jQY.jpg!m_fill,w_280,h_210,f_jpg?from=ke.com
20240911,海淀,二里庄,101121545319,健翔园正规一室一厅 居住舒适 2000年商品房 随时看,598万,99040元/平,中楼层 (共24层) 1室1厅 | 60.38平米 | 西南,https://ke-image.ljcdn.com/110000-inspection/pc1_gM3gnxbjy_1.jpg!m_fill,w_280,h_210,f_jpg?from=ke.com
20240911,海淀,二里庄,101121516217,南北通透 精装修 满五年唯一 户型方正好利用,860万,96090元/平,中楼层 (共6层) 3室1厅 | 89.5平米 | 南 北,https://ke-image.ljcdn.com/110000-inspection/pc1_8SBo6WqdN_1.jpg!m_fill,w_280,h_210,f_jpg?from=ke.com
20240911,海淀,二里庄,101121367982,志新村南向一居室高楼层采光好诚意出售,340万,80189元/平,顶层 (共6层) 1室1厅 | 42.4平米 | 南,https://ke-image.ljcdn.com/110000-inspection/pc1_QFLBXcmkD.jpg!m_fill,w_280,h_210,f_jpg?from=ke.com
20240911,海淀,二里庄,101121323037,志新村  正南向  有电梯   采光好,498万,97839元/平,中楼层 (共18层) | 1994年 | 1室1厅 | 50.9平米 | 南,https://ke-image.ljcdn.com/110000-inspection/pc1_0BHSBSPfK_1.jpg!m_fill,w_280,h_210,f_jpg?from=ke.com
20240911,海淀,二里庄,101121216755,志新北里 3室1厅 南 北,810万,85354元/平,中楼层 (共6层) 3室1厅 | 94.9平米 | 南 北,https://ke-image.ljcdn.com/110000-inspection/pc1_Zt1qwf00N.jpg!m_fill,w_280,h_210,f_jpg?from=ke.com
20240911,海淀,二里庄,101121187885,学院路20号院南向一居室采光好无遮挡,455万,111767元/平,顶层 (共6层) 1室1厅 | 40.71平米 | 南,https://ke-image.ljcdn.com/110000-inspection/pc1_gTfNwA1Lh.jpg!m_fill,w_280,h_210,f_jpg?from=ke.com
20240911,海淀,二里庄,101121156451,三建宿舍 3室1厅 南 北,798万,106089元/平,底层 (共6层) 3室1厅 | 75.22平米 | 南 北,https://ke-image.ljcdn.com/110000-inspection/pc1_PUlAtnKqq.jpg!m_fill,w_280,h_210,f_jpg?from=ke.com
20240911,海淀,二里庄,101121056304,健翔园 朝南向三居 满五年一商品房 有电梯,1200万,87184元/平,低楼层 (共24层) | 2000年 | 3室2厅 | 137.64平米 | 西南,https://ke-image.ljcdn.com/110000-inspection/pc1_koxAfS9aj.jpg!m_fill,w_280,h_210,f_jpg?from=ke.com
20240911,海淀,二里庄,101121007379,志新村钢混结构两居 卧室阳台大居住舒适,498万,79174元/平,底层 (共18层) 2室1厅 | 62.9平米 | 东南,https://ke-image.ljcdn.com/110000-inspection/pc1_Nd6Yec7du.jpg!m_fill,w_280,h_210,f_jpg?from=ke.com
20240911,海淀,二里庄,101120994132,志新北里精装修大三居带独立客厅小区里面很安静,860万,90622元/平,底层 (共6层) 3室2厅 | 94.9平米 | 南 北,https://ke-image.ljcdn.com/110000-inspection/pc1_yYNfnN0D0.jpg!m_fill,w_280,h_210,f_jpg?from=ke.com
20240911,海淀,二里庄,101120460667,科技大学院内有独立客厅两居 商品房可对外 随时可看,700万,102340元/平,高楼层 (共6层) 2室2厅 | 68.4平米 | 南 北,https://ke-image.ljcdn.com/110000-inspection/1d8b7c36-341e-485e-9bd6-600237745016_1000.jpg!m_fill,w_280,h_210,f_jpg?from=ke.com
20240911,海淀,二里庄,101119408317,志新北里精装修二居室户型好看房方便,700万,108025元/平,低楼层 (共6层) 2室1厅 | 64.8平米 | 南 北,https://ke-image.ljcdn.com/110000-inspection/pc1_a1qvu49zf.jpg!m_fill,w_280,h_210,f_jpg?from=ke.com
20240911,海淀,二里庄,101119185155,二里庄石油分房大三居电梯直达大客厅,1018万,87684元/平,低楼层 (共14层) | 1997年 | 3室1厅 | 116.1平米 | 东 南 北,https://ke-image.ljcdn.com/110000-inspection/pc1_ZEm16ZNkM.jpg!m_fill,w_280,h_210,f_jpg?from=ke.com
20240911,海淀,二里庄,101119165975,志新村小区板楼南北通透一层全明格局不临街 单位分房,645万,108222元/平,底层 (共6层) 2室1厅 | 59.6平米 | 南 北,https://ke-image.ljcdn.com/110000-inspection/2c497efe-fb3f-4ee1-9df1-5989974df8f1_1000.jpg!m_fill,w_280,h_210,f_jpg?from=ke.com
20240911,海淀,二里庄,101119015647,石油大院 全南向三居室 石油大学家属楼,987万,105000元/平,中楼层 (共16层) 3室1厅 | 94平米 | 南,https://ke-image.ljcdn.com/110000-inspection/992c6bc2-3a69-4993-be1e-1bb38de0a147_1000.jpg!m_fill,w_280,h_210,f_jpg?from=ke.com
20240911,海淀,二里庄,101126516711,志新北里 3室1厅 南,625万,86089元/平,中楼层 (共6层) 3室1厅 | 72.6平米 | 南,https://ke-image.ljcdn.com/110000-inspection/pc1_a6mIY6arW_1.jpg!m_fill,w_280,h_210,f_jpg?from=ke.com
20240911,海淀,二里庄,101126455681,志新北里  双南向  大客厅  看房有钥匙新上,518万,87353元/平,低楼层 (共6层) 2室1厅 | 59.3平米 | 南,https://ke-image.ljcdn.com/110000-inspection/pc1_WSMlGGG50.jpg!m_fill,w_280,h_210,f_jpg?from=ke.com
20240911,海淀,二里庄,101126449256,太极小区 2室1厅 南 北新上,580万,96829元/平,底层 (共6层) 2室1厅 | 59.9平米 | 南 北,https://ke-image.ljcdn.com/110000-inspection/pc1_qdOxXvv5u.jpg!m_fill,w_280,h_210,f_jpg?from=ke.com
20240911,海淀,二里庄,101126407128,志新北里 2室1厅 东 西新上,616万,85319元/平,中楼层 (共6层) 2室1厅 | 72.2平米 | 东 西,https://ke-image.ljcdn.com/110000-inspection/pc1_0ZXwK6ekA.jpg!m_fill,w_280,h_210,f_jpg?from=ke.com
20240911,海淀,二里庄,101126376256,志新北里小区2居室 低楼层 生活便利 交通便捷新上,469万,64959元/平,底层 (共6层) 2室1厅 | 72.2平米 | 东 西,https://ke-image.ljcdn.com/110000-inspection/dd917f7c-0537-4960-8d6c-21afe13d9276_1000.jpg!m_fill,w_280,h_210,f_jpg?from=ke.com
20240911,海淀,二里庄,101126363687,社区改造小而美；福利分房房本满两年；新上,440万,60357元/平,地下室 (共6层) 3室1厅 | 72.9平米 | 南 北,https://ke-image.ljcdn.com/110000-inspection/pc1_qUoaZ3kCu.jpg!m_fill,w_280,h_210,f_jpg?from=ke.com
20240911,海淀,二里庄,101126363659,带电梯电梯直达户型方正全明格局。新上,535万,88768元/平,高楼层 (共16层) 2室1厅 | 60.27平米 | 西北,https://ke-image.ljcdn.com/110000-inspection/pc1_RGMVxDEBu.jpg!m_fill,w_280,h_210,f_jpg?from=ke.com
20240911,海淀,二里庄,101126345474,学院路二里庄小区高楼层采光好一居室新上,299万,58743元/平,顶层 (共6层) 1室1厅 | 50.9平米 | 东北,https://ke-image.ljcdn.com/110000-inspection/3d247d49-fd61-4ab8-b9a9-dc1b25cec337_1000.jpg!m_fill,w_280,h_210,f_jpg?from=ke.com
20240911,海淀,二里庄,101126275088,志新西路1号院 南北通透大两居  诚意出售,890万,93576元/平,底层 (共6层) 2室1厅 | 95.11平米 | 南 北,https://ke-image.ljcdn.com/110000-inspection/pc1_f3ZPsddgK.jpg!m_fill,w_280,h_210,f_jpg?from=ke.com
20240911,海淀,二里庄,101126177731,志新北里 2室1厅 南,310万,52543元/平,地下室 (共6层) 2室1厅 | 59平米 | 南,https://ke-image.ljcdn.com/110000-inspection/7bedde2b-eb8c-46bc-baa2-27c86a12fd24_1000.jpg!m_fill,w_280,h_210,f_jpg?from=ke.com
20240911,海淀,二里庄,101126130709,精装修一室一厅南北通透采光好安静,350万,74947元/平,顶层 (共6层) 1室1厅 | 46.7平米 | 南 北,https://ke-image.ljcdn.com/110000-inspection/91342b42-3416-411f-b490-279e28854659_1000.jpg!m_fill,w_280,h_210,f_jpg?from=ke.com
20240911,海淀,二里庄,101126130348,志新北里大客厅17平多户型方正,750万,91241元/平,顶层 (共6层) 3室1厅 | 82.2平米 | 南 北,https://ke-image.ljcdn.com/110000-inspection/264f0400-45a6-4283-9bfe-4edb6685f939_1000.jpg!m_fill,w_280,h_210,f_jpg?from=ke.com
20240911,海淀,二里庄,101126126012,此房南北通透满五年唯一户型布局合理有客厅,480万,52517元/平,地下室 (共6层) 3室1厅 | 91.4平米 | 南 北,https://ke-image.ljcdn.com/110000-inspection/pc1_FbDouEVAk.jpg!m_fill,w_280,h_210,f_jpg?from=ke.com
20240911,海淀,二里庄,101126118207,北京科技大学院长楼有电梯一梯两户南北通透诚心卖,2000万,153281元/平,中楼层 (共8层) 3室2厅 | 130.48平米 | 南 北,https://ke-image.ljcdn.com/110000-inspection/d096ee2c-88d2-4345-a585-f6dc6c916af5_1000.jpg!m_fill,w_280,h_210,f_jpg?from=ke.com
20240911,海淀,二里庄,101126117351,海淀健翔园大二居满五唯一安静宜居视野开阔可观西山,920万,95486元/平,中楼层 (共24层) 2室1厅 | 96.35平米 | 西北,https://ke-image.ljcdn.com/110000-inspection/pc1_TPgKFFXwJ.jpg!m_fill,w_280,h_210,f_jpg?from=ke.com
20240911,海淀,二里庄,101126114434,海淀区健翔园西南三居满五唯一安静宜居视野开阔,1050万,90261元/平,中楼层 (共24层) 3室2厅 | 116.33平米 | 西南,https://ke-image.ljcdn.com/110000-inspection/pc1_I3X3I8R2M.jpg!m_fill,w_280,h_210,f_jpg?from=ke.com
20240911,海淀,二里庄,101126108981,满五年唯一自住精装修全南采光好,535万,90220元/平,顶层 (共6层) 2室1厅 | 59.3平米 | 南,https://ke-image.ljcdn.com/110000-inspection/f401a561-2091-405c-8cd0-ca100383f668_1000.jpg!m_fill,w_280,h_210,f_jpg?from=ke.com
20240911,海淀,二里庄,101126098561,精装修两居满五唯一南北通透中间楼层采光视野好,529万,87729元/平,低楼层 (共6层) 2室1厅 | 60.3平米 | 南 北,https://ke-image.ljcdn.com/110000-inspection/pc1_jFZak5djj.jpg!m_fill,w_280,h_210,f_jpg?from=ke.com
20240911,海淀,二里庄,101126098132,科技大学南北通透三居室带电梯高楼层业主诚心出售,990万,116198元/平,顶层 (共12层) 3室1厅 | 85.2平米 | 南 北,https://ke-image.ljcdn.com/110000-inspection/pc1_35Ic99sc5.jpg!m_fill,w_280,h_210,f_jpg?from=ke.com
20240911,海淀,二里庄,101126072488,石油大院 1室1厅 南,465万,106897元/平,底层 (共6层) 1室1厅 | 43.5平米 | 南,https://ke-image.ljcdn.com/110000-inspection/331cd372-df1b-4ec1-b248-b4d9d4541bd3_1000.jpg!m_fill,w_280,h_210,f_jpg?from=ke.com
20240911,海淀,二里庄,101126070707,石油大院内满五年可对外交易全明三居室,1060万,109301元/平,底层 (共6层) 3室2厅 | 96.98平米 | 南 北,https://ke-image.ljcdn.com/110000-inspection/pc1_cjKmgPS2p.jpg!m_fill,w_280,h_210,f_jpg?from=ke.com
20240911,海淀,二里庄,101126059165,石油大院满五唯一高楼层视野好看房方便,410万,74969元/平,高楼层 (共6层) 2室1厅 | 54.69平米 | 东,https://ke-image.ljcdn.com/110000-inspection/pc1_Y7huy0D3I.jpg!m_fill,w_280,h_210,f_jpg?from=ke.com
20240911,海淀,二里庄,101126058663,二里庄干休所全明格局客厅对外有窗户看房方便,670万,95442元/平,底层 (共6层) 3室1厅 | 70.2平米 | 南 北,https://ke-image.ljcdn.com/110000-inspection/pc1_7tGpg1Xld.jpg!m_fill,w_280,h_210,f_jpg?from=ke.com
20240911,海淀,二里庄,101125953943,志新北里 南北通透两居室 产权清晰 随时签约,390万,69643元/平,地下室 (共6层) 2室1厅 | 56平米 | 南 北,https://ke-image.ljcdn.com/110000-inspection/pc1_aq8WTaRTn_1.jpg!m_fill,w_280,h_210,f_jpg?from=ke.com
20240911,海淀,二里庄,101125754851,满五年南北户型少有的复式楼龄新2006年建成,1388万,145280元/平,顶层 (共10层) 4室2厅 | 95.54平米 | 南 北,https://ke-image.ljcdn.com/110000-inspection/pc1_szpfKZJST_1.jpg!m_fill,w_280,h_210,f_jpg?from=ke.com
20240911,海淀,二里庄,101125713463,石油大院两居 可以对外出售 东西通透 满五年唯一,435万,69858元/平,顶层 (共6层) 2室1厅 | 62.27平米 | 东 西,https://ke-image.ljcdn.com/110000-inspection/pc1_4IUT40OGd_1.jpg!m_fill,w_280,h_210,f_jpg?from=ke.com
20240911,海淀,二里庄,101125583068,志新村小区 南北通透 精装修  双阳台 价格可谈,598万,76179元/平,顶层 (共6层) 3室1厅 | 78.5平米 | 南 北,https://ke-image.ljcdn.com/110000-inspection/4cc2576c-0df0-45c4-a556-45feb31065f2_1000.jpg!m_fill,w_280,h_210,f_jpg?from=ke.com
20240911,海淀,二里庄,101125456071,二里庄干休所 南北通透三居室 明厨明卫 停车方便,730万,101956元/平,顶层 (共6层) 3室1厅 | 71.6平米 | 南 北,https://ke-image.ljcdn.com/110000-inspection/pc1_zjpnWoEcr_1.jpg!m_fill,w_280,h_210,f_jpg?from=ke.com
20240911,海淀,二里庄,101125247379,科大校内三居电梯中间层楼龄新诚心出售,999万,101867元/平,高楼层 (共24层) 3室1厅 | 98.07平米 | 东南 北,https://ke-image.ljcdn.com/110000-inspection/2a912985-c859-467b-b72a-f71b11dea918_1000.jpg!m_fill,w_280,h_210,f_jpg?from=ke.com
20240911,海淀,二里庄,101125078362,二里庄北里1居室 户型方正 采光好 诚意出售,330万,66667元/平,顶层 (共6层) | 1994年 | 1室1厅 | 49.5平米 | 西,https://ke-image.ljcdn.com/110000-inspection/27dae79e-4c02-4d7b-937d-a220545172e0_1000.jpg!m_fill,w_280,h_210,f_jpg?from=ke.com
20240911,海淀,二里庄,101125068708,科技大学+南北通透+全名格局+诚心出售+看房有钥匙,565万,99123元/平,中楼层 (共5层) | 1977年 | 2室1厅 | 57平米 | 南 北,https://ke-image.ljcdn.com/110000-inspection/pc1_dzsjanqiQ.jpg!m_fill,w_280,h_210,f_jpg?from=ke.com
20240911,海淀,二里庄,101125066847,南北通透三居 中间楼层 采光和通风好 双阳台 精装房主自荐,496万,59331元/平,地下室 (共6层) 3室1厅 | 83.6平米 | 南 北,https://ke-image.ljcdn.com/110000-inspection/pc1_C4CzxmJK2.jpg!m_fill,w_280,h_210,f_jpg?from=ke.com
20240911,海淀,二里庄,101125064637,二里庄北里 南北朝向两居 精装修出售,495万,80883元/平,中楼层 (共6层) | 1994年 | 2室1厅 | 61.2平米 | 南 北,https://ke-image.ljcdn.com/110000-inspection/5f5cf08e-b34a-4a4c-bf70-b0e88cde0ecc_1000.jpg!m_fill,w_280,h_210,f_jpg?from=ke.com
20240911,海淀,二里庄,101125064438,科技大学 电梯房一居室 业主诚意出售,420万,113422元/平,低楼层 (共6层) 1室1厅 | 37.03平米 | 南,https://ke-image.ljcdn.com/110000-inspection/pc1_AzIKiWW1T.jpg!m_fill,w_280,h_210,f_jpg?from=ke.com
20240911,海淀,二里庄,101125064143,志新西路七号院+南北通透+大客厅+诚心出售+看房方,440万,60357元/平,地下室 (共6层) | 1995年 | 2室1厅 | 72.9平米 | 南 北,https://ke-image.ljcdn.com/110000-inspection/pc1_eF3QP4xDN_1.jpg!m_fill,w_280,h_210,f_jpg?from=ke.com
20240911,海淀,二里庄,101124944456,志新村塔楼带电梯一居室户型方正精装修。,460万,90374元/平,中楼层 (共18层) 1室1厅 | 50.9平米 | 南 北,https://ke-image.ljcdn.com/110000-inspection/2896a962-bc0d-477f-97fe-71bc87c22493_1000.jpg!m_fill,w_280,h_210,f_jpg?from=ke.com
20240911,海淀,二里庄,101124807737,太极小区   2居室  明厨明卫  通风好,598万,103820元/平,底层 (共5层) 2室1厅 | 57.6平米 | 南 北,https://ke-image.ljcdn.com/110000-inspection/9423bd89-0550-4351-acfe-ab71535e6c25_1000.jpg!m_fill,w_280,h_210,f_jpg?from=ke.com
20240911,海淀,二里庄,101124793601,海淀北四环 健翔园 精装修2居 视野好 满五唯一,780万,82340元/平,高楼层 (共24层) 2室1厅 | 94.73平米 | 东 南 北,https://ke-image.ljcdn.com/110000-inspection/pc1_zFYTZklR3.jpg!m_fill,w_280,h_210,f_jpg?from=ke.com
20240911,海淀,二里庄,101124783924,二里庄电梯直达一居室独立客厅格局方正产权清晰房主自荐,385万,81741元/平,低楼层 (共18层) 1室1厅 | 47.1平米 | 东南,https://ke-image.ljcdn.com/110000-inspection/8f71f76e-147e-4e62-93c5-3317781e482f_1000.jpg!m_fill,w_280,h_210,f_jpg?from=ke.com
20240911,海淀,二里庄,101124727589,石油大院两居室2000年满五年唯一随时看房,802万,92312元/平,低楼层 (共18层) 2室1厅 | 86.88平米 | 西南,https://ke-image.ljcdn.com/110000-inspection/pc1_9G1ajvARV.jpg!m_fill,w_280,h_210,f_jpg?from=ke.com
20240911,海淀,二里庄,101124718931,二里庄小区带电梯一居室户型好采光好,380万,81546元/平,低楼层 (共18层) 1室1厅 | 46.6平米 | 东,https://ke-image.ljcdn.com/110000-inspection/pc1_hVwRJKGGp_1.jpg!m_fill,w_280,h_210,f_jpg?from=ke.com
20240911,海淀,二里庄,101124491659,志新村 南北向 中间层2居 明卫 商品房 网签高房主自荐,560万,87775元/平,中楼层 (共6层) | 1989年 | 2室1厅 | 63.8平米 | 南 北,https://ke-image.ljcdn.com/110000-inspection/pc1_6dA7cVSHz.jpg!m_fill,w_280,h_210,f_jpg?from=ke.com
20240911,海淀,二里庄,101124367063,海淀区 健翔园 西/南/北2居 明卫  精装修 可观河景,750万,84852元/平,中楼层 (共24层) 2室1厅 | 88.39平米 | 西 南 北,https://ke-image.ljcdn.com/110000-inspection/pc1_6bHYGOdnz_1.jpg!m_fill,w_280,h_210,f_jpg?from=ke.com
20240911,海淀,二里庄,101124273473,健翔园 2000年商品房  东南北精装两居室 采光好房主自荐,880万,91079元/平,底层 (共24层) 2室1厅 | 96.62平米 | 东南 北,https://ke-image.ljcdn.com/110000-inspection/d83aa580-f0b0-4e2d-8f26-96602ae93e3a_1000.jpg!m_fill,w_280,h_210,f_jpg?from=ke.com
20240911,海淀,二里庄,101124238039,二里庄小区 中间位置 采光好 视野好,460万,82734元/平,高楼层 (共6层) | 1993年 | 2室1厅 | 55.6平米 | 南 东 西,https://ke-image.ljcdn.com/110000-inspection/pc1_r3FAkqQFg.jpg!m_fill,w_280,h_210,f_jpg?from=ke.com
20240911,海淀,二里庄,101124220257,二里庄北里+南向一居+诚心出售+老少皆宜,390万,93750元/平,底层 (共6层) 1室1厅 | 41.6平米 | 南,https://ke-image.ljcdn.com/110000-inspection/2db9a70c-8273-4d12-90dc-b9daa57365ca_1000.jpg!m_fill,w_280,h_210,f_jpg?from=ke.com
20240911,海淀,二里庄,101124132284,二里庄小区  低楼层 一居室  适合一家人居住,325万,80646元/平,底层 (共6层) 1室1厅 | 40.3平米 | 东北,https://ke-image.ljcdn.com/110000-inspection/a1f69a3a-2108-4aaa-860a-ade64faa22af_1000.jpg!m_fill,w_280,h_210,f_jpg?from=ke.com
20240911,海淀,二里庄,101124037745,志新村两居 带电梯 视野采光好 精装修 满五年唯一,520万,84416元/平,低楼层 (共18层) | 1994年 | 2室1厅 | 61.6平米 | 东南,https://ke-image.ljcdn.com/110000-inspection/a9b3375e-e09e-401e-8f39-2ab39a81ecca_1000.jpg!m_fill,w_280,h_210,f_jpg?from=ke.com
20240911,海淀,二里庄,101124014278,石油大院内可对外出售的两居南北通透明厨明卫,680万,112770元/平,低楼层 (共6层) | 1983年 | 2室1厅 | 60.3平米 | 南 北,https://ke-image.ljcdn.com/110000-inspection/pc1_B0nTqeQjE.jpg!m_fill,w_280,h_210,f_jpg?from=ke.com
20240911,海淀,二里庄,101123981983,石油青年园内电梯中间层满五年户型方正。,830万,106959元/平,高楼层 (共16层) 3室1厅 | 77.6平米 | 西南,https://ke-image.ljcdn.com/110000-inspection/pc1_2iMHf5Ft7.jpg!m_fill,w_280,h_210,f_jpg?from=ke.com
20240911,海淀,二里庄,101123970882,二里庄干休所 田字格小三居 南北通透 楼层好,680万,97842元/平,低楼层 (共6层) 3室1厅 | 69.5平米 | 南 北,https://ke-image.ljcdn.com/110000-inspection/pc1_vOhMqSuD6.jpg!m_fill,w_280,h_210,f_jpg?from=ke.com
20240911,海淀,二里庄,101123868070,志新北里三居室户型好全明格局看房有钥匙,520万,78788元/平,顶层 (共5层) 3室1厅 | 66平米 | 东 南 北,https://ke-image.ljcdn.com/110000-inspection/pc1_k8ISowg8n.jpg!m_fill,w_280,h_210,f_jpg?from=ke.com
20240911,海淀,二里庄,101123855617,志新北里  格局方正  两个客厅 格局方正房主自荐,460万,70770元/平,顶层 (共6层) 2室2厅 | 65平米 | 南 北,https://ke-image.ljcdn.com/110000-inspection/ae52236a-769d-4657-819c-277d9ef34746_1000.jpg!m_fill,w_280,h_210,f_jpg?from=ke.com
20240911,海淀,二里庄,101123855322,二里庄小区 中间层  有装修 诚意出售,460万,91817元/平,中楼层 (共6层) | 1993年 | 1室1厅 | 50.1平米 | 东,https://ke-image.ljcdn.com/110000-inspection/25fe5711-e7e2-402d-a63a-026222b39753_1000.jpg!m_fill,w_280,h_210,f_jpg?from=ke.com
20240911,海淀,二里庄,101123854796,石油二里庄南向一居室 小区中间位置  不临街,360万,85715元/平,顶层 (共6层) | 1993年 | 1室1厅 | 42平米 | 南,https://ke-image.ljcdn.com/110000-inspection/fe1ecc89-40d9-4c6c-b159-3d4f61cfdee2_1000.jpg!m_fill,w_280,h_210,f_jpg?from=ke.com
20240911,海淀,二里庄,101123669325,石油大院 南北通透大三居 全明格局 可对外出售,1042万,99523元/平,中楼层 (共6层) 3室2厅 | 104.7平米 | 南 北,https://ke-image.ljcdn.com/110000-inspection/pc1_2xqRJ5zjP.jpg!m_fill,w_280,h_210,f_jpg?from=ke.com
20240911,海淀,二里庄,101123667849,二里庄南北通透两居室无遮挡业主急售,445万,79864元/平,顶层 (共6层) 2室1厅 | 55.72平米 | 南 北,https://ke-image.ljcdn.com/110000-inspection/pc1_O4AB70STk.jpg!m_fill,w_280,h_210,f_jpg?from=ke.com
20240911,海淀,二里庄,101123666844,二里庄第四干休所三居室+满五年成本价房+随时看房,650万,92068元/平,顶层 (共6层) 3室1厅 | 70.6平米 | 南 北,https://ke-image.ljcdn.com/110000-inspection/c427cf55-89aa-4e70-a0e0-86f0aa522845_1000.jpg!m_fill,w_280,h_210,f_jpg?from=ke.com
20240911,海淀,二里庄,101123658331,科技大学院内 南北三居 全明格局 电梯直达,865万,100372元/平,中楼层 (共12层) 3室1厅 | 86.18平米 | 南 北,https://ke-image.ljcdn.com/110000-inspection/70a47631-e008-4aa6-bf05-286c37729136_1000.jpg!m_fill,w_280,h_210,f_jpg?from=ke.com
20240911,海淀,二里庄,101123611188,志新村 南北通透有客厅两居 中间层明厨明卫 不临街,490万,84193元/平,低楼层 (共6层) 2室1厅 | 58.2平米 | 南 北,https://ke-image.ljcdn.com/110000-inspection/pc1_Z4sioS82B.jpg!m_fill,w_280,h_210,f_jpg?from=ke.com
20240911,海淀,二里庄,101123591715,二里庄北里2居室 南北向 满五年唯一,570万,90910元/平,高楼层 (共6层) 2室1厅 | 62.7平米 | 南 北,https://ke-image.ljcdn.com/110000-inspection/a4e9d339-7688-4a56-9318-6f54c87ec05b_1000.jpg!m_fill,w_280,h_210,f_jpg?from=ke.com
20240911,海淀,二里庄,101123591418,科技大学总价少两居室明厨明卫看房方便诚意出售,450万,92861元/平,顶层 (共4层) 2室1厅 | 48.46平米 | 南 北,https://ke-image.ljcdn.com/110000-inspection/pc1_2YdU0ipMd.jpg!m_fill,w_280,h_210,f_jpg?from=ke.com
20240911,海淀,二里庄,101123559575,二里庄小区通透两居 低楼层 新改造房主自荐,498万,80194元/平,低楼层 (共6层) 2室1厅 | 62.1平米 | 东 西,https://ke-image.ljcdn.com/110000-inspection/ad87e093-ac74-447d-8f38-3b6f97c557d3_1000.jpg!m_fill,w_280,h_210,f_jpg?from=ke.com
20240911,海淀,二里庄,101123513630,学院路石油大院青年园2006年次新房南北3居诚意出售,1280万,105672元/平,底层 (共9层) | 2006年 | 3室2厅 | 121.13平米 | 南 北,https://ke-image.ljcdn.com/110000-inspection/pc1_0vxHcKkQd.jpg!m_fill,w_280,h_210,f_jpg?from=ke.com
20240911,海淀,二里庄,101123475334,健翔园东向大3居不临街大客厅双阳台,1050万,76963元/平,低楼层 (共24层) 3室1厅 | 136.43平米 | 东南,https://ke-image.ljcdn.com/110000-inspection/pc1_nlucTMrDj.jpg!m_fill,w_280,h_210,f_jpg?from=ke.com
20240911,海淀,二里庄,101123452273,二里庄小区 教育部家属楼 管理好 全明格局 诚心出售,850万,108557元/平,中楼层 (共18层) 3室1厅 | 78.3平米 | 东 南 西 北,https://ke-image.ljcdn.com/110000-inspection/d71182f7-96f2-4878-b95d-8b16b7189a34_1000.jpg!m_fill,w_280,h_210,f_jpg?from=ke.com
20240911,海淀,二里庄,101123325180,学院路志新北里满五唯一中间层南北精装3居随时看房主自荐,880万,105138元/平,低楼层 (共6层) 3室1厅 | 83.7平米 | 南 北,https://ke-image.ljcdn.com/110000-inspection/59a564c1-8e99-4014-803a-7b28a2dcf38a_1000.jpg!m_fill,w_280,h_210,f_jpg?from=ke.com
20240911,海淀,二里庄,101123309629,石油大院可以对外两居 全名格局 东西通透 满五年唯一,598万,90827元/平,中楼层 (共6层) 2室1厅 | 65.84平米 | 东 西,https://ke-image.ljcdn.com/110000-inspection/pc1_gT9le1zXh.jpg!m_fill,w_280,h_210,f_jpg?from=ke.com
20240911,海淀,二里庄,101123299007,南北通透三居室 楼栋位置好精装修 户型方正好利用,720万,89776元/平,顶层 (共6层) | 2000年 | 3室1厅 | 80.2平米 | 南 北,https://ke-image.ljcdn.com/110000-inspection/pc1_uG4wgWeJ3.jpg!m_fill,w_280,h_210,f_jpg?from=ke.com
20240911,海淀,二里庄,101123297431,志新西路七号院南北两居 大客厅,570万,90910元/平,顶层 (共6层) 2室1厅 | 62.7平米 | 南 北,https://ke-image.ljcdn.com/110000-inspection/5d734eb4-18ed-48e4-ae00-1c0ac338a724_1000.jpg!m_fill,w_280,h_210,f_jpg?from=ke.com
20240911,海淀,二里庄,101123296339,志新村精装一居 正南向 户型方正  拎包入住,339万,80142元/平,顶层 (共6层) | 1994年 | 1室1厅 | 42.3平米 | 南,https://ke-image.ljcdn.com/110000-inspection/pc1_IogZkUeRK.jpg!m_fill,w_280,h_210,f_jpg?from=ke.com
20240911,海淀,二里庄,101123162994,二里庄南向精装修两居满五年唯一业主诚心出售。,520万,83939元/平,高楼层 (共6层) 2室1厅 | 61.95平米 | 南,https://ke-image.ljcdn.com/110000-inspection/c4cef18c-ca8e-45da-a013-106e669bcccb_1000.jpg!m_fill,w_280,h_210,f_jpg?from=ke.com
20240911,海淀,二里庄,101123107983,健翔园  3居室  有电梯  大客厅,970万,82023元/平,低楼层 (共24层) 3室1厅 | 118.26平米 | 西南 北,https://ke-image.ljcdn.com/110000-inspection/81b14e8f-5db4-45f1-98f8-8fd0dd115a02_1000.jpg!m_fill,w_280,h_210,f_jpg?from=ke.com
20240911,海淀,二里庄,101123107764,志新村小区低层全明格局两居业主诚意出售,600万,93024元/平,底层 (共6层) 2室1厅 | 64.5平米 | 东 南 北,https://ke-image.ljcdn.com/110000-inspection/pc1_75SHoErCD_1.jpg!m_fill,w_280,h_210,f_jpg?from=ke.com
20240911,海淀,二里庄,101123013244,健翔园 满五唯一楼层高视野好采光较好层高高,660万,79605元/平,高楼层 (共24层) | 2001年 | 2室1厅 | 82.91平米 | 东 北,https://ke-image.ljcdn.com/110000-inspection/pc1_qOTvrjgib.jpg!m_fill,w_280,h_210,f_jpg?from=ke.com
20240911,海淀,二里庄,101122989543,二里庄小区 南北通透3居室 中间层 安静不临街 急售,790万,102359元/平,中楼层 (共6层) | 1993年 | 3室1厅 | 77.18平米 | 南 北,https://ke-image.ljcdn.com/110000-inspection/pc1_GzmDGKbw3_1.jpg!m_fill,w_280,h_210,f_jpg?from=ke.com
20240911,海淀,二里庄,101122986306,志新村小区 航天部家属楼 南北通透 明厨明卫,760万,88889元/平,高楼层 (共18层) | 1996年 | 3室1厅 | 85.5平米 | 南 北,https://ke-image.ljcdn.com/110000-inspection/pc1_xmWaP56sN_1.jpg!m_fill,w_280,h_210,f_jpg?from=ke.com
20240911,海淀,二里庄,101122985056,青年园内 宝石花物业 电梯房中高楼层 满五年精装修,380万,88786元/平,中楼层 (共16层) 1室1厅 | 42.8平米 | 南,https://ke-image.ljcdn.com/110000-inspection/pc1_bn8F8fpRO.jpg!m_fill,w_280,h_210,f_jpg?from=ke.com
20240911,海淀,二里庄,101122982550,石油大院青年园小三居低楼层看房随时,558万,98937元/平,底层 (共6层) 3室1厅 | 56.4平米 | 南 北,https://ke-image.ljcdn.com/110000-inspection/pc1_bwAJoOuvX.jpg!m_fill,w_280,h_210,f_jpg?from=ke.com
20240911,海淀,二里庄,101122693895,健翔园南向2居精装修满五唯一看房方便,770万,91493元/平,低楼层 (共24层) 2室1厅 | 84.16平米 | 南,https://ke-image.ljcdn.com/110000-inspection/7b85b2e8-dec4-42c3-9182-d383da022b71_1000.jpg!m_fill,w_280,h_210,f_jpg?from=ke.com
20240911,海淀,二里庄,101122522853,志新村 满五唯一 中间层 小区中间 有客厅 采光好,380万,76924元/平,高楼层 (共6层) | 1992年 | 1室1厅 | 49.4平米 | 南 西,https://ke-image.ljcdn.com/110000-inspection/pc1_lzGCS1Euh.jpg!m_fill,w_280,h_210,f_jpg?from=ke.com
20240911,海淀,二里庄,101122262105,志新村小区精装2居室电梯直达满五年唯一,540万,87663元/平,低楼层 (共18层) 2室1厅 | 61.6平米 | 南 东,https://ke-image.ljcdn.com/110000-inspection/pc1_ro4Qwhmzs.jpg!m_fill,w_280,h_210,f_jpg?from=ke.com
20240911,海淀,二里庄,101122108370,满五年唯一复式 业主诚意出售 看房提前联系 诚意出售,1490万,70201元/平,顶层 (共6层) 5室2厅 | 212.25平米 | 南 北,https://ke-image.ljcdn.com/110000-inspection/pc1_IPLl8HHLL.jpg!m_fill,w_280,h_210,f_jpg?from=ke.com
20240911,海淀,二里庄,101121630148,二里庄小区1居室 中高楼层电梯直达,539万,118202元/平,中楼层 (共18层) 1室1厅 | 45.6平米 | 东 南,https://ke-image.ljcdn.com/110000-inspection/pc1_Fvn1mujvg.jpg!m_fill,w_280,h_210,f_jpg?from=ke.com
20240911,海淀,二里庄,101121592097,满五年家庭唯一住宅有电梯采光和视野很好,503万,98822元/平,高楼层 (共18层) | 1993年 | 1室1厅 | 50.9平米 | 南,https://ke-image.ljcdn.com/110000-inspection/42cd9823-f38a-4ce3-b2e2-77608391375f_1000.jpg!m_fill,w_280,h_210,f_jpg?from=ke.com
20240911,海淀,二里庄,101121291841,石油大院南北两居采光视野好带客厅适合居住。,690万,105667元/平,高楼层 (共6层) 2室1厅 | 65.3平米 | 南 北,https://ke-image.ljcdn.com/110000-inspection/pc1_j0Fqyj5N5_1.jpg!m_fill,w_280,h_210,f_jpg?from=ke.com
20240911,海淀,二里庄,101121272813,志新北里满五年唯一商品房 有电梯 采光和视野很好,599万,84012元/平,底层 (共13层) 3室1厅 | 71.3平米 | 西 东,https://ke-image.ljcdn.com/110000-inspection/pc1_Ibi413iX9.jpg!m_fill,w_280,h_210,f_jpg?from=ke.com
20240911,海淀,二里庄,101121233939,志新北里 2室1厅 南,310万,58271元/平,地下室 (共6层) 2室1厅 | 53.2平米 | 南,https://ke-image.ljcdn.com/110000-inspection/pc1_VDNAzHYwr.jpg!m_fill,w_280,h_210,f_jpg?from=ke.com
20240911,海淀,二里庄,101121133615,志新北里南北通透三居双阳台采光好安静满五年不临街房主自荐,813万,93772元/平,顶层 (共6层) | 1995年 | 3室1厅 | 86.7平米 | 南 北,https://ke-image.ljcdn.com/110000-inspection/pc1_q0A8CSoTu_1.jpg!m_fill,w_280,h_210,f_jpg?from=ke.com
20240911,海淀,二里庄,101121088282,志新西路一号院复式 南北通透 户型方正 满五年唯一,1248万,77772元/平,顶层 (共6层) | 1999年 | 3室2厅 | 160.47平米 | 南 北,https://ke-image.ljcdn.com/110000-inspection/a0a230c6-9f7f-48a3-b722-dead4774b45a_1000.jpg!m_fill,w_280,h_210,f_jpg?from=ke.com
20240911,海淀,二里庄,101120997807,科大校内可对外出售精装双南2居房主自荐,495万,99960元/平,中楼层 (共4层) 2室1厅 | 49.52平米 | 南,https://ke-image.ljcdn.com/110000-inspection/pc1_VjYzAS7eF.jpg!m_fill,w_280,h_210,f_jpg?from=ke.com
20240911,海淀,二里庄,101120989833,志新村大客厅东南两居 视野开阔 阳光充足,499万,77365元/平,顶层 (共6层) 2室1厅 | 64.5平米 | 东 南 北,https://ke-image.ljcdn.com/110000-inspection/pc1_RPqVLOCYz.jpg!m_fill,w_280,h_210,f_jpg?from=ke.com
20240911,海淀,二里庄,101120568670,志新北里中间层南北通透两居有客厅,588万,97513元/平,中楼层 (共6层) | 1994年 | 2室1厅 | 60.3平米 | 南 北,https://ke-image.ljcdn.com/110000-inspection/df6f2102-36f5-4400-8386-7905db5f7fa4_1000.jpg!m_fill,w_280,h_210,f_jpg?from=ke.com
20240911,海淀,二里庄,101119960194,志新村南北通透全明格局方正户型通风采光好,696万,93549元/平,底层 (共6层) 3室1厅 | 74.4平米 | 南 北,https://ke-image.ljcdn.com/110000-inspection/90a34ef8-47c9-4d6c-bbf7-b5c2e36f0c73_1000.jpg!m_fill,w_280,h_210,f_jpg?from=ke.com
20240911,海淀,二里庄,101119337291,科技大学+南北通透+诚心出售+低楼层,530万,86602元/平,中楼层 (共5层) 2室1厅 | 61.2平米 | 南 北,https://ke-image.ljcdn.com/110000-inspection/5e973288-1baa-4013-b158-0bb29fde74f0_1000.jpg!m_fill,w_280,h_210,f_jpg?from=ke.com
20240911,海淀,二里庄,101119211006,石油大院  带电梯 两居室   户型方正,840万,96965元/平,高楼层 (共16层) 2室2厅 | 86.63平米 | 南,https://ke-image.ljcdn.com/110000-inspection/0f0d1372-6222-45c9-9b34-527e6c265791_1000.jpg!m_fill,w_280,h_210,f_jpg?from=ke.com
20240911,海淀,二里庄,101118556345,精装修可做婚房南向一居室业主诚意出售,395万,97052元/平,高楼层 (共6层) 1室1厅 | 40.7平米 | 南,https://ke-image.ljcdn.com/110000-inspection/05274373-86f2-4a61-9657-8e9505057738_1000.jpg!m_fill,w_280,h_210,f_jpg?from=ke.com
20240911,海淀,二里庄,101118000766,志新东路甲8号 板楼南北两居室 户型好采光好,520万,82540元/平,顶层 (共6层) 2室1厅 | 63平米 | 南 北,https://ke-image.ljcdn.com/110000-inspection/b64a5486-63ba-439d-a3f2-bfa66f139d8f_1000.jpg!m_fill,w_280,h_210,f_jpg?from=ke.com
20240911,海淀,二里庄,101117839907,地铁15号线石油大院院内石油附南北精装小3居,580万,102837元/平,低楼层 (共6层) 3室1厅 | 56.4平米 | 南 北,https://ke-image.ljcdn.com/110000-inspection/pc1_6eZtXOwzj.jpg!m_fill,w_280,h_210,f_jpg?from=ke.com
20240911,海淀,二里庄,101117834670,志新北里 大客厅两居室 业主诚意出售 随时签约,360万,54299元/平,地下室 (共6层) 2室1厅 | 66.3平米 | 南 北,https://ke-image.ljcdn.com/110000-inspection/pc1_oOXGGSBJv_1.jpg!m_fill,w_280,h_210,f_jpg?from=ke.com
20240911,海淀,二里庄,101126364119,二里庄小区 1室1厅 南新上,396万,94286元/平,中楼层 (共6层) | 1993年 | 1室1厅 | 42平米 | 南,https://s1.ljcdn.com/pegasus/redskull/images/common/default_house_list.png?_v=20240826145726
20240911,海淀,二里庄,101126315043,石油大院南北两居板楼中间层业主诚心出售,460万,85662元/平,中楼层 (共5层) 2室1厅 | 53.7平米 | 南 北,https://s1.ljcdn.com/pegasus/redskull/images/common/default_house_list.png?_v=20240826145726
20240911,海淀,二里庄,101126120649,志新村带电梯精装修高层两居室东南朝向采光通风好房主自荐,508万,82468元/平,高楼层 (共18层) | 1993年 | 2室1厅 | 61.6平米 | 东南,https://s1.ljcdn.com/pegasus/redskull/images/common/default_house_list.png?_v=20240826145726
20240911,海淀,二里庄,101126043066,志新西路七号院 3室1厅 南 北,680万,82726元/平,高楼层 (共6层) 3室1厅 | 82.2平米 | 南 北,https://s1.ljcdn.com/pegasus/redskull/images/common/default_house_list.png?_v=20240826145726
20240911,海淀,二里庄,101125912762,石油大院青年园内满五年唯一南北向两居室中间楼层,480万,89386元/平,中楼层 (共6层) 2室1厅 | 53.7平米 | 南,https://s1.ljcdn.com/pegasus/redskull/images/common/default_house_list.png?_v=20240826145726
20240911,海淀,二里庄,101125401935,学院路18号院内 南北通透 中间楼层  满五唯一,650万,114841元/平,中楼层 (共6层) 2室1厅 | 56.6平米 | 南 北,https://s1.ljcdn.com/pegasus/redskull/images/common/default_house_list.png?_v=20240826145726
20240911,海淀,二里庄,101123920481,科技大学 板楼带电梯三居室 全明格局 客厅带窗户,790万,102332元/平,顶层 (共6层) 3室1厅 | 77.2平米 | 东 南 北,https://s1.ljcdn.com/pegasus/redskull/images/common/default_house_list.png?_v=20240826145726
20240911,海淀,二里庄,101122998235,志新北里 中间楼层满五唯一 单价低,456万,69725元/平,中楼层 (共6层) 2室1厅 | 65.4平米 | 东,https://s1.ljcdn.com/pegasus/redskull/images/common/default_house_list.png?_v=20240826145726
20240911,海淀,二里庄,101122727772,健翔园 东南北向带客厅 大两居,680万,78988元/平,底层 (共24层) | 2001年 | 2室1厅 | 86.09平米 | 东南 北,https://s1.ljcdn.com/pegasus/redskull/images/common/default_house_list.png?_v=20240826145726
