20240911,西城,木樨地,101126452547,木樨地地铁复兴门外大街双南两居室必看好房,870万,145974元/平,中楼层 (共16层) 2室1厅 | 59.6平米 | 南,https://ke-image.ljcdn.com/110000-inspection/pc1_8Pdo9MqBw_1.jpg!m_fill,w_280,h_210,f_jpg?from=ke.com
20240911,西城,木樨地,101126371575,白云路七号院 1室1厅 南必看好房,535万,129228元/平,底层 (共6层) 1室1厅 | 41.4平米 | 南,https://ke-image.ljcdn.com/110000-inspection/pc1_YomgWaBIr_1.jpg!m_fill,w_280,h_210,f_jpg?from=ke.com
20240911,西城,木樨地,101126346597,木樨地北里 精装修一居室 朝南带电梯 拎包入住必看好房,620万,123506元/平,中楼层 (共16层) 1室1厅 | 50.2平米 | 南,https://ke-image.ljcdn.com/110000-inspection/1293d000-c6c0-44d5-913a-03a1501dcf46_1000.jpg!m_fill,w_280,h_210,f_jpg?from=ke.com
20240911,西城,木樨地,101126071399,机械部汽南小区优质三居室居住舒适。必看好房,749万,122586元/平,中楼层 (共5层) 3室1厅 | 61.1平米 | 东 西,https://ke-image.ljcdn.com/110000-inspection/pc1_DLNgODyzl_1.jpg!m_fill,w_280,h_210,f_jpg?from=ke.com
20240911,西城,木樨地,101125871098,木樨地西便门西里南北通透两居室必看好房,490万,92646元/平,底层 (共6层) 2室1厅 | 52.89平米 | 南 北,https://ke-image.ljcdn.com/110000-inspection/pc1_rgY0iylMl_1.jpg!m_fill,w_280,h_210,f_jpg?from=ke.com
20240911,西城,木樨地,101126465968,复兴门外大街 2室1厅 南必看好房,818万,141279元/平,中楼层 (共12层) 2室1厅 | 57.9平米 | 南,https://ke-image.ljcdn.com/110000-inspection/3fab3d57-ffef-4771-a6b0-37e42ea2f939_1000.jpg!m_fill,w_280,h_210,f_jpg?from=ke.com
20240911,西城,木樨地,101126161899,此房满五年电梯直达视野开阔随时签约必看好房,530万,89467元/平,中楼层 (共20层) 2室1厅 | 59.24平米 | 南 北,https://ke-image.ljcdn.com/110000-inspection/pc1_70km6SB5K_1.jpg!m_fill,w_280,h_210,f_jpg?from=ke.com
20240911,西城,木樨地,101125589460,广电总局西便门小区新上东南三居室管理好环境优美必看好房,1190万,158667元/平,低楼层 (共20层) 3室1厅 | 75平米 | 东南,https://ke-image.ljcdn.com/110000-inspection/pc1_tAad4Xmqq_1.jpg!m_fill,w_280,h_210,f_jpg?from=ke.com
20240911,西城,木樨地,101125529094,真武庙三里 正规两居室 中间楼层 交通便利诚心出售房主自荐,698万,131204元/平,中楼层 (共6层) 2室1厅 | 53.2平米 | 东,https://ke-image.ljcdn.com/110000-inspection/pc1_4Js2rtxti_1.jpg!m_fill,w_280,h_210,f_jpg?from=ke.com
20240911,西城,木樨地,101125445042,西便门东里 2室1厅 南必看好房,598万,82392元/平,高楼层 (共16层) 2室1厅 | 72.58平米 | 南,https://ke-image.ljcdn.com/110000-inspection/pc1_j6hbehIr0_2.jpg!m_fill,w_280,h_210,f_jpg?from=ke.com
20240911,西城,木樨地,101125289256,铁一区 南礼士路地铁 精装修 西便门外大街西里房主自荐,780万,114370元/平,顶层 (共4层) 2室2厅 | 68.2平米 | 东南,https://ke-image.ljcdn.com/110000-inspection/pc1_s3Yr8eTkm_1.jpg!m_fill,w_280,h_210,f_jpg?from=ke.com
20240911,西城,木樨地,101125085427,月坛木樨地  白云观 双南两居室 高楼层全天无遮挡,645万,121014元/平,顶层 (共6层) 2室1厅 | 53.3平米 | 南,https://ke-image.ljcdn.com/110000-inspection/pc1_mEWLYqEaU_1.jpg!m_fill,w_280,h_210,f_jpg?from=ke.com
20240911,西城,木樨地,101125038408,白云观北里南北通透精装修优质好房必看好房,760万,117830元/平,底层 (共6层) 2室1厅 | 64.5平米 | 南 北,https://ke-image.ljcdn.com/110000-inspection/pc1_aybZKtNPJ_1.jpg!m_fill,w_280,h_210,f_jpg?from=ke.com
20240911,西城,木樨地,101124924965,机械部汽南小区 中间楼层三居室 1990年板楼,820万,122572元/平,中楼层 (共6层) 3室1厅 | 66.9平米 | 东 西,https://ke-image.ljcdn.com/110000-inspection/pc1_328o5q5Kz_1.jpg!m_fill,w_280,h_210,f_jpg?from=ke.com
20240911,西城,木樨地,101124675607,月坛 满五年唯一南北通透户型方正采光好通风好必看好房,689万,122164元/平,中楼层 (共7层) 2室1厅 | 56.4平米 | 北 南,https://ke-image.ljcdn.com/110000-inspection/pc1_eW1rpeGQV_1.jpg!m_fill,w_280,h_210,f_jpg?from=ke.com
20240911,西城,木樨地,101124215035,温馨家园 新302 广电家属院 有食堂必看好房,1086万,157849元/平,中楼层 (共7层) 2室1厅 | 68.8平米 | 南 北,https://ke-image.ljcdn.com/110000-inspection/a4a76a3f-027b-4398-970f-904ef11e6bbe_1000.jpg!m_fill,w_280,h_210,f_jpg?from=ke.com
20240911,西城,木樨地,101123873917,白云观南北通透全明格局中间楼层业主诚意出售必看好房,660万,112628元/平,中楼层 (共5层) 2室1厅 | 58.6平米 | 南 北,https://ke-image.ljcdn.com/110000-inspection/pc1_YpqFxtD9F_1.jpg!m_fill,w_280,h_210,f_jpg?from=ke.com
20240911,西城,木樨地,101123842835,白云观街北里朝东一居室视野采光好很实用临公园必看好房,615万,116478元/平,低楼层 (共11层) | 1991年 | 1室1厅 | 52.8平米 | 东,https://ke-image.ljcdn.com/110000-inspection/pc1_uE9ctgscH_1.jpg!m_fill,w_280,h_210,f_jpg?from=ke.com
20240911,西城,木樨地,101123775552,月坛电梯三居 西南朝向 无遮挡视野好 明厨明卫,1069万,128796元/平,高楼层 (共18层) 3室1厅 | 83平米 | 南 西,https://ke-image.ljcdn.com/110000-inspection/pc1_9mBqnnmpH_1.jpg!m_fill,w_280,h_210,f_jpg?from=ke.com
20240911,西城,木樨地,101123771476,莲花池东路 精装修 带电梯 中间层 东南三居必看好房,1000万,116415元/平,中楼层 (共16层) | 1987年 | 3室1厅 | 85.9平米 | 东南,https://ke-image.ljcdn.com/110000-inspection/pc1_XAagWImcz_1.jpg!m_fill,w_280,h_210,f_jpg?from=ke.com
20240911,西城,木樨地,101123650846,西便门外大街 2室1厅 南 北,750万,135870元/平,中楼层 (共7层) 2室1厅 | 55.2平米 | 南 北,https://ke-image.ljcdn.com/110000-inspection/51485c35-3d47-4624-90fe-cee4b049ca59_1000.jpg!m_fill,w_280,h_210,f_jpg?from=ke.com
20240911,西城,木樨地,101123587219,店长推荐房源铁四区精装修优质三居室,812万,95194元/平,中楼层 (共4层) 3室1厅 | 85.3平米 | 东 西,https://ke-image.ljcdn.com/110000-inspection/pc1_c88bTLKCE_1.jpg!m_fill,w_280,h_210,f_jpg?from=ke.com
20240911,西城,木樨地,101123523141,苏式建筑 层高3.3米 南北通透格局 配套齐全交通便利必看好房,1630万,131984元/平,顶层 (共3层) 5室1厅 | 123.5平米 | 南 北,https://ke-image.ljcdn.com/110000-inspection/pc1_oyWKdIokv_1.jpg!m_fill,w_280,h_210,f_jpg?from=ke.com
20240911,西城,木樨地,101123460527,白云观北里正规朝西一居采光充足,599万,123506元/平,顶层 (共6层) | 1991年 | 1室1厅 | 48.5平米 | 西,https://ke-image.ljcdn.com/110000-inspection/pc1_uxoJL6BCQ_1.jpg!m_fill,w_280,h_210,f_jpg?from=ke.com
20240911,西城,木樨地,101123367858,汽南小区 机械部的家属院 电梯房 两间卧室南阳光充足,820万,135091元/平,中楼层 (共16层) 2室1厅 | 60.7平米 | 南 北,https://ke-image.ljcdn.com/110000-inspection/pc1_zuAZxSIEu_1.jpg!m_fill,w_280,h_210,f_jpg?from=ke.com
20240911,西城,木樨地,101122984078,木樨地朝南精装一居室带电梯视野好,554万,146175元/平,中楼层 (共17层) | 1991年 | 1室1厅 | 37.9平米 | 南,https://ke-image.ljcdn.com/110000-inspection/c2c6c168-51bf-47e9-89f9-e6cb701f3bf4_1000.jpg!m_fill,w_280,h_210,f_jpg?from=ke.com
20240911,西城,木樨地,101122961523,莲花池东路甲5号院有电梯楼龄新,998万,80961元/平,中楼层 (共28层) | 2007年 | 3室1厅 | 123.27平米 | 西,https://ke-image.ljcdn.com/110000-inspection/pc1_ryHPeZTDX_1.jpg!m_fill,w_280,h_210,f_jpg?from=ke.com
20240911,西城,木樨地,101122790412,真武庙 一室一厅 看房方便  拎包入住,609万,145000元/平,低楼层 (共6层) 1室1厅 | 42平米 | 东,https://ke-image.ljcdn.com/110000-inspection/pc1_p2prjeyfl.jpg!m_fill,w_280,h_210,f_jpg?from=ke.com
20240911,西城,木樨地,101121986089,河景房、全明格局、三年仅出一套、精装修全南向大两居房主自荐,898万,140533元/平,中楼层 (共16层) 2室1厅 | 63.9平米 | 南,https://ke-image.ljcdn.com/110000-inspection/pc1_YmOLIhaMr_1.jpg!m_fill,w_280,h_210,f_jpg?from=ke.com
20240911,西城,木樨地,101121706830,复兴门南大街 满五唯一 中高楼层 视野好 环境优美房主自荐,817万,137543元/平,高楼层 (共16层) 2室1厅 | 59.4平米 | 东 北,https://ke-image.ljcdn.com/110000-inspection/pc1_b4anleQGh_1.jpg!m_fill,w_280,h_210,f_jpg?from=ke.com
20240911,西城,木樨地,101126473002,铁一区 1室1厅 南新上,420万,111112元/平,地下室 (共6层) 1室1厅 | 37.8平米 | 南,https://ke-image.ljcdn.com/110000-inspection/pc1_l5U7Jl9aC_1.jpg!m_fill,w_280,h_210,f_jpg?from=ke.com
20240911,西城,木樨地,101126436740,莲花池东路 2室1厅 南新上,670万,118375元/平,低楼层 (共16层) 2室1厅 | 56.6平米 | 南,https://ke-image.ljcdn.com/110000-inspection/pc1_5mmps172Q.jpg!m_fill,w_280,h_210,f_jpg?from=ke.com
20240911,西城,木樨地,101126193818,带电梯三居室铁道部家属院朝向好楼龄新必看好房,980万,123426元/平,高楼层 (共18层) | 1989年 | 3室1厅 | 79.4平米 | 东南,https://ke-image.ljcdn.com/110000-inspection/pc1_E6Qj9EYrs_1.jpg!m_fill,w_280,h_210,f_jpg?from=ke.com
20240911,西城,木樨地,101126191783,月坛 木樨地 满五年唯一 户型方正,698万,145115元/平,中楼层 (共5层) 2室1厅 | 48.1平米 | 南 北,https://ke-image.ljcdn.com/110000-inspection/pc1_GFihp50z2_1.jpg!m_fill,w_280,h_210,f_jpg?from=ke.com
20240911,西城,木樨地,101126050916,复兴门外大街4号楼 房子满五年 电梯直达三居室必看好房,1130万,140025元/平,顶层 (共16层) 3室1厅 | 80.7平米 | 南 北,https://ke-image.ljcdn.com/110000-inspection/pc1_P22OP4uxN_1.jpg!m_fill,w_280,h_210,f_jpg?from=ke.com
20240911,西城,木樨地,101125973275,莲花池东路甲5号院 带电梯一居 楼层高 视野好必看好房,550万,116477元/平,中楼层 (共28层) | 2007年 | 1室0厅 | 47.22平米 | 北,https://ke-image.ljcdn.com/110000-inspection/pc1_N12jeZiQ6_1.jpg!m_fill,w_280,h_210,f_jpg?from=ke.com
20240911,西城,木樨地,101125759446,复兴门外大街 2室1厅 南 北,690万,126143元/平,中楼层 (共12层) 2室1厅 | 54.7平米 | 南 北,https://ke-image.ljcdn.com/110000-inspection/pc1_gkKsqqllI.jpg!m_fill,w_280,h_210,f_jpg?from=ke.com
20240911,西城,木樨地,101125609405,白云观街北里 带电梯南向两居室 1991年楼龄新必看好房,818万,109799元/平,中楼层 (共11层) | 1991年 | 2室1厅 | 74.5平米 | 南 东,https://ke-image.ljcdn.com/110000-inspection/pc1_stzTUTprm.jpg!m_fill,w_280,h_210,f_jpg?from=ke.com
20240911,西城,木樨地,101125413027,白云观街道北里南北通透三居室户型方正必看好房,950万,102592元/平,顶层 (共11层) | 1991年 | 3室1厅 | 92.6平米 | 南 北,https://ke-image.ljcdn.com/110000-inspection/pc1_IOIv7gEN3.jpg!m_fill,w_280,h_210,f_jpg?from=ke.com
20240911,西城,木樨地,101125356157,月坛 木樨地 电梯房三室 户型使用  可看 可签,779万,112736元/平,低楼层 (共16层) 3室1厅 | 69.1平米 | 东 西 北,https://ke-image.ljcdn.com/110000-inspection/pc1_IYKzLgCDg_1.jpg!m_fill,w_280,h_210,f_jpg?from=ke.com
20240911,西城,木樨地,101125325559,西便门外大街 3室1厅 东 西,860万,123263元/平,顶层 (共12层) 3室1厅 | 69.77平米 | 东 西,https://ke-image.ljcdn.com/110000-inspection/pc1_hU5mAEUGT_1.jpg!m_fill,w_280,h_210,f_jpg?from=ke.com
20240911,西城,木樨地,101125184314,西便门西里南北向两居有钥匙随时签约房主自荐,455万,82924元/平,高楼层 (共6层) 2室1厅 | 54.87平米 | 南 北,https://ke-image.ljcdn.com/110000-inspection/pc1_laOp4bJ6R_1.jpg!m_fill,w_280,h_210,f_jpg?from=ke.com
20240911,西城,木樨地,101125026816,真武庙五里三居室中间层出行便利必看好房,860万,95983元/平,中楼层 (共4层) 3室1厅 | 89.6平米 | 西 北,https://ke-image.ljcdn.com/110000-inspection/pc1_M9fxMKkKI_1.jpg!m_fill,w_280,h_210,f_jpg?from=ke.com
20240911,西城,木樨地,101124972366,木樨地 3室1厅 东 南 北,1280万,119963元/平,高楼层 (共16层) | 1987年 | 3室1厅 | 106.7平米 | 东 南 北,https://ke-image.ljcdn.com/110000-inspection/pc1_5r0Tijp8D_1.jpg!m_fill,w_280,h_210,f_jpg?from=ke.com
20240911,西城,木樨地,101124054927,南北向两居室采光好无遮挡业主诚售必看好房,770万,106797元/平,高楼层 (共6层) 2室1厅 | 72.1平米 | 南 北,https://ke-image.ljcdn.com/110000-inspection/pc1_WwF1wMn9K_1.jpg!m_fill,w_280,h_210,f_jpg?from=ke.com
20240911,西城,木樨地,101123024056,西便门西里 朝南挂西窗 全明格局 中间楼层正规一居必看好房,375万,87311元/平,中楼层 (共6层) | 1984年 | 1室1厅 | 42.95平米 | 西南,https://ke-image.ljcdn.com/110000-inspection/pc1_QrMcXuSQU_1.jpg!m_fill,w_280,h_210,f_jpg?from=ke.com
20240911,西城,木樨地,101126463786,真武庙六里 1室1厅 东 西新上,635万,146652元/平,中楼层 (共18层) | 1989年 | 1室1厅 | 43.3平米 | 东 西,https://ke-image.ljcdn.com/110000-inspection/pc1_La8mAu2zX_1.jpg!m_fill,w_280,h_210,f_jpg?from=ke.com
20240911,西城,木樨地,101126407052,温馨家园1号线五年不唯一央产房楼层好新上,858万,164054元/平,高楼层 (共18层) 1室1厅 | 52.3平米 | 南,https://ke-image.ljcdn.com/110000-inspection/pc1_aRrpe6ItV_1.jpg!m_fill,w_280,h_210,f_jpg?from=ke.com
20240911,西城,木樨地,101126388649,白云路七号院 满五唯一两居看房方便新上,790万,136679元/平,顶层 (共6层) | 1987年 | 2室1厅 | 57.8平米 | 东 西,https://ke-image.ljcdn.com/110000-inspection/e6771853-cb22-44de-9563-ee6b8ae01e0d_1000.jpg!m_fill,w_280,h_210,f_jpg?from=ke.com
20240911,西城,木樨地,101126385100,铁一区 2室1厅 南 北,836万,137500元/平,顶层 (共6层) 2室1厅 | 60.8平米 | 南 北,https://ke-image.ljcdn.com/110000-inspection/9454e0ad-be57-4bab-bd13-4dd664832b30_1000.jpg!m_fill,w_280,h_210,f_jpg?from=ke.com
20240911,西城,木樨地,101126381389,房子诚心出售 看房方便 格局方正 交通便利新上,665万,109556元/平,底层 (共4层) | 1957年 | 2室2厅 | 60.7平米 | 东南 南 北,https://ke-image.ljcdn.com/110000-inspection/pc1_19UaxjBdK_1.jpg!m_fill,w_280,h_210,f_jpg?from=ke.com
20240911,西城,木樨地,101126358795,铁一区 1室1厅 南,568万,142000元/平,顶层 (共6层) 1室1厅 | 40平米 | 南,https://ke-image.ljcdn.com/110000-inspection/pc1_5fTq4rwsa_1.jpg!m_fill,w_280,h_210,f_jpg?from=ke.com
20240911,西城,木樨地,101126351091,西便门西里 1室1厅 北房主自荐,349万,81983元/平,高楼层 (共6层) 1室1厅 | 42.57平米 | 北,https://ke-image.ljcdn.com/110000-inspection/pc1_qQAEvT7aB_2.jpg!m_fill,w_280,h_210,f_jpg?from=ke.com
20240911,西城,木樨地,101126314117,月坛满五年成本价购房 诚心出售 户型方正 采光好,739万,114574元/平,高楼层 (共6层) 2室1厅 | 64.5平米 | 南 北,https://ke-image.ljcdn.com/110000-inspection/pc1_3veqXUbjh_1.jpg!m_fill,w_280,h_210,f_jpg?from=ke.com
20240911,西城,木樨地,101126284584,带电梯 朝南 采光好 2居 人大单位分房,688万,93568元/平,低楼层 (共16层) 2室1厅 | 73.53平米 | 南,https://ke-image.ljcdn.com/110000-inspection/pc1_pJWCzJCKD_2.jpg!m_fill,w_280,h_210,f_jpg?from=ke.com
20240911,西城,木樨地,101126278737,独楼独院政法委家属院临河边精装修两居室,799万,118021元/平,低楼层 (共16层) 2室1厅 | 67.7平米 | 东 北,https://ke-image.ljcdn.com/110000-inspection/714e02e3-8a07-4856-a794-fd8384a529a6_1000.jpg!m_fill,w_280,h_210,f_jpg?from=ke.com
20240911,西城,木樨地,101126278280,北滨河路2号院 广电部宿舍 户型好 两梯五户,938万,153268元/平,中楼层 (共16层) 2室1厅 | 61.2平米 | 东北,https://ke-image.ljcdn.com/110000-inspection/pc1_1pUqp7jVn_1.jpg!m_fill,w_280,h_210,f_jpg?from=ke.com
20240911,西城,木樨地,101126243933,此房满五唯一商品房性质交易灵活简单随时签约。,538万,145800元/平,中楼层 (共5层) 1室1厅 | 36.9平米 | 南,https://ke-image.ljcdn.com/110000-inspection/pc1_6bf7aO6T3_1.jpg!m_fill,w_280,h_210,f_jpg?from=ke.com
20240911,西城,木樨地,101126241265,真武庙二里 3室1厅 东 南房主自荐,1130万,135168元/平,顶层 (共18层) 3室1厅 | 83.6平米 | 东 南,https://ke-image.ljcdn.com/110000-inspection/pc1_91Ji9hjlV_1.jpg!m_fill,w_280,h_210,f_jpg?from=ke.com
20240911,西城,木樨地,101126218405,真武庙六里 2室1厅 东,491万,90092元/平,地下室 (共18层) | 1989年 | 2室1厅 | 54.5平米 | 东,https://ke-image.ljcdn.com/110000-inspection/30d2f3fc-65eb-4532-80b5-0edd90fa4fae_1000.jpg!m_fill,w_280,h_210,f_jpg?from=ke.com
20240911,西城,木樨地,101126190646,机械部 适合改善刚需 三居 南北 电梯,1100万,144928元/平,中楼层 (共16层) | 1982年 | 3室1厅 | 75.9平米 | 南 北,https://ke-image.ljcdn.com/110000-inspection/pc1_GsCfz2DKD_1.jpg!m_fill,w_280,h_210,f_jpg?from=ke.com
20240911,西城,木樨地,101126173678,1991年板楼东西通透精装不临街 产权清晰户型方正,720万,106352元/平,顶层 (共6层) 2室1厅 | 67.7平米 | 东 西,https://ke-image.ljcdn.com/110000-inspection/pc1_ieOPGUzAi_1.jpg!m_fill,w_280,h_210,f_jpg?from=ke.com
20240911,西城,木樨地,101126164555,西便门外大街 2室1厅 南 北,960万,144644元/平,中楼层 (共12层) 2室1厅 | 66.37平米 | 南 北,https://ke-image.ljcdn.com/110000-inspection/pc1_9sCgpot6z_1.jpg!m_fill,w_280,h_210,f_jpg?from=ke.com
20240911,西城,木樨地,101126112050,西城月坛 白云观北里 92年楼龄新,435万,97316元/平,地下室 (共6层) 1室1厅 | 44.7平米 | 西,https://ke-image.ljcdn.com/110000-inspection/pc1_k3Ie79jIY_1.jpg!m_fill,w_280,h_210,f_jpg?from=ke.com
20240911,西城,木樨地,101126111607,白云路七号院 2室1厅 东 西,720万,124568元/平,低楼层 (共6层) 2室1厅 | 57.8平米 | 东 西,https://ke-image.ljcdn.com/110000-inspection/pc1_evZv8QxWd_1.jpg!m_fill,w_280,h_210,f_jpg?from=ke.com
20240911,西城,木樨地,101126108114,白云观 1室1厅 南,650万,134021元/平,底层 (共6层) | 1991年 | 1室1厅 | 48.5平米 | 南,https://ke-image.ljcdn.com/110000-inspection/pc1_sf0nLNd0m_1.jpg!m_fill,w_280,h_210,f_jpg?from=ke.com
20240911,西城,木樨地,101126069059,电梯楼采光充足配套齐全交通便利,890万,170173元/平,顶层 (共18层) 1室1厅 | 52.3平米 | 南,https://ke-image.ljcdn.com/110000-inspection/927bac04-296b-4b2d-a1b0-c6ffd28b0409_1000.jpg!m_fill,w_280,h_210,f_jpg?from=ke.com
20240911,西城,木樨地,101126067588,月坛 莲花池东路 出行便利 视野开阔,650万,154762元/平,顶层 (共16层) | 1987年 | 1室1厅 | 42平米 | 南,https://ke-image.ljcdn.com/110000-inspection/pc1_SW85tT3hU_1.jpg!m_fill,w_280,h_210,f_jpg?from=ke.com
20240911,西城,木樨地,101126053173,木樨地 板楼带电梯 南北通透2居 房管局家属院,690万,119171元/平,低楼层 (共6层) 2室1厅 | 57.9平米 | 南 北,https://ke-image.ljcdn.com/110000-inspection/pc1_fxo98lJ31_1.jpg!m_fill,w_280,h_210,f_jpg?from=ke.com
20240911,西城,木樨地,101126002139,莲花池东路甲5号院小区环境好居住舒适。,520万,130654元/平,中楼层 (共5层) 1室1厅 | 39.8平米 | 南,https://ke-image.ljcdn.com/110000-inspection/pc1_3xszg3aZ0_1.jpg!m_fill,w_280,h_210,f_jpg?from=ke.com
20240911,西城,木樨地,101125990090,白云观西向一室一厅满五唯一户型方正采光好无遮挡,720万,148454元/平,中楼层 (共6层) | 1991年 | 1室1厅 | 48.5平米 | 西,https://ke-image.ljcdn.com/110000-inspection/pc1_b1M1QWjrD_1.jpg!m_fill,w_280,h_210,f_jpg?from=ke.com
20240911,西城,木樨地,101125981414,月坛商圈 满二年楼层好层高3.3米精装修,638万,123884元/平,中楼层 (共4层) 2室1厅 | 51.5平米 | 西,https://ke-image.ljcdn.com/110000-inspection/1224fec9-1a61-4833-9422-d4dd8559284f_1000.jpg!m_fill,w_280,h_210,f_jpg?from=ke.com
20240911,西城,木樨地,101125977331,木樨地 2室1厅 南,985万,129606元/平,高楼层 (共16层) 2室1厅 | 76平米 | 南,https://ke-image.ljcdn.com/110000-inspection/4cfa4a55-1d98-4eef-989e-c64062a6341c_1000.jpg!m_fill,w_280,h_210,f_jpg?from=ke.com
20240911,西城,木樨地,101125962978,汽北小区 车位多 不临街 环境好,680万,118674元/平,底层 (共3层) | 1950年 | 2室1厅 | 57.3平米 | 南 北,https://ke-image.ljcdn.com/110000-inspection/pc1_Tw7rxkydL_1.jpg!m_fill,w_280,h_210,f_jpg?from=ke.com
20240911,西城,木樨地,101125960642,满五唯一央产房带电梯全南两居楼下就是地铁口,920万,140673元/平,高楼层 (共16层) 2室1厅 | 65.4平米 | 南 北,https://ke-image.ljcdn.com/110000-inspection/81d0d703-92ac-468c-b62d-abcd9d50ade1_1000.jpg!m_fill,w_280,h_210,f_jpg?from=ke.com
20240911,西城,木樨地,101125959815,机械部汽南小区双南两居室采光好,668万,131238元/平,顶层 (共5层) 2室1厅 | 50.9平米 | 南,https://ke-image.ljcdn.com/110000-inspection/daf2d025-b905-427b-833a-90f38f25f38c_1000.jpg!m_fill,w_280,h_210,f_jpg?from=ke.com
20240911,西城,木樨地,101125932915,白云观北里小区优质一居室环境优美居住舒适。,635万,130928元/平,低楼层 (共6层) | 1991年 | 1室1厅 | 48.5平米 | 西,https://ke-image.ljcdn.com/110000-inspection/f2cdd48b-86a8-44c9-89b8-7313afd94e9e_1000.jpg!m_fill,w_280,h_210,f_jpg?from=ke.com
20240911,西城,木樨地,101125860368,北滨河路2号院 2室1厅 南 北,1180万,172768元/平,低楼层 (共6层) 2室1厅 | 68.3平米 | 南 北,https://ke-image.ljcdn.com/110000-inspection/pc1_6um62SwOa_1.jpg!m_fill,w_280,h_210,f_jpg?from=ke.com
20240911,西城,木樨地,101125813228,此房满五不唯一央产房楼龄新诚心出售,1170万,126624元/平,底层 (共18层) 3室1厅 | 92.4平米 | 东 西,https://ke-image.ljcdn.com/110000-inspection/e66fdad5-a9b9-41e5-b0ba-d51d5021b404_1000.jpg!m_fill,w_280,h_210,f_jpg?from=ke.com
20240911,西城,木樨地,101125671758,白云观  南北通透三居  板楼通风好,865万,134946元/平,底层 (共5层) 3室1厅 | 64.1平米 | 南 北,https://ke-image.ljcdn.com/110000-inspection/pc1_8p5Oh9DLo_1.jpg!m_fill,w_280,h_210,f_jpg?from=ke.com
20240911,西城,木樨地,101125582137,白云观街南里南向两居 环境好 采光好 视野开阔,695万,130394元/平,顶层 (共6层) 2室1厅 | 53.3平米 | 南,https://ke-image.ljcdn.com/110000-inspection/pc1_w1b1qJL3i_1.jpg!m_fill,w_280,h_210,f_jpg?from=ke.com
20240911,西城,木樨地,101125527854,木樨地 西便门西里 电梯直达 不临街,590万,109320元/平,中楼层 (共20层) | 1983年 | 2室1厅 | 53.97平米 | 东南,https://ke-image.ljcdn.com/110000-inspection/pc1_Ezfo8yXBO_1.jpg!m_fill,w_280,h_210,f_jpg?from=ke.com
20240911,西城,木樨地,101125516811,此房满五不唯一楼龄新采光充足,1130万,127253元/平,低楼层 (共19层) 3室1厅 | 88.8平米 | 东南 北,https://ke-image.ljcdn.com/110000-inspection/pc1_qsEE59ZZA_1.jpg!m_fill,w_280,h_210,f_jpg?from=ke.com
20240911,西城,木樨地,101125509685,木樨地 西便门西里 电梯房 户型方正房主自荐,635万,97259元/平,中楼层 (共14层) | 1991年 | 2室1厅 | 65.29平米 | 东 西 北,https://ke-image.ljcdn.com/110000-inspection/pc1_5HiY2Dnbo_1.jpg!m_fill,w_280,h_210,f_jpg?from=ke.com
20240911,西城,木樨地,101125493963,铁一区 1室1厅 南,588万,147000元/平,顶层 (共6层) | 1982年 | 1室1厅 | 40平米 | 南,https://ke-image.ljcdn.com/110000-inspection/8b3e0986-52de-46b8-8308-f039340a9b5c_1000.jpg!m_fill,w_280,h_210,f_jpg?from=ke.com
20240911,西城,木樨地,101125456033,铁四区 2室1厅 北,653万,126797元/平,中楼层 (共4层) 2室1厅 | 51.5平米 | 北,https://ke-image.ljcdn.com/110000-inspection/pc1_xsN7gOXPz_1.jpg!m_fill,w_280,h_210,f_jpg?from=ke.com
20240911,西城,木樨地,101125444140,汽南小区 2室1厅 东 西,690万,122124元/平,中楼层 (共5层) | 1960年 | 2室1厅 | 56.5平米 | 东 西,https://ke-image.ljcdn.com/110000-inspection/pc1_9hZSjbqMP_1.jpg!m_fill,w_280,h_210,f_jpg?from=ke.com
20240911,西城,木樨地,101125390625,视野无遮挡。带电梯朝南近地铁。,680万,139345元/平,中楼层 (共20层) | 1990年 | 1室1厅 | 48.8平米 | 南,https://ke-image.ljcdn.com/110000-inspection/pc1_bpAquOGxU_1.jpg!m_fill,w_280,h_210,f_jpg?from=ke.com
20240911,西城,木樨地,101125360102,汽南小区 1996年 电梯 不临街 环境好 车位多,1100万,129108元/平,中楼层 (共14层) 3室1厅 | 85.2平米 | 东 南,https://ke-image.ljcdn.com/110000-inspection/pc1_ZlOnzwVjX_1.jpg!m_fill,w_280,h_210,f_jpg?from=ke.com
20240911,西城,木樨地,101125299236,紧挨着昆玉河 99年新楼 有电梯 改造过小区环境好,970万,139770元/平,中楼层 (共14层) 2室1厅 | 69.4平米 | 东 西,https://ke-image.ljcdn.com/110000-inspection/16c21aed-c3fd-4b51-96a3-93869b63c299_1000.jpg!m_fill,w_280,h_210,f_jpg?from=ke.com
20240911,西城,木樨地,101125292773,木樨地  白云观 南北带阳台 格局方正,620万,107082元/平,地下室 (共6层) | 1991年 | 2室1厅 | 57.9平米 | 南 北,https://ke-image.ljcdn.com/110000-inspection/7155ce91-2e42-4ff9-827d-87a3057134bc_1000.jpg!m_fill,w_280,h_210,f_jpg?from=ke.com
20240911,西城,木樨地,101125288970,木樨地 2室1厅 南 北,960万,155089元/平,顶层 (共16层) | 1986年 | 2室1厅 | 61.9平米 | 南 北,https://ke-image.ljcdn.com/110000-inspection/pc1_YPVSsehs6_1.jpg!m_fill,w_280,h_210,f_jpg?from=ke.com
20240911,西城,木樨地,101125286790,机械部家属院 板楼东西通透 小区做过改造环境好,786万,139858元/平,中楼层 (共6层) | 1988年 | 2室1厅 | 56.2平米 | 东 西,https://ke-image.ljcdn.com/110000-inspection/pc1_klW2Qd50y_1.jpg!m_fill,w_280,h_210,f_jpg?from=ke.com
20240911,西城,木樨地,101125214489,汽南小区 满五年三居 南北通透 楼层好 户型方正,778万,138929元/平,中楼层 (共5层) 3室1厅 | 56平米 | 南 北,https://ke-image.ljcdn.com/110000-inspection/pc1_rTcjt2MeP_1.jpg!m_fill,w_280,h_210,f_jpg?from=ke.com
20240911,西城,木樨地,101125213894,木樨地 2室2厅 西南房主自荐,778万,130537元/平,中楼层 (共18层) | 1990年 | 2室2厅 | 59.6平米 | 西南,https://ke-image.ljcdn.com/110000-inspection/c8bdf5db-689c-4e83-a332-588f51ade52c_1000.jpg!m_fill,w_280,h_210,f_jpg?from=ke.com
20240911,西城,木樨地,101125158755,西便门东里 南北通透全明格局两居 精装修 低楼层,530万,106963元/平,低楼层 (共6层) 2室1厅 | 49.55平米 | 南 北,https://ke-image.ljcdn.com/110000-inspection/pc1_QETkdxFpu_1.jpg!m_fill,w_280,h_210,f_jpg?from=ke.com
20240911,西城,木樨地,101125137942,全总家属楼.南向两居.电梯房采光好,800万,140846元/平,低楼层 (共16层) 2室1厅 | 56.8平米 | 南 北,https://ke-image.ljcdn.com/110000-inspection/pc1_hmqtqltG1_1.jpg!m_fill,w_280,h_210,f_jpg?from=ke.com
20240911,西城,木樨地,101125083584,真武庙 南北通透年代新精装修满五年唯一房主自荐,768万,136171元/平,底层 (共7层) | 1992年 | 2室1厅 | 56.4平米 | 南 北,https://ke-image.ljcdn.com/110000-inspection/pc1_AOCKgBgxx_1.jpg!m_fill,w_280,h_210,f_jpg?from=ke.com
20240911,西城,木樨地,101125052191,白云观南里 南北向 不临街无遮挡,730万,132970元/平,中楼层 (共6层) 2室1厅 | 54.9平米 | 南 北,https://ke-image.ljcdn.com/110000-inspection/pc1_9fzUyeiCI_1.jpg!m_fill,w_280,h_210,f_jpg?from=ke.com
20240911,西城,木樨地,101125051113,国务院宿舍 5室1厅 南 北,2200万,159305元/平,低楼层 (共3层) 5室1厅 | 138.1平米 | 南 北,https://ke-image.ljcdn.com/110000-inspection/pc1_aN06qwvQr.jpg!m_fill,w_280,h_210,f_jpg?from=ke.com
20240911,西城,木樨地,101125046445,木樨地 地铁 南北通透 环境好2层,799万,116984元/平,低楼层 (共6层) 3室1厅 | 68.3平米 | 南 北,https://ke-image.ljcdn.com/110000-inspection/4a87bb95-a524-4eca-8b29-98664fcf1cb4_1000.jpg!m_fill,w_280,h_210,f_jpg?from=ke.com
20240911,西城,木樨地,101124973900,月坛 2居 满五唯一 中间层 全明格局 精装修,798万,145091元/平,中楼层 (共7层) 2室1厅 | 55平米 | 南,https://ke-image.ljcdn.com/110000-inspection/pc1_DE6j9NbO5_1.jpg!m_fill,w_280,h_210,f_jpg?from=ke.com
20240911,西城,木樨地,101124947917,西便门西里 2室1厅 南 北,500万,86821元/平,顶层 (共6层) 2室1厅 | 57.59平米 | 南 北,https://ke-image.ljcdn.com/110000-inspection/pc1_AjNtpWwdZ_1.jpg!m_fill,w_280,h_210,f_jpg?from=ke.com
20240911,西城,木樨地,101124928686,真武庙头条四号院 4室1厅 南 北 西,2390万,201859元/平,顶层 (共2层) 4室1厅 | 118.4平米 | 南 北 西,https://ke-image.ljcdn.com/110000-inspection/pc1_RP26GCs1u_1.jpg!m_fill,w_280,h_210,f_jpg?from=ke.com
20240911,西城,木樨地,101124783838,板楼三层南北通透  精装三居 房本满五年唯一,899万,141799元/平,中楼层 (共6层) 3室1厅 | 63.4平米 | 南 北,https://ke-image.ljcdn.com/110000-inspection/pc1_Ps7da7B9M_1.jpg!m_fill,w_280,h_210,f_jpg?from=ke.com
20240911,西城,木樨地,101124738810,汽北小区环境优美 管理完善 2000年的房子楼龄,899万,129539元/平,顶层 (共14层) 2室1厅 | 69.4平米 | 东 西,https://ke-image.ljcdn.com/110000-inspection/pc1_7AhuoTqz8_1.jpg!m_fill,w_280,h_210,f_jpg?from=ke.com
20240911,西城,木樨地,101124736428,木樨地 西便门东里 电梯直达 随时签约,699万,96308元/平,高楼层 (共16层) 2室1厅 | 72.58平米 | 南,https://ke-image.ljcdn.com/110000-inspection/pc1_04uZaMYG2_1.jpg!m_fill,w_280,h_210,f_jpg?from=ke.com
20240911,西城,木樨地,101124701463,铁四区 3室1厅 东 西,858万,95017元/平,底层 (共4层) 3室1厅 | 90.3平米 | 东 西,https://ke-image.ljcdn.com/110000-inspection/pc1_T0Wct4H8p_1.jpg!m_fill,w_280,h_210,f_jpg?from=ke.com
20240911,西城,木樨地,101124620858,店长推荐 真武庙四里 中楼层 视野好 采光好,785万,100900元/平,中楼层 (共4层) 3室1厅 | 77.8平米 | 东 西 北,https://ke-image.ljcdn.com/110000-inspection/pc1_J4gQS4crC_1.jpg!m_fill,w_280,h_210,f_jpg?from=ke.com
20240911,西城,木樨地,101124576604,月坛 带电梯 铁道部央产房 诚心出售房主自荐,830万,114011元/平,低楼层 (共18层) 2室1厅 | 72.8平米 | 南,https://ke-image.ljcdn.com/110000-inspection/pc1_Nhj7OjECD_1.jpg!m_fill,w_280,h_210,f_jpg?from=ke.com
20240911,西城,木樨地,101124572776,机械部家属院 带电梯南北通透三居 前后不临街 小区,950万,135909元/平,中楼层 (共16层) 3室1厅 | 69.9平米 | 南 北,https://ke-image.ljcdn.com/110000-inspection/pc1_gqvxmDLbn_1.jpg!m_fill,w_280,h_210,f_jpg?from=ke.com
20240911,西城,木樨地,101124559547,此房满五年商品房户型好东西朝向,1299万,124701元/平,中楼层 (共4层) 3室2厅 | 104.17平米 | 东 西,https://ke-image.ljcdn.com/110000-inspection/pc1_vXWUULcRE.jpg!m_fill,w_280,h_210,f_jpg?from=ke.com
20240911,西城,木樨地,101124558105,铁四区 3室1厅 南 北,998万,96988元/平,中楼层 (共4层) 3室1厅 | 102.9平米 | 南 北,https://ke-image.ljcdn.com/110000-inspection/pc1_BZGIolzeY_1.jpg!m_fill,w_280,h_210,f_jpg?from=ke.com
20240911,西城,木樨地,101124540960,月坛 三里河 复兴门外大街 小三居 南北通透,880万,138148元/平,底层 (共12层) 3室1厅 | 63.7平米 | 南 北,https://ke-image.ljcdn.com/110000-inspection/pc1_YKm0keroq_1.jpg!m_fill,w_280,h_210,f_jpg?from=ke.com
20240911,西城,木樨地,101124526316,复兴门外大街 3室1厅 南,1175万,143996元/平,中楼层 (共16层) 3室1厅 | 81.6平米 | 南,https://ke-image.ljcdn.com/110000-inspection/pc1_rF8adNnSr_1.jpg!m_fill,w_280,h_210,f_jpg?from=ke.com
20240911,西城,木樨地,101124516872,真武庙三里 一居 低楼层 位置好  白云路停车方便,528万,155295元/平,底层 (共6层) 1室1厅 | 34平米 | 南,https://ke-image.ljcdn.com/110000-inspection/pc1_euwerjB79_1.jpg!m_fill,w_280,h_210,f_jpg?from=ke.com
20240911,西城,木樨地,101124352146,广电总局西便门小区+有电梯三居室+月坛+人车分流,1616万,158277元/平,低楼层 (共16层) 3室1厅 | 102.1平米 | 西南,https://ke-image.ljcdn.com/110000-inspection/pc1_lNDx5v0Hf_1.jpg!m_fill,w_280,h_210,f_jpg?from=ke.com
20240911,西城,木樨地,101124327866,国务院宿舍 4室2厅 南 北,1690万,146194元/平,中楼层 (共4层) 4室2厅 | 115.6平米 | 南 北,https://ke-image.ljcdn.com/110000-inspection/pc1_qQOTpgXal_1.jpg!m_fill,w_280,h_210,f_jpg?from=ke.com
20240911,西城,木樨地,101124175343,铁四区 苏联建筑 层高3.3米 无遮挡 采光好房主自荐,1650万,133172元/平,低楼层 (共3层) 5室1厅 | 123.9平米 | 东 西,https://ke-image.ljcdn.com/110000-inspection/pc1_JQllpGBAD_1.jpg!m_fill,w_280,h_210,f_jpg?from=ke.com
20240911,西城,木樨地,101124158721,月坛房源 卫生间干湿分离  双南向 大阳台,749万,116849元/平,低楼层 (共16层) 2室1厅 | 64.1平米 | 南,https://ke-image.ljcdn.com/110000-inspection/pc1_PL1Tzd8wS_1.jpg!m_fill,w_280,h_210,f_jpg?from=ke.com
20240911,西城,木樨地,101124157514,铁道部家属楼   1995年楼 改造过,660万,142549元/平,高楼层 (共6层) 1室1厅 | 46.3平米 | 南,https://ke-image.ljcdn.com/110000-inspection/pc1_tJCQTINfS_1.jpg!m_fill,w_280,h_210,f_jpg?from=ke.com
20240911,西城,木樨地,101124129975,铁一区 南礼士路 南北通透 楼龄新 不临街,889万,139342元/平,顶层 (共6层) 2室1厅 | 63.8平米 | 南 北,https://ke-image.ljcdn.com/110000-inspection/pc1_FN43G5xU5_1.jpg!m_fill,w_280,h_210,f_jpg?from=ke.com
20240911,西城,木樨地,101124123130,西便门东里 1室1厅 东,430万,100774元/平,高楼层 (共16层) 1室1厅 | 42.67平米 | 东,https://ke-image.ljcdn.com/110000-inspection/pc1_xwVZI79Sd_1.jpg!m_fill,w_280,h_210,f_jpg?from=ke.com
20240911,西城,木樨地,101124089797,真武庙头条南向一居室1号线南礼士路,660万,172324元/平,底层 (共6层) 1室1厅 | 38.3平米 | 南,https://ke-image.ljcdn.com/110000-inspection/pc1_7URuJ21h5_1.jpg!m_fill,w_280,h_210,f_jpg?from=ke.com
20240911,西城,木樨地,101124081687,复兴门外大街正规双面朝南两居带电梯,695万,131879元/平,中楼层 (共12层) 2室1厅 | 52.7平米 | 南,https://ke-image.ljcdn.com/110000-inspection/pc1_nZ83vg5XM_1.jpg!m_fill,w_280,h_210,f_jpg?from=ke.com
20240911,西城,木樨地,101124074090,白云观南北通透 优质两居 中间层,720万,129264元/平,中楼层 (共5层) 2室1厅 | 55.7平米 | 南 北,https://ke-image.ljcdn.com/110000-inspection/pc1_uG89rwCtx_1.jpg!m_fill,w_280,h_210,f_jpg?from=ke.com
20240911,西城,木樨地,101124043183,白云观 2室1厅 南 北房主自荐,759万,117675元/平,顶层 (共6层) 2室1厅 | 64.5平米 | 南 北,https://ke-image.ljcdn.com/110000-inspection/pc1_vOnr5W1wU.jpg!m_fill,w_280,h_210,f_jpg?from=ke.com
20240911,西城,木樨地,101124037692,精装南向带大阳台 采光好 正对花园 不临街不把边,460万,118252元/平,地下室 (共6层) 1室1厅 | 38.9平米 | 南,https://ke-image.ljcdn.com/110000-inspection/pc1_cNRfCRiQV_1.jpg!m_fill,w_280,h_210,f_jpg?from=ke.com
20240911,西城,木樨地,101124010974,板楼三层南北通透 前后不临街客厅有东窗  满五年,860万,123210元/平,中楼层 (共6层) 3室1厅 | 69.8平米 | 南 北,https://ke-image.ljcdn.com/110000-inspection/pc1_5OU4rToLS_1.jpg!m_fill,w_280,h_210,f_jpg?from=ke.com
20240911,西城,木樨地,101124006030,白云观街北里 南北通透 满五年唯一住宅 无遮挡不临街,960万,117937元/平,中楼层 (共6层) | 1991年 | 3室1厅 | 81.4平米 | 南 北,https://ke-image.ljcdn.com/110000-inspection/pc1_R3Q48TYos_1.jpg!m_fill,w_280,h_210,f_jpg?from=ke.com
20240911,西城,木樨地,101123999153,全总小区 中高楼层 小两居 诚意出售 带电梯,590万,120409元/平,高楼层 (共18层) 2室1厅 | 49平米 | 西,https://ke-image.ljcdn.com/110000-inspection/pc1_JdIPdhS8H_1.jpg!m_fill,w_280,h_210,f_jpg?from=ke.com
20240911,西城,木樨地,101123970518,广电总局西便门小区 满五年央 月坛 木樨地 复兴门,850万,157993元/平,中楼层 (共16层) 1室1厅 | 53.8平米 | 南,https://ke-image.ljcdn.com/110000-inspection/pc1_ao0JkMaCb_1.jpg!m_fill,w_280,h_210,f_jpg?from=ke.com
20240911,西城,木樨地,101123967706,西便门西里 1室1厅 北,470万,110407元/平,中楼层 (共6层) 1室1厅 | 42.57平米 | 北,https://ke-image.ljcdn.com/110000-inspection/pc1_Iz2H8raUP_1.jpg!m_fill,w_280,h_210,f_jpg?from=ke.com
20240911,西城,木樨地,101123786189,西便门西里 1室1厅 西南,438万,101980元/平,中楼层 (共6层) 1室1厅 | 42.95平米 | 西南,https://ke-image.ljcdn.com/110000-inspection/pc1_FC8bJEMPB_1.jpg!m_fill,w_280,h_210,f_jpg?from=ke.com
20240911,西城,木樨地,101123759997,白云观北里南里 精装修 南北朝向 中间楼层房主自荐,920万,131806元/平,中楼层 (共6层) 3室1厅 | 69.8平米 | 南 北,https://ke-image.ljcdn.com/110000-inspection/pc1_zYtUTMxF2_1.jpg!m_fill,w_280,h_210,f_jpg?from=ke.com
20240911,西城,木樨地,101123709031,高档商品房南北通透大三据24小时安保楼龄新,3590万,183398元/平,中楼层 (共15层) 3室2厅 | 195.75平米 | 南 北,https://ke-image.ljcdn.com/110000-inspection/16979fe1-cb06-4b4b-b7cc-48be5edce7ad_1000.jpg!m_fill,w_280,h_210,f_jpg?from=ke.com
20240911,西城,木樨地,101123676355,温馨家园 南北通透 户型方正 采光充足 物业管理好,2350万,142252元/平,中楼层 (共7层) 4室2厅 | 165.2平米 | 南 北,https://ke-image.ljcdn.com/110000-inspection/pc1_Gogj3YktE_1.jpg!m_fill,w_280,h_210,f_jpg?from=ke.com
20240911,西城,木樨地,101123671221,复兴门外大街 2室1厅 南,920万,140459元/平,中楼层 (共20层) | 1990年 | 2室1厅 | 65.5平米 | 南,https://ke-image.ljcdn.com/110000-inspection/pc1_omrtjQlqg_1.jpg!m_fill,w_280,h_210,f_jpg?from=ke.com
20240911,西城,木樨地,101123632078,西便门东里电梯楼精装修诚心出售,580万,92475元/平,顶层 (共16层) 2室1厅 | 62.72平米 | 东北,https://ke-image.ljcdn.com/110000-inspection/pc1_zJpgBmHMG_1.jpg!m_fill,w_280,h_210,f_jpg?from=ke.com
20240911,西城,木樨地,101123613073,南向无遮挡不临街 户型方正房本满五年唯一,450万,110052元/平,顶层 (共6层) | 1988年 | 1室1厅 | 40.89平米 | 南,https://ke-image.ljcdn.com/110000-inspection/pc1_OBjDPVCXo_2.jpg!m_fill,w_280,h_210,f_jpg?from=ke.com
20240911,西城,木樨地,101123604820,满五年唯一看房方便采光好业主诚心出售,630万,125249元/平,中楼层 (共6层) 1室1厅 | 50.3平米 | 西,https://ke-image.ljcdn.com/110000-inspection/0e488d15-9112-44c8-88a6-434fe6cb231f_1000.jpg!m_fill,w_280,h_210,f_jpg?from=ke.com
20240911,西城,木樨地,101123578339,满五年唯一带电梯全南三居室采光好,1270万,128154元/平,中楼层 (共16层) 3室1厅 | 99.1平米 | 南 北,https://ke-image.ljcdn.com/110000-inspection/pc1_bAgsgPFs3.jpg!m_fill,w_280,h_210,f_jpg?from=ke.com
20240911,西城,木樨地,101123576734,楼龄新 带电梯 全明格局一居室,720万,131869元/平,低楼层 (共19层) | 1990年 | 1室1厅 | 54.6平米 | 南 北,https://ke-image.ljcdn.com/110000-inspection/pc1_4wVHJXmXQ.jpg!m_fill,w_280,h_210,f_jpg?from=ke.com
20240911,西城,木樨地,101123491563,西便门外大街10号院 国务院宿舍  正规三居室,1280万,142635元/平,底层 (共4层) 3室1厅 | 89.74平米 | 东 西,https://ke-image.ljcdn.com/110000-inspection/pc1_n08JHAiiQ_1.jpg!m_fill,w_280,h_210,f_jpg?from=ke.com
20240911,西城,木樨地,101123448306,汽北小区 示范性小区 南北通透两居,599万,113447元/平,低楼层 (共3层) | 1950年 | 2室1厅 | 52.8平米 | 南 北,https://ke-image.ljcdn.com/110000-inspection/pc1_48vexbxab.jpg!m_fill,w_280,h_210,f_jpg?from=ke.com
20240911,西城,木樨地,101123438441,木樨地 西便门外大街西里铁一区,710万,147610元/平,中楼层 (共6层) 1室1厅 | 48.1平米 | 南,https://ke-image.ljcdn.com/110000-inspection/pc1_4yorBS7gS_1.jpg!m_fill,w_280,h_210,f_jpg?from=ke.com
20240911,西城,木樨地,101123422592,真武庙 东西二居楼层高采光好近地铁有钥匙,650万,113044元/平,高楼层 (共6层) 2室1厅 | 57.5平米 | 东 西,https://ke-image.ljcdn.com/110000-inspection/pc1_taE6Ud0Lg_1.jpg!m_fill,w_280,h_210,f_jpg?from=ke.com
20240911,西城,木樨地,101123399536,满五年唯一 不临街 无遮挡 东南向有电梯,770万,125612元/平,中楼层 (共17层) | 1991年 | 2室1厅 | 61.3平米 | 东南 南,https://ke-image.ljcdn.com/110000-inspection/pc1_YbCF746Oa.jpg!m_fill,w_280,h_210,f_jpg?from=ke.com
20240911,西城,木樨地,101123386283,满五年唯一 精装修 带客厅  南北无遮挡 采光好 不临街,775万,140910元/平,中楼层 (共6层) 2室1厅 | 55平米 | 南 北,https://ke-image.ljcdn.com/110000-inspection/pc1_e1ooVcdwD_1.jpg!m_fill,w_280,h_210,f_jpg?from=ke.com
20240911,西城,木樨地,101123351123,西便门西里 精装修三居 拎包入住 视野采光好 不临街,793万,102854元/平,中楼层 (共20层) 3室1厅 | 77.1平米 | 西 东 北,https://ke-image.ljcdn.com/110000-inspection/pc1_bsLrRc96v_1.jpg!m_fill,w_280,h_210,f_jpg?from=ke.com
20240911,西城,木樨地,101123339907,广电部家属院南向不临街  高楼层带电梯视野采光好,649万,176263元/平,中楼层 (共12层) 1室1厅 | 36.82平米 | 南 北,https://ke-image.ljcdn.com/110000-inspection/pc1_YbPPuR5hj_1.jpg!m_fill,w_280,h_210,f_jpg?from=ke.com
20240911,西城,木樨地,101123336252,木樨地西便门三居室 东南北三向采光 50万精装修,865万,112192元/平,低楼层 (共20层) 3室1厅 | 77.1平米 | 东 南 北,https://ke-image.ljcdn.com/110000-inspection/pc1_ApQpSwcxl_1.jpg!m_fill,w_280,h_210,f_jpg?from=ke.com
20240911,西城,木樨地,101123315846,汽北小区 停车方便 管理好 采光好,659万,115412元/平,底层 (共3层) 2室1厅 | 57.1平米 | 南 北,https://ke-image.ljcdn.com/110000-inspection/pc1_SkW6eyrKT_1.jpg!m_fill,w_280,h_210,f_jpg?from=ke.com
20240911,西城,木樨地,101123292208,温馨家园 2室1厅 东南,1059万,149788元/平,中楼层 (共18层) 2室1厅 | 70.7平米 | 东南,https://ke-image.ljcdn.com/110000-inspection/4aad9079-f637-46e4-a555-c3464511870f_1000.jpg!m_fill,w_280,h_210,f_jpg?from=ke.com
20240911,西城,木樨地,101123267710,板楼南北通透 房本满五年唯一  位置好离地铁近,790万,129509元/平,高楼层 (共6层) 2室1厅 | 61平米 | 南 北,https://ke-image.ljcdn.com/110000-inspection/pc1_0QgbV3szm_1.jpg!m_fill,w_280,h_210,f_jpg?from=ke.com
20240911,西城,木樨地,101123190047,西便门西里小区 满五年 户型方正 采光好,438万,104063元/平,中楼层 (共6层) 1室1厅 | 42.09平米 | 南,https://ke-image.ljcdn.com/110000-inspection/pc1_F1mQiGoQw.jpg!m_fill,w_280,h_210,f_jpg?from=ke.com
20240911,西城,木樨地,101123153034,汽南小区东西通透带阳台精装修三居室,1058万,139394元/平,低楼层 (共6层) | 1985年 | 3室1厅 | 75.9平米 | 东 西,https://ke-image.ljcdn.com/110000-inspection/pc1_zdgqaHqRN_1.jpg!m_fill,w_280,h_210,f_jpg?from=ke.com
20240911,西城,木樨地,101123141245,月坛 满五唯一东南向大两居客厅大格局好有钥匙房主自荐,796万,120973元/平,底层 (共18层) | 1990年 | 2室1厅 | 65.8平米 | 东南 东,https://ke-image.ljcdn.com/110000-inspection/d770d470-feec-4127-bb7d-24714b9de11c_1000.jpg!m_fill,w_280,h_210,f_jpg?from=ke.com
20240911,西城,木樨地,101123078132,北滨河路2号院  南北通透 采光好 通风好房主自荐,1360万,159065元/平,中楼层 (共6层) 3室1厅 | 85.5平米 | 南 北,https://ke-image.ljcdn.com/110000-inspection/pc1_dtiSUaUuv_1.jpg!m_fill,w_280,h_210,f_jpg?from=ke.com
20240911,西城,木樨地,101123043949,白云观小区采光充足配套齐全正规南向两室出门就是公园,540万,107356元/平,地下室 (共6层) 2室1厅 | 50.3平米 | 南,https://ke-image.ljcdn.com/110000-inspection/pc1_TleNiM7oG_1.jpg!m_fill,w_280,h_210,f_jpg?from=ke.com
20240911,西城,木樨地,101123028003,汽北小区 社区环境好 不临街 南北通透 双阳台,780万,128079元/平,中楼层 (共6层) 2室1厅 | 60.9平米 | 南 北,https://ke-image.ljcdn.com/110000-inspection/pc1_dTv3Dt7NQ_1.jpg!m_fill,w_280,h_210,f_jpg?from=ke.com
20240911,西城,木樨地,101123016010,西便门西里 2居 边户客厅有窗户 明亮,515万,94013元/平,低楼层 (共6层) 2室1厅 | 54.78平米 | 南 北,https://ke-image.ljcdn.com/110000-inspection/pc1_aylp4YbRl_1.jpg!m_fill,w_280,h_210,f_jpg?from=ke.com
20240911,西城,木樨地,101123015643,西便门西里 2居 南北朝向 诚心出售,495万,90362元/平,底层 (共6层) 2室1厅 | 54.78平米 | 南 北,https://ke-image.ljcdn.com/110000-inspection/pc1_FwluKbpkR_1.jpg!m_fill,w_280,h_210,f_jpg?from=ke.com
20240911,西城,木樨地,101122888045,西南三居 明厨明卫 带电梯 满五年,1090万,133743元/平,低楼层 (共18层) 3室1厅 | 81.5平米 | 西南,https://ke-image.ljcdn.com/110000-inspection/pc1_w55dwGPiK_1.jpg!m_fill,w_280,h_210,f_jpg?from=ke.com
20240911,西城,木樨地,101122862178,户型方正两室一厅电梯直达老少皆宜房主自荐,750万,121164元/平,低楼层 (共18层) 2室1厅 | 61.9平米 | 东,https://ke-image.ljcdn.com/110000-inspection/c3b813ca-b534-46b0-bad9-b6a9f9aaaca0_1000.jpg!m_fill,w_280,h_210,f_jpg?from=ke.com
20240911,西城,木樨地,101122822422,木樨地北里朝东两居 精装修 采光好 距离木樨地地铁近,750万,121164元/平,低楼层 (共18层) 2室1厅 | 61.9平米 | 东 南,https://ke-image.ljcdn.com/110000-inspection/16327969-64a3-47fb-871e-131997a5323c_1000.jpg!m_fill,w_280,h_210,f_jpg?from=ke.com
20240911,西城,木樨地,101122815257,白云路七号院 2室1厅 东 西,540万,118422元/平,地下室 (共6层) 2室1厅 | 45.6平米 | 东 西,https://ke-image.ljcdn.com/110000-inspection/pc1_R69FoxZwI_1.jpg!m_fill,w_280,h_210,f_jpg?from=ke.com
20240911,西城,木樨地,101122797049,西便门西里 3室1厅 东 西 北,880万,114138元/平,低楼层 (共20层) | 1983年 | 3室1厅 | 77.1平米 | 东 西 北,https://ke-image.ljcdn.com/110000-inspection/pc1_rGhPoS6I2_1.jpg!m_fill,w_280,h_210,f_jpg?from=ke.com
20240911,西城,木樨地,101122756027,木樨地两居室有电梯楼龄1991年停车方便房主自荐,760万,122978元/平,中楼层 (共17层) | 1991年 | 2室1厅 | 61.8平米 | 东北,https://ke-image.ljcdn.com/110000-inspection/28d9cfdd-3a94-4230-9709-1d0f9ca25673_1000.jpg!m_fill,w_280,h_210,f_jpg?from=ke.com
20240911,西城,木樨地,101122740118,白云观 2室1厅 南 北,786万,160409元/平,中楼层 (共5层) 2室1厅 | 49平米 | 南 北,https://ke-image.ljcdn.com/110000-inspection/pc1_NcE3YLTEL_1.jpg!m_fill,w_280,h_210,f_jpg?from=ke.com
20240911,西城,木樨地,101122733770,板楼中间层南北通透二居不临街采光好第一次出售,750万,134650元/平,中楼层 (共5层) 2室1厅 | 55.7平米 | 南 北,https://ke-image.ljcdn.com/110000-inspection/pc1_BVm2z5N2z_1.jpg!m_fill,w_280,h_210,f_jpg?from=ke.com
20240911,西城,木樨地,101122619650,此房满两年公房可以多贷款楼龄新可以公积金贷款,720万,148454元/平,低楼层 (共6层) 1室1厅 | 48.5平米 | 西,https://ke-image.ljcdn.com/110000-inspection/pc1_4fZC50dPO_1.jpg!m_fill,w_280,h_210,f_jpg?from=ke.com
20240911,西城,木樨地,101122612327,真武庙朝南两居室满五唯一随时签约房主自荐,790万,132351元/平,底层 (共5层) 2室1厅 | 59.69平米 | 南,https://ke-image.ljcdn.com/110000-inspection/pc1_S4l5cLRIy_1.jpg!m_fill,w_280,h_210,f_jpg?from=ke.com
20240911,西城,木樨地,101122603746,满两年西南向 小区环境好24小时热水,1239万,145594元/平,中楼层 (共18层) 3室1厅 | 85.1平米 | 西南,https://ke-image.ljcdn.com/110000-inspection/pc1_1B2rhGvG8_1.jpg!m_fill,w_280,h_210,f_jpg?from=ke.com
20240911,西城,木樨地,101122589448,西便门西里南北通透中间层精装两居室业主诚心出售,540万,98577元/平,中楼层 (共6层) 2室1厅 | 54.78平米 | 南 北,https://ke-image.ljcdn.com/110000-inspection/pc1_WRPAcYc4O_1.jpg!m_fill,w_280,h_210,f_jpg?from=ke.com
20240911,西城,木樨地,101122586083,木樨地北里 南北通透 楼层好 格局方正,688万,109729元/平,顶层 (共4层) 2室1厅 | 62.7平米 | 南 北,https://ke-image.ljcdn.com/110000-inspection/35dd84ee-629e-4530-9f95-11cec5c35143_1000.jpg!m_fill,w_280,h_210,f_jpg?from=ke.com
20240911,西城,木樨地,101122585540,复兴门南大街 2室1厅 南,830万,174737元/平,低楼层 (共16层) 2室1厅 | 47.5平米 | 南,https://ke-image.ljcdn.com/110000-inspection/pc1_He4bgawuB_1.jpg!m_fill,w_280,h_210,f_jpg?from=ke.com
20240911,西城,木樨地,101122575204,北滨河路2号院 楼层好 视野开阔 采光充足交通便利,1025万,156968元/平,高楼层 (共20层) 2室1厅 | 65.3平米 | 东南,https://ke-image.ljcdn.com/110000-inspection/pc1_OsvFUGODT_1.jpg!m_fill,w_280,h_210,f_jpg?from=ke.com
20240911,西城,木樨地,101122556041,真武庙 1室1厅 南,690万,166869元/平,中楼层 (共7层) 1室1厅 | 41.35平米 | 南,https://ke-image.ljcdn.com/110000-inspection/pc1_e8OsJBZZB_1.jpg!m_fill,w_280,h_210,f_jpg?from=ke.com
20240911,西城,木樨地,101122543725,西便门外大街7号院 铁四区 铁道部单位分房 环境好,978万,107829元/平,顶层 (共4层) | 1955年 | 3室1厅 | 90.7平米 | 南 北,https://ke-image.ljcdn.com/110000-inspection/pc1_ZfO7lKak5.jpg!m_fill,w_280,h_210,f_jpg?from=ke.com
20240911,西城,木樨地,101122507095,复兴门 西便门东里带电梯2居 满五唯一商品房 看房方便,620万,99727元/平,高楼层 (共16层) | 1980年 | 2室1厅 | 62.17平米 | 东 北,https://ke-image.ljcdn.com/110000-inspection/pc1_i9LVJXlXm_1.jpg!m_fill,w_280,h_210,f_jpg?from=ke.com
20240911,西城,木樨地,101122478969,木樨地 2室1厅 南,700万,145834元/平,中楼层 (共17层) | 1991年 | 2室1厅 | 48平米 | 南,https://ke-image.ljcdn.com/110000-inspection/pc1_c2pBJNo1R_1.jpg!m_fill,w_280,h_210,f_jpg?from=ke.com
20240911,西城,木樨地,101122419672,复兴门外大街 2室1厅 南,790万,154902元/平,低楼层 (共12层) 2室1厅 | 51平米 | 南,https://ke-image.ljcdn.com/110000-inspection/pc1_EsQIztA1y_1.jpg!m_fill,w_280,h_210,f_jpg?from=ke.com
20240911,西城,木樨地,101122402502,南北通透精装高板楼带电梯房本满五年唯一,984万,149318元/平,高楼层 (共16层) 2室1厅 | 65.9平米 | 南 北,https://ke-image.ljcdn.com/110000-inspection/pc1_AXSEORFLQ_1.jpg!m_fill,w_280,h_210,f_jpg?from=ke.com
20240911,西城,木樨地,101122214655,西二环 月坛 电梯房  小区中间位置 不临街,810万,116380元/平,中楼层 (共18层) | 1990年 | 2室1厅 | 69.6平米 | 西,https://ke-image.ljcdn.com/110000-inspection/b59b9f54-f58b-412f-b049-f1e08f827681_1000.jpg!m_fill,w_280,h_210,f_jpg?from=ke.com
20240911,西城,木樨地,101122147315,西城 月坛 木樨地 满五年  看房方便 诚心出售,660万,112821元/平,底层 (共4层) | 1957年 | 2室1厅 | 58.5平米 | 西北,https://ke-image.ljcdn.com/110000-inspection/caaeba71-f3b4-49a8-b90f-fc24e6489668_1000.jpg!m_fill,w_280,h_210,f_jpg?from=ke.com
20240911,西城,木樨地,101122040970,月坛满五年唯一户型方正东西通透采光无遮挡。,890万,127325元/平,高楼层 (共10层) 3室1厅 | 69.9平米 | 东 西,https://ke-image.ljcdn.com/110000-inspection/pc1_qxirk7doR_1.jpg!m_fill,w_280,h_210,f_jpg?from=ke.com
20240911,西城,木樨地,101121939100,西便门东里两居室满五年看房随时有电梯,539万,86296元/平,低楼层 (共16层) 2室1厅 | 62.46平米 | 东北,https://ke-image.ljcdn.com/110000-inspection/pc1_6M6LwblcQ_1.jpg!m_fill,w_280,h_210,f_jpg?from=ke.com
20240911,西城,木樨地,101121918527,西城区 真武庙二里 中间层 电梯直达 业主诚售,685万,134314元/平,中楼层 (共18层) | 1990年 | 2室1厅 | 51平米 | 东南 东北,https://ke-image.ljcdn.com/110000-inspection/pc1_V3l8de7Qp_1.jpg!m_fill,w_280,h_210,f_jpg?from=ke.com
20240911,西城,木樨地,101121908296,北滨河路2号院 精装修 满五年唯一 看房方便,830万,154276元/平,中楼层 (共16层) 1室1厅 | 53.8平米 | 南,https://ke-image.ljcdn.com/110000-inspection/pc1_rVdM36RBQ_1.jpg!m_fill,w_280,h_210,f_jpg?from=ke.com
20240911,西城,木樨地,101121725202,真武庙三里 东西通透 精装修 单位分房,698万,142449元/平,中楼层 (共6层) 2室1厅 | 49平米 | 东 西,https://ke-image.ljcdn.com/110000-inspection/pc1_oQT26PLyN.jpg!m_fill,w_280,h_210,f_jpg?from=ke.com
20240911,西城,木樨地,101121652512,莲花池东路精装修双朝南两居业主诚意出售,830万,145105元/平,低楼层 (共16层) 2室1厅 | 57.2平米 | 南,https://ke-image.ljcdn.com/110000-inspection/pc1_LFVqoQVaE_1.jpg!m_fill,w_280,h_210,f_jpg?from=ke.com
20240911,西城,木樨地,101121427345,莲花池东路 满五年央产房 双南向无遮挡,790万,130149元/平,中楼层 (共16层) 2室1厅 | 60.7平米 | 南,https://ke-image.ljcdn.com/110000-inspection/pc1_oGzmPS61S_1.jpg!m_fill,w_280,h_210,f_jpg?from=ke.com
20240911,西城,木樨地,101121416889,复兴门外大街 发改委 南北通透两居 电梯直达 看房方便,870万,152365元/平,中楼层 (共12层) 2室1厅 | 57.1平米 | 南 北,https://ke-image.ljcdn.com/110000-inspection/pc1_B6WxoVkbQ_1.jpg!m_fill,w_280,h_210,f_jpg?from=ke.com
20240911,西城,木樨地,101121395459,店长推荐 月坛 1996年 满五唯一 可停车,818万,149817元/平,底层 (共14层) 1室1厅 | 54.6平米 | 南,https://ke-image.ljcdn.com/110000-inspection/c433376c-2e56-41b2-aaa1-aff82e863042_1000.jpg!m_fill,w_280,h_210,f_jpg?from=ke.com
20240911,西城,木樨地,101121356912,复兴门外大街 电梯房 南向一居 光线充足,698万,141296元/平,高楼层 (共16层) | 1990年 | 1室1厅 | 49.4平米 | 南,https://ke-image.ljcdn.com/110000-inspection/pc1_3YcnmP1GW_1.jpg!m_fill,w_280,h_210,f_jpg?from=ke.com
20240911,西城,木樨地,101121271873,西便门外大街 1室1厅 南,620万,168387元/平,低楼层 (共12层) 1室1厅 | 36.82平米 | 南,https://ke-image.ljcdn.com/110000-inspection/29601546-978e-4486-bada-0fa5ffbf4374_1000.jpg!m_fill,w_280,h_210,f_jpg?from=ke.com
20240911,西城,木樨地,101121270326,木樨地南北通透两居室满五年唯一3层精装修,730万,109610元/平,中楼层 (共4层) 2室1厅 | 66.6平米 | 南 北,https://ke-image.ljcdn.com/110000-inspection/pc1_YUnQBE5yw.jpg!m_fill,w_280,h_210,f_jpg?from=ke.com
20240911,西城,木樨地,101121144556,白云观南北两居通风采光好交通配套齐全,790万,143637元/平,中楼层 (共6层) 2室1厅 | 55平米 | 南 北,https://ke-image.ljcdn.com/110000-inspection/pc1_9sb95yzKw_1.jpg!m_fill,w_280,h_210,f_jpg?from=ke.com
20240911,西城,木樨地,101121137464,复兴门外大街 2室1厅 南 北,890万,145902元/平,中楼层 (共20层) | 1992年 | 2室1厅 | 61平米 | 南 北,https://ke-image.ljcdn.com/110000-inspection/pc1_y9EeYpaW7.jpg!m_fill,w_280,h_210,f_jpg?from=ke.com
20240911,西城,木樨地,101121007429,复兴门外大街6号楼 朝南不临街 有电梯 楼下有小花园,749万,153484元/平,低楼层 (共20层) | 1990年 | 1室1厅 | 48.8平米 | 南,https://ke-image.ljcdn.com/110000-inspection/pc1_osLmt1RcZ_1.jpg!m_fill,w_280,h_210,f_jpg?from=ke.com
20240911,西城,木樨地,101120954550,西便门外大街西里优质两居室环境好舒适。,980万,159350元/平,高楼层 (共6层) 2室1厅 | 61.5平米 | 南 北,https://ke-image.ljcdn.com/110000-inspection/491f3b68-f658-41aa-90cd-1cf7affc6a68_1000.jpg!m_fill,w_280,h_210,f_jpg?from=ke.com
20240911,西城,木樨地,101120897844,白云观街北里双南向带电梯视野好采光足楼龄新,900万,117648元/平,顶层 (共11层) | 1991年 | 2室1厅 | 76.5平米 | 南,https://ke-image.ljcdn.com/110000-inspection/pc1_RZaUBY9p1_1.jpg!m_fill,w_280,h_210,f_jpg?from=ke.com
20240911,西城,木樨地,101120702828,全总的家属眼 24小时热水 小区管理好,940万,108546元/平,中楼层 (共4层) 3室1厅 | 86.6平米 | 东 西,https://ke-image.ljcdn.com/110000-inspection/pc1_OPwjRHo97_1.jpg!m_fill,w_280,h_210,f_jpg?from=ke.com
20240911,西城,木樨地,101120162971,西便门西里 精装两居室 全明格局,635万,117658元/平,高楼层 (共20层) | 1983年 | 2室1厅 | 53.97平米 | 东 西,https://ke-image.ljcdn.com/110000-inspection/pc1_0fxivtvwy_1.jpg!m_fill,w_280,h_210,f_jpg?from=ke.com
20240911,西城,木樨地,101120061540,满五年唯一商品房电梯南向随时签约,720万,147541元/平,低楼层 (共20层) | 1990年 | 1室1厅 | 48.8平米 | 南,https://ke-image.ljcdn.com/110000-inspection/pc1_bi9yjI2QL_1.jpg!m_fill,w_280,h_210,f_jpg?from=ke.com
20240911,西城,木樨地,101119909494,西便门外大街 广电分房 三居带电梯 满五唯一,1035万,148345元/平,中楼层 (共12层) 3室1厅 | 69.77平米 | 东 西,https://ke-image.ljcdn.com/110000-inspection/pc1_RycMXxR0u_1.jpg!m_fill,w_280,h_210,f_jpg?from=ke.com
20240911,西城,木樨地,101119861321,复兴门外大街一居有电梯年代新户型方正,765万,154859元/平,中楼层 (共16层) | 1990年 | 1室1厅 | 49.4平米 | 南,https://ke-image.ljcdn.com/110000-inspection/pc1_7vn12rvb0_1.jpg!m_fill,w_280,h_210,f_jpg?from=ke.com
20240911,西城,木樨地,101119861263,房子满五年住房南向三居室诚心出售,1275万,155110元/平,中楼层 (共16层) | 1990年 | 3室1厅 | 82.2平米 | 南,https://ke-image.ljcdn.com/110000-inspection/pc1_XNdC4hhS7_1.jpg!m_fill,w_280,h_210,f_jpg?from=ke.com
20240911,西城,木樨地,101119702056,铁四区正规两居视野良好不错户型不错,660万,122677元/平,中楼层 (共4层) 2室1厅 | 53.8平米 | 北,https://ke-image.ljcdn.com/110000-inspection/pc1_OrHQyj2cl_1.jpg!m_fill,w_280,h_210,f_jpg?from=ke.com
20240911,西城,木樨地,101119542631,广电总局西便门小区满五唯一央产诚心出售月坛两居,1129万,172895元/平,高楼层 (共20层) 2室1厅 | 65.3平米 | 西南,https://ke-image.ljcdn.com/110000-inspection/pc1_RvRcMLFyE_1.jpg!m_fill,w_280,h_210,f_jpg?from=ke.com
20240911,西城,木樨地,101119469597,满五年唯一南北通透中间楼层视野开阔采光充足,860万,142621元/平,中楼层 (共6层) 3室1厅 | 60.3平米 | 南 北,https://ke-image.ljcdn.com/110000-inspection/pc1_TdRcwzU1H_1.jpg!m_fill,w_280,h_210,f_jpg?from=ke.com
20240911,西城,木樨地,101119378864,真武庙三里 南北通透三居室 户型方正,1290万,139762元/平,顶层 (共4层) 3室1厅 | 92.3平米 | 南 北,https://ke-image.ljcdn.com/110000-inspection/pc1_4NOupm8G1_1.jpg!m_fill,w_280,h_210,f_jpg?from=ke.com
20240911,西城,木樨地,101119357403,真武庙六里 楼龄新 正规一居室朝南采光视野无遮挡,720万,147240元/平,底层 (共19层) 1室1厅 | 48.9平米 | 东南,https://ke-image.ljcdn.com/110000-inspection/pc1_ggN04evPN_1.jpg!m_fill,w_280,h_210,f_jpg?from=ke.com
20240911,西城,木樨地,101118883357,西城月坛复兴门 广电温馨家园朝南1居室 中间楼层,860万,136508元/平,中楼层 (共7层) 1室1厅 | 63平米 | 南,https://ke-image.ljcdn.com/110000-inspection/bb797b4e-97a1-49dc-9fc4-07664f0711c8_1000.jpg!m_fill,w_280,h_210,f_jpg?from=ke.com
20240911,西城,木樨地,101118760753,北滨河路2号院 2室1厅 东,998万,163607元/平,底层 (共20层) 2室1厅 | 61平米 | 东,https://ke-image.ljcdn.com/110000-inspection/pc1_M7IwLcv9n_1.jpg!m_fill,w_280,h_210,f_jpg?from=ke.com
20240911,西城,木樨地,101118528522,西便门外大街 正规两居室 交通便利 诚心出售,800万,157481元/平,低楼层 (共7层) 2室1厅 | 50.8平米 | 东北,https://ke-image.ljcdn.com/110000-inspection/pc1_Bqgfvm8e1.jpg!m_fill,w_280,h_210,f_jpg?from=ke.com
20240911,西城,木樨地,101118377559,白云观 南北通透两居 满五唯一视野宽阔,820万,139932元/平,顶层 (共5层) 2室1厅 | 58.6平米 | 南 北,https://ke-image.ljcdn.com/110000-inspection/pc1_5wHdbsPH8_1.jpg!m_fill,w_280,h_210,f_jpg?from=ke.com
20240911,西城,木樨地,101117967181,汽南小区 木樨地 不临街 无遮挡 南北通透,950万,124346元/平,低楼层 (共3层) 3室1厅 | 76.4平米 | 南 北,https://ke-image.ljcdn.com/110000-inspection/pc1_g3pIt6qvL_1.jpg!m_fill,w_280,h_210,f_jpg?from=ke.com
20240911,西城,木樨地,101117837489,有电梯楼层好视野开阔采光充足1996年建成,1100万,129871元/平,低楼层 (共14层) 2室1厅 | 84.7平米 | 南,https://ke-image.ljcdn.com/110000-inspection/pc1_8w4LywV3F_1.jpg!m_fill,w_280,h_210,f_jpg?from=ke.com
20240911,西城,木樨地,101117778103,月坛板块 三居室 南北通透  配套完善 成熟社区,1350万,139319元/平,底层 (共16层) | 1991年 | 3室1厅 | 96.9平米 | 南 北,https://ke-image.ljcdn.com/110000-inspection/pc1_LbR8kv08m.jpg!m_fill,w_280,h_210,f_jpg?from=ke.com
20240911,西城,木樨地,101117506980,月坛 莲花池东路 南北通透三居 看房方便 诚心出售,905万,108644元/平,底层 (共5层) 3室0厅 | 83.3平米 | 南 北,https://ke-image.ljcdn.com/110000-inspection/pc1_Qs1owGgBf_1.jpg!m_fill,w_280,h_210,f_jpg?from=ke.com
20240911,西城,木樨地,101116554625,店长推荐月坛优质两居室诚心出售看房方便,860万,134166元/平,中楼层 (共6层) | 1991年 | 2室1厅 | 64.1平米 | 南 北,https://ke-image.ljcdn.com/110000-inspection/pc1_YNHztM96O.jpg!m_fill,w_280,h_210,f_jpg?from=ke.com
20240911,西城,木樨地,101114356313,西便门东里东西两居室 诚心出售 有租户,580万,97561元/平,高楼层 (共12层) 2室1厅 | 59.45平米 | 南 西 东,https://ke-image.ljcdn.com/110000-inspection/pc1_CEBhF6uPV_1.jpg!m_fill,w_280,h_210,f_jpg?from=ke.com
20240911,西城,木樨地,101107684716,南北通透明厨明卫户型方正满五年,1030万,140903元/平,顶层 (共6层) 3室1厅 | 73.1平米 | 南 北,https://ke-image.ljcdn.com/110000-inspection/pc1_ZfCk9QuvI_1.jpg!m_fill,w_280,h_210,f_jpg?from=ke.com
20240911,西城,木樨地,101126522257,复兴门外大街 1室1厅 南 北新上,760万,155420元/平,低楼层 (共16层) 1室1厅 | 48.9平米 | 南 北,https://ke-image.ljcdn.com/110000-inspection/bf30b5eb-bb85-474e-a394-c716f22c2cf0_1000.jpg!m_fill,w_280,h_210,f_jpg?from=ke.com
20240911,西城,木樨地,101126513996,满两年商品房性质原网签价高楼层采光好诚心出售新上,760万,158005元/平,中楼层 (共5层) 3室1厅 | 48.1平米 | 南 北,https://ke-image.ljcdn.com/110000-inspection/pc1_jsDwmBt6a.jpg!m_fill,w_280,h_210,f_jpg?from=ke.com
20240911,西城,木樨地,101126501418,复兴门南大街 广电家属院 带电梯环境好随时签约新上,820万,142858元/平,高楼层 (共12层) 2室1厅 | 57.4平米 | 南,https://ke-image.ljcdn.com/110000-inspection/pc1_2BuGaDNbZ_1.jpg!m_fill,w_280,h_210,f_jpg?from=ke.com
20240911,西城,木樨地,101126496255,北滨河路2号院 广电部宿舍 正规三居室 满五年唯一新上,1298万,154708元/平,底层 (共6层) 3室1厅 | 83.9平米 | 南 北,https://ke-image.ljcdn.com/110000-inspection/pc1_FTduVFwB7_1.jpg!m_fill,w_280,h_210,f_jpg?from=ke.com
20240911,西城,木樨地,101126491294,真武庙六里 2室1厅 东南新上,820万,112638元/平,高楼层 (共18层) | 1988年 | 2室1厅 | 72.8平米 | 东南,https://ke-image.ljcdn.com/110000-inspection/pc1_ql6WUs2p0_1.jpg!m_fill,w_280,h_210,f_jpg?from=ke.com
20240911,西城,木樨地,101126486026,机械部汽南小区南北通透两居室环保品牌精装修新上,800万,136287元/平,低楼层 (共16层) 2室1厅 | 58.7平米 | 南 北,https://ke-image.ljcdn.com/110000-inspection/pc1_JChvFOOrZ.jpg!m_fill,w_280,h_210,f_jpg?from=ke.com
20240911,西城,木樨地,101126458720,月坛 南北通透精装三居明厨明卫通风采光好新上,720万,124568元/平,中楼层 (共5层) 3室1厅 | 57.8平米 | 南 北,https://ke-image.ljcdn.com/110000-inspection/pc1_aPYdueHjA_1.jpg!m_fill,w_280,h_210,f_jpg?from=ke.com
20240911,西城,木樨地,101126435609,月坛白云观街北里 精装修一居室 中间楼层无遮挡新上,715万,147423元/平,中楼层 (共6层) 1室1厅 | 48.5平米 | 西,https://ke-image.ljcdn.com/110000-inspection/pc1_kskLNVKPo_1.jpg!m_fill,w_280,h_210,f_jpg?from=ke.com
20240911,西城,木樨地,101126433383,月坛 复兴门外大街 电梯直达 全南向无遮挡二室一厅新上,1169万,149489元/平,中楼层 (共16层) 2室1厅 | 78.2平米 | 南,https://ke-image.ljcdn.com/110000-inspection/68a99560-eecb-4e6f-8c9e-ce502c2ad831_1000.jpg!m_fill,w_280,h_210,f_jpg?from=ke.com
20240911,西城,木樨地,101126425703,广电总局西便门小区 塔楼正南向 有电梯无遮挡视野好新上,850万,157993元/平,高楼层 (共16层) 1室1厅 | 53.8平米 | 南,https://ke-image.ljcdn.com/110000-inspection/pc1_3WF24rboa_1.jpg!m_fill,w_280,h_210,f_jpg?from=ke.com
20240911,西城,木樨地,101126393973,木樨地 白云观 全明格局 东西通透新上,589万,138589元/平,高楼层 (共6层) 1室1厅 | 42.5平米 | 东 西,https://ke-image.ljcdn.com/110000-inspection/eed72794-5fc3-4010-a120-4422a5cf6c69_1000.jpg!m_fill,w_280,h_210,f_jpg?from=ke.com
20240911,西城,木樨地,101126377144,西便门外大街 2室1厅 南 北,570万,116090元/平,底层 (共7层) | 1989年 | 2室1厅 | 49.1平米 | 南 北,https://ke-image.ljcdn.com/110000-inspection/pc1_CcSCs5v4Z_1.jpg!m_fill,w_280,h_210,f_jpg?from=ke.com
20240911,西城,木樨地,101126341029,铁四区 1室1厅 南,580万,145729元/平,顶层 (共6层) 1室1厅 | 39.8平米 | 南,https://ke-image.ljcdn.com/110000-inspection/pc1_G8dvrTJWe.jpg!m_fill,w_280,h_210,f_jpg?from=ke.com
20240911,西城,木樨地,101126331715,真武庙二里优质三居室居住舒适环境优美。,870万,102474元/平,底层 (共4层) 3室0厅 | 84.9平米 | 北,https://ke-image.ljcdn.com/110000-inspection/pc1_cAgitwzID_1.jpg!m_fill,w_280,h_210,f_jpg?from=ke.com
20240911,西城,木樨地,101126329492,满五唯一费用少99年楼龄可公积金可商贷,1160万,99486元/平,低楼层 (共24层) | 1999年 | 3室1厅 | 116.6平米 | 东,https://ke-image.ljcdn.com/110000-inspection/pc1_K1XjrOP61_1.jpg!m_fill,w_280,h_210,f_jpg?from=ke.com
20240911,西城,木樨地,101126329282,白云观 2室1厅 东,475万,82609元/平,地下室 (共6层) 2室1厅 | 57.5平米 | 东,https://ke-image.ljcdn.com/110000-inspection/pc1_E8G4d50fA.jpg!m_fill,w_280,h_210,f_jpg?from=ke.com
20240911,西城,木樨地,101126257634,满五年唯一央产正南向高楼层采光视野好有电梯木樨地北,850万,120057元/平,高楼层 (共16层) 2室1厅 | 70.8平米 | 南,https://ke-image.ljcdn.com/110000-inspection/pc1_gW1NayCa7.jpg!m_fill,w_280,h_210,f_jpg?from=ke.com
20240911,西城,木樨地,101126250600,复兴门外大街 2室1厅 南房主自荐,830万,155141元/平,低楼层 (共12层) 2室1厅 | 53.5平米 | 南,https://ke-image.ljcdn.com/110000-inspection/pc1_XX1pzu1yg_1.jpg!m_fill,w_280,h_210,f_jpg?from=ke.com
20240911,西城,木樨地,101126129753,西便门西里 2室1厅 东 南 西,550万,92843元/平,高楼层 (共20层) 2室1厅 | 59.24平米 | 东 南 西,https://ke-image.ljcdn.com/110000-inspection/pc1_ZgZDDZvRi_1.jpg!m_fill,w_280,h_210,f_jpg?from=ke.com
20240911,西城,木樨地,101126108728,满五年唯一精装修视野好交通便利,750万,151210元/平,高楼层 (共16层) 1室1厅 | 49.6平米 | 南,https://ke-image.ljcdn.com/110000-inspection/pc1_qRJk76CzQ_1.jpg!m_fill,w_280,h_210,f_jpg?from=ke.com
20240911,西城,木樨地,101126080370,机械部小区大三居南北通透户型好,1030万,115991元/平,低楼层 (共3层) | 1952年 | 3室0厅 | 88.8平米 | 南 北,https://ke-image.ljcdn.com/110000-inspection/pc1_wBjE65Kmh_1.jpg!m_fill,w_280,h_210,f_jpg?from=ke.com
20240911,西城,木樨地,101126059063,真武庙一居室精装修出行便利采光好,619万,147381元/平,顶层 (共6层) 1室1厅 | 42平米 | 东,https://ke-image.ljcdn.com/110000-inspection/pc1_27ezveMvS_1.jpg!m_fill,w_280,h_210,f_jpg?from=ke.com
20240911,西城,木樨地,101126057350,月坛 白云观 南北通透 精装修格局好 前后无遮挡,818万,155219元/平,顶层 (共5层) 2室1厅 | 52.7平米 | 南 北,https://ke-image.ljcdn.com/110000-inspection/pc1_ZQAHT36s9_1.jpg!m_fill,w_280,h_210,f_jpg?from=ke.com
20240911,西城,木樨地,101126045366,复兴门外大街 2室1厅 南,850万,135329元/平,底层 (共16层) | 1983年 | 2室1厅 | 62.81平米 | 南,https://ke-image.ljcdn.com/110000-inspection/pc1_lGobdqhl7.jpg!m_fill,w_280,h_210,f_jpg?from=ke.com
20240911,西城,木樨地,101125995113,木樨地 3室1厅 南,830万,119770元/平,中楼层 (共5层) 3室1厅 | 69.3平米 | 南,https://ke-image.ljcdn.com/110000-inspection/pc1_9o5P797lY_1.jpg!m_fill,w_280,h_210,f_jpg?from=ke.com
20240911,西城,木樨地,101125955608,白云路七号院 1室0厅 东,550万,150274元/平,底层 (共6层) 1室0厅 | 36.6平米 | 东,https://ke-image.ljcdn.com/110000-inspection/pc1_RbJwlWnqe_1.jpg!m_fill,w_280,h_210,f_jpg?from=ke.com
20240911,西城,木樨地,101125932692,汽北小区环境优美 管理完善 2000年的房子楼龄新,950万,136888元/平,低楼层 (共14层) 2室1厅 | 69.4平米 | 南 北,https://ke-image.ljcdn.com/110000-inspection/pc1_OwDlqEogj_1.jpg!m_fill,w_280,h_210,f_jpg?from=ke.com
20240911,西城,木樨地,101125883970,真武庙六里 东南向 精装修三居室 电梯直达,1180万,148615元/平,低楼层 (共18层) 3室1厅 | 79.4平米 | 东南,https://ke-image.ljcdn.com/110000-inspection/pc1_Dzy0qZI8M_2.jpg!m_fill,w_280,h_210,f_jpg?from=ke.com
20240911,西城,木樨地,101125761446,广电部家属院优质管理采光充足无遮挡,890万,148805元/平,中楼层 (共5层) 2室1厅 | 59.81平米 | 南,https://ke-image.ljcdn.com/110000-inspection/pc1_W4PhdxX5N_1.jpg!m_fill,w_280,h_210,f_jpg?from=ke.com
20240911,西城,木樨地,101125707371,真武庙六里 1室1厅 东 北,460万,115578元/平,地下室 (共18层) | 1989年 | 1室1厅 | 39.8平米 | 东 北,https://ke-image.ljcdn.com/110000-inspection/pc1_TJfBuOdaS_1.jpg!m_fill,w_280,h_210,f_jpg?from=ke.com
20240911,西城,木樨地,101125707251,新302 温馨家园 广电家属院 院内有食堂楼龄新,868万,179711元/平,中楼层 (共18层) 2室1厅 | 48.3平米 | 南,https://ke-image.ljcdn.com/110000-inspection/pc1_3F2ZYxHuv_1.jpg!m_fill,w_280,h_210,f_jpg?from=ke.com
20240911,西城,木樨地,101125704467,真武庙铁道部宿舍南北二居有大客厅位置好离地铁近,986万,126087元/平,底层 (共18层) 2室1厅 | 78.2平米 | 南 北,https://ke-image.ljcdn.com/110000-inspection/pc1_xkJTfIauf_1.jpg!m_fill,w_280,h_210,f_jpg?from=ke.com
20240911,西城,木樨地,101125704416,真武庙铁道部宿舍南北有客厅大三居位置好离地铁近,1123万,126039元/平,底层 (共18层) 3室1厅 | 89.1平米 | 南 北,https://ke-image.ljcdn.com/110000-inspection/pc1_BuBwxcCoU_1.jpg!m_fill,w_280,h_210,f_jpg?from=ke.com
20240911,西城,木樨地,101125702511,复兴门外大街 1室1厅 南,858万,175461元/平,高楼层 (共16层) 1室1厅 | 48.9平米 | 南,https://ke-image.ljcdn.com/110000-inspection/pc1_vnrTewwwZ_1.jpg!m_fill,w_280,h_210,f_jpg?from=ke.com
20240911,西城,木樨地,101125674007,莲花池东路甲5号院正规二室一客厅东南朝向好,998万,114977元/平,底层 (共24层) 2室1厅 | 86.8平米 | 东南,https://ke-image.ljcdn.com/110000-inspection/pc1_x6vZ2e5W6.jpg!m_fill,w_280,h_210,f_jpg?from=ke.com
20240911,西城,木樨地,101125671418,温馨家园 4室2厅 南 北,2550万,154172元/平,底层 (共7层) 4室2厅 | 165.4平米 | 南 北,https://ke-image.ljcdn.com/110000-inspection/pc1_aVSj67jgd_1.jpg!m_fill,w_280,h_210,f_jpg?from=ke.com
20240911,西城,木樨地,101125621027,真武庙 铁道部小区环境好 通透三室一厅,720万,99448元/平,顶层 (共6层) | 1982年 | 3室1厅 | 72.4平米 | 东 西,https://ke-image.ljcdn.com/110000-inspection/pc1_oWf4Bvws8.jpg!m_fill,w_280,h_210,f_jpg?from=ke.com
20240911,西城,木樨地,101125520821,木樨地 满五年唯一商品房  景观房 明厨明卫,699万,122203元/平,顶层 (共6层) 2室1厅 | 57.2平米 | 东南,https://ke-image.ljcdn.com/110000-inspection/1546c8cd-2b49-4c31-a791-59b0c6a18e22_1000.jpg!m_fill,w_280,h_210,f_jpg?from=ke.com
20240911,西城,木樨地,101125454191,复兴门外大街 1室1厅 南,790万,161555元/平,低楼层 (共16层) 1室1厅 | 48.9平米 | 南,https://ke-image.ljcdn.com/110000-inspection/pc1_KwUAlWGng_1.jpg!m_fill,w_280,h_210,f_jpg?from=ke.com
20240911,西城,木樨地,101125413688,月坛1995年楼龄带电梯西南采光视野好,1190万,131058元/平,中楼层 (共14层) 2室1厅 | 90.8平米 | 西南,https://ke-image.ljcdn.com/110000-inspection/pc1_7fCyNTMnD_1.jpg!m_fill,w_280,h_210,f_jpg?from=ke.com
20240911,西城,木樨地,101125387676,铁四区  不临街 南北通透全明格局精装两居,770万,126230元/平,高楼层 (共6层) 2室1厅 | 61平米 | 南 北,https://ke-image.ljcdn.com/110000-inspection/pc1_M7LABuMGx_1.jpg!m_fill,w_280,h_210,f_jpg?from=ke.com
20240911,西城,木樨地,101125359616,月坛 精装 大两居 户型方正 视野采光好 诚心出售,1270万,149062元/平,高楼层 (共14层) 2室1厅 | 85.2平米 | 西南,https://ke-image.ljcdn.com/110000-inspection/pc1_NFVZR3OGg_1.jpg!m_fill,w_280,h_210,f_jpg?from=ke.com
20240911,西城,木樨地,101125350325,汽南小区 优质四居 东南西北四朝向 小区中间位置,1350万,112877元/平,底层 (共3层) 4室1厅 | 119.6平米 | 东 南 西 北,https://ke-image.ljcdn.com/110000-inspection/pc1_JLRHYuWJI.jpg!m_fill,w_280,h_210,f_jpg?from=ke.com
20240911,西城,木樨地,101125339399,西便门西里 1室1厅 南,370万,86916元/平,顶层 (共6层) 1室1厅 | 42.57平米 | 南,https://ke-image.ljcdn.com/110000-inspection/pc1_hP5jb3U5F.jpg!m_fill,w_280,h_210,f_jpg?from=ke.com
20240911,西城,木樨地,101125337581,真武庙四里 3室1厅 东 西 北,838万,110555元/平,中楼层 (共4层) 3室1厅 | 75.8平米 | 东 西 北,https://ke-image.ljcdn.com/110000-inspection/pc1_DnaeD8s6W_1.jpg!m_fill,w_280,h_210,f_jpg?from=ke.com
20240911,西城,木樨地,101125333145,西便门西里 2室1厅 东 南,530万,98203元/平,中楼层 (共20层) 2室1厅 | 53.97平米 | 东 南,https://ke-image.ljcdn.com/110000-inspection/pc1_h83pgDPn1_1.jpg!m_fill,w_280,h_210,f_jpg?from=ke.com
20240911,西城,木樨地,101125298820,南北通透采光充足距离地铁近小区中间位置,778万,127500元/平,高楼层 (共7层) 2室1厅 | 61.02平米 | 南 北,https://ke-image.ljcdn.com/110000-inspection/pc1_yrIqTfot1_1.jpg!m_fill,w_280,h_210,f_jpg?from=ke.com
20240911,西城,木樨地,101125274345,西便门东里 2室1厅 南,530万,96452元/平,中楼层 (共14层) 2室1厅 | 54.95平米 | 南,https://ke-image.ljcdn.com/110000-inspection/pc1_MywtzRUC3.jpg!m_fill,w_280,h_210,f_jpg?from=ke.com
20240911,西城,木樨地,101125027654,北滨河路2号院  有电梯  小区环境幽美,1600万,156710元/平,低楼层 (共16层) 3室1厅 | 102.1平米 | 西南,https://ke-image.ljcdn.com/110000-inspection/pc1_hb6tBvKLZ_1.jpg!m_fill,w_280,h_210,f_jpg?from=ke.com
20240911,西城,木樨地,101124936088,白云路七号院 2室1厅 东 西,699万,120935元/平,中楼层 (共6层) | 1987年 | 2室1厅 | 57.8平米 | 东 西,https://ke-image.ljcdn.com/110000-inspection/pc1_L5tofYnju_1.jpg!m_fill,w_280,h_210,f_jpg?from=ke.com
20240911,西城,木樨地,101124935881,木樨地 西便门东里 田子格布局 视野无遮挡 采光好,699万,96842元/平,顶层 (共6层) | 1980年 | 3室1厅 | 72.18平米 | 南 北,https://ke-image.ljcdn.com/110000-inspection/pc1_GMGCW0kIh.jpg!m_fill,w_280,h_210,f_jpg?from=ke.com
20240911,西城,木樨地,101124899505,月坛 铁一区 精装修两居 中间层,756万,116308元/平,中楼层 (共4层) 2室1厅 | 65平米 | 东,https://ke-image.ljcdn.com/110000-inspection/pc1_5wEE5lAXv_1.jpg!m_fill,w_280,h_210,f_jpg?from=ke.com
20240911,西城,木樨地,101124847953,真武庙二里南北通透有小区环境安静不临街,1920万,134643元/平,中楼层 (共4层) 3室1厅 | 142.6平米 | 东 南 北,https://ke-image.ljcdn.com/110000-inspection/pc1_pkCQRMduH_1.jpg!m_fill,w_280,h_210,f_jpg?from=ke.com
20240911,西城,木樨地,101124845732,木樨地 复兴门南大街 广电总局家属院 环境好,828万,147253元/平,低楼层 (共12层) 2室0厅 | 56.23平米 | 东,https://ke-image.ljcdn.com/110000-inspection/b3a02f41-60ca-4cc6-8b68-129c701fe3d9_1000.jpg!m_fill,w_280,h_210,f_jpg?from=ke.com
20240911,西城,木樨地,101124831196,长椿街  木樨地 西便门东里 电梯房 精装修,620万,101457元/平,低楼层 (共16层) | 1983年 | 2室1厅 | 61.11平米 | 东南,https://ke-image.ljcdn.com/110000-inspection/pc1_JJ4PAkFGa_1.jpg!m_fill,w_280,h_210,f_jpg?from=ke.com
20240911,西城,木樨地,101124803463,月坛户型方正小三居满五年诚心出售,790万,122103元/平,底层 (共5层) 3室1厅 | 64.7平米 | 西 东,https://ke-image.ljcdn.com/110000-inspection/pc1_d1cWODkhK_1.jpg!m_fill,w_280,h_210,f_jpg?from=ke.com
20240911,西城,木樨地,101124773837,月坛木樨地河景房  满五唯一 小区管理好 电梯新换,888万,129447元/平,低楼层 (共16层) | 1987年 | 2室1厅 | 68.6平米 | 西南,https://ke-image.ljcdn.com/110000-inspection/pc1_doLzlrMZd_1.jpg!m_fill,w_280,h_210,f_jpg?from=ke.com
20240911,西城,木樨地,101124772112,铁一区 地铁南礼士路  3层 环境好,600万,129033元/平,中楼层 (共4层) 2室1厅 | 46.5平米 | 东,https://ke-image.ljcdn.com/110000-inspection/pc1_Kgqhdu9Jx_1.jpg!m_fill,w_280,h_210,f_jpg?from=ke.com
20240911,西城,木樨地,101124770997,木樨地 西便门西里 电梯直达 不临街,556万,89983元/平,高楼层 (共16层) 2室1厅 | 61.79平米 | 东 北,https://ke-image.ljcdn.com/110000-inspection/pc1_8mI1zirCg_1.jpg!m_fill,w_280,h_210,f_jpg?from=ke.com
20240911,西城,木樨地,101124744231,真武庙三里 东南向 三居 视野好,840万,115227元/平,高楼层 (共6层) | 1979年 | 3室1厅 | 72.9平米 | 东南,https://ke-image.ljcdn.com/110000-inspection/pc1_vxPF6B2qZ_1.jpg!m_fill,w_280,h_210,f_jpg?from=ke.com
20240911,西城,木樨地,101124732433,西便门西里 一建集团单位分房满五年  有钥匙,450万,80660元/平,高楼层 (共6层) 2室1厅 | 55.79平米 | 东 北,https://ke-image.ljcdn.com/110000-inspection/pc1_dn2DBAOGA_1.jpg!m_fill,w_280,h_210,f_jpg?from=ke.com
20240911,西城,木樨地,101124725285,小区管理好 24小时热水 小区已经完成了改造 环境,1060万,121421元/平,中楼层 (共4层) 3室1厅 | 87.3平米 | 南,https://ke-image.ljcdn.com/110000-inspection/pc1_3oxsJtBvS_1.jpg!m_fill,w_280,h_210,f_jpg?from=ke.com
20240911,西城,木樨地,101124694854,全国总工会的家属院小区改造过24小时热水楼龄,780万,116767元/平,中楼层 (共18层) 3室1厅 | 66.8平米 | 东北,https://ke-image.ljcdn.com/110000-inspection/pc1_yjrHBtqVh_1.jpg!m_fill,w_280,h_210,f_jpg?from=ke.com
20240911,西城,木樨地,101124693473,白云观 南北两居 采光好无遮挡 业主诚售,680万,138776元/平,中楼层 (共5层) | 1976年 | 2室1厅 | 49平米 | 南 北,https://ke-image.ljcdn.com/110000-inspection/pc1_SHaDaTM13.jpg!m_fill,w_280,h_210,f_jpg?from=ke.com
20240911,西城,木樨地,101124629226,西城 月坛 满五年 南向两居室 诚心出售,869万,119863元/平,低楼层 (共11层) | 1991年 | 2室1厅 | 72.5平米 | 南,https://ke-image.ljcdn.com/110000-inspection/pc1_t7tg75xTJ.jpg!m_fill,w_280,h_210,f_jpg?from=ke.com
20240911,西城,木樨地,101124610849,业主诚心卖东西向两居中间有客厅,540万,118162元/平,地下室 (共6层) 2室1厅 | 45.7平米 | 东 西,https://ke-image.ljcdn.com/110000-inspection/pc1_cWMMeMtW8.jpg!m_fill,w_280,h_210,f_jpg?from=ke.com
20240911,西城,木樨地,101124576028,此房满五年唯一央产房楼层高视野采光好！,990万,162296元/平,高楼层 (共20层) 2室1厅 | 61平米 | 西南 北,https://ke-image.ljcdn.com/110000-inspection/pc1_bUa9c9p2D_1.jpg!m_fill,w_280,h_210,f_jpg?from=ke.com
20240911,西城,木樨地,101124514899,长椿街复兴门天宁寺西便门东里优质三居室 诚心出售,780万,95413元/平,高楼层 (共16层) 3室1厅 | 81.75平米 | 西 北,https://ke-image.ljcdn.com/110000-inspection/pc1_UppizRRyZ_1.jpg!m_fill,w_280,h_210,f_jpg?from=ke.com
20240911,西城,木樨地,101124512812,白云观精准一居室满五年业主急售,555万,114433元/平,顶层 (共6层) 1室1厅 | 48.5平米 | 西,https://ke-image.ljcdn.com/110000-inspection/pc1_r1dJquKsy_1.jpg!m_fill,w_280,h_210,f_jpg?from=ke.com
20240911,西城,木樨地,101124274702,复兴门外大街 中高层 电梯房 视野开阔 无遮挡,1260万,128049元/平,中楼层 (共16层) | 1990年 | 3室1厅 | 98.4平米 | 东南,https://ke-image.ljcdn.com/110000-inspection/pc1_1uDSJM12z_1.jpg!m_fill,w_280,h_210,f_jpg?from=ke.com
20240911,西城,木樨地,101124218648,西便门西里 不临街 采光好 无遮挡 视野好,420万,102715元/平,中楼层 (共6层) 1室1厅 | 40.89平米 | 南,https://ke-image.ljcdn.com/110000-inspection/pc1_0yCklIlDJ_1.jpg!m_fill,w_280,h_210,f_jpg?from=ke.com
20240911,西城,木樨地,101124129027,真武庙六里 高楼层两室一厅 采光好 电梯直达,698万,125090元/平,顶层 (共18层) 2室1厅 | 55.8平米 | 东南,https://ke-image.ljcdn.com/110000-inspection/pc1_vXOxCoSAo_1.jpg!m_fill,w_280,h_210,f_jpg?from=ke.com
20240911,西城,木樨地,101124076390,少见大四居 南北通透双阳台 全明格局 无遮挡 采光好,1309万,113530元/平,顶层 (共4层) 4室1厅 | 115.3平米 | 南 北,https://ke-image.ljcdn.com/110000-inspection/pc1_cOrn4OUVw_1.jpg!m_fill,w_280,h_210,f_jpg?from=ke.com
20240911,西城,木樨地,101124019197,汽南小区机械部板楼中间层采光好,948万,142129元/平,低楼层 (共6层) 3室1厅 | 66.7平米 | 东 西,https://ke-image.ljcdn.com/110000-inspection/pc1_MRyPc3JCr_1.jpg!m_fill,w_280,h_210,f_jpg?from=ke.com
20240911,西城,木樨地,101123797537,西城 月坛 满五唯一 南北通透精装修三居室 诚心出售房主自荐,730万,129433元/平,顶层 (共5层) 3室0厅 | 56.4平米 | 南 北,https://ke-image.ljcdn.com/110000-inspection/pc1_2OAXUOpvw.jpg!m_fill,w_280,h_210,f_jpg?from=ke.com
20240911,西城,木樨地,101123781089,满5年 电梯房 高楼层 视野采光  临地铁1号2号线,636万,97532元/平,中楼层 (共14层) 2室1厅 | 65.21平米 | 东 西,https://ke-image.ljcdn.com/110000-inspection/pc1_xJ69r37xG_1.jpg!m_fill,w_280,h_210,f_jpg?from=ke.com
20240911,西城,木樨地,101123712525,复兴门外大街 3室1厅 南,1290万,130172元/平,低楼层 (共16层) 3室1厅 | 99.1平米 | 南,https://ke-image.ljcdn.com/110000-inspection/20d137dd-c816-43d5-9de5-8e0363466cdb_1000.jpg!m_fill,w_280,h_210,f_jpg?from=ke.com
20240911,西城,木樨地,101123607241,真武庙六里 3室1厅 南,1250万,150603元/平,顶层 (共18层) | 1988年 | 3室1厅 | 83平米 | 南,https://ke-image.ljcdn.com/110000-inspection/pc1_BdSNG1heW.jpg!m_fill,w_280,h_210,f_jpg?from=ke.com
20240911,西城,木樨地,101123460978,木樨地 真武庙六里 铁道部  三居室,1250万,150603元/平,低楼层 (共18层) 3室1厅 | 83平米 | 南,https://ke-image.ljcdn.com/110000-inspection/pc1_j823ALtEK_1.jpg!m_fill,w_280,h_210,f_jpg?from=ke.com
20240911,西城,木樨地,101123454129,真武庙三里  公园附近 有8平米阳台满五年唯一房主自荐,785万,156687元/平,底层 (共6层) 2室1厅 | 50.1平米 | 南 北,https://ke-image.ljcdn.com/110000-inspection/pc1_Yf3llQGX2_1.jpg!m_fill,w_280,h_210,f_jpg?from=ke.com
20240911,西城,木樨地,101123447267,莲花池东路甲5号院 2室1厅 东 南,998万,112388元/平,高楼层 (共24层) 2室1厅 | 88.8平米 | 东 南,https://ke-image.ljcdn.com/110000-inspection/6b53aa22-3035-44cb-8748-6fd7dc78724d_1000.jpg!m_fill,w_280,h_210,f_jpg?from=ke.com
20240911,西城,木樨地,101123441952,复兴门南大街 带电梯两居 广电家属院 管理好,798万,131035元/平,低楼层 (共12层) 2室1厅 | 60.9平米 | 东 西,https://ke-image.ljcdn.com/110000-inspection/pc1_iHG0XVNpU_1.jpg!m_fill,w_280,h_210,f_jpg?from=ke.com
20240911,西城,木樨地,101123435601,真武庙二里 南礼士路 不临街 有电梯 楼龄新,630万,123530元/平,低楼层 (共18层) 2室1厅 | 51平米 | 东,https://ke-image.ljcdn.com/110000-inspection/pc1_idQi4nfVv_1.jpg!m_fill,w_280,h_210,f_jpg?from=ke.com
20240911,西城,木樨地,101123428610,西便门东里 1室1厅 南,459万,115734元/平,顶层 (共6层) 1室1厅 | 39.66平米 | 南,https://ke-image.ljcdn.com/110000-inspection/pc1_eHbDhsK1U.jpg!m_fill,w_280,h_210,f_jpg?from=ke.com
20240911,西城,木樨地,101123345910,西便门东里 南北通透两居 有电梯 精装修,580万,97990元/平,中楼层 (共14层) 2室1厅 | 59.19平米 | 南 北,https://ke-image.ljcdn.com/110000-inspection/pc1_wRK4RYSUF_1.jpg!m_fill,w_280,h_210,f_jpg?from=ke.com
20240911,西城,木樨地,101123336355,北滨河路2号院 3室1厅 西南,1160万,154667元/平,高楼层 (共20层) 3室1厅 | 75平米 | 西南,https://ke-image.ljcdn.com/110000-inspection/pc1_QZN2DEqlf_1.jpg!m_fill,w_280,h_210,f_jpg?from=ke.com
20240911,西城,木樨地,101123309136,真武庙广电小区 1992年板楼 南北通透不临街 离地铁近,649万,147803元/平,中楼层 (共7层) 1室1厅 | 43.91平米 | 南 北,https://ke-image.ljcdn.com/110000-inspection/pc1_ZkIP7DAjU_1.jpg!m_fill,w_280,h_210,f_jpg?from=ke.com
20240911,西城,木樨地,101123296671,白云观南向两居  精装修拎包入住 楼龄新带电梯房主自荐,1060万,132170元/平,中楼层 (共11层) | 1991年 | 2室1厅 | 80.2平米 | 南,https://ke-image.ljcdn.com/110000-inspection/pc1_9X6SS36um.jpg!m_fill,w_280,h_210,f_jpg?from=ke.com
20240911,西城,木樨地,101123293532,西便门西里 木樨地 电梯直达 两居 采光视野好 有钥匙,530万,98203元/平,中楼层 (共20层) 2室1厅 | 53.97平米 | 东 南,https://ke-image.ljcdn.com/110000-inspection/pc1_SMea5clo3_1.jpg!m_fill,w_280,h_210,f_jpg?from=ke.com
20240911,西城,木樨地,101123285227,满五唯一精装修双南向采光好南礼士路房主自荐,850万,123727元/平,顶层 (共6层) | 1985年 | 2室1厅 | 68.7平米 | 南,https://ke-image.ljcdn.com/110000-inspection/pc1_QHJrElTmP_1.jpg!m_fill,w_280,h_210,f_jpg?from=ke.com
20240911,西城,木樨地,101123217270,复兴门外大街 南北通透三居 满五全总央产房,930万,131356元/平,低楼层 (共16层) 3室1厅 | 70.8平米 | 南 北,https://ke-image.ljcdn.com/110000-inspection/pc1_5JTCaM4tC_1.jpg!m_fill,w_280,h_210,f_jpg?from=ke.com
20240911,西城,木樨地,101123193314,楼层好随时签约 看房方便 户型方正,730万,134439元/平,低楼层 (共6层) 2室1厅 | 54.3平米 | 东 西,https://ke-image.ljcdn.com/110000-inspection/pc1_jJAVdDDkV_1.jpg!m_fill,w_280,h_210,f_jpg?from=ke.com
20240911,西城,木樨地,101123193203,莲花池东路 1室1厅 南,580万,152231元/平,底层 (共16层) 1室1厅 | 38.1平米 | 南,https://ke-image.ljcdn.com/110000-inspection/pc1_NDO91ipFf.jpg!m_fill,w_280,h_210,f_jpg?from=ke.com
20240911,西城,木樨地,101123145353,满五唯一购房成本低房子采光好楼龄新,640万,70641元/平,中楼层 (共28层) | 2007年 | 1室1厅 | 90.6平米 | 西,https://ke-image.ljcdn.com/110000-inspection/pc1_1vTQ8WXBQ.jpg!m_fill,w_280,h_210,f_jpg?from=ke.com
20240911,西城,木樨地,101123032069,地铁木樨地站复兴门外大街双南两居室双阳台,819万,139050元/平,低楼层 (共12层) 2室1厅 | 58.9平米 | 南 北,https://ke-image.ljcdn.com/110000-inspection/pc1_62PxiTlrB.jpg!m_fill,w_280,h_210,f_jpg?from=ke.com
20240911,西城,木樨地,101122952684,1991年带电梯满五年唯一南向不临街户型方正合理,860万,115437元/平,低楼层 (共11层) | 1991年 | 2室1厅 | 74.5平米 | 南,https://ke-image.ljcdn.com/110000-inspection/pc1_nlMLMqcvK_1.jpg!m_fill,w_280,h_210,f_jpg?from=ke.com
20240911,西城,木樨地,101122749416,月坛新上白云观双南两居室户型方正,495万,110739元/平,底层 (共5层) 2室1厅 | 44.7平米 | 南,https://ke-image.ljcdn.com/110000-inspection/pc1_j8ziu5cbt.jpg!m_fill,w_280,h_210,f_jpg?from=ke.com
20240911,西城,木樨地,101122746381,3居 户型方正 南北通透 西便门,766万,110359元/平,高楼层 (共6层) | 1984年 | 3室1厅 | 69.41平米 | 南 北,https://ke-image.ljcdn.com/110000-inspection/9cf3d33a-0d6d-4296-9161-1ea30099bf6e_1000.jpg!m_fill,w_280,h_210,f_jpg?from=ke.com
20240911,西城,木樨地,101122596635,复兴门外大街 随时可看 地铁 不临街,778万,124083元/平,底层 (共10层) 2室1厅 | 62.7平米 | 东 西,https://ke-image.ljcdn.com/110000-inspection/pc1_fh8eXF1yc_1.jpg!m_fill,w_280,h_210,f_jpg?from=ke.com
20240911,西城,木樨地,101122555671,莲花池东路甲5号院 2室2厅 西南,1250万,107389元/平,中楼层 (共24层) 2室2厅 | 116.4平米 | 西南,https://ke-image.ljcdn.com/110000-inspection/c9264986-6120-44c0-8df9-b2b5f1bcce19_1000.jpg!m_fill,w_280,h_210,f_jpg?from=ke.com
20240911,西城,木樨地,101122498349,木樨地精装大三居 户型方正 视野好,1099万,129447元/平,中楼层 (共18层) 3室1厅 | 84.9平米 | 东 北,https://ke-image.ljcdn.com/110000-inspection/pc1_K4OrbEfa2_1.jpg!m_fill,w_280,h_210,f_jpg?from=ke.com
20240911,西城,木樨地,101122380975,西便门西里小区 楼层好户型方正采光好,668万,114267元/平,中楼层 (共20层) 2室1厅 | 58.46平米 | 东 西,https://ke-image.ljcdn.com/110000-inspection/pc1_CkRkDNXHO_1.jpg!m_fill,w_280,h_210,f_jpg?from=ke.com
20240911,西城,木樨地,101122254887,白云观 1室1厅 东,470万,105146元/平,地下室 (共6层) | 1991年 | 1室1厅 | 44.7平米 | 东,https://ke-image.ljcdn.com/110000-inspection/pc1_Lu4InAssM_1.jpg!m_fill,w_280,h_210,f_jpg?from=ke.com
20240911,西城,木樨地,101122250786,铁一区铁道部宿舍东西通透两居室采光好,680万,104616元/平,顶层 (共4层) | 1956年 | 2室0厅 | 65平米 | 东 西,https://ke-image.ljcdn.com/110000-inspection/pc1_rKVWKsYFi_1.jpg!m_fill,w_280,h_210,f_jpg?from=ke.com
20240911,西城,木樨地,101122245370,白云观街南里南北通透正规两居采光良好,650万,118182元/平,顶层 (共6层) | 1983年 | 2室1厅 | 55平米 | 南 北,https://ke-image.ljcdn.com/110000-inspection/pc1_yp4tWxcwU_1.jpg!m_fill,w_280,h_210,f_jpg?from=ke.com
20240911,西城,木樨地,101122082598,满五年商品房业主名下唯一住宅格局方正诚心出售,718万,122526元/平,中楼层 (共5层) 2室1厅 | 58.6平米 | 南 北,https://ke-image.ljcdn.com/110000-inspection/pc1_rRNWnF9xS_1.jpg!m_fill,w_280,h_210,f_jpg?from=ke.com
20240911,西城,木樨地,101121990291,木樨地北里正规一室一厅诚售有钥匙随时可以看房,605万,147922元/平,底层 (共18层) 1室2厅 | 40.9平米 | 北,https://ke-image.ljcdn.com/110000-inspection/pc1_9oJyYsRlK_1.jpg!m_fill,w_280,h_210,f_jpg?from=ke.com
20240911,西城,木樨地,101121801819,木樨地北里8号优质两居室居住舒适。,749万,119458元/平,顶层 (共5层) 2室1厅 | 62.7平米 | 南,https://ke-image.ljcdn.com/110000-inspection/pc1_72QfZFN2y.jpg!m_fill,w_280,h_210,f_jpg?from=ke.com
20240911,西城,木樨地,101121760238,白云观北里 正规一居室 楼层好 带电梯,830万,144852元/平,中楼层 (共11层) | 1992年 | 1室1厅 | 57.3平米 | 东,https://ke-image.ljcdn.com/110000-inspection/pc1_3xosXslh2_1.jpg!m_fill,w_280,h_210,f_jpg?from=ke.com
20240911,西城,木樨地,101121467339,西便门东里 2室1厅 南,745万,101320元/平,中楼层 (共16层) 2室1厅 | 73.53平米 | 南,https://ke-image.ljcdn.com/110000-inspection/pc1_0byR210D0_1.jpg!m_fill,w_280,h_210,f_jpg?from=ke.com
20240911,西城,木樨地,101121357201,南北通透三居室低楼层不临街,1050万,151080元/平,低楼层 (共6层) 3室1厅 | 69.5平米 | 南 北,https://ke-image.ljcdn.com/110000-inspection/pc1_ZnMHiIbBM_1.jpg!m_fill,w_280,h_210,f_jpg?from=ke.com
20240911,西城,木樨地,101121085417,白云观 南北通透两居 户型方正 格局好,540万,112735元/平,底层 (共5层) | 1977年 | 2室1厅 | 47.9平米 | 南 北,https://ke-image.ljcdn.com/110000-inspection/pc1_KSqIaqeim.jpg!m_fill,w_280,h_210,f_jpg?from=ke.com
20240911,西城,木樨地,101121038920,白云观大一居房改房可多贷款诚心出售,760万,156702元/平,顶层 (共6层) 1室1厅 | 48.5平米 | 东 西,https://ke-image.ljcdn.com/110000-inspection/pc1_QAduFWqdX_1.jpg!m_fill,w_280,h_210,f_jpg?from=ke.com
20240911,西城,木樨地,101120980990,1991年板楼二层南向客厅方正好用产权清晰诚心出售,750万,157564元/平,低楼层 (共6层) 1室1厅 | 47.6平米 | 南,https://ke-image.ljcdn.com/110000-inspection/pc1_FLF5eNVMy.jpg!m_fill,w_280,h_210,f_jpg?from=ke.com
20240911,西城,木樨地,101120769352,复兴门外大街 南北朝向带电梯三居室 有客厅 看房方便,1500万,160428元/平,低楼层 (共20层) | 1995年 | 3室1厅 | 93.5平米 | 南 北,https://ke-image.ljcdn.com/110000-inspection/pc1_wzT4Fye4E_1.jpg!m_fill,w_280,h_210,f_jpg?from=ke.com
20240911,西城,木樨地,101120662813,中间楼层正规两居室诚心出售小区管理好,898万,140753元/平,中楼层 (共6层) 2室1厅 | 63.8平米 | 南 北,https://ke-image.ljcdn.com/110000-inspection/pc1_k9lanLGh6_1.jpg!m_fill,w_280,h_210,f_jpg?from=ke.com
20240911,西城,木樨地,101120462930,铁四区苏式小2居室 精装修 拎包入职  看房随时,660万,122906元/平,顶层 (共4层) | 1955年 | 2室1厅 | 53.7平米 | 西,https://ke-image.ljcdn.com/110000-inspection/8aada34e-858d-49b4-9710-05941e7a0e4d_1000.jpg!m_fill,w_280,h_210,f_jpg?from=ke.com
20240911,西城,木樨地,101120344560,西便门西里 满5年唯一两居室 环境安静 电梯直达,590万,108596元/平,低楼层 (共16层) | 1983年 | 2室1厅 | 54.33平米 | 西,https://ke-image.ljcdn.com/110000-inspection/pc1_KfQIQhMSX.jpg!m_fill,w_280,h_210,f_jpg?from=ke.com
20240911,西城,木樨地,101120236523,温馨家园 广电部分房 小区环境好 精装修三居室,1500万,173011元/平,中楼层 (共18层) 3室1厅 | 86.7平米 | 东北,https://ke-image.ljcdn.com/110000-inspection/pc1_9qNIP43ub_1.jpg!m_fill,w_280,h_210,f_jpg?from=ke.com
20240911,西城,木樨地,101119876987,白云路七号院 2室1厅 东 西,770万,133218元/平,高楼层 (共6层) 2室1厅 | 57.8平米 | 东 西,https://ke-image.ljcdn.com/110000-inspection/pc1_P27QUbZ5h_1.jpg!m_fill,w_280,h_210,f_jpg?from=ke.com
20240911,西城,木樨地,101119779155,真武庙 满五唯一 看房方便  南北,910万,149181元/平,顶层 (共6层) 2室1厅 | 61平米 | 南 北,https://ke-image.ljcdn.com/110000-inspection/prod-5fa939d9-bb8c-40ec-934b-dbff330667b9.jpg!m_fill,w_280,h_210,f_jpg?from=ke.com
20240911,西城,木樨地,101119735252,满五年唯一户型方正可停车业主移民诚心交易房主自荐,866万,111742元/平,高楼层 (共17层) | 1991年 | 3室1厅 | 77.5平米 | 西 北,https://ke-image.ljcdn.com/110000-inspection/pc1_SNHXvGzPD_1.jpg!m_fill,w_280,h_210,f_jpg?from=ke.com
20240911,西城,木樨地,101119535504,户型方正满五年能贷款诚心出售。,920万,137314元/平,底层 (共5层) 3室1厅 | 67平米 | 东 西,https://ke-image.ljcdn.com/110000-inspection/pc1_jVfTqXYXz_1.jpg!m_fill,w_280,h_210,f_jpg?from=ke.com
20240911,西城,木樨地,101119033093,南北通透采光好户型方正使用率高房主自荐,399万,81164元/平,地下室 (共6层) | 1988年 | 2室1厅 | 49.16平米 | 南 北,https://ke-image.ljcdn.com/110000-inspection/pc1_hDaLAgAch.jpg!m_fill,w_280,h_210,f_jpg?from=ke.com
20240911,西城,木樨地,101118991943,木樨地 南北通透 户型好 不临街,1025万,129912元/平,底层 (共4层) 3室1厅 | 78.9平米 | 南 北,https://ke-image.ljcdn.com/110000-inspection/pc1_EYKmwDsR0_1.jpg!m_fill,w_280,h_210,f_jpg?from=ke.com
20240911,西城,木樨地,101117930780,真武庙二里 全总家属院 1993年建成有电梯 月坛木樨地,670万,150901元/平,低楼层 (共18层) | 1993年 | 1室1厅 | 44.4平米 | 西北,https://ke-image.ljcdn.com/110000-inspection/pc1_Fyp1dpDLy_1.jpg!m_fill,w_280,h_210,f_jpg?from=ke.com
20240911,西城,木樨地,101117797479,真武庙四里 3室1厅 南 北,860万,123386元/平,底层 (共4层) | 1955年 | 3室1厅 | 69.7平米 | 南 北,https://ke-image.ljcdn.com/110000-inspection/pc1_fYMnAldN5.jpg!m_fill,w_280,h_210,f_jpg?from=ke.com
20240911,西城,木樨地,101117698015,温馨家园西南向两居室采光好业主诚心出售可随时签约,1180万,152455元/平,顶层 (共7层) | 1999年 | 2室2厅 | 77.4平米 | 南 西,https://ke-image.ljcdn.com/110000-inspection/pc1_pXquNw9J0_1.jpg!m_fill,w_280,h_210,f_jpg?from=ke.com
20240911,西城,木樨地,101126535253,广电宿舍环境优美物业管理好朝南方正一居室电梯直达,689万,152098元/平,高楼层 (共16层) 1室1厅 | 45.3平米 | 南,https://s1.ljcdn.com/pegasus/redskull/images/common/default_house_list.png?_v=20240826145726
20240911,西城,木樨地,101126516622,月坛 木樨地 复兴门 高层视野无遮挡 满五唯一新上,688万,140696元/平,高楼层 (共16层) 1室1厅 | 48.9平米 | 南,https://s1.ljcdn.com/pegasus/redskull/images/common/default_house_list.png?_v=20240826145726
20240911,西城,木樨地,101126500560,精装修 南北通透两居室 中间楼层 业主诚心出售 不新上,699万,130168元/平,中楼层 (共5层) | 1981年 | 2室1厅 | 53.7平米 | 南 北,https://s1.ljcdn.com/pegasus/redskull/images/common/default_house_list.png?_v=20240826145726
20240911,西城,木樨地,101126356812,西便门东里 满五年唯一 东南角两居室 采光通风好,590万,97942元/平,低楼层 (共16层) 2室1厅 | 60.24平米 | 东南,https://s1.ljcdn.com/pegasus/redskull/images/common/default_house_list.png?_v=20240826145726
20240911,西城,木樨地,101126140261,复兴门外大街 2室1厅 南,700万,127505元/平,高楼层 (共12层) 2室1厅 | 54.9平米 | 南,https://s1.ljcdn.com/pegasus/redskull/images/common/default_house_list.png?_v=20240826145726
20240911,西城,木樨地,101126017969,西便门东里 2室1厅 东 南,560万,95547元/平,高楼层 (共16层) 2室1厅 | 58.61平米 | 东 南,https://s1.ljcdn.com/pegasus/redskull/images/common/default_house_list.png?_v=20240826145726
20240911,西城,木樨地,101125982898,木樨地带电梯西南两居楼层好视野开阔位置安静,750万,121164元/平,高楼层 (共18层) | 1986年 | 2室1厅 | 61.9平米 | 西南,https://s1.ljcdn.com/pegasus/redskull/images/common/default_house_list.png?_v=20240826145726
20240911,西城,木樨地,101125965482,白云观街南里南向一居室 采光好 满五 业主诚售,599万,175660元/平,底层 (共5层) | 1976年 | 1室1厅 | 34.1平米 | 南,https://s1.ljcdn.com/pegasus/redskull/images/common/default_house_list.png?_v=20240826145726
20240911,西城,木樨地,101125860001,真武庙六里 2室1厅 西,938万,129917元/平,中楼层 (共18层) 2室1厅 | 72.2平米 | 西,https://s1.ljcdn.com/pegasus/redskull/images/common/default_house_list.png?_v=20240826145726
20240911,西城,木樨地,101125773603,白云观 2室1厅 南 北,745万,134477元/平,顶层 (共6层) 2室1厅 | 55.4平米 | 南 北,https://s1.ljcdn.com/pegasus/redskull/images/common/default_house_list.png?_v=20240826145726
20240911,西城,木樨地,101125643358,真武庙二里大三居小区环境好位置好看房方便。,1440万,135850元/平,顶层 (共4层) 3室1厅 | 106平米 | 南 西北,https://s1.ljcdn.com/pegasus/redskull/images/common/default_house_list.png?_v=20240826145726
20240911,西城,木樨地,101125543777,复兴门外大街小区带装修小三居户型好用无浪费,930万,136564元/平,顶层 (共12层) 3室1厅 | 68.1平米 | 南 北,https://s1.ljcdn.com/pegasus/redskull/images/common/default_house_list.png?_v=20240826145726
20240911,西城,木樨地,101125119433,铁四区 3室1厅 南 北,699万,115729元/平,顶层 (共5层) 3室1厅 | 60.4平米 | 南 北,https://s1.ljcdn.com/pegasus/redskull/images/common/default_house_list.png?_v=20240826145726
20240911,西城,木樨地,101123957087,带电梯采光视眼好 1991年房护城河边上 房本满五年唯一,699万,134166元/平,中楼层 (共11层) | 1991年 | 1室1厅 | 52.1平米 | 东,https://s1.ljcdn.com/pegasus/redskull/images/common/default_house_list.png?_v=20240826145726
20240911,西城,木樨地,101123894831,房子满两年南北通透南礼士路  楼层好 楼龄新,688万,121986元/平,低楼层 (共7层) 2室1厅 | 56.4平米 | 南 北,https://s1.ljcdn.com/pegasus/redskull/images/common/default_house_list.png?_v=20240826145726
20240911,西城,木樨地,101122581814,汽北小区 中间楼层 南北通透 光线充足,699万,114779元/平,中楼层 (共6层) 2室1厅 | 60.9平米 | 南 北,https://s1.ljcdn.com/pegasus/redskull/images/common/default_house_list.png?_v=20240826145726
