20240909,丰台,角门,101126267230,角门2号院 东南向正规一居室 满五唯一必看好房,280万,42515元/平,中楼层 (共14层) 1室1厅 | 65.86平米 | 东南,https://ke-image.ljcdn.com/110000-inspection/pc1_8nlI0WnKO_1.jpg!m_fill,w_280,h_210,f_jpg?from=ke.com
20240909,丰台,角门,101126229786,马家堡角门商圈大红门35号院方正户型临近地铁必看好房,220万,42300元/平,底层 (共6层) 1室1厅 | 52.01平米 | 东 西,https://ke-image.ljcdn.com/110000-inspection/0f6cc98c-1043-4dd3-a042-8f313a36d9b4_1000.jpg!m_fill,w_280,h_210,f_jpg?from=ke.com
20240909,丰台,角门,101126069480,阳光花园 西南朝向一居室 业主诚意出售必看好房,420万,77008元/平,高楼层 (共16层) | 2010年 | 1室1厅 | 54.54平米 | 西南,https://ke-image.ljcdn.com/110000-inspection/fbf7d840-b1e4-406d-846c-efaa6aaed6f2_1000.jpg!m_fill,w_280,h_210,f_jpg?from=ke.com
20240909,丰台,角门,101125942694,洋桥角门东里 南北向中间层 诚心出售必看好房,236万,41259元/平,中楼层 (共6层) 2室1厅 | 57.2平米 | 南 北,https://ke-image.ljcdn.com/110000-inspection/ac55f33f-36d7-4cfd-9954-0c3e6c71ff82_1000.jpg!m_fill,w_280,h_210,f_jpg?from=ke.com
20240909,丰台,角门,101125691386,角门甲4号院南北通透2居室 近地铁装修好 诚心出售必看好房,209万,38370元/平,顶层 (共6层) 2室1厅 | 54.47平米 | 南 北,https://ke-image.ljcdn.com/110000-inspection/b080169e-9eba-4343-a054-eea9ad257ff2_1000.jpg!m_fill,w_280,h_210,f_jpg?from=ke.com
20240909,丰台,角门,101126368422,业主诚心出售怡然家园房屋必看好房,208万,31449元/平,低楼层 (共14层) | 2010年 | 1室0厅 | 66.14平米 | 东,https://ke-image.ljcdn.com/110000-inspection/pc1_AGCO0yfdT_2.jpg!m_fill,w_280,h_210,f_jpg?from=ke.com
20240909,丰台,角门,101125611875,南三环  首座绿洲 商品房社区大两居 满五年唯一必看好房,499万,52693元/平,低楼层 (共21层) | 2005年 | 2室1厅 | 94.7平米 | 东南 北,https://ke-image.ljcdn.com/110000-inspection/pc1_ui0FLDfdO_2.jpg!m_fill,w_280,h_210,f_jpg?from=ke.com
20240909,丰台,角门,101125541088,角门东里 南北通透 户型方正 近地铁必看好房,368万,56330元/平,底层 (共6层) 3室1厅 | 65.33平米 | 南 北,https://ke-image.ljcdn.com/110000-inspection/pc1_OONY9Tzub_2.jpg!m_fill,w_280,h_210,f_jpg?from=ke.com
20240909,丰台,角门,101125465572,洋桥角门东里  通透明厅两居室  交通便利必看好房,259万,37138元/平,顶层 (共6层) 2室1厅 | 69.74平米 | 东南,https://ke-image.ljcdn.com/110000-inspection/5c4e56a3-6c9b-4ca8-b354-38db92a82583_1000.jpg!m_fill,w_280,h_210,f_jpg?from=ke.com
20240909,丰台,角门,101125061741,马家堡 司达小区 满五唯一 地铁角门东站560米必看好房,320万,49536元/平,中楼层 (共14层) 2室1厅 | 64.6平米 | 南 北,https://ke-image.ljcdn.com/110000-inspection/pc1_ojMegpXQf_1.jpg!m_fill,w_280,h_210,f_jpg?from=ke.com
20240909,丰台,角门,101124736952,角门洋桥马家堡 角门东里 精装修 带电梯 近地铁必看好房,318万,50759元/平,高楼层 (共19层) 2室1厅 | 62.65平米 | 东 南,https://ke-image.ljcdn.com/110000-inspection/45b12eb5-f171-493f-b002-557b0189d3bc_1000.jpg!m_fill,w_280,h_210,f_jpg?from=ke.com
20240909,丰台,角门,101123711751,角门东里 通透两居大客厅 精装修满五唯一 近地铁400米必看好房,278万,40285元/平,顶层 (共6层) 2室1厅 | 69.01平米 | 东 西,https://ke-image.ljcdn.com/110000-inspection/pc1_afBXN8htp_2.jpg!m_fill,w_280,h_210,f_jpg?from=ke.com
20240909,丰台,角门,101123494861,马家堡 司达小区 3层两居室 楼龄新 地铁近 诚心出售,260万,42540元/平,中楼层 (共6层) 2室1厅 | 61.12平米 | 南 北,https://ke-image.ljcdn.com/110000-inspection/9d34ef40-0ed3-44ad-ae08-373fabd17f3d_1000.jpg!m_fill,w_280,h_210,f_jpg?from=ke.com
20240909,丰台,角门,101123434110,角门马家堡精装三居楼层高采光好满五唯一商品房,768万,60478元/平,中楼层 (共21层) 3室1厅 | 126.99平米 | 南,https://ke-image.ljcdn.com/110000-inspection/4887f4be-c424-453c-9d25-b426bc0f6051_1000.jpg!m_fill,w_280,h_210,f_jpg?from=ke.com
20240909,丰台,角门,101123138558,西马小区 南北两室 带阳台 诚心出售,279万,44827元/平,高楼层 (共6层) 2室1厅 | 62.24平米 | 南 北,https://ke-image.ljcdn.com/110000-inspection/edfd17ab-ed4d-495c-9823-15225c2910a5_1000.jpg!m_fill,w_280,h_210,f_jpg?from=ke.com
20240909,丰台,角门,101122731503,马家堡 角门 杏林园 两居室 大客厅 近地铁 带电梯,430万,51920元/平,中楼层 (共18层) | 1998年 | 2室1厅 | 82.82平米 | 西南,https://ke-image.ljcdn.com/110000-inspection/pc1_Tbsd127O5_1.jpg!m_fill,w_280,h_210,f_jpg?from=ke.com
20240909,丰台,角门,101122514095,怡然家园6号院 满五唯一 户型好 采光好必看好房,510万,45487元/平,低楼层 (共14层) | 2010年 | 2室1厅 | 112.12平米 | 南 北,https://ke-image.ljcdn.com/110000-inspection/7dde5efc-0512-4439-a6e9-fbd334f5efd2_1000.jpg!m_fill,w_280,h_210,f_jpg?from=ke.com
20240909,丰台,角门,101121256804,枫南世嘉满五年唯一商品房精装修,399万,48452元/平,中楼层 (共14层) | 2006年 | 2室1厅 | 82.35平米 | 东 北,https://ke-image.ljcdn.com/110000-inspection/pc1_2WgH3JOs6_1.jpg!m_fill,w_280,h_210,f_jpg?from=ke.com
20240909,丰台,角门,101120692153,10号线角门东里地铁 阳光花园 人车分流 诚心出售,290万,61350元/平,顶层 (共19层) | 2010年 | 1室0厅 | 47.27平米 | 西北,https://ke-image.ljcdn.com/110000-inspection/pc1_Pb3xXz1Sp_1.jpg!m_fill,w_280,h_210,f_jpg?from=ke.com
20240909,丰台,角门,101126250752,马家堡、洋桥、角门东里精装两居近地铁东西通透必看好房,225万,41059元/平,高楼层 (共6层) | 1991年 | 2室1厅 | 54.8平米 | 东 西,https://ke-image.ljcdn.com/110000-inspection/pc1_WhNfDC2K2_2.jpg!m_fill,w_280,h_210,f_jpg?from=ke.com
20240909,丰台,角门,101125812960,马家堡 西马小区 半地下采光好 南北2居 业主急售必看好房,158万,28045元/平,地下室 (共6层) 2室1厅 | 56.34平米 | 南 北,https://ke-image.ljcdn.com/110000-inspection/pc1_cNrpqMP7L_1.jpg!m_fill,w_280,h_210,f_jpg?from=ke.com
20240909,丰台,角门,101125794496,马家堡、角门、洋桥、首座绿洲、一居、商品房、近地铁,300万,48271元/平,低楼层 (共21层) 1室1厅 | 62.15平米 | 北,https://ke-image.ljcdn.com/110000-inspection/pc1_vFUatmSxW_1.jpg!m_fill,w_280,h_210,f_jpg?from=ke.com
20240909,丰台,角门,101125593600,角门东里*优质好房*交通畅达*温馨舒适欢迎您来必看好房,328万,47717元/平,中楼层 (共6层) 2室1厅 | 68.74平米 | 南 北,https://ke-image.ljcdn.com/110000-inspection/41a9cff3-a961-4f1b-af02-f02fcd7b12ce_1000.jpg!m_fill,w_280,h_210,f_jpg?from=ke.com
20240909,丰台,角门,101125183869,角门东地铁满五年唯一客厅和主卧朝南 车位充足必看好房,660万,72464元/平,中楼层 (共19层) | 2010年 | 2室1厅 | 91.08平米 | 南 北,https://ke-image.ljcdn.com/110000-inspection/pc1_8JIHDC6HF_1.jpg!m_fill,w_280,h_210,f_jpg?from=ke.com
20240909,丰台,角门,101124467171,角门西 马家堡 角门东里 精装修 一居室 带电梯必看好房,255万,44248元/平,低楼层 (共18层) | 2000年 | 2室1厅 | 57.63平米 | 西,https://ke-image.ljcdn.com/110000-inspection/61d9fca1-2e58-4d68-9ebb-d1c2991177b1_1000.jpg!m_fill,w_280,h_210,f_jpg?from=ke.com
20240909,丰台,角门,101124266906,马家堡 角门 洋桥 近地铁 南北通透 三居室 板楼,360万,51636元/平,中楼层 (共6层) 3室1厅 | 69.72平米 | 南 北,https://ke-image.ljcdn.com/110000-inspection/a42ca294-7776-4660-9c0b-f9ad94084f56_1000.jpg!m_fill,w_280,h_210,f_jpg?from=ke.com
20240909,丰台,角门,101118109816,大红门西马场北里 南北通透 中间位置,285万,46607元/平,高楼层 (共6层) 2室1厅 | 61.15平米 | 南 北,https://ke-image.ljcdn.com/110000-inspection/pc1_StpDtXoFn_1.jpg!m_fill,w_280,h_210,f_jpg?from=ke.com
20240909,丰台,角门,101126459913,角门东里 3室1厅 东 南 北新上,350万,45104元/平,高楼层 (共6层) 3室1厅 | 77.6平米 | 东 南 北,https://ke-image.ljcdn.com/110000-inspection/488ebbea-1954-45ba-ad24-78efc72fcf16_1000.jpg!m_fill,w_280,h_210,f_jpg?from=ke.com
20240909,丰台,角门,101126452991,角门 电梯房一居室 双地铁 格局方正 精装修新上,245万,42513元/平,低楼层 (共18层) | 1998年 | 1室1厅 | 57.63平米 | 西,https://ke-image.ljcdn.com/110000-inspection/9114f34c-fdf0-418b-a5fc-b7f1365a3705_1000.jpg!m_fill,w_280,h_210,f_jpg?from=ke.com
20240909,丰台,角门,101126445204,角门东里*中间楼层*南北通透*满屋唯一*看房随时新上,260万,48051元/平,中楼层 (共6层) 2室1厅 | 54.11平米 | 南 北,https://ke-image.ljcdn.com/110000-inspection/pc1_T30UtFxHi_2.jpg!m_fill,w_280,h_210,f_jpg?from=ke.com
20240909,丰台,角门,101126427684,康缘居 2室1厅 南 北新上,418万,46783元/平,中楼层 (共14层) | 2001年 | 2室1厅 | 89.35平米 | 南 北,https://ke-image.ljcdn.com/110000-inspection/7b0fbf92-6967-4483-adb4-04b39caba78f_1000.jpg!m_fill,w_280,h_210,f_jpg?from=ke.com
20240909,丰台,角门,101126415149,首座绿洲 3室1厅 南 西南 西新上,570万,55943元/平,高楼层 (共21层) 3室1厅 | 101.89平米 | 南 西南 西,https://ke-image.ljcdn.com/110000-inspection/6d099776-6f40-4d09-827d-e3722bf8984c_1000.jpg!m_fill,w_280,h_210,f_jpg?from=ke.com
20240909,丰台,角门,101126341482,京华苑 1室1厅 西新上,420万,54788元/平,低楼层 (共20层) | 2000年 | 1室1厅 | 76.66平米 | 西,https://ke-image.ljcdn.com/110000-inspection/3222822e-7039-486d-bc82-44cfe1ccb5b3_1000.jpg!m_fill,w_280,h_210,f_jpg?from=ke.com
20240909,丰台,角门,101126323380,马家堡*角门东里*南北双阳台*视野开阔*店长主推新上,247万,41443元/平,高楼层 (共6层) 2室1厅 | 59.6平米 | 南 北,https://ke-image.ljcdn.com/110000-inspection/fc302c96-d4ec-46a3-9c73-d912876bc063_1000.jpg!m_fill,w_280,h_210,f_jpg?from=ke.com
20240909,丰台,角门,101126258412,全南向通透 采光好 视野开阔 交通便利,368万,51491元/平,中楼层 (共18层) | 1998年 | 2室1厅 | 71.47平米 | 南,https://ke-image.ljcdn.com/110000-inspection/4922b88d-ba02-4663-aec0-69f28f173710_1000.jpg!m_fill,w_280,h_210,f_jpg?from=ke.com
20240909,丰台,角门,101126239787,角门甲4号院 1室1厅 南,195万,46374元/平,高楼层 (共6层) | 1993年 | 1室1厅 | 42.05平米 | 南,https://ke-image.ljcdn.com/110000-inspection/5eb51366-36c2-4678-aed4-a336f5d8ca4c_1000.jpg!m_fill,w_280,h_210,f_jpg?from=ke.com
20240909,丰台,角门,101126229675,马家堡 阳光花园 全南向一居室 满五唯一 地铁近房主自荐,319万,68959元/平,中楼层 (共19层) | 2010年 | 1室1厅 | 46.26平米 | 南 北,https://ke-image.ljcdn.com/110000-inspection/90ef993a-0962-4055-bce7-6bc2f1cd78b5_1000.jpg!m_fill,w_280,h_210,f_jpg?from=ke.com
20240909,丰台,角门,101126221740,角门东地铁纯商品房社区满五年唯一全明、精装修,298万,63798元/平,中楼层 (共19层) | 2010年 | 1室1厅 | 46.71平米 | 东北,https://ke-image.ljcdn.com/110000-inspection/b6174dda-8e44-4db6-a9aa-c84b7e196f61_1000.jpg!m_fill,w_280,h_210,f_jpg?from=ke.com
20240909,丰台,角门,101126207287,角门东里满五年唯一精装修 诚心出售 价格可商量,290万,55239元/平,底层 (共6层) 2室1厅 | 52.5平米 | 南 北,https://ke-image.ljcdn.com/110000-inspection/1f25d912-98dc-438c-b77e-c60cc01d7952_1000.jpg!m_fill,w_280,h_210,f_jpg?from=ke.com
20240909,丰台,角门,101126187189,怡然家园6号院    全通透格局,545万,55938元/平,低楼层 (共6层) 2室2厅 | 97.43平米 | 南 北,https://ke-image.ljcdn.com/110000-inspection/fea6c384-fa85-42cc-ba91-6750f4633c47_1000.jpg!m_fill,w_280,h_210,f_jpg?from=ke.com
20240909,丰台,角门,101126103493,洋桥 马家堡 角门东里 朝南 一居室 采光好视野好,186万,45589元/平,中楼层 (共6层) 1室1厅 | 40.8平米 | 南,https://ke-image.ljcdn.com/110000-inspection/db0331c4-9745-4e36-938c-95c90c28d51e_1000.jpg!m_fill,w_280,h_210,f_jpg?from=ke.com
20240909,丰台,角门,101126096788,马家堡 司达小区  3层 离地铁角门东站400米,360万,53106元/平,中楼层 (共6层) 3室1厅 | 67.79平米 | 南 北,https://ke-image.ljcdn.com/110000-inspection/pc1_LTLxvGxU5_1.jpg!m_fill,w_280,h_210,f_jpg?from=ke.com
20240909,丰台,角门,101126092336,角门甲4号院低楼层的南北三居室,425万,52071元/平,底层 (共6层) 3室2厅 | 81.62平米 | 南 北,https://ke-image.ljcdn.com/110000-inspection/pc1_Oag3E4pl7_1.jpg!m_fill,w_280,h_210,f_jpg?from=ke.com
20240909,丰台,角门,101125934681,精装修出门地铁、商场和物美、永辉全明,286万,48467元/平,高楼层 (共6层) 2室1厅 | 59.01平米 | 南 北,https://ke-image.ljcdn.com/110000-inspection/98e92341-b652-4d0a-8496-e1739bdcae1d_1000.jpg!m_fill,w_280,h_210,f_jpg?from=ke.com
20240909,丰台,角门,101125915280,怡然家园6号院  高楼层、格局方正、双卫、南北通透,768万,58187元/平,高楼层 (共11层) | 2005年 | 3室1厅 | 131.99平米 | 南 北,https://ke-image.ljcdn.com/110000-inspection/pc1_8LeaE7JWe_2.jpg!m_fill,w_280,h_210,f_jpg?from=ke.com
20240909,丰台,角门,101125889994,大红门35号院 2室1厅 南 北,359万,47406元/平,中楼层 (共6层) | 1998年 | 2室1厅 | 75.73平米 | 南 北,https://ke-image.ljcdn.com/110000-inspection/7ab15005-85d3-48f9-ad95-783192212b18_1000.jpg!m_fill,w_280,h_210,f_jpg?from=ke.com
20240909,丰台,角门,101125884743,角门甲8号院 4室1厅 东南,720万,51224元/平,中楼层 (共21层) 4室1厅 | 140.56平米 | 东南,https://ke-image.ljcdn.com/110000-inspection/3507ff85-a408-4034-b81a-3a3c73f9afce_1000.jpg!m_fill,w_280,h_210,f_jpg?from=ke.com
20240909,丰台,角门,101125834211,角门东里 3室1厅 东南 西南,258万,46774元/平,高楼层 (共6层) | 1993年 | 3室1厅 | 55.16平米 | 东南 西南,https://ke-image.ljcdn.com/110000-inspection/cc77c9a9-e97c-4534-97c7-2e709f6c43fd_1000.jpg!m_fill,w_280,h_210,f_jpg?from=ke.com
20240909,丰台,角门,101125759910,角门东里 南北通透2居室 近地铁采光好 诚心出售,238万,43670元/平,顶层 (共6层) 2室1厅 | 54.5平米 | 南 北,https://ke-image.ljcdn.com/110000-inspection/3d2b9390-a858-4273-b037-c49c9926befd_1000.jpg!m_fill,w_280,h_210,f_jpg?from=ke.com
20240909,丰台,角门,101125744052,司达小区 2室1厅 南 北,219万,40631元/平,顶层 (共6层) 2室1厅 | 53.9平米 | 南 北,https://ke-image.ljcdn.com/110000-inspection/4dcf4671-4b0a-4df4-bf33-b982bc9a17db_1000.jpg!m_fill,w_280,h_210,f_jpg?from=ke.com
20240909,丰台,角门,101125737605,角门东地铁中间层南北通透两居采光好,295万,48898元/平,低楼层 (共6层) 2室1厅 | 60.33平米 | 南 北,https://ke-image.ljcdn.com/110000-inspection/pc1_QzDnY4hym_2.jpg!m_fill,w_280,h_210,f_jpg?from=ke.com
20240909,丰台,角门,101125678388,角门东里南北通透2居室 角门一社区环境好房主自荐,229万,41561元/平,顶层 (共6层) 2室1厅 | 55.1平米 | 南 北,https://ke-image.ljcdn.com/110000-inspection/18d33e74-795e-445b-b7ec-ba148f5154b0_1000.jpg!m_fill,w_280,h_210,f_jpg?from=ke.com
20240909,丰台,角门,101125638114,阳光花园 南北通透两居室 业主诚意出售,695万,76040元/平,高楼层 (共19层) | 2010年 | 2室1厅 | 91.4平米 | 南 北,https://ke-image.ljcdn.com/110000-inspection/pc1_5VI3sR4X0_1.jpg!m_fill,w_280,h_210,f_jpg?from=ke.com
20240909,丰台,角门,101125621025,杏林园 满五唯一 商品房,350万,54594元/平,中楼层 (共18层) 1室1厅 | 64.11平米 | 南 北,https://ke-image.ljcdn.com/110000-inspection/pc1_ZfJm89gX1_2.jpg!m_fill,w_280,h_210,f_jpg?from=ke.com
20240909,丰台,角门,101125555048,司达小区 东西带电梯两居室 业主诚意出售,308万,47679元/平,低楼层 (共14层) 2室1厅 | 64.6平米 | 东 西,https://ke-image.ljcdn.com/110000-inspection/b963d93e-c87c-4726-8bf5-36b2ff4f6ab7_1000.jpg!m_fill,w_280,h_210,f_jpg?from=ke.com
20240909,丰台,角门,101125541604,怡然家园6号院全明格局南北通透近地铁,560万,58523元/平,中楼层 (共6层) | 2004年 | 2室1厅 | 95.69平米 | 南 北,https://ke-image.ljcdn.com/110000-inspection/pc1_ZpwTtXCZJ_2.jpg!m_fill,w_280,h_210,f_jpg?from=ke.com
20240909,丰台,角门,101125521094,洋桥 马家堡 角门 首座绿洲 商品房 两居 带电梯,499万,57635元/平,高楼层 (共21层) 2室1厅 | 86.58平米 | 西,https://ke-image.ljcdn.com/110000-inspection/pc1_AG5bcu6je_2.jpg!m_fill,w_280,h_210,f_jpg?from=ke.com
20240909,丰台,角门,101125508480,角门东地铁满五年唯一2居半户型看房随时能贷款,198万,33083元/平,顶层 (共6层) 2室1厅 | 59.85平米 | 南 北,https://ke-image.ljcdn.com/110000-inspection/pc1_U1WiiFxcB_1.jpg!m_fill,w_280,h_210,f_jpg?from=ke.com
20240909,丰台,角门,101125379598,马家堡角门东里两居室诚心卖。,275万,48416元/平,中楼层 (共6层) 2室1厅 | 56.8平米 | 东 西,https://ke-image.ljcdn.com/110000-inspection/c498f1b9-e34c-4852-8b78-6b3ec2d94103_1000.jpg!m_fill,w_280,h_210,f_jpg?from=ke.com
20240909,丰台,角门,101125373063,马家堡 角门 洋桥 首座绿洲 精装 两居 商品房,520万,60033元/平,高楼层 (共21层) | 2004年 | 2室1厅 | 86.62平米 | 西,https://ke-image.ljcdn.com/110000-inspection/pc1_2SevGIXdQ_2.jpg!m_fill,w_280,h_210,f_jpg?from=ke.com
20240909,丰台,角门,101125353768,大红门35号院新上三居业主诚心出售。,290万,38776元/平,顶层 (共6层) 3室1厅 | 74.79平米 | 南 北,https://ke-image.ljcdn.com/110000-inspection/f1f82336-ec2c-4cae-ab33-a30c783b9cce_1000.jpg!m_fill,w_280,h_210,f_jpg?from=ke.com
20240909,丰台,角门,101125334659,大红门35号院新上房源诚心出售适合年轻人首置业刚需房主自荐,210万,41072元/平,顶层 (共6层) 2室1厅 | 51.13平米 | 南 北,https://ke-image.ljcdn.com/110000-inspection/pc1_1W2dWTMTO_2.jpg!m_fill,w_280,h_210,f_jpg?from=ke.com
20240909,丰台,角门,101125332826,角门东里 南北通透两居 满五唯一 视野开阔采光佳,215万,38325元/平,顶层 (共6层) 2室1厅 | 56.1平米 | 南 北,https://ke-image.ljcdn.com/110000-inspection/d532d7cd-b31c-498d-8799-76463fbf48de_1000.jpg!m_fill,w_280,h_210,f_jpg?from=ke.com
20240909,丰台,角门,101125282983,角门 角门东里 南北两居客厅在窗户满五年唯一,260万,47136元/平,高楼层 (共6层) 2室1厅 | 55.16平米 | 东 南 北,https://ke-image.ljcdn.com/110000-inspection/7a15536c-7512-4d1e-95c8-57be50fe5a12_1000.jpg!m_fill,w_280,h_210,f_jpg?from=ke.com
20240909,丰台,角门,101125274792,角门东里 2室1厅 西,308万,39773元/平,顶层 (共18层) | 1998年 | 2室1厅 | 77.44平米 | 西,https://ke-image.ljcdn.com/110000-inspection/ddfe55a0-3c40-400d-976e-53cb0f68ddfe_1000.jpg!m_fill,w_280,h_210,f_jpg?from=ke.com
20240909,丰台,角门,101125266737,马家堡 洋桥 大红门 角门 首座绿洲 电梯一居室,318万,51332元/平,高楼层 (共21层) | 2004年 | 1室1厅 | 61.95平米 | 北,https://ke-image.ljcdn.com/110000-inspection/pc1_CipfQKp4D_2.jpg!m_fill,w_280,h_210,f_jpg?from=ke.com
20240909,丰台,角门,101125264547,大红门35号院三居室交通便利生活配套齐全,420万,52560元/平,低楼层 (共6层) 3室1厅 | 79.91平米 | 南 北,https://ke-image.ljcdn.com/110000-inspection/pc1_4VNniRmNL_2.jpg!m_fill,w_280,h_210,f_jpg?from=ke.com
20240909,丰台,角门,101125208489,大红门35号院新上一居户型方正业主诚心出售,190万,45872元/平,底层 (共6层) 1室1厅 | 41.42平米 | 西,https://ke-image.ljcdn.com/110000-inspection/86fac8a1-b971-4adb-9568-08769ac84691_1000.jpg!m_fill,w_280,h_210,f_jpg?from=ke.com
20240909,丰台,角门,101125208412,马家堡角门精装三居满五唯一高楼层视野开阔采光好,831万,58945元/平,高楼层 (共21层) 3室1厅 | 140.98平米 | 南 西,https://ke-image.ljcdn.com/110000-inspection/b3e309b7-e1f5-4ba8-aa11-30d8f9ca5a1b_1000.jpg!m_fill,w_280,h_210,f_jpg?from=ke.com
20240909,丰台,角门,101125201573,角门东地铁精装修楼龄较新全明格局出门商场！,268万,45424元/平,高楼层 (共6层) 2室1厅 | 59平米 | 南 北,https://ke-image.ljcdn.com/110000-inspection/44f7c915-2e3c-466a-8a98-ba762c4ecc8b_1000.jpg!m_fill,w_280,h_210,f_jpg?from=ke.com
20240909,丰台,角门,101125182403,阳光花园 南北通透两居室 业主诚意出售,700万,77787元/平,高楼层 (共19层) | 2010年 | 2室1厅 | 89.99平米 | 南 北,https://ke-image.ljcdn.com/110000-inspection/18fec2a8-b7e2-48bf-9700-59ba36f83932_1000.jpg!m_fill,w_280,h_210,f_jpg?from=ke.com
20240909,丰台,角门,101125166619,阳光花园小户型两居室户型方正环境好房主自荐,539万,79640元/平,顶层 (共12层) | 2010年 | 2室1厅 | 67.68平米 | 东 南,https://ke-image.ljcdn.com/110000-inspection/d40735cd-2469-47ac-853a-bc9a5133ccc1_1000.jpg!m_fill,w_280,h_210,f_jpg?from=ke.com
20240909,丰台,角门,101124979460,角门东里 正南向一居室业主诚意卖房主自荐,175万,41274元/平,顶层 (共6层) 1室1厅 | 42.4平米 | 南,https://ke-image.ljcdn.com/110000-inspection/bdac33d6-ae65-47bb-8823-68ce4658b2e7_1000.jpg!m_fill,w_280,h_210,f_jpg?from=ke.com
20240909,丰台,角门,101124937103,满五年唯一商品房双卧朝南高层采光、通风视野好房主自荐,660万,75507元/平,中楼层 (共19层) | 2010年 | 2室2厅 | 87.41平米 | 南 北,https://ke-image.ljcdn.com/110000-inspection/e5b2fb9e-ed7e-432c-abe8-1cf453708018_1000.jpg!m_fill,w_280,h_210,f_jpg?from=ke.com
20240909,丰台,角门,101124857154,角门东里 3室1厅 西南 北,450万,49642元/平,高楼层 (共19层) 3室1厅 | 90.65平米 | 西南 北,https://ke-image.ljcdn.com/110000-inspection/aaa4b602-a8d5-47ee-9782-1acffa073551_1000.jpg!m_fill,w_280,h_210,f_jpg?from=ke.com
20240909,丰台,角门,101124783694,首座绿洲 采光好 满五唯一电梯商品房,510万,58906元/平,低楼层 (共21层) 2室1厅 | 86.58平米 | 西,https://ke-image.ljcdn.com/110000-inspection/3175ebcf-7bac-401b-9c8f-329bd8f06af1_1000.jpg!m_fill,w_280,h_210,f_jpg?from=ke.com
20240909,丰台,角门,101124711193,马家堡 角门西 马家堡67号院 便宜3居,399万,42411元/平,低楼层 (共18层) 3室1厅 | 94.08平米 | 东北,https://ke-image.ljcdn.com/110000-inspection/95aa4955-d949-4725-b847-cd1e1e1f5a3e_1000.jpg!m_fill,w_280,h_210,f_jpg?from=ke.com
20240909,丰台,角门,101124654776,杏林园 3室1厅 西北,538万,52132元/平,高楼层 (共18层) 3室1厅 | 103.2平米 | 西北,https://ke-image.ljcdn.com/110000-inspection/pc1_dlzTiIcEh_2.jpg!m_fill,w_280,h_210,f_jpg?from=ke.com
20240909,丰台,角门,101124608278,马家堡路120号院 2室1厅 南 北,470万,46188元/平,中楼层 (共5层) 2室1厅 | 101.76平米 | 南 北,https://ke-image.ljcdn.com/110000-inspection/8d4a6cf9-07c3-42ab-a912-62d3e449eab8_1000.jpg!m_fill,w_280,h_210,f_jpg?from=ke.com
20240909,丰台,角门,101124579084,此房带电梯的两居室户型好业主诚心出售。无浪费面,398万,46632元/平,中楼层 (共14层) | 2000年 | 2室1厅 | 85.35平米 | 东北,https://ke-image.ljcdn.com/110000-inspection/3f3836f1-bc8e-493a-bb15-6de9183fcc77_1000.jpg!m_fill,w_280,h_210,f_jpg?from=ke.com
20240909,丰台,角门,101124544108,马家堡角门双铁房大红门35号院2居室出售,270万,43381元/平,高楼层 (共6层) 2室1厅 | 62.24平米 | 西 东,https://ke-image.ljcdn.com/110000-inspection/pc1_opYqumfgy_2.jpg!m_fill,w_280,h_210,f_jpg?from=ke.com
20240909,丰台,角门,101124507981,阳光花园 2室1厅 南 北,590万,66502元/平,低楼层 (共19层) | 2010年 | 2室1厅 | 88.72平米 | 南 北,https://ke-image.ljcdn.com/110000-inspection/pc1_L8HCt45F6_1.jpg!m_fill,w_280,h_210,f_jpg?from=ke.com
20240909,丰台,角门,101124486863,角门东地铁满五年唯一正规1居纯南向中间层！,180万,37229元/平,中楼层 (共6层) 1室1厅 | 48.35平米 | 南,https://ke-image.ljcdn.com/110000-inspection/61fae089-e60a-4774-8007-d605d8443b5e_1000.jpg!m_fill,w_280,h_210,f_jpg?from=ke.com
20240909,丰台,角门,101124478958,阳光花园 东南向开间 业主诚意出售,335万,79611元/平,高楼层 (共19层) | 2010年 | 1室0厅 | 42.08平米 | 东南,https://ke-image.ljcdn.com/110000-inspection/pc1_BkdOU4mox_2.jpg!m_fill,w_280,h_210,f_jpg?from=ke.com
20240909,丰台,角门,101124451590,阳光花园三居近地铁10号线角门东站业主诚心卖,938万,74339元/平,高楼层 (共16层) | 2010年 | 3室1厅 | 126.18平米 | 南 北,https://ke-image.ljcdn.com/110000-inspection/6a37d8fb-25d2-45b8-a47a-23e7ac4f9b5b_1000.jpg!m_fill,w_280,h_210,f_jpg?from=ke.com
20240909,丰台,角门,101124438136,马家堡 洋桥 大红门 角门东里 电梯两居室,258万,56382元/平,高楼层 (共19层) | 1994年 | 2室1厅 | 45.76平米 | 东南,https://ke-image.ljcdn.com/110000-inspection/pc1_DPi4P1Oo0_2.jpg!m_fill,w_280,h_210,f_jpg?from=ke.com
20240909,丰台,角门,101124415426,马家堡角门枫南世嘉精装2居看房方便诚意出售房主自荐,428万,52788元/平,高楼层 (共14层) | 2006年 | 2室1厅 | 81.08平米 | 西 北,https://ke-image.ljcdn.com/110000-inspection/pc1_S6X2sO8xL_2.jpg!m_fill,w_280,h_210,f_jpg?from=ke.com
20240909,丰台,角门,101124411036,角门、洋桥 板楼商品房南北通透近地铁带电梯房主自荐,428.66万,47976元/平,中楼层 (共14层) | 2001年 | 3室1厅 | 89.35平米 | 南 北,https://ke-image.ljcdn.com/110000-inspection/4ee87092-cc9d-4cc8-be81-682a22631100_1000.jpg!m_fill,w_280,h_210,f_jpg?from=ke.com
20240909,丰台,角门,101124303505,洋桥 角门 马家堡 首座绿洲 东向精装两居室,530万,61187元/平,高楼层 (共21层) | 2004年 | 2室1厅 | 86.62平米 | 东,https://ke-image.ljcdn.com/110000-inspection/f4ea9259-3a7d-4cb1-8be0-eb47fc9a0ca1_1000.jpg!m_fill,w_280,h_210,f_jpg?from=ke.com
20240909,丰台,角门,101124300638,近地铁*不临街*户型好*配套齐全*适合改善换房,296万,43749元/平,顶层 (共6层) 2室1厅 | 67.66平米 | 南 北,https://ke-image.ljcdn.com/110000-inspection/pc1_NtF0WnkPO_1.jpg!m_fill,w_280,h_210,f_jpg?from=ke.com
20240909,丰台,角门,101124295343,枫南世嘉东南朝向三居室房子采光好楼层好,643万,57039元/平,中楼层 (共14层) | 2006年 | 3室1厅 | 112.73平米 | 南 北,https://ke-image.ljcdn.com/110000-inspection/pc1_5SCPNGipU_1.jpg!m_fill,w_280,h_210,f_jpg?from=ke.com
20240909,丰台,角门,101124259205,洋桥角门甲4号 南北通透 格局方正 中间层精装修,399万,52897元/平,中楼层 (共6层) 2室1厅 | 75.43平米 | 南 北,https://ke-image.ljcdn.com/110000-inspection/bda9e7e1-d3d4-41b7-80a3-ee466c5a2f85_1000.jpg!m_fill,w_280,h_210,f_jpg?from=ke.com
20240909,丰台,角门,101124248848,房子满五唯一商品房 带电梯 正规1居室房主自荐,265万,46746元/平,中楼层 (共18层) | 1998年 | 1室1厅 | 56.69平米 | 西,https://ke-image.ljcdn.com/110000-inspection/pc1_kiGmXyE0V_1.jpg!m_fill,w_280,h_210,f_jpg?from=ke.com
20240909,丰台,角门,101124224466,西马场路6号院角门东大红门洋桥,690万,54507元/平,高楼层 (共11层) | 2005年 | 3室1厅 | 126.59平米 | 南 北,https://ke-image.ljcdn.com/110000-inspection/0887e8e4-a6ed-49bc-90e4-b8341281545a_1000.jpg!m_fill,w_280,h_210,f_jpg?from=ke.com
20240909,丰台,角门,101124209383,马家堡 洋桥 大红门 角门东里南北通透两居室,279万,48777元/平,中楼层 (共6层) 2室1厅 | 57.2平米 | 南 北,https://ke-image.ljcdn.com/110000-inspection/04ce656f-51ae-4e09-bee9-6adaa63c15f7_1000.jpg!m_fill,w_280,h_210,f_jpg?from=ke.com
20240909,丰台,角门,101124202552,马家堡 角门 大红门35号院 东向正规两居,273万,43163元/平,顶层 (共6层) 2室1厅 | 63.25平米 | 东 西,https://ke-image.ljcdn.com/110000-inspection/pc1_hjqLJUJAK_1.jpg!m_fill,w_280,h_210,f_jpg?from=ke.com
20240909,丰台,角门,101124177215,洋桥角门东里 南北通透中间层两居室  不临街,243万,42335元/平,中楼层 (共6层) 2室1厅 | 57.4平米 | 南 北,https://ke-image.ljcdn.com/110000-inspection/edce5040-7820-4491-850a-1e8c76b92e59_1000.jpg!m_fill,w_280,h_210,f_jpg?from=ke.com
20240909,丰台,角门,101124161282,司达小区带电梯两居室诚心出售,360万,55728元/平,低楼层 (共14层) 2室1厅 | 64.6平米 | 东 西,https://ke-image.ljcdn.com/110000-inspection/7c590d8f-d4aa-4c96-95f7-d768f6b5cf7d_1000.jpg!m_fill,w_280,h_210,f_jpg?from=ke.com
20240909,丰台,角门,101124149843,角门东里 南北通透大客厅  满五年 楼层适中,376万,54907元/平,低楼层 (共6层) 3室1厅 | 68.48平米 | 南 北,https://ke-image.ljcdn.com/110000-inspection/60a3c141-8288-4c50-a6a8-70a7fd69c3db_1000.jpg!m_fill,w_280,h_210,f_jpg?from=ke.com
20240909,丰台,角门,101124143956,阳光花园南向开间业主诚意出售,350万,75660元/平,中楼层 (共19层) | 2010年 | 1室0厅 | 46.26平米 | 南,https://ke-image.ljcdn.com/110000-inspection/pc1_rHVNHHM6m_1.jpg!m_fill,w_280,h_210,f_jpg?from=ke.com
20240909,丰台,角门,101124142473,怡然家园6号院带电梯正规一居室 满五唯一,240万,44330元/平,顶层 (共6层) 1室1厅 | 54.14平米 | 东 西 北,https://ke-image.ljcdn.com/110000-inspection/be2d3b73-b189-4d3b-8500-65bc8e927073_1000.jpg!m_fill,w_280,h_210,f_jpg?from=ke.com
20240909,丰台,角门,101124128176,马家堡 洋桥 角门甲8号院   精装修 配套成熟房主自荐,336万,51566元/平,中楼层 (共21层) 2室1厅 | 65.16平米 | 西 西北 北,https://ke-image.ljcdn.com/110000-inspection/5d26b854-731e-4e1b-b922-b17fbc593c7e_1000.jpg!m_fill,w_280,h_210,f_jpg?from=ke.com
20240909,丰台,角门,101124123002,阳光花园地铁口人车分流南北通透两室两卫户型方正,700万,69089元/平,低楼层 (共12层) | 2010年 | 2室1厅 | 101.32平米 | 南 北,https://ke-image.ljcdn.com/110000-inspection/4b0a79d4-a55d-472e-ac63-98949dbf3f89_1000.jpg!m_fill,w_280,h_210,f_jpg?from=ke.com
20240909,丰台,角门,101124120637,阳光花园 满五唯一 东北向开间 业主诚意出售房主自荐,295万,63156元/平,中楼层 (共19层) | 2010年 | 1室0厅 | 46.71平米 | 东北,https://ke-image.ljcdn.com/110000-inspection/e69067b8-c2d8-4f55-b255-44014b4e1225_1000.jpg!m_fill,w_280,h_210,f_jpg?from=ke.com
20240909,丰台,角门,101124111470,怡然家园6号院 满五唯一商品房 随时签约,347万,50798元/平,底层 (共6层) 1室1厅 | 68.31平米 | 南 北,https://ke-image.ljcdn.com/110000-inspection/pc1_Wddy5QZVh_1.jpg!m_fill,w_280,h_210,f_jpg?from=ke.com
20240909,丰台,角门,101124098734,角门东里 3室1厅 西南,485万,53110元/平,顶层 (共18层) | 1998年 | 3室1厅 | 91.32平米 | 西南,https://ke-image.ljcdn.com/110000-inspection/6f37fe59-cd39-4537-8ee8-1e94e824f311_1000.jpg!m_fill,w_280,h_210,f_jpg?from=ke.com
20240909,丰台,角门,101124059790,大红门西路35号院南向一居室格局方正采光好,248万,52643元/平,高楼层 (共6层) 1室1厅 | 47.11平米 | 南,https://ke-image.ljcdn.com/110000-inspection/pc1_PRCKQrpdT_2.jpg!m_fill,w_280,h_210,f_jpg?from=ke.com
20240909,丰台,角门,101124047084,角门东里 中间层南北通透 业主诚意出售 看房方便,368万,52677元/平,中楼层 (共6层) 3室1厅 | 69.86平米 | 南 北,https://ke-image.ljcdn.com/110000-inspection/pc1_peKBUIwgD_1.jpg!m_fill,w_280,h_210,f_jpg?from=ke.com
20240909,丰台,角门,101124029311,马家堡67号院正规一室一厅 精装修满五年唯一房主自荐,260万,45864元/平,中楼层 (共18层) | 1998年 | 1室1厅 | 56.69平米 | 东,https://ke-image.ljcdn.com/110000-inspection/pc1_HCjLbBKRI_1.jpg!m_fill,w_280,h_210,f_jpg?from=ke.com
20240909,丰台,角门,101124004587,角门东里 南北中间层 满五唯一 户型方正 业主诚售,350万,50652元/平,中楼层 (共6层) 3室1厅 | 69.1平米 | 南 北,https://ke-image.ljcdn.com/110000-inspection/f47b3114-2a96-459d-9be5-5b28223361f5_1000.jpg!m_fill,w_280,h_210,f_jpg?from=ke.com
20240909,丰台,角门,101123997075,马家堡 角门 南北通透两居 次顶层 精装修,245万,44790元/平,高楼层 (共6层) 2室1厅 | 54.7平米 | 南 北,https://ke-image.ljcdn.com/110000-inspection/c12fa288-739a-4253-95ef-1db804c9ea05_1000.jpg!m_fill,w_280,h_210,f_jpg?from=ke.com
20240909,丰台,角门,101123945150,角门东里 中间层小户型 满五唯一 业主诚售,233万,46920元/平,中楼层 (共6层) 2室1厅 | 49.66平米 | 东 北,https://ke-image.ljcdn.com/110000-inspection/pc1_gUGkkIg9i_2.jpg!m_fill,w_280,h_210,f_jpg?from=ke.com
20240909,丰台,角门,101123927789,大红门35号院南北通透一居室格局方正,269万,49367元/平,中楼层 (共5层) 1室1厅 | 54.49平米 | 南 北,https://ke-image.ljcdn.com/110000-inspection/2f9a11e7-6242-4741-9281-17dbf585023c_1000.jpg!m_fill,w_280,h_210,f_jpg?from=ke.com
20240909,丰台,角门,101123831111,和园居 2室1厅 南 北,618万,61548元/平,底层 (共14层) | 2006年 | 2室1厅 | 100.41平米 | 南 北,https://ke-image.ljcdn.com/110000-inspection/pc1_2vrGg8UUe_1.jpg!m_fill,w_280,h_210,f_jpg?from=ke.com
20240909,丰台,角门,101123816509,全明格局大三居4+10号双地铁满五唯一视野开阔。房主自荐,598万,50981元/平,中楼层 (共14层) | 2001年 | 3室1厅 | 117.3平米 | 东南,https://ke-image.ljcdn.com/110000-inspection/6bf16633-35c9-4ea9-bbd8-cef0a265ebe0_1000.jpg!m_fill,w_280,h_210,f_jpg?from=ke.com
20240909,丰台,角门,101123809973,马家堡 角门 洋桥 角门东里   西南向三居室近地铁,489万,53548元/平,中楼层 (共18层) 3室1厅 | 91.32平米 | 西南,https://ke-image.ljcdn.com/110000-inspection/4a8c7d67-5570-421f-819e-6629dd3be1fd_1000.jpg!m_fill,w_280,h_210,f_jpg?from=ke.com
20240909,丰台,角门,101123754131,角门东地铁满五年唯一客厅和主卧朝南全明中间层,718万,77664元/平,中楼层 (共19层) | 2010年 | 2室1厅 | 92.45平米 | 东 南 北,https://ke-image.ljcdn.com/110000-inspection/a2ddba46-0fef-4ac3-892c-91ee7c876d99_1000.jpg!m_fill,w_280,h_210,f_jpg?from=ke.com
20240909,丰台,角门,101123697564,怡然家园6号院 无遮挡落地窗满五年商品房 精装修,560万,57478元/平,低楼层 (共7层) 2室2厅 | 97.43平米 | 东 南 北,https://ke-image.ljcdn.com/110000-inspection/pc1_afvKkcHcy_1.jpg!m_fill,w_280,h_210,f_jpg?from=ke.com
20240909,丰台,角门,101123695742,角门东里 1室1厅 南房主自荐,185万,45344元/平,顶层 (共6层) 1室1厅 | 40.8平米 | 南,https://ke-image.ljcdn.com/110000-inspection/pc1_ODEradlG4_2.jpg!m_fill,w_280,h_210,f_jpg?from=ke.com
20240909,丰台,角门,101123575056,10号线角门东 小区新 楼层好 户型好 两居室,425万,54656元/平,低楼层 (共6层) 2室1厅 | 77.76平米 | 东南,https://ke-image.ljcdn.com/110000-inspection/pc1_SKjZAIlCZ_1.jpg!m_fill,w_280,h_210,f_jpg?from=ke.com
20240909,丰台,角门,101123561670,地铁10号线 角门东里 一层采光无遮挡  满五年 诚售,253万,42379元/平,底层 (共6层) 2室1厅 | 59.7平米 | 南 北,https://ke-image.ljcdn.com/110000-inspection/0e771c77-89f9-4285-8fc7-43bd67e4037d_1000.jpg!m_fill,w_280,h_210,f_jpg?from=ke.com
20240909,丰台,角门,101123458591,角门枫南世嘉 精装电梯房全南两居 无遮挡 满五年唯一,490万,60420元/平,低楼层 (共14层) | 2006年 | 2室1厅 | 81.1平米 | 南,https://ke-image.ljcdn.com/110000-inspection/d23d7b38-ed95-46bd-8ef6-b8a7714f9879_1000.jpg!m_fill,w_280,h_210,f_jpg?from=ke.com
20240909,丰台,角门,101123455880,马家堡角门东大红门35号院全南商品房两居采光好诚心卖房主自荐,310万,40229元/平,顶层 (共6层) | 2001年 | 2室1厅 | 77.06平米 | 南,https://ke-image.ljcdn.com/110000-inspection/a52489c6-b72a-44e6-bd5e-81481258b360_1000.jpg!m_fill,w_280,h_210,f_jpg?from=ke.com
20240909,丰台,角门,101123311048,地铁角门10号线怡然家园5号院 南北通透三居 采光好,699万,55240元/平,底层 (共6层) | 2004年 | 3室2厅 | 126.54平米 | 南 北,https://ke-image.ljcdn.com/110000-inspection/58af28a0-07c5-41ff-9b49-0b809429314e_1000.jpg!m_fill,w_280,h_210,f_jpg?from=ke.com
20240909,丰台,角门,101123307498,角门东里 2室1厅 南 北,279万,48607元/平,高楼层 (共6层) 2室1厅 | 57.4平米 | 南 北,https://ke-image.ljcdn.com/110000-inspection/3ecb1784-360b-406c-be6a-78a7c9a3a5ac_1000.jpg!m_fill,w_280,h_210,f_jpg?from=ke.com
20240909,丰台,角门,101123241769,马家堡 大红门 洋桥 角门 首座绿洲  两居室,518万,54544元/平,中楼层 (共21层) 2室1厅 | 94.97平米 | 西 北,https://ke-image.ljcdn.com/110000-inspection/pc1_yeEh5RABD_1.jpg!m_fill,w_280,h_210,f_jpg?from=ke.com
20240909,丰台,角门,101123187543,马家堡 枫南世嘉 近地铁4+10号线 两居室 配套齐,386万,58397元/平,底层 (共14层) | 2006年 | 2室1厅 | 66.1平米 | 北,https://ke-image.ljcdn.com/110000-inspection/be00a468-dc08-419c-bb9e-3150d0c7e1e1_1000.jpg!m_fill,w_280,h_210,f_jpg?from=ke.com
20240909,丰台,角门,101123071817,马家堡 洋桥 首座绿洲 三居 带电梯 商品房 近地铁房主自荐,575万,56401元/平,低楼层 (共21层) 3室1厅 | 101.95平米 | 西南,https://ke-image.ljcdn.com/110000-inspection/pc1_warSacitv_1.jpg!m_fill,w_280,h_210,f_jpg?from=ke.com
20240909,丰台,角门,101123048204,马家堡 角门 大红门35号院 南北正规两居满五年唯一,460万,55256元/平,高楼层 (共6层) 2室1厅 | 83.25平米 | 南 北,https://ke-image.ljcdn.com/110000-inspection/pc1_bno3Gel73_2.jpg!m_fill,w_280,h_210,f_jpg?from=ke.com
20240909,丰台,角门,101122967067,角门甲4号院 南北通透 视野开阔 满五唯一 业主诚售,236万,39980元/平,高楼层 (共6层) 1室1厅 | 59.03平米 | 南 北,https://ke-image.ljcdn.com/110000-inspection/pc1_Zz4aFYTaS_1.jpg!m_fill,w_280,h_210,f_jpg?from=ke.com
20240909,丰台,角门,101122766797,马家堡 大红门 洋桥 角门东里电梯三居全明格局,385万,45305元/平,中楼层 (共18层) | 2000年 | 3室0厅 | 84.98平米 | 东 西 北,https://ke-image.ljcdn.com/110000-inspection/a7218c57-024e-4aa1-a2cc-35ed301f40ca_1000.jpg!m_fill,w_280,h_210,f_jpg?from=ke.com
20240909,丰台,角门,101122706456,大红门35号院一层精装修南北通透,485万,58168元/平,底层 (共6层) 2室1厅 | 83.38平米 | 南 北,https://ke-image.ljcdn.com/110000-inspection/de0db57b-d994-4bcc-95f0-2df9b8bb73b3_1000.jpg!m_fill,w_280,h_210,f_jpg?from=ke.com
20240909,丰台,角门,101122654605,马家堡 司达小区 南北通透 一层两居室上下楼方便,279万,49974元/平,底层 (共6层) 2室1厅 | 55.83平米 | 南 北,https://ke-image.ljcdn.com/110000-inspection/36726673-8b8f-413b-acef-19120d4df0b7_1000.jpg!m_fill,w_280,h_210,f_jpg?from=ke.com
20240909,丰台,角门,101122631377,马家堡 阳光花园 楼层高视野好 精装修 地铁近,650万,72231元/平,顶层 (共19层) | 2010年 | 2室1厅 | 89.99平米 | 南 北,https://ke-image.ljcdn.com/110000-inspection/pc1_GICV9v8FE_2.jpg!m_fill,w_280,h_210,f_jpg?from=ke.com
20240909,丰台,角门,101122610800,此房满五唯一业主诚心出售两间卧室都带阳台,410万,52531元/平,中楼层 (共18层) 2室1厅 | 78.05平米 | 东南,https://ke-image.ljcdn.com/110000-inspection/pc1_A3FemJcei_1.jpg!m_fill,w_280,h_210,f_jpg?from=ke.com
20240909,丰台,角门,101122575752,角门东里  两居室 明卫 中间层 采光好,360万,48894元/平,中楼层 (共19层) 2室1厅 | 73.63平米 | 东南 北,https://ke-image.ljcdn.com/110000-inspection/b04d546b-466a-4bf6-9409-f69f61f7a920_1000.jpg!m_fill,w_280,h_210,f_jpg?from=ke.com
20240909,丰台,角门,101122573057,角门2号院 东南向一居 采光好 视野好,289万,43881元/平,中楼层 (共14层) 1室1厅 | 65.86平米 | 南,https://ke-image.ljcdn.com/110000-inspection/pc1_SQiVK1778_1.jpg!m_fill,w_280,h_210,f_jpg?from=ke.com
20240909,丰台,角门,101122563394,南向正规一居室业主诚意出售精装修拎包入住房主自荐,540万,77721元/平,顶层 (共12层) | 2010年 | 1室1厅 | 69.48平米 | 南,https://ke-image.ljcdn.com/110000-inspection/f3893f48-4754-4283-8080-7092c4a70a27_1000.jpg!m_fill,w_280,h_210,f_jpg?from=ke.com
20240909,丰台,角门,101122535916,怡然家园5号院  东南向 看房方便 诚意出售,435万,46023元/平,高楼层 (共6层) 2室1厅 | 94.52平米 | 东 东南,https://ke-image.ljcdn.com/110000-inspection/4bbf837c-4d41-4047-8cdf-66d5e061eecf_1000.jpg!m_fill,w_280,h_210,f_jpg?from=ke.com
20240909,丰台,角门,101122514216,马家堡 角门东 怡然家园中楼层南北通透精装修商品房,519万,54108元/平,中楼层 (共6层) 2室2厅 | 95.92平米 | 南 北,https://ke-image.ljcdn.com/110000-inspection/pc1_apVRHsWDN_2.jpg!m_fill,w_280,h_210,f_jpg?from=ke.com
20240909,丰台,角门,101122466797,角门东地铁2010年商品房纯南向开间看房随时！,318万,74474元/平,低楼层 (共16层) | 2010年 | 1室0厅 | 42.7平米 | 南,https://ke-image.ljcdn.com/110000-inspection/492e5d76-05df-4eb4-be75-22fbe66ad00d_1000.jpg!m_fill,w_280,h_210,f_jpg?from=ke.com
20240909,丰台,角门,101122418038,角门东里 朝南一居室 采光视野好,180万,43166元/平,顶层 (共6层) 1室1厅 | 41.7平米 | 南,https://ke-image.ljcdn.com/110000-inspection/6bea414f-886f-4603-91ba-6f01fb730d66_1000.jpg!m_fill,w_280,h_210,f_jpg?from=ke.com
20240909,丰台,角门,101122366790,角门12号院 2室2厅 东 西,499万,47551元/平,高楼层 (共15层) 2室2厅 | 104.94平米 | 东 西,https://ke-image.ljcdn.com/110000-inspection/pc1_jDvgkAAaj_1.jpg!m_fill,w_280,h_210,f_jpg?from=ke.com
20240909,丰台,角门,101122260653,阳光花园 中间楼层 全明格局业主诚心出售,498万,71072元/平,高楼层 (共16层) | 2010年 | 1室1厅 | 70.07平米 | 东北,https://ke-image.ljcdn.com/110000-inspection/pc1_bHSYa19o2_1.jpg!m_fill,w_280,h_210,f_jpg?from=ke.com
20240909,丰台,角门,101122239170,人车分流商品房社区环境优美配套齐全,720万,78775元/平,中楼层 (共19层) | 2010年 | 2室1厅 | 91.4平米 | 南 北,https://ke-image.ljcdn.com/110000-inspection/ac97a074-d751-4ec6-9ed6-1c7b72facc96_1000.jpg!m_fill,w_280,h_210,f_jpg?from=ke.com
20240909,丰台,角门,101122203895,10号线马家堡角门东怡然家园单价低 地铁近一居室,199万,26769元/平,低楼层 (共14层) | 2010年 | 1室1厅 | 74.34平米 | 东,https://ke-image.ljcdn.com/110000-inspection/pc1_BptWaZeVh_2.jpg!m_fill,w_280,h_210,f_jpg?from=ke.com
20240909,丰台,角门,101121995413,角门东地铁满五年唯一纯南向低层2居看房方便,270万,46233元/平,低楼层 (共6层) 2室1厅 | 58.4平米 | 南,https://ke-image.ljcdn.com/110000-inspection/pc1_hzlHqSfGa.jpg!m_fill,w_280,h_210,f_jpg?from=ke.com
20240909,丰台,角门,101121974702,角门东里 小区中间位置 精装修 近地铁10号线 业主诚售房主自荐,325万,60669元/平,低楼层 (共6层) 2室1厅 | 53.57平米 | 南 北,https://ke-image.ljcdn.com/110000-inspection/a0975649-9b0a-4ef5-a69d-99243e61cdc1_1000.jpg!m_fill,w_280,h_210,f_jpg?from=ke.com
20240909,丰台,角门,101121970842,怡然家园5号院西马场路5号院。房主自荐,699万,59673元/平,底层 (共6层) | 2004年 | 3室2厅 | 117.14平米 | 南 北,https://ke-image.ljcdn.com/110000-inspection/c6ca6503-4749-49d0-a07c-f465a54b4910_1000.jpg!m_fill,w_280,h_210,f_jpg?from=ke.com
20240909,丰台,角门,101121754020,角门东地铁10号线 怡然家园6号院 带电梯南北通透三居房主自荐,680万,57307元/平,中楼层 (共16层) 3室2厅 | 118.66平米 | 南 北,https://ke-image.ljcdn.com/110000-inspection/73831497-73df-4ac3-9fc9-e51e6a861c18_1000.jpg!m_fill,w_280,h_210,f_jpg?from=ke.com
20240909,丰台,角门,101121722542,角门12号院东西向小三居业主诚心出售,518万,47454元/平,高楼层 (共15层) 3室1厅 | 109.16平米 | 东,https://ke-image.ljcdn.com/110000-inspection/08b88df4-d90c-4db0-8431-ddcb281002e0_1000.jpg!m_fill,w_280,h_210,f_jpg?from=ke.com
20240909,丰台,角门,101121701459,枫南世嘉 电梯直达 商品房社区 2019年30万精装修,440万,58503元/平,中楼层 (共14层) | 2006年 | 2室1厅 | 75.21平米 | 北,https://ke-image.ljcdn.com/110000-inspection/6e0e01bc-0979-4b45-bd6c-8c5f3ef1fd3b_1000.jpg!m_fill,w_280,h_210,f_jpg?from=ke.com
20240909,丰台,角门,101121681800,马家堡角门东怡然家园南北通透三居室中高楼层带电梯,755万,57202元/平,中楼层 (共11层) | 2005年 | 3室1厅 | 131.99平米 | 南 北,https://ke-image.ljcdn.com/110000-inspection/09a2026c-ae87-4721-8448-d37f79f70b19_1000.jpg!m_fill,w_280,h_210,f_jpg?from=ke.com
20240909,丰台,角门,101121578828,角门、马家堡、角门、杏林园、三居室、带电梯 央产房,630万,56978元/平,高楼层 (共18层) 3室1厅 | 110.57平米 | 西南,https://ke-image.ljcdn.com/110000-inspection/b91311d1-21e9-4a08-b0f6-aaf26fd96a82_1000.jpg!m_fill,w_280,h_210,f_jpg?from=ke.com
20240909,丰台,角门,101121459624,马家堡 首座绿洲 东南向户型 满五唯一 商品房,690万,60016元/平,中楼层 (共21层) 2室1厅 | 114.97平米 | 东南,https://ke-image.ljcdn.com/110000-inspection/pc1_WAbJ50sZA_1.jpg!m_fill,w_280,h_210,f_jpg?from=ke.com
20240909,丰台,角门,101121375133,马家堡 角门 洋桥 南北通透 两居室 双线地铁 有钥匙,211万,38759元/平,顶层 (共6层) 2室1厅 | 54.44平米 | 南 北,https://ke-image.ljcdn.com/110000-inspection/pc1_DtuKay9B8_2.jpg!m_fill,w_280,h_210,f_jpg?from=ke.com
20240909,丰台,角门,101121336464,满五年唯一全南向两居楼层好视野宽阔采光充足,430万,55093元/平,高楼层 (共18层) | 1998年 | 2室1厅 | 78.05平米 | 南,https://ke-image.ljcdn.com/110000-inspection/4fbcb05f-964f-49ff-90a3-4334af43e30a_1000.jpg!m_fill,w_280,h_210,f_jpg?from=ke.com
20240909,丰台,角门,101121239303,马家堡 角门 阳光花园 十号线 高楼层 南北两居,700万,80748元/平,高楼层 (共19层) | 2010年 | 2室1厅 | 86.69平米 | 南 北,https://ke-image.ljcdn.com/110000-inspection/pc1_5rnNGOFPT_1.jpg!m_fill,w_280,h_210,f_jpg?from=ke.com
20240909,丰台,角门,101121222938,角门洋桥大红门马家堡甲120号院 南北通透中间层,348万,49965元/平,中楼层 (共6层) 3室1厅 | 69.65平米 | 南 北,https://ke-image.ljcdn.com/110000-inspection/4d2775de-ae26-4003-8718-b8428171eb11_1000.jpg!m_fill,w_280,h_210,f_jpg?from=ke.com
20240909,丰台,角门,101121163880,司达小区地铁10号线角门东2层两居室,243万,41681元/平,低楼层 (共6层) 2室1厅 | 58.3平米 | 南 北,https://ke-image.ljcdn.com/110000-inspection/pc1_IwVftSSFB_1.jpg!m_fill,w_280,h_210,f_jpg?from=ke.com
20240909,丰台,角门,101120966837,马家堡角门南北通透精装修两居室,378万,54389元/平,中楼层 (共6层) 3室1厅 | 69.5平米 | 南 北,https://ke-image.ljcdn.com/110000-inspection/889e0dd9-c856-497a-87d9-632b5835e0e8_1000.jpg!m_fill,w_280,h_210,f_jpg?from=ke.com
20240909,丰台,角门,101120946912,枫南世嘉精装修正规大两居南北通透诚心出售,704万,60171元/平,顶层 (共14层) | 2006年 | 2室2厅 | 117平米 | 南 北,https://ke-image.ljcdn.com/110000-inspection/pc1_fgiWAVddM_1.jpg!m_fill,w_280,h_210,f_jpg?from=ke.com
20240909,丰台,角门,101120895717,角门东里 精装两居 紧挨着地铁 满五唯一,216万,38029元/平,顶层 (共6层) 2室1厅 | 56.8平米 | 东 西,https://ke-image.ljcdn.com/110000-inspection/pc1_1l3SoVAUw_2.jpg!m_fill,w_280,h_210,f_jpg?from=ke.com
20240909,丰台,角门,101120874095,西马小区南北通透两居室中高楼层采光视野好诚意出,365万,58673元/平,高楼层 (共6层) 2室1厅 | 62.21平米 | 南 北,https://ke-image.ljcdn.com/110000-inspection/pc1_RYKeAQqwG_1.jpg!m_fill,w_280,h_210,f_jpg?from=ke.com
20240909,丰台,角门,101120503502,角门12号院 东向大两居 4+10双地铁,515万,46985元/平,高楼层 (共14层) | 2000年 | 2室2厅 | 109.61平米 | 东,https://ke-image.ljcdn.com/110000-inspection/pc1_pEuPRGgcJ_1.jpg!m_fill,w_280,h_210,f_jpg?from=ke.com
20240909,丰台,角门,101120351950,角门12号线 双地铁4和10号线换乘站 角门西,525万,47898元/平,中楼层 (共14层) | 2000年 | 2室2厅 | 109.61平米 | 东,https://ke-image.ljcdn.com/110000-inspection/pc1_Ry8L4l7nh_1.jpg!m_fill,w_280,h_210,f_jpg?from=ke.com
20240909,丰台,角门,101120305670,房子满五唯一南北通透两居室随时签约。,715万,80591元/平,低楼层 (共19层) | 2010年 | 2室1厅 | 88.72平米 | 南 北,https://ke-image.ljcdn.com/110000-inspection/9e845891-702d-4730-8517-c9ec5854dc3f_1000.jpg!m_fill,w_280,h_210,f_jpg?from=ke.com
20240909,丰台,角门,101120212057,角门东里  满五年唯一 两居室房主自荐,350万,47535元/平,低楼层 (共19层) 3室1厅 | 73.63平米 | 西南 北,https://ke-image.ljcdn.com/110000-inspection/feb347f5-4cc1-46b4-9daa-04cd4d1edec3_1000.jpg!m_fill,w_280,h_210,f_jpg?from=ke.com
20240909,丰台,角门,101120201542,怡然家园6号院 南北通透三居室 满五唯一,770万,58197元/平,低楼层 (共11层) 3室1厅 | 132.31平米 | 南 北,https://ke-image.ljcdn.com/110000-inspection/575df656-e204-450f-817b-628bfd4de8be_1000.jpg!m_fill,w_280,h_210,f_jpg?from=ke.com
20240909,丰台,角门,101120121887,角门东里 南向两居室 诚心出售 满五唯一房主自荐,224万,40072元/平,高楼层 (共6层) 2室1厅 | 55.9平米 | 东南,https://ke-image.ljcdn.com/110000-inspection/c8f1374f-192d-4915-8233-d0e2d4015cbd_1000.jpg!m_fill,w_280,h_210,f_jpg?from=ke.com
20240909,丰台,角门,101120075914,京华苑*生活配套齐全*适合改善换房*近地铁,680万,59296元/平,中楼层 (共20层) 3室2厅 | 114.68平米 | 西北,https://ke-image.ljcdn.com/110000-inspection/pc1_zxbp6zjco_1.jpg!m_fill,w_280,h_210,f_jpg?from=ke.com
20240909,丰台,角门,101119939869,角门甲4号院 精装 南北两居 近地铁,383万,54142元/平,高楼层 (共6层) 2室1厅 | 70.74平米 | 南 北,https://ke-image.ljcdn.com/110000-inspection/ffc2d8b2-7eb2-44c8-884b-f256b43f1a9e_1000.jpg!m_fill,w_280,h_210,f_jpg?from=ke.com
20240909,丰台,角门,101119900716,房子南北通透一层满五唯一诚心卖,279万,47815元/平,底层 (共6层) 2室1厅 | 58.35平米 | 南 北,https://ke-image.ljcdn.com/110000-inspection/601d2cac-ec23-4bbc-b00f-a1b3c5fa7248_1000.jpg!m_fill,w_280,h_210,f_jpg?from=ke.com
20240909,丰台,角门,101119814483,阳光花园2010年社区人车分流三室两卫南北通透格局方正,999万,79173元/平,低楼层 (共16层) | 2010年 | 3室2厅 | 126.18平米 | 南 北,https://ke-image.ljcdn.com/110000-inspection/pc1_7iC5xFqTJ_2.jpg!m_fill,w_280,h_210,f_jpg?from=ke.com
20240909,丰台,角门,101119518930,怡然家园6号院   满五唯一商品房 采光好  精装修,305万,66857元/平,中楼层 (共7层) 1室1厅 | 45.62平米 | 南,https://ke-image.ljcdn.com/110000-inspection/0d0bbf0d-0c1a-41eb-9bfd-9f9b3ea708c9_1000.jpg!m_fill,w_280,h_210,f_jpg?from=ke.com
20240909,丰台,角门,101119130141,角门东里 精装东南两居 近地铁房主自荐,299万,55402元/平,高楼层 (共6层) 2室1厅 | 53.97平米 | 东南,https://ke-image.ljcdn.com/110000-inspection/pc1_0CtwQaJDI_1.jpg!m_fill,w_280,h_210,f_jpg?from=ke.com
20240909,丰台,角门,101119116947,怡然家园6号院 南北通透落地窗 三居室 业主诚售,565万,50232元/平,高楼层 (共6层) 3室1厅 | 112.48平米 | 南 北,https://ke-image.ljcdn.com/110000-inspection/pc1_GdkNBbJXt_2.jpg!m_fill,w_280,h_210,f_jpg?from=ke.com
20240909,丰台,角门,101118963966,大红门35号院 满五年唯一商品房 南北通透房主自荐,245万,47408元/平,顶层 (共6层) | 1996年 | 1室1厅 | 51.68平米 | 南 北,https://ke-image.ljcdn.com/110000-inspection/pc1_SvsW43CiF_1.jpg!m_fill,w_280,h_210,f_jpg?from=ke.com
20240909,丰台,角门,101118902732,和园居 角门西双地铁南向正规一室一厅满五唯一,440万,64754元/平,中楼层 (共14层) | 2006年 | 1室1厅 | 67.95平米 | 南,https://ke-image.ljcdn.com/110000-inspection/0ddcfab6-56dd-48de-914b-44c00b0adabb_1000.jpg!m_fill,w_280,h_210,f_jpg?from=ke.com
20240909,丰台,角门,101118763887,大红门西路  满五年唯一  全明格局,285万,51167元/平,高楼层 (共6层) 2室1厅 | 55.7平米 | 东 南 西 北,https://ke-image.ljcdn.com/110000-inspection/pc1_Qq76Danf6_1.jpg!m_fill,w_280,h_210,f_jpg?from=ke.com
20240909,丰台,角门,101118499138,10号线马家堡角门东怡然家园南北通透中楼层两居室,589万,61528元/平,中楼层 (共6层) 2室1厅 | 95.73平米 | 南 北,https://ke-image.ljcdn.com/110000-inspection/034e11e3-46c1-42be-b393-49b1ea5bc020_1000.jpg!m_fill,w_280,h_210,f_jpg?from=ke.com
20240909,丰台,角门,101118477032,阳光花园  10号线角门东地铁 诚心出售,830万,81855元/平,高楼层 (共12层) | 2010年 | 2室2厅 | 101.4平米 | 南 北,https://ke-image.ljcdn.com/110000-inspection/f8c9f800-3816-4fb0-a31b-4aa44ff8dc01_1000.jpg!m_fill,w_280,h_210,f_jpg?from=ke.com
20240909,丰台,角门,101118448254,怡然家园5号院  精装修满五年唯一商品房 看房方便房主自荐,450万,55964元/平,顶层 (共6层) | 2004年 | 2室1厅 | 80.41平米 | 南 北,https://ke-image.ljcdn.com/110000-inspection/pc1_AY8q2pE13_1.jpg!m_fill,w_280,h_210,f_jpg?from=ke.com
20240909,丰台,角门,101118281625,西马小区满五唯一商品房南北通透两居室中间楼层,403万,49442元/平,中楼层 (共5层) 2室1厅 | 81.51平米 | 南 北,https://ke-image.ljcdn.com/110000-inspection/6ca5ec23-dc3f-45a2-92d3-43448eb134d2_1000.jpg!m_fill,w_280,h_210,f_jpg?from=ke.com
20240909,丰台,角门,101118178674,大红门35号院  中低层 南北通透 户型方正 无浪费房主自荐,520万,62901元/平,中楼层 (共5层) 2室1厅 | 82.67平米 | 南 北,https://ke-image.ljcdn.com/110000-inspection/da573834-c443-4ee2-8524-04265f9ac446_1000.jpg!m_fill,w_280,h_210,f_jpg?from=ke.com
20240909,丰台,角门,101118039637,和园居角门西地铁南北板楼满五唯一商品房,660万,63008元/平,低楼层 (共14层) | 2006年 | 3室2厅 | 104.75平米 | 南 北,https://ke-image.ljcdn.com/110000-inspection/bd07ca19-2369-4dfa-b4a5-fed50597f6f4_1000.jpg!m_fill,w_280,h_210,f_jpg?from=ke.com
20240909,丰台,角门,101117896642,商品房社区南向开间诚意出售采光好临近地铁,360万,84310元/平,高楼层 (共16层) | 2010年 | 1室1厅 | 42.7平米 | 南,https://ke-image.ljcdn.com/110000-inspection/pc1_d2PVbZrWO_1.jpg!m_fill,w_280,h_210,f_jpg?from=ke.com
20240909,丰台,角门,101117835232,角门东地铁 司达小区 明厅 中间层,308万,50352元/平,中楼层 (共6层) 2室1厅 | 61.17平米 | 东 南 北,https://ke-image.ljcdn.com/110000-inspection/b81eeb88-ff3a-4a52-9a9e-5eb266a26fe4_1000.jpg!m_fill,w_280,h_210,f_jpg?from=ke.com
20240909,丰台,角门,101117817578,怡然家园6号院 朝南一居室 采光好,316万,69284元/平,底层 (共6层) 1室0厅 | 45.61平米 | 南,https://ke-image.ljcdn.com/110000-inspection/pc1_KdGXds9jk_1.jpg!m_fill,w_280,h_210,f_jpg?from=ke.com
20240909,丰台,角门,101117735292,大红门35号院 满五年唯一商品房 中高楼层 采光充足,439万,50327元/平,高楼层 (共6层) 3室1厅 | 87.23平米 | 东 西,https://ke-image.ljcdn.com/110000-inspection/0aed0a70-5111-42b3-852b-ef70750b004d_1000.jpg!m_fill,w_280,h_210,f_jpg?from=ke.com
20240909,丰台,角门,101116787470,阳光花园 南北两居室 2010年小区 人车分流,818万,80671元/平,低楼层 (共12层) | 2010年 | 2室1厅 | 101.4平米 | 南 北,https://ke-image.ljcdn.com/110000-inspection/pc1_2Juaos7AT_1.jpg!m_fill,w_280,h_210,f_jpg?from=ke.com
20240909,丰台,角门,101116682380,10号线马家堡角门东怡然家园南北两居诚心卖,450万,47756元/平,顶层 (共6层) | 2004年 | 2室1厅 | 94.23平米 | 南 北,https://ke-image.ljcdn.com/110000-inspection/pc1_k4Fs4DPSR_1.jpg!m_fill,w_280,h_210,f_jpg?from=ke.com
20240909,丰台,角门,101116541318,高楼层采光好业主诚意出售看房方便,293万,48567元/平,顶层 (共6层) | 1989年 | 2室1厅 | 60.33平米 | 南 北,https://ke-image.ljcdn.com/110000-inspection/70f93645-9868-4cd9-a2bf-e4491c818b50_1000.jpg!m_fill,w_280,h_210,f_jpg?from=ke.com
20240909,丰台,角门,101115929143,业主诚意出售看房方便配套完善,240万,41026元/平,顶层 (共6层) 2室1厅 | 58.5平米 | 南 北,https://ke-image.ljcdn.com/110000-inspection/pc1_L8occHY0L.jpg!m_fill,w_280,h_210,f_jpg?from=ke.com
20240909,丰台,角门,101112807620,怡然家园6号院  近地铁  南北通透 明卫 带电梯房主自荐,580万,50304元/平,中楼层 (共14层) | 2010年 | 2室1厅 | 115.3平米 | 南 北,https://ke-image.ljcdn.com/110000-inspection/pc1_AfzR0pzjH_1.jpg!m_fill,w_280,h_210,f_jpg?from=ke.com
20240909,丰台,角门,101112172891,怡然家园6号院  带电梯 朝向好,220万,36539元/平,低楼层 (共14层) | 2010年 | 1室0厅 | 60.21平米 | 东南,https://ke-image.ljcdn.com/110000-inspection/cc78c118-c074-4bda-9b46-91881bc9f691_1000.jpg!m_fill,w_280,h_210,f_jpg?from=ke.com
20240909,丰台,角门,101111773944,此房是大复式户型满五年唯一户型格局方正,799万,48779元/平,顶层 (共6层) | 2004年 | 4室3厅 | 163.8平米 | 南 北,https://ke-image.ljcdn.com/110000-inspection/pc1_Xxwx26K9g_1.jpg!m_fill,w_280,h_210,f_jpg?from=ke.com
20240909,丰台,角门,101126482962,角门  马家堡  近地铁 优质房,218万,36578元/平,顶层 (共6层) | 1993年 | 2室1厅 | 59.6平米 | 南 北,https://ke-image.ljcdn.com/110000-inspection/pc1_VoeRsztOT_2.jpg!m_fill,w_280,h_210,f_jpg?from=ke.com
20240909,丰台,角门,101126463178,角门东里 2室1厅 南 北新上,259万,45280元/平,高楼层 (共6层) 2室1厅 | 57.2平米 | 南 北,https://ke-image.ljcdn.com/110000-inspection/ba044de0-fe31-4dac-b674-9e4874d346f9_1000.jpg!m_fill,w_280,h_210,f_jpg?from=ke.com
20240909,丰台,角门,101126456038,角门东里 2室1厅 南 北新上,299万,43090元/平,底层 (共19层) 2室1厅 | 69.39平米 | 南 北,https://ke-image.ljcdn.com/110000-inspection/1ec5a86d-3342-4813-b81a-a014d0e86978_1000.jpg!m_fill,w_280,h_210,f_jpg?from=ke.com
20240909,丰台,角门,101126347992,马家堡 大复式带电梯 满五唯一商品房 诚意急售好房新上,750万,47176元/平,高楼层 (共7层) 4室2厅 | 158.98平米 | 南 北,https://ke-image.ljcdn.com/110000-inspection/d69aff44-2ccc-4c3a-bf2d-b00e60faf10f_1000.jpg!m_fill,w_280,h_210,f_jpg?from=ke.com
20240909,丰台,角门,101126282675,角门 马家堡 角门东里东北向两居室近地铁,200万,38506元/平,顶层 (共6层) | 1990年 | 2室1厅 | 51.94平米 | 东 北,https://ke-image.ljcdn.com/110000-inspection/b985ee9b-7d29-4383-824f-d0e7cdab1f49_1000.jpg!m_fill,w_280,h_210,f_jpg?from=ke.com
20240909,丰台,角门,101126279995,杏林园 2室1厅 东 南 北,560万,54264元/平,中楼层 (共18层) 2室1厅 | 103.2平米 | 东 南 北,https://ke-image.ljcdn.com/110000-inspection/pc1_CM6n7Uafi_2.jpg!m_fill,w_280,h_210,f_jpg?from=ke.com
20240909,丰台,角门,101126278074,阳光花园满五唯一商品房诚心出售,660万,76310元/平,低楼层 (共19层) | 2010年 | 2室1厅 | 86.49平米 | 南 北,https://ke-image.ljcdn.com/110000-inspection/pc1_nDeQ8EtVL_2.jpg!m_fill,w_280,h_210,f_jpg?from=ke.com
20240909,丰台,角门,101126244591,角门东地铁水费少正规3居明厅明卫看房随时！,390万,48172元/平,高楼层 (共6层) 3室1厅 | 80.96平米 | 东 南 北,https://ke-image.ljcdn.com/110000-inspection/pc1_e7GzjuiSR_2.jpg!m_fill,w_280,h_210,f_jpg?from=ke.com
20240909,丰台,角门,101126221799,阳光花园 车位,18万,5524元/平,地下室 (共1层) | 2010年 | 1室0厅 | 32.59平米 | 南,https://ke-image.ljcdn.com/110000-inspection/pc1_WFs6zW1TO.jpg!m_fill,w_280,h_210,f_jpg?from=ke.com
20240909,丰台,角门,101126181687,阳光花园两居室角门东地铁口看房方便,698万,77565元/平,低楼层 (共19层) | 2010年 | 2室1厅 | 89.99平米 | 南 北,https://ke-image.ljcdn.com/110000-inspection/pc1_28HECWrEg_2.jpg!m_fill,w_280,h_210,f_jpg?from=ke.com
20240909,丰台,角门,101126131115,角门东里电梯房2居诚意出售看房方便,408万,48012元/平,低楼层 (共18层) | 1998年 | 2室1厅 | 84.98平米 | 东 北,https://ke-image.ljcdn.com/110000-inspection/e7849551-0f2b-490e-b507-6372512e1baf_1000.jpg!m_fill,w_280,h_210,f_jpg?from=ke.com
20240909,丰台,角门,101126118997,马家堡角门洋桥首座绿洲朝南两居带电梯商品房满五年,610万,61443元/平,高楼层 (共21层) 2室1厅 | 99.28平米 | 南,https://ke-image.ljcdn.com/110000-inspection/pc1_EYwL67RHt_1.jpg!m_fill,w_280,h_210,f_jpg?from=ke.com
20240909,丰台,角门,101126118960,马家堡角门洋桥首座绿洲精装修两居室带电梯商品房,535万,61972元/平,高楼层 (共21层) | 2005年 | 2室1厅 | 86.33平米 | 西,https://ke-image.ljcdn.com/110000-inspection/pc1_1Z9fKadMo_2.jpg!m_fill,w_280,h_210,f_jpg?from=ke.com
20240909,丰台,角门,101126109975,角门东里 2室1厅 南 北,285万,48470元/平,顶层 (共6层) 2室1厅 | 58.8平米 | 南 北,https://ke-image.ljcdn.com/110000-inspection/3d82970b-748b-4fce-b637-d0901c81a6e8_1000.jpg!m_fill,w_280,h_210,f_jpg?from=ke.com
20240909,丰台,角门,101126062395,阳光花园 满五唯一中间楼层 全明格局业主诚心出,470万,67076元/平,中楼层 (共16层) | 2010年 | 2室1厅 | 70.07平米 | 东北,https://ke-image.ljcdn.com/110000-inspection/00a6c64e-af92-4c2a-bb49-b323477bf724_1000.jpg!m_fill,w_280,h_210,f_jpg?from=ke.com
20240909,丰台,角门,101126040772,10号线角门东地铁 司达小区 诚心出售 中间楼层,220万,41369元/平,中楼层 (共6层) 2室0厅 | 53.18平米 | 南,https://ke-image.ljcdn.com/110000-inspection/b08f44ee-d792-439e-b5c0-bb347955a0fe_1000.jpg!m_fill,w_280,h_210,f_jpg?from=ke.com
20240909,丰台,角门,101126037921,角门东里 10号线角门东  角门西地铁 诚心出售,235万,40799元/平,顶层 (共6层) 2室1厅 | 57.6平米 | 南 北,https://ke-image.ljcdn.com/110000-inspection/pc1_easzMMx8Y_2.jpg!m_fill,w_280,h_210,f_jpg?from=ke.com
20240909,丰台,角门,101125955426,角门东里  好房源  无抵押业主诚心卖,182万,41001元/平,中楼层 (共6层) 1室1厅 | 44.39平米 | 西南,https://ke-image.ljcdn.com/110000-inspection/fd63f57f-c9da-46ab-895a-f7acc1f7db73_1000.jpg!m_fill,w_280,h_210,f_jpg?from=ke.com
20240909,丰台,角门,101125903911,阳光花园 1室1厅 南,345万,74579元/平,低楼层 (共19层) | 2010年 | 1室1厅 | 46.26平米 | 南,https://ke-image.ljcdn.com/110000-inspection/pc1_e2owpEjxV_1.jpg!m_fill,w_280,h_210,f_jpg?from=ke.com
20240909,丰台,角门,101125821035,马家堡 角门东里 4/10号线角门西站480米,369万,43422元/平,低楼层 (共18层) | 1998年 | 2室1厅 | 84.98平米 | 东北,https://ke-image.ljcdn.com/110000-inspection/pc1_nIrd1WHIJ_2.jpg!m_fill,w_280,h_210,f_jpg?from=ke.com
20240909,丰台,角门,101125744875,马家堡 洋桥 角门 首座绿洲 双卫大三居 带电梯,839万,66251元/平,高楼层 (共21层) | 2005年 | 3室1厅 | 126.64平米 | 南,https://ke-image.ljcdn.com/110000-inspection/00b37442-2c1c-470b-a03c-ca08c7732693_1000.jpg!m_fill,w_280,h_210,f_jpg?from=ke.com
20240909,丰台,角门,101125601874,阳光花园 南北通透两居室 业主诚意出售,690万,75758元/平,中楼层 (共19层) | 2010年 | 2室1厅 | 91.08平米 | 南 北,https://ke-image.ljcdn.com/110000-inspection/89fb51a8-b2ea-462f-a27b-f052f2dbf094_1000.jpg!m_fill,w_280,h_210,f_jpg?from=ke.com
20240909,丰台,角门,101125376509,大红门35号院新上房源户型方正南北通透正规三居室房主自荐,506万,49074元/平,高楼层 (共6层) 3室1厅 | 103.11平米 | 东 南 北,https://ke-image.ljcdn.com/110000-inspection/a1cc7b51-6cbf-475e-843a-7d6ecdb77215_1000.jpg!m_fill,w_280,h_210,f_jpg?from=ke.com
20240909,丰台,角门,101125362981,大红门西路35号院  南北通透无遮挡 正规一居室,279万,51203元/平,顶层 (共5层) | 1998年 | 1室1厅 | 54.49平米 | 南 北,https://ke-image.ljcdn.com/110000-inspection/pc1_WAvbsLLFJ_1.jpg!m_fill,w_280,h_210,f_jpg?from=ke.com
20240909,丰台,角门,101125360615,4、10号线双地铁、正规三居室、商品房、诚意出售,398万,45627元/平,顶层 (共6层) | 1998年 | 3室1厅 | 87.23平米 | 西 东,https://ke-image.ljcdn.com/110000-inspection/pc1_R3ZiJZI31_1.jpg!m_fill,w_280,h_210,f_jpg?from=ke.com
20240909,丰台,角门,101125325673,近地铁、南北通透大两居 商品房 诚意出售小区环境好,446万,46575元/平,顶层 (共6层) 2室1厅 | 95.76平米 | 南 北,https://ke-image.ljcdn.com/110000-inspection/pc1_7tZKs95lf_2.jpg!m_fill,w_280,h_210,f_jpg?from=ke.com
20240909,丰台,角门,101125317840,洋桥角门东里 南北两居 格局方正无遮挡 交通便利,245万,41108元/平,中楼层 (共6层) | 1993年 | 2室1厅 | 59.6平米 | 南 北,https://ke-image.ljcdn.com/110000-inspection/19293996-55e3-4360-813b-8a1f74c9f831_1000.jpg!m_fill,w_280,h_210,f_jpg?from=ke.com
20240909,丰台,角门,101125311781,角门  马家堡   洋桥   南向精装一居室房主自荐,168万,39253元/平,顶层 (共6层) 1室1厅 | 42.8平米 | 南,https://ke-image.ljcdn.com/110000-inspection/13b52aab-2fa9-4171-b1e3-986afcae4625_1000.jpg!m_fill,w_280,h_210,f_jpg?from=ke.com
20240909,丰台,角门,101125279576,怡然家园5号院  南北通透 近地铁 看房方便房主自荐,480万,56772元/平,顶层 (共5层) | 2004年 | 2室1厅 | 84.55平米 | 南 北,https://ke-image.ljcdn.com/110000-inspection/d4ebae53-8d70-43fa-ab52-616a159b82fe_1000.jpg!m_fill,w_280,h_210,f_jpg?from=ke.com
20240909,丰台,角门,101125239713,大红门 西马场北里 满五唯一 刚需两居室,189万,35540元/平,顶层 (共6层) 2室1厅 | 53.18平米 | 南,https://ke-image.ljcdn.com/110000-inspection/pc1_q62QINtdh.jpg!m_fill,w_280,h_210,f_jpg?from=ke.com
20240909,丰台,角门,101125173971,05年小区环境好  户型、楼层好 落地窗 诚意急售,765万,57806元/平,中楼层 (共11层) 3室1厅 | 132.34平米 | 南 北,https://ke-image.ljcdn.com/110000-inspection/0b8b19bb-abc0-4a53-905d-6d7f99744229_1000.jpg!m_fill,w_280,h_210,f_jpg?from=ke.com
20240909,丰台,角门,101125095882,南北通透格局满五年唯一次顶层采光充足双阳台,745万,59052元/平,高楼层 (共6层) 3室2厅 | 126.16平米 | 南 北,https://ke-image.ljcdn.com/110000-inspection/pc1_GLrCJnemu.jpg!m_fill,w_280,h_210,f_jpg?from=ke.com
20240909,丰台,角门,101125057817,角门12号院 角门西双地铁 小型社区 电梯 诚意,528万,45002元/平,中楼层 (共15层) | 2001年 | 3室2厅 | 117.33平米 | 东 西,https://ke-image.ljcdn.com/110000-inspection/b60f7173-2651-4b02-9deb-7ac487366430_1000.jpg!m_fill,w_280,h_210,f_jpg?from=ke.com
20240909,丰台,角门,101125049749,怡然家园6号院   周边生活配套齐全  交通便利,168万,23908元/平,顶层 (共14层) | 2010年 | 1室0厅 | 70.27平米 | 东南,https://ke-image.ljcdn.com/110000-inspection/pc1_51bBXuAf9_1.jpg!m_fill,w_280,h_210,f_jpg?from=ke.com
20240909,丰台,角门,101125020057,4、10号线双地铁 南北通透 中间层两居 诚意出售,348万,53399元/平,中楼层 (共6层) 2室1厅 | 65.17平米 | 南 北,https://ke-image.ljcdn.com/110000-inspection/pc1_5VdV6Bd1C_1.jpg!m_fill,w_280,h_210,f_jpg?from=ke.com
20240909,丰台,角门,101125005264,十号线角门东阳光花园 高档社区 人车分流 精装修,515万,73498元/平,中楼层 (共16层) | 2010年 | 1室1厅 | 70.07平米 | 东北,https://ke-image.ljcdn.com/110000-inspection/a37ceb20-c113-41cb-a884-76324d007a12_1000.jpg!m_fill,w_280,h_210,f_jpg?from=ke.com
20240909,丰台,角门,101124935011,角门东里 精装修一居室 业主诚意出售,255万,59028元/平,低楼层 (共6层) 1室1厅 | 43.2平米 | 东南,https://ke-image.ljcdn.com/110000-inspection/pc1_vQjkSCArn_1.jpg!m_fill,w_280,h_210,f_jpg?from=ke.com
20240909,丰台,角门,101124933616,此房满五年唯一配套齐全生活便利！,395万,45159元/平,高楼层 (共21层) 3室1厅 | 87.47平米 | 西北,https://ke-image.ljcdn.com/110000-inspection/33e2e87e-7816-4354-81d7-30d929cf1637_1000.jpg!m_fill,w_280,h_210,f_jpg?from=ke.com
20240909,丰台,角门,101124858956,马家堡洋桥 大红门 角门首座绿洲东南向三居 有电梯,748万,53969元/平,低楼层 (共21层) | 2004年 | 3室1厅 | 138.6平米 | 西南,https://ke-image.ljcdn.com/110000-inspection/pc1_QVHAMkf7h_1.jpg!m_fill,w_280,h_210,f_jpg?from=ke.com
20240909,丰台,角门,101124855460,阳光花园 南北通透三居室 业主诚意出售,1200万,87464元/平,中楼层 (共19层) 3室1厅 | 137.2平米 | 南 北,https://ke-image.ljcdn.com/110000-inspection/eb5f2400-e51a-4d84-8d0c-863f75cd8bdb_1000.jpg!m_fill,w_280,h_210,f_jpg?from=ke.com
20240909,丰台,角门,101124840647,西马场路6号院怡然家园6号院角门东,825万,53894元/平,顶层 (共6层) 4室2厅 | 153.08平米 | 南 北,https://ke-image.ljcdn.com/110000-inspection/b56b4270-e8d2-4a25-a222-2bfe863628df_1000.jpg!m_fill,w_280,h_210,f_jpg?from=ke.com
20240909,丰台,角门,101124811728,康缘居 2室1厅 南,415万,46447元/平,底层 (共14层) | 2001年 | 2室1厅 | 89.35平米 | 南,https://ke-image.ljcdn.com/110000-inspection/4d4bb6ad-258e-4839-8620-0484a7725e74_1000.jpg!m_fill,w_280,h_210,f_jpg?from=ke.com
20240909,丰台,角门,101124756640,阳光花园 车位,24万,7365元/平,地下室 (共20层) | 2010年 | 1室0厅 | 32.59平米 | 南 北,https://ke-image.ljcdn.com/110000-inspection/86b88448-aa74-40f2-90c7-ea96a0efea01_1000.jpg!m_fill,w_280,h_210,f_jpg?from=ke.com
20240909,丰台,角门,101124739819,角门东里正规两居室诚心卖近地铁,278万,52953元/平,底层 (共6层) 2室1厅 | 52.5平米 | 南 北,https://ke-image.ljcdn.com/110000-inspection/3f4cbb41-2ea4-4972-8531-60ee63b20aff_1000.jpg!m_fill,w_280,h_210,f_jpg?from=ke.com
20240909,丰台,角门,101124731359,南向正规一居室户型方正采光好门口地铁10号线,508万,75878元/平,底层 (共10层) 1室1厅 | 66.95平米 | 南,https://ke-image.ljcdn.com/110000-inspection/cf8bc095-c3bb-4134-bcf5-8a4bd2957acf_1000.jpg!m_fill,w_280,h_210,f_jpg?from=ke.com
20240909,丰台,角门,101124709742,角门东里 满五唯一 近商场 近地铁,215万,36565元/平,顶层 (共6层) 2室1厅 | 58.8平米 | 南 北,https://ke-image.ljcdn.com/110000-inspection/pc1_p1mv6scvn_1.jpg!m_fill,w_280,h_210,f_jpg?from=ke.com
20240909,丰台,角门,101124705168,马家堡、角门、大红门 精装修南北通透两居室,255万,42268元/平,顶层 (共6层) | 1991年 | 2室1厅 | 60.33平米 | 南 北,https://ke-image.ljcdn.com/110000-inspection/pc1_1YZM8OmcX_1.jpg!m_fill,w_280,h_210,f_jpg?from=ke.com
20240909,丰台,角门,101124666117,大红门35号院精装修正规两居室诚心出售房主自荐,303万,48582元/平,高楼层 (共6层) | 1996年 | 2室1厅 | 62.37平米 | 南 北,https://ke-image.ljcdn.com/110000-inspection/pc1_CKJpbXlgO_1.jpg!m_fill,w_280,h_210,f_jpg?from=ke.com
20240909,丰台,角门,101124665175,角门北路甲8号院 东南向 大两居室 精装修,414万,44617元/平,低楼层 (共21层) 2室1厅 | 92.79平米 | 东南 东 南,https://ke-image.ljcdn.com/110000-inspection/pc1_46aSz0uwf_2.jpg!m_fill,w_280,h_210,f_jpg?from=ke.com
20240909,丰台,角门,101124597043,大红门35号院  全南向两居室,479万,60641元/平,底层 (共6层) 2室1厅 | 78.99平米 | 南 北,https://ke-image.ljcdn.com/110000-inspection/4ca69ff4-2c26-497d-b84e-6c24a204e728_1000.jpg!m_fill,w_280,h_210,f_jpg?from=ke.com
20240909,丰台,角门,101124582829,大红门西马场北里  近地铁 无遮挡,298万,49858元/平,低楼层 (共6层) 2室1厅 | 59.77平米 | 西北,https://ke-image.ljcdn.com/110000-inspection/f6acd910-3383-4210-9bad-155c64acb65d_1000.jpg!m_fill,w_280,h_210,f_jpg?from=ke.com
20240909,丰台,角门,101124437904,马家堡大红门洋桥角门东里南向 电梯 两居室,328万,47256元/平,高楼层 (共19层) | 1994年 | 2室1厅 | 69.41平米 | 南,https://ke-image.ljcdn.com/110000-inspection/fc68773a-a99c-4045-b842-d1022f426cfe_1000.jpg!m_fill,w_280,h_210,f_jpg?from=ke.com
20240909,丰台,角门,101124415860,马家堡路甲120号院 小两居 东南向 满五唯一,219万,43085元/平,顶层 (共6层) 2室1厅 | 50.83平米 | 东南,https://ke-image.ljcdn.com/110000-inspection/2c77bd1d-35e9-4771-ba31-fd1f2f95910b_1000.jpg!m_fill,w_280,h_210,f_jpg?from=ke.com
20240909,丰台,角门,101124341105,房子南北通透中间层采光好视野好适合刚需客户,238万,41631元/平,中楼层 (共6层) 2室1厅 | 57.17平米 | 南 北,https://ke-image.ljcdn.com/110000-inspection/83d31000-1f76-4f3d-a2c3-56e21efc873e_1000.jpg!m_fill,w_280,h_210,f_jpg?from=ke.com
20240909,丰台,角门,101124325470,京华苑 电梯三居室 生活配套齐全房主自荐,580万,45384元/平,底层 (共20层) | 2000年 | 3室1厅 | 127.8平米 | 南,https://ke-image.ljcdn.com/110000-inspection/pc1_QT4Q2d8Xl_1.jpg!m_fill,w_280,h_210,f_jpg?from=ke.com
20240909,丰台,角门,101124273884,大红门35号院角门大红门马家堡洋桥,270万,48763元/平,底层 (共6层) 2室1厅 | 55.37平米 | 南 北,https://ke-image.ljcdn.com/110000-inspection/4e11ff74-9471-4688-bb32-e1ae7b48c1f8_1000.jpg!m_fill,w_280,h_210,f_jpg?from=ke.com
20240909,丰台,角门,101124269145,康缘居  无遮挡  南北向 精装两居室,458万,51260元/平,低楼层 (共14层) | 2000年 | 2室1厅 | 89.35平米 | 南 北,https://ke-image.ljcdn.com/110000-inspection/pc1_QyK1n5cpK_1.jpg!m_fill,w_280,h_210,f_jpg?from=ke.com
20240909,丰台,角门,101124252136,马家堡 10号线角门东 大复式上下两层都能入户 小区新,825万,44663元/平,顶层 (共11层) | 2005年 | 4室2厅 | 184.72平米 | 南 北,https://ke-image.ljcdn.com/110000-inspection/14f86d1b-8cac-4b80-9dca-661307e7b20d_1000.jpg!m_fill,w_280,h_210,f_jpg?from=ke.com
20240909,丰台,角门,101124220593,房子满五唯一南向开间采光视野好。,340万,79626元/平,顶层 (共16层) | 2010年 | 1室0厅 | 42.7平米 | 南,https://ke-image.ljcdn.com/110000-inspection/pc1_GgZNWEloi_2.jpg!m_fill,w_280,h_210,f_jpg?from=ke.com
20240909,丰台,角门,101124151682,角门 枫南世嘉 高层全南两居 视野好 光线足 随时看房,450万,55488元/平,中楼层 (共14层) | 2006年 | 2室1厅 | 81.1平米 | 南,https://ke-image.ljcdn.com/110000-inspection/pc1_YWjGEhXQz_1.jpg!m_fill,w_280,h_210,f_jpg?from=ke.com
20240909,丰台,角门,101124118489,角门甲4号院 复式南北通透 诚心出售,419万,51659元/平,顶层 (共6层) 3室2厅 | 81.11平米 | 南 北,https://ke-image.ljcdn.com/110000-inspection/a128cb9c-f76d-4d08-ab73-8c91966c63d2_1000.jpg!m_fill,w_280,h_210,f_jpg?from=ke.com
20240909,丰台,角门,101124114790,洋桥 角门电梯房两居 中间层 小区环境好 出行有地铁,330万,52674元/平,低楼层 (共19层) 2室1厅 | 62.65平米 | 东南,https://ke-image.ljcdn.com/110000-inspection/a7e2ee7b-271d-424d-9b62-d530c17692b7_1000.jpg!m_fill,w_280,h_210,f_jpg?from=ke.com
20240909,丰台,角门,101124030453,马家堡 司达小区 电梯楼 有客厅南北通透 满五唯一房主自荐,338万,52322元/平,低楼层 (共14层) 2室1厅 | 64.6平米 | 南 北,https://ke-image.ljcdn.com/110000-inspection/089d44a2-4680-4a24-8744-ace09bffdf7a_1000.jpg!m_fill,w_280,h_210,f_jpg?from=ke.com
20240909,丰台,角门,101123978393,马家堡 洋桥 杏林园 两居室 大客厅 近地铁 带电梯,380万,50452元/平,中楼层 (共18层) 2室1厅 | 75.32平米 | 西南,https://ke-image.ljcdn.com/110000-inspection/86c72c2a-b067-4914-a7e0-752c9ac1a8fe_1000.jpg!m_fill,w_280,h_210,f_jpg?from=ke.com
20240909,丰台,角门,101123943207,角门2号院   南北通透两居室  4+10双地铁,336万,43518元/平,低楼层 (共14层) 2室1厅 | 77.21平米 | 南 北,https://ke-image.ljcdn.com/110000-inspection/pc1_aLKhhjrTB.jpg!m_fill,w_280,h_210,f_jpg?from=ke.com
20240909,丰台,角门,101123936092,此房是满五唯一的商品房电梯房三居近地铁！,578万,50441元/平,低楼层 (共20层) | 2001年 | 3室1厅 | 114.59平米 | 西北,https://ke-image.ljcdn.com/110000-inspection/pc1_wlLYjVIPO_1.jpg!m_fill,w_280,h_210,f_jpg?from=ke.com
20240909,丰台,角门,101123888587,怡然家园5号院西马场路5号院角门大红门,699万,54833元/平,低楼层 (共6层) | 2004年 | 3室1厅 | 127.48平米 | 南 北,https://ke-image.ljcdn.com/110000-inspection/dc8aa4fc-7c1f-4998-84c5-ebc2bbe3e9f2_1000.jpg!m_fill,w_280,h_210,f_jpg?from=ke.com
20240909,丰台,角门,101123848120,怡然家园6号院 满五唯一 看房随时,650万,39719元/平,顶层 (共6层) 4室2厅 | 163.65平米 | 南 北,https://ke-image.ljcdn.com/110000-inspection/pc1_OKBIG5mGf.jpg!m_fill,w_280,h_210,f_jpg?from=ke.com
20240909,丰台,角门,101123827872,马家堡甲120号院 两居室 南北通透,265万,48741元/平,高楼层 (共6层) 2室1厅 | 54.37平米 | 南 北,https://ke-image.ljcdn.com/110000-inspection/09c7ceee-9628-48b6-972e-45f622005cd3_1000.jpg!m_fill,w_280,h_210,f_jpg?from=ke.com
20240909,丰台,角门,101123616674,怡然家园5号院 商品房 看房方便诚心出售,445万,46081元/平,高楼层 (共6层) | 2004年 | 2室1厅 | 96.57平米 | 南 北,https://ke-image.ljcdn.com/110000-inspection/ef9be687-0e79-4dac-993a-644159142872_1000.jpg!m_fill,w_280,h_210,f_jpg?from=ke.com
20240909,丰台,角门,101123505111,角门东地铁商品房社区停车方便全明看房随时,410万,63301元/平,高楼层 (共19层) | 2010年 | 2室1厅 | 64.77平米 | 东北,https://ke-image.ljcdn.com/110000-inspection/pc1_Jzm7IF42x_1.jpg!m_fill,w_280,h_210,f_jpg?from=ke.com
20240909,丰台,角门,101123453822,阳光花园东北向一居室 业主诚心出售,445万,68705元/平,中楼层 (共19层) | 2010年 | 1室1厅 | 64.77平米 | 东北,https://ke-image.ljcdn.com/110000-inspection/pc1_gs2kIzRmc_1.jpg!m_fill,w_280,h_210,f_jpg?from=ke.com
20240909,丰台,角门,101123452040,角门 角门东里一社区 精装正规一居室 满五唯一近地铁,190万,40204元/平,顶层 (共6层) 1室1厅 | 47.26平米 | 东 南 北,https://ke-image.ljcdn.com/110000-inspection/26c20d21-4f4b-447d-8990-d82cab30ab45_1000.jpg!m_fill,w_280,h_210,f_jpg?from=ke.com
20240909,丰台,角门,101123325156,此房满五唯一 中间楼层 南北通透,299万,52457元/平,中楼层 (共6层) 2室1厅 | 57平米 | 南 北,https://ke-image.ljcdn.com/110000-inspection/pc1_j2u9l3eqs.jpg!m_fill,w_280,h_210,f_jpg?from=ke.com
20240909,丰台,角门,101123275445,角门甲4号院 2室1厅 南 北,229万,41033元/平,高楼层 (共6层) 2室1厅 | 55.81平米 | 南 北,https://ke-image.ljcdn.com/110000-inspection/7edc712f-b401-4f99-92a7-5700a451f99b_1000.jpg!m_fill,w_280,h_210,f_jpg?from=ke.com
20240909,丰台,角门,101123270021,马家堡枫南世嘉 精装修两居 满五年唯一商品房 06年,438万,53188元/平,顶层 (共14层) | 2006年 | 2室1厅 | 82.35平米 | 东 北,https://ke-image.ljcdn.com/110000-inspection/pc1_jWlj5wX1o_1.jpg!m_fill,w_280,h_210,f_jpg?from=ke.com
20240909,丰台,角门,101123246919,地铁角门 怡然家园 上下两层复式 两居 满五唯一,529万,54363元/平,高楼层 (共14层) | 2010年 | 2室2厅 | 97.31平米 | 南,https://ke-image.ljcdn.com/110000-inspection/pc1_RwYTHeXWU.jpg!m_fill,w_280,h_210,f_jpg?from=ke.com
20240909,丰台,角门,101122977519,马家堡司达小区三层 南北通透正规两居室,288万,50527元/平,中楼层 (共6层) 2室1厅 | 57平米 | 南 北,https://ke-image.ljcdn.com/110000-inspection/pc1_b7QU5Nw0a_1.jpg!m_fill,w_280,h_210,f_jpg?from=ke.com
20240909,丰台,角门,101122960613,精装两居东南金 角 近地铁 面积大 环境优美,355万,48215元/平,低楼层 (共19层) 2室1厅 | 73.63平米 | 南 东北,https://ke-image.ljcdn.com/110000-inspection/a5e4c7f6-93db-42c4-92f0-081116807ee6_1000.jpg!m_fill,w_280,h_210,f_jpg?from=ke.com
20240909,丰台,角门,101122955671,人车分流商品房社区看房随时不临街,650万,74980元/平,低楼层 (共19层) | 2010年 | 2室1厅 | 86.69平米 | 南 北,https://ke-image.ljcdn.com/110000-inspection/pc1_OgWeRxEyu_2.jpg!m_fill,w_280,h_210,f_jpg?from=ke.com
20240909,丰台,角门,101122755143,马家堡 洋桥 西罗园 角门甲8号院 电梯一居室,288万,41416元/平,高楼层 (共21层) 1室1厅 | 69.54平米 | 西北,https://ke-image.ljcdn.com/110000-inspection/pc1_LFQIsVivo_2.jpg!m_fill,w_280,h_210,f_jpg?from=ke.com
20240909,丰台,角门,101122754458,马家堡甲120号院 东南两居室 采光视野很棒,259万,46861元/平,高楼层 (共6层) 2室1厅 | 55.27平米 | 南 东 东南,https://ke-image.ljcdn.com/110000-inspection/pc1_PEeq62twi_1.jpg!m_fill,w_280,h_210,f_jpg?from=ke.com
20240909,丰台,角门,101122711656,马家堡 洋桥 首座绿洲 精装修 一居室 商品房 近地铁,320万,51489元/平,低楼层 (共21层) | 2005年 | 1室1厅 | 62.15平米 | 北,https://ke-image.ljcdn.com/110000-inspection/d296f2a0-5654-47d1-abf0-1d430f7219bb_1000.jpg!m_fill,w_280,h_210,f_jpg?from=ke.com
20240909,丰台,角门,101122654394,马家堡 洋桥 大红门 角门东里全名格局两居室 电梯房,360万,48894元/平,低楼层 (共19层) | 1992年 | 2室1厅 | 73.63平米 | 西南 北,https://ke-image.ljcdn.com/110000-inspection/cbacdced-d94d-4fbb-bbc3-e5d7c5b09659_1000.jpg!m_fill,w_280,h_210,f_jpg?from=ke.com
20240909,丰台,角门,101122548208,马家堡67号院南向两居室 楼层高采光充足 配套设施齐全,395万,50609元/平,中楼层 (共18层) | 1998年 | 2室1厅 | 78.05平米 | 南,https://ke-image.ljcdn.com/110000-inspection/pc1_ULgFkc1wF_1.jpg!m_fill,w_280,h_210,f_jpg?from=ke.com
20240909,丰台,角门,101122385268,此房中高楼层南北通透两居 精装修 诚心出售,790万,77910元/平,高楼层 (共12层) | 2010年 | 2室1厅 | 101.4平米 | 南 北,https://ke-image.ljcdn.com/110000-inspection/pc1_1GX0Ursto_1.jpg!m_fill,w_280,h_210,f_jpg?from=ke.com
20240909,丰台,角门,101122320404,怡然家园6号院 高楼层 无遮挡 诚意出售,220万,29590元/平,高楼层 (共14层) | 2010年 | 1室0厅 | 74.35平米 | 东南,https://ke-image.ljcdn.com/110000-inspection/eba9ec75-e00f-4615-a3bb-d8335d2fac94_1000.jpg!m_fill,w_280,h_210,f_jpg?from=ke.com
20240909,丰台,角门,101122244210,阳光花园全新高层毛坯一居室 未使用 地铁角门东站旁房主自荐,329万,77050元/平,顶层 (共16层) | 2010年 | 1室0厅 | 42.7平米 | 南,https://ke-image.ljcdn.com/110000-inspection/pc1_1rewT5PCC_1.jpg!m_fill,w_280,h_210,f_jpg?from=ke.com
20240909,丰台,角门,101122236079,地铁十号线角门东站 怡然家园6号院 精装两居,535万,54310元/平,顶层 (共11层) | 2005年 | 2室2厅 | 98.51平米 | 南 北,https://ke-image.ljcdn.com/110000-inspection/pc1_0yuakfsHB_1.jpg!m_fill,w_280,h_210,f_jpg?from=ke.com
20240909,丰台,角门,101122224008,马家堡10号线角门东 朝南向 上下两层复式落地窗采光好,553万,49327元/平,顶层 (共6层) 2室1厅 | 112.11平米 | 南,https://ke-image.ljcdn.com/110000-inspection/e116ef99-9c20-422c-acf8-be3a9504a8d2_1000.jpg!m_fill,w_280,h_210,f_jpg?from=ke.com
20240909,丰台,角门,101122210970,南三环外*马家堡*视野开阔*交通便利*生活配套齐全,279万,39530元/平,顶层 (共6层) 2室1厅 | 70.58平米 | 南 北,https://ke-image.ljcdn.com/110000-inspection/pc1_yrJseWdwk_2.jpg!m_fill,w_280,h_210,f_jpg?from=ke.com
20240909,丰台,角门,101122156751,怡然家园6号院 1室0厅 东南,218万,29325元/平,中楼层 (共14层) | 2010年 | 1室0厅 | 74.34平米 | 东南,https://ke-image.ljcdn.com/110000-inspection/pc1_VnTNhBqnB_1.jpg!m_fill,w_280,h_210,f_jpg?from=ke.com
20240909,丰台,角门,101122103282,马家堡阳光花园人车分流小区门口就是地铁角门东站D口,350万,75660元/平,低楼层 (共17层) | 2010年 | 1室0厅 | 46.26平米 | 南,https://ke-image.ljcdn.com/110000-inspection/pc1_j9fW4ggUy.jpg!m_fill,w_280,h_210,f_jpg?from=ke.com
20240909,丰台,角门,101121943613,马家堡角门东怡然家园南北两居室商品房诚心卖,468万,49698元/平,顶层 (共6层) 2室1厅 | 94.17平米 | 南 北,https://ke-image.ljcdn.com/110000-inspection/pc1_b4JhahSUc_1.jpg!m_fill,w_280,h_210,f_jpg?from=ke.com
20240909,丰台,角门,101121857203,怡然家园6号院  朝南复式   户型方正,478万,49948元/平,底层 (共11层) | 2005年 | 2室1厅 | 95.7平米 | 南,https://ke-image.ljcdn.com/110000-inspection/4b48b660-73ff-485c-ae8b-8e2490fdd3d6_1000.jpg!m_fill,w_280,h_210,f_jpg?from=ke.com
20240909,丰台,角门,101121669048,角门 首座绿洲一层大三居 可以作为底商是同,940万,69827元/平,底层 (共21层) 3室2厅 | 134.62平米 | 东南,https://ke-image.ljcdn.com/110000-inspection/c81263af-fd81-4a9b-882a-5d945b8160e9_1000.jpg!m_fill,w_280,h_210,f_jpg?from=ke.com
20240909,丰台,角门,101121667119,阳光花园人车分流商品房社区精装修看房方便,560万,79921元/平,中楼层 (共16层) | 2010年 | 1室1厅 | 70.07平米 | 西 北,https://ke-image.ljcdn.com/110000-inspection/2bcfd07b-f4a8-46ab-a22f-deacad71de8c_1000.jpg!m_fill,w_280,h_210,f_jpg?from=ke.com
20240909,丰台,角门,101121252026,马家堡 10号线角门东 落地窗采光视野好满五唯一商品房,576万,51379元/平,顶层 (共6层) 2室1厅 | 112.11平米 | 南,https://ke-image.ljcdn.com/110000-inspection/pc1_RzWd4yu1o_1.jpg!m_fill,w_280,h_210,f_jpg?from=ke.com
20240909,丰台,角门,101121029145,角门东里 电梯房 小区中间位置 近地铁10号线 业主诚售,319万,50918元/平,低楼层 (共19层) 2室1厅 | 62.65平米 | 南 西,https://ke-image.ljcdn.com/110000-inspection/pc1_4fwdO8bzX_1.jpg!m_fill,w_280,h_210,f_jpg?from=ke.com
20240909,丰台,角门,101120888743,大红门35号院   南北通透   无遮挡,354万,56877元/平,中楼层 (共6层) 2室1厅 | 62.24平米 | 南 北,https://ke-image.ljcdn.com/110000-inspection/pc1_av8LhVSKa_1.jpg!m_fill,w_280,h_210,f_jpg?from=ke.com
20240909,丰台,角门,101120801938,马家堡 司达小区 精装修 南北通透 满五唯一 近地铁,248万,42394元/平,顶层 (共6层) 2室1厅 | 58.5平米 | 南 北,https://ke-image.ljcdn.com/110000-inspection/0a7852c3-41e0-4125-aaf0-fae961894a74_1000.jpg!m_fill,w_280,h_210,f_jpg?from=ke.com
20240909,丰台,角门,101120755513,角门东 阳光花园 高楼层一居室,285万,61015元/平,顶层 (共19层) | 2010年 | 1室0厅 | 46.71平米 | 东北,https://ke-image.ljcdn.com/110000-inspection/8c2d2f1a-7bff-40b1-be94-6373e719f06f_1000.jpg!m_fill,w_280,h_210,f_jpg?from=ke.com
20240909,丰台,角门,101120755273,角门东地铁 一层 南北通透 两居,270万,49798元/平,底层 (共6层) 2室1厅 | 54.22平米 | 南 北,https://ke-image.ljcdn.com/110000-inspection/pc1_IB2v74oH8_1.jpg!m_fill,w_280,h_210,f_jpg?from=ke.com
20240909,丰台,角门,101120661309,阳光花园地下车位位置好诚意出售,18万,5565元/平,地下室 (共1层) | 2010年 | 1室0厅 | 32.35平米 | 南,https://ke-image.ljcdn.com/110000-inspection/9cbc1379-a61b-405c-b945-3aea6df0d3fc_1000.jpg!m_fill,w_280,h_210,f_jpg?from=ke.com
20240909,丰台,角门,101120661240,阳光花园地下车位诚意出售位置好,19万,5874元/平,地下室 (共1层) | 2010年 | 1室0厅 | 32.35平米 | 南,https://ke-image.ljcdn.com/110000-inspection/c0a7a085-af22-4844-93a3-56f628ebf2d3_1000.jpg!m_fill,w_280,h_210,f_jpg?from=ke.com
20240909,丰台,角门,101120478874,大红门35号院 户型方正 没有浪费 看房方便,486万,56943元/平,顶层 (共5层) | 2001年 | 2室1厅 | 85.35平米 | 南 北,https://ke-image.ljcdn.com/110000-inspection/pc1_a8nJGTzEw_1.jpg!m_fill,w_280,h_210,f_jpg?from=ke.com
20240909,丰台,角门,101120403025,角门东里中间楼层 南北通透2居室 业主诚心出售,283万,51908元/平,中楼层 (共6层) 2室1厅 | 54.52平米 | 南 北,https://ke-image.ljcdn.com/110000-inspection/515faa8e-8c35-4d04-bb3f-63694e3378d5_1000.jpg!m_fill,w_280,h_210,f_jpg?from=ke.com
20240909,丰台,角门,101119871552,怡然家园6号院   产权清晰   有电梯   采光无遮挡,848万,48987元/平,顶层 (共11层) 4室2厅 | 173.11平米 | 南 北,https://ke-image.ljcdn.com/110000-inspection/pc1_cRtIBCHtJ_2.jpg!m_fill,w_280,h_210,f_jpg?from=ke.com
20240909,丰台,角门,101119826457,马家堡商圈 马家堡67号院 满五唯一 带电梯正规1居室,258万,45511元/平,中楼层 (共18层) | 1998年 | 1室1厅 | 56.69平米 | 东,https://ke-image.ljcdn.com/110000-inspection/1e12078e-6278-4fe1-a527-d27d907139e8_1000.jpg!m_fill,w_280,h_210,f_jpg?from=ke.com
20240909,丰台,角门,101119765332,南北通透二居室 精装修 近地铁,335万,51658元/平,中楼层 (共6层) | 1994年 | 2室1厅 | 64.85平米 | 南 北,https://ke-image.ljcdn.com/110000-inspection/56702af1-7e47-414c-b54d-1369d44deaa8_1000.jpg!m_fill,w_280,h_210,f_jpg?from=ke.com
20240909,丰台,角门,101119749332,马家堡角门 大一居 带电梯 视野开阔 满五年,265万,46746元/平,低楼层 (共18层) | 1998年 | 1室1厅 | 56.69平米 | 东,https://ke-image.ljcdn.com/110000-inspection/abcfa1d6-06da-4b19-9927-2a3a8d3e4c77_1000.jpg!m_fill,w_280,h_210,f_jpg?from=ke.com
20240909,丰台,角门,101119680496,西南向 正规两居室 双阳台 交通便利,350万,45621元/平,底层 (共18层) | 1998年 | 2室1厅 | 76.72平米 | 西南,https://ke-image.ljcdn.com/110000-inspection/pc1_MMMP9xT8x_1.jpg!m_fill,w_280,h_210,f_jpg?from=ke.com
20240909,丰台,角门,101119561388,角门2号院 地铁角门西站南北通透,453万,58832元/平,高楼层 (共14层) 2室1厅 | 77平米 | 南 北,https://ke-image.ljcdn.com/110000-inspection/0d93900c-30aa-4d5d-b3d0-a8029c907634_1000.jpg!m_fill,w_280,h_210,f_jpg?from=ke.com
20240909,丰台,角门,101119036216,怡然家园6号院  10号线角门 电梯房 一手业主毛坯房,899万,49442元/平,高楼层 (共14层) | 2010年 | 3室2厅 | 181.83平米 | 南 北,https://ke-image.ljcdn.com/110000-inspection/pc1_9NwyoW4hE_2.jpg!m_fill,w_280,h_210,f_jpg?from=ke.com
20240909,丰台,角门,101118852420,怡然家园6号院 低楼层无遮挡 有钥匙 看房方便房主自荐,557万,58228元/平,底层 (共6层) | 2004年 | 2室1厅 | 95.66平米 | 南 北,https://ke-image.ljcdn.com/110000-inspection/b0db233a-551a-499f-95f4-11891fa2199b_1000.jpg!m_fill,w_280,h_210,f_jpg?from=ke.com
20240909,丰台,角门,101118710520,怡然家园6号院满五唯一有钥匙随时签约,199万,26769元/平,低楼层 (共14层) | 2010年 | 1室0厅 | 74.34平米 | 东南,https://ke-image.ljcdn.com/110000-inspection/pc1_ORDG6G00y_1.jpg!m_fill,w_280,h_210,f_jpg?from=ke.com
20240909,丰台,角门,101118625588,洋桥角门大红门马家堡  杏林园东南向两居室,398万,52842元/平,底层 (共18层) 2室1厅 | 75.32平米 | 东南,https://ke-image.ljcdn.com/110000-inspection/a108ddcf-2975-497e-9dbe-d1456d6fa731_1000.jpg!m_fill,w_280,h_210,f_jpg?from=ke.com
20240909,丰台,角门,101118278950,角门东地铁高档小区客厅朝南明卫精装修、自住,720万,77880元/平,低楼层 (共19层) | 2010年 | 2室1厅 | 92.45平米 | 东 南 北,https://ke-image.ljcdn.com/110000-inspection/pc1_pEbdhqDl8.jpg!m_fill,w_280,h_210,f_jpg?from=ke.com
20240909,丰台,角门,101118199272,马家堡 10号线角门东 南北通透两居 楼层好 双卧朝阳房主自荐,558万,57574元/平,中楼层 (共6层) | 2004年 | 2室1厅 | 96.92平米 | 南 北,https://ke-image.ljcdn.com/110000-inspection/pc1_9aRfJpbJj.jpg!m_fill,w_280,h_210,f_jpg?from=ke.com
20240909,丰台,角门,101118016275,角门西双地铁南北通透两居安静舒适楼龄新,600万,57280元/平,中楼层 (共14层) | 2006年 | 2室1厅 | 104.75平米 | 南 北,https://ke-image.ljcdn.com/110000-inspection/pc1_rrHBx2pRn_1.jpg!m_fill,w_280,h_210,f_jpg?from=ke.com
20240909,丰台,角门,101117923056,马家堡甲120号院 2室1厅 南 北,248万,45614元/平,中楼层 (共6层) 2室1厅 | 54.37平米 | 南 北,https://ke-image.ljcdn.com/110000-inspection/640d9ca7-b185-42f6-b311-5cc347ccb54b_1000.jpg!m_fill,w_280,h_210,f_jpg?from=ke.com
20240909,丰台,角门,101117882475,洋桥角门正规两居满五唯一精装修格局方正,303万,48364元/平,低楼层 (共19层) 2室1厅 | 62.65平米 | 东南,https://ke-image.ljcdn.com/110000-inspection/pc1_x27tLUp0V_1.jpg!m_fill,w_280,h_210,f_jpg?from=ke.com
20240909,丰台,角门,101117875326,枫南世嘉精装修两居室落地窗业主诚意出售,432万,58003元/平,低楼层 (共14层) | 2006年 | 2室1厅 | 74.48平米 | 北,https://ke-image.ljcdn.com/110000-inspection/1f7937e9-709f-4bfb-a16f-90377000ac49_1000.jpg!m_fill,w_280,h_210,f_jpg?from=ke.com
20240909,丰台,角门,101117826903,10号线角门东地铁 阳光花园车位出售,25万,7672元/平,地下室 (共20层) | 2010年 | 1室0厅 | 32.59平米 | 南 北,https://ke-image.ljcdn.com/110000-inspection/8d393c42-3dfd-4ae8-abe5-733ff88d28c8_1000.jpg!m_fill,w_280,h_210,f_jpg?from=ke.com
20240909,丰台,角门,101117617675,急售房源大红门西路35号院  低楼层 无遮挡看房方便房主自荐,215万,46079元/平,低楼层 (共6层) 1室1厅 | 46.66平米 | 南,https://ke-image.ljcdn.com/110000-inspection/pc1_mCv2uiMMQ_1.jpg!m_fill,w_280,h_210,f_jpg?from=ke.com
20240909,丰台,角门,101117172839,10号线角门东马家堡大红门35号院南北通透两居室诚心卖,255万,40964元/平,顶层 (共6层) 2室1厅 | 62.25平米 | 南 北,https://ke-image.ljcdn.com/110000-inspection/pc1_Tck28ZNET_1.jpg!m_fill,w_280,h_210,f_jpg?from=ke.com
20240909,丰台,角门,101116659374,阳光花园 车位 靠墙位置好 可以安装充电桩,19万,6169元/平,地下室 (共1层) | 2010年 | 1室0厅 | 30.8平米 | 南,https://ke-image.ljcdn.com/110000-inspection/f8338e6e-fa23-47b9-b481-1d4d241706f0_1000.jpg!m_fill,w_280,h_210,f_jpg?from=ke.com
20240909,丰台,角门,101114783030,阳光花园车位诚意出售产权清晰,20万,6427元/平,地下室 (共1层) | 2010年 | 1室0厅 | 31.12平米 | 南,https://ke-image.ljcdn.com/110000-inspection/pc1_1APhQiIOd.jpg!m_fill,w_280,h_210,f_jpg?from=ke.com
20240909,丰台,角门,101114748206,马家堡10号线角门东怡然家园四居三卫南北通透诚心卖,868万,46942元/平,顶层 (共11层) | 2005年 | 4室2厅 | 184.91平米 | 南 北,https://ke-image.ljcdn.com/110000-inspection/pc1_HU4p7odUF.jpg!m_fill,w_280,h_210,f_jpg?from=ke.com
20240909,丰台,角门,101126345868,高楼层南北通透两居室人车分流环境优美配套齐全新上,688万,77548元/平,高楼层 (共17层) | 2010年 | 2室1厅 | 88.72平米 | 南 北,https://ke-image.ljcdn.com/110000-inspection/pc1_SmBTmRonA_1.jpg!m_fill,w_280,h_210,f_jpg?from=ke.com
20240909,丰台,角门,101126493475,大红门35号院 2室1厅 南,320万,53210元/平,低楼层 (共6层) 2室1厅 | 60.14平米 | 南,https://s1.ljcdn.com/pegasus/redskull/images/common/default_house_list.png?_v=20240826145726
20240909,丰台,角门,101126416709,阳光花园人车分流小区 近地铁南北通透两居室新上,699万,76478元/平,中楼层 (共19层) | 2010年 | 2室1厅 | 91.4平米 | 南 北,https://s1.ljcdn.com/pegasus/redskull/images/common/default_house_list.png?_v=20240826145726
20240909,丰台,角门,101126395757,司达小区 2室1厅 西南新上,260万,46847元/平,中楼层 (共6层) 2室1厅 | 55.5平米 | 西南,https://s1.ljcdn.com/pegasus/redskull/images/common/default_house_list.png?_v=20240826145726
20240909,丰台,角门,101126346419,角门 马家堡 洋桥  杏林园小区东南向两居室新上,368万,48859元/平,中楼层 (共18层) 2室1厅 | 75.32平米 | 东,https://s1.ljcdn.com/pegasus/redskull/images/common/default_house_list.png?_v=20240826145726
20240909,丰台,角门,101126345345,角门东里 2室1厅 东南 北新上,340万,46177元/平,高楼层 (共19层) | 1993年 | 2室1厅 | 73.63平米 | 东南 北,https://s1.ljcdn.com/pegasus/redskull/images/common/default_house_list.png?_v=20240826145726
20240909,丰台,角门,101126334448,马家堡 司达小区 满五唯一 视野好 近地铁新上,396万,47942元/平,高楼层 (共6层) 3室1厅 | 82.6平米 | 南 北,https://s1.ljcdn.com/pegasus/redskull/images/common/default_house_list.png?_v=20240826145726
20240909,丰台,角门,101126304162,司达小区 2室1厅 南 北,265万,44908元/平,低楼层 (共6层) 2室1厅 | 59.01平米 | 南 北,https://s1.ljcdn.com/pegasus/redskull/images/common/default_house_list.png?_v=20240826145726
20240909,丰台,角门,101126297597,地铁口 角门东里一社区 南北两居 满五唯一看房方便,208万,37915元/平,顶层 (共6层) 2室1厅 | 54.86平米 | 南 北,https://s1.ljcdn.com/pegasus/redskull/images/common/default_house_list.png?_v=20240826145726
20240909,丰台,角门,101126293199,十号线 角门东站 司达小区 南向正规一居室全明格局,180万,45113元/平,中楼层 (共6层) 1室1厅 | 39.9平米 | 南,https://s1.ljcdn.com/pegasus/redskull/images/common/default_house_list.png?_v=20240826145726
20240909,丰台,角门,101126292539,马家堡 角门 洋桥 西南向三居室,630万,56978元/平,高楼层 (共18层) | 1998年 | 3室1厅 | 110.57平米 | 西南,https://s1.ljcdn.com/pegasus/redskull/images/common/default_house_list.png?_v=20240826145726
20240909,丰台,角门,101126268943,司达小区 2室1厅 南 北,209万,34196元/平,顶层 (共6层) 2室1厅 | 61.12平米 | 南 北,https://s1.ljcdn.com/pegasus/redskull/images/common/default_house_list.png?_v=20240826145726
20240909,丰台,角门,101126237747,阳光花园 10号线角门东地铁 诚心出售,330万,78423元/平,低楼层 (共19层) | 2010年 | 1室0厅 | 42.08平米 | 东南,https://s1.ljcdn.com/pegasus/redskull/images/common/default_house_list.png?_v=20240826145726
20240909,丰台,角门,101125774239,京华苑 满五年唯一 正规大两居室 近地铁10号线,550万,55260元/平,中楼层 (共20层) | 2000年 | 2室1厅 | 99.53平米 | 东南,https://s1.ljcdn.com/pegasus/redskull/images/common/default_house_list.png?_v=20240826145726
20240909,丰台,角门,101125330678,怡然家园6号院   南北通透三居,758万,56661元/平,低楼层 (共16层) 3室2厅 | 133.78平米 | 南 北,https://s1.ljcdn.com/pegasus/redskull/images/common/default_house_list.png?_v=20240826145726
20240909,丰台,角门,101125256273,角门大红门西马场北里南北通透两居室精装修诚意卖,288万,48814元/平,中楼层 (共6层) 2室1厅 | 59平米 | 南 北,https://s1.ljcdn.com/pegasus/redskull/images/common/default_house_list.png?_v=20240826145726
20240909,丰台,角门,101124752842,司达小区 3室1厅 南 北,250万,46642元/平,底层 (共6层) 3室1厅 | 53.6平米 | 南 北,https://s1.ljcdn.com/pegasus/redskull/images/common/default_house_list.png?_v=20240826145726
20240909,丰台,角门,101124277708,角门东里  满五年唯一 南向两居室房主自荐,380万,58633元/平,低楼层 (共19层) 2室1厅 | 64.81平米 | 南,https://s1.ljcdn.com/pegasus/redskull/images/common/default_house_list.png?_v=20240826145726
20240909,丰台,角门,101124222407,阳光花园 2室2厅 南 北,680万,74660元/平,低楼层 (共19层) | 2010年 | 2室2厅 | 91.08平米 | 南 北,https://s1.ljcdn.com/pegasus/redskull/images/common/default_house_list.png?_v=20240826145726
20240909,丰台,角门,101122410356,大红门35号院大红门西路35号院,342万,50682元/平,中楼层 (共6层) 2室1厅 | 67.48平米 | 东 西,https://s1.ljcdn.com/pegasus/redskull/images/common/default_house_list.png?_v=20240826145726
20240909,丰台,角门,101120990673,阳光花园门口地铁人车分流全明格局户型好,1030万,74256元/平,低楼层 (共19层) | 2010年 | 3室1厅 | 138.71平米 | 南 北,https://s1.ljcdn.com/pegasus/redskull/images/common/default_house_list.png?_v=20240826145726
