20240919,门头沟,冯村,101126560253,欣六园 2室0厅 南 北必看好房,169万,24345元/平,中楼层 (共5层) 2室0厅 | 69.42平米 | 南 北,https://ke-image.ljcdn.com/110000-inspection/pc1_nBVZi4MQb_1.jpg!m_fill,w_280,h_210,f_jpg?from=ke.com
20240919,门头沟,冯村,101126544439,丽景长安 3室2厅 南 北必看好房,530万,42602元/平,中楼层 (共11层) 3室2厅 | 124.41平米 | 南 北,https://ke-image.ljcdn.com/110000-inspection/676c4851-8313-4cb8-b27a-8121dde228f5_1000.jpg!m_fill,w_280,h_210,f_jpg?from=ke.com
20240919,门头沟,冯村,101126496498,北京城建上悦居东区 2室1厅 南必看好房,256万,33338元/平,高楼层 (共21层) 2室1厅 | 76.79平米 | 南,https://ke-image.ljcdn.com/110000-inspection/pc1_dPMcknVIE_1.jpg!m_fill,w_280,h_210,f_jpg?from=ke.com
20240919,门头沟,冯村,101126461954,北京城建上悦居东区业主自住房源必看好房,248万,32296元/平,低楼层 (共21层) | 2018年 | 2室1厅 | 76.79平米 | 南,https://ke-image.ljcdn.com/110000-inspection/3e8666c8-6d59-4e5c-b69d-feb53236c0c7_1000.jpg!m_fill,w_280,h_210,f_jpg?from=ke.com
20240919,门头沟,冯村,101126361580,四季怡园北区 2室1厅 东 南 北必看好房,255万,36670元/平,高楼层 (共20层) 2室1厅 | 69.54平米 | 东 南 北,https://ke-image.ljcdn.com/110000-inspection/ab1fe10b-4238-480a-b5e1-92b4dfa7a876_1000.jpg!m_fill,w_280,h_210,f_jpg?from=ke.com
20240919,门头沟,冯村,101126345780,四季怡园北区精装修自住三居室 南北双通透 全明格局必看好房,335万,37489元/平,高楼层 (共20层) 3室1厅 | 89.36平米 | 南 西 北,https://ke-image.ljcdn.com/110000-inspection/77ea4503-b6a3-41ca-885a-0a58c88534f9_1000.jpg!m_fill,w_280,h_210,f_jpg?from=ke.com
20240919,门头沟,冯村,101126317651,润西山苑 满五唯一精装南北通透大三居 看房随时必看好房,499万,39255元/平,中楼层 (共9层) 3室2厅 | 127.12平米 | 南 北,https://ke-image.ljcdn.com/110000-inspection/17e68eea-742f-47d9-9318-8eb2e426248c_1000.jpg!m_fill,w_280,h_210,f_jpg?from=ke.com
20240919,门头沟,冯村,101126246764,上悦居 40万精装好房 位置好 无遮挡 看花园必看好房,255万,34372元/平,中楼层 (共21层) 2室1厅 | 74.19平米 | 南,https://ke-image.ljcdn.com/110000-inspection/28f7a83c-8956-4f26-b79e-1b8366b2ffdf_1000.jpg!m_fill,w_280,h_210,f_jpg?from=ke.com
20240919,门头沟,冯村,101126237356,四季怡园北区满五唯一两居室 大楼间距视野采光无遮挡必看好房,230万,32905元/平,中楼层 (共20层) | 2018年 | 2室1厅 | 69.9平米 | 南 北,https://ke-image.ljcdn.com/110000-inspection/pc1_EwEGyyf74_1.jpg!m_fill,w_280,h_210,f_jpg?from=ke.com
20240919,门头沟,冯村,101126153256,丽景长安 保持很好 看房方便 等待有缘人必看好房,312万,35817元/平,中楼层 (共23层) 2室1厅 | 87.11平米 | 南,https://ke-image.ljcdn.com/110000-inspection/pc1_46zbSnUlU_1.jpg!m_fill,w_280,h_210,f_jpg?from=ke.com
20240919,门头沟,冯村,101126152778,四季怡园北区 南向三居诚意出售必看好房,277万,31672元/平,低楼层 (共20层) | 2018年 | 3室1厅 | 87.46平米 | 南,https://ke-image.ljcdn.com/110000-inspection/pc1_4nHRakkYV_1.jpg!m_fill,w_280,h_210,f_jpg?from=ke.com
20240919,门头沟,冯村,101126141062,润西山苑精装大两居 小区人车分流 环境好必看好房,360万,37563元/平,中楼层 (共10层) | 2014年 | 2室1厅 | 95.84平米 | 东 西,https://ke-image.ljcdn.com/110000-inspection/a008f6a2-500e-4396-a208-9a6fe49fb11b_1000.jpg!m_fill,w_280,h_210,f_jpg?from=ke.com
20240919,门头沟,冯村,101126139352,上悦居 无遮挡两居室 交房随时 满五唯一必看好房,236万,31931元/平,低楼层 (共21层) 2室1厅 | 73.91平米 | 南,https://ke-image.ljcdn.com/110000-inspection/182c6a3c-8d08-429c-8ba9-7cb1cd996b2c_1000.jpg!m_fill,w_280,h_210,f_jpg?from=ke.com
20240919,门头沟,冯村,101126136688,北京城建上悦居 中高楼层 视野采光好必看好房,232万,31322元/平,高楼层 (共21层) 2室1厅 | 74.07平米 | 南,https://ke-image.ljcdn.com/110000-inspection/pc1_tbwwtmzsp_1.jpg!m_fill,w_280,h_210,f_jpg?from=ke.com
20240919,门头沟,冯村,101126125624,和苑 2室1厅 南必看好房,239万,30971元/平,中楼层 (共28层) | 2013年 | 2室1厅 | 77.17平米 | 南,https://ke-image.ljcdn.com/110000-inspection/pc1_ZunAxry2x_1.jpg!m_fill,w_280,h_210,f_jpg?from=ke.com
20240919,门头沟,冯村,101126115192,四季怡园北区满五唯一精装修三居室 新风系统看房方便必看好房,289万,33044元/平,低楼层 (共20层) | 2018年 | 3室1厅 | 87.46平米 | 东 南,https://ke-image.ljcdn.com/110000-inspection/pc1_cDp8D8DhC.jpg!m_fill,w_280,h_210,f_jpg?from=ke.com
20240919,门头沟,冯村,101126110190,四季怡园北区满五唯一全明格局三居室 诚心出售,330万,37121元/平,低楼层 (共20层) 3室1厅 | 88.9平米 | 北 南,https://ke-image.ljcdn.com/110000-inspection/pc1_FbKTmTxEs_1.jpg!m_fill,w_280,h_210,f_jpg?from=ke.com
20240919,门头沟,冯村,101126103930,保利首开四季怡园北区满五唯一高楼层视野好纯南三居室,282万,32244元/平,中楼层 (共20层) | 2018年 | 3室1厅 | 87.46平米 | 南,https://ke-image.ljcdn.com/110000-inspection/pc1_DyLoThe8D.jpg!m_fill,w_280,h_210,f_jpg?from=ke.com
20240919,门头沟,冯村,101126092725,房龄新紧凑两居高楼层精装修成熟配套首付50万必看好房,258万,34832元/平,高楼层 (共21层) 2室1厅 | 74.07平米 | 南,https://ke-image.ljcdn.com/110000-inspection/de12d7b2-78ac-4e2d-a991-75cfcb018667_1000.jpg!m_fill,w_280,h_210,f_jpg?from=ke.com
20240919,门头沟,冯村,101126049027,丽景长安二期精装四居室没怎么住现状好可看山景必看好房,615万,39837元/平,中楼层 (共23层) | 2016年 | 4室2厅 | 154.38平米 | 南 北,https://ke-image.ljcdn.com/110000-inspection/pc1_a72ap0Bbs_1.jpg!m_fill,w_280,h_210,f_jpg?from=ke.com
20240919,门头沟,冯村,101126033073,四季怡园南区满五唯一商品房 业主诚心出售价格可聊必看好房,235万,33367元/平,高楼层 (共20层) | 2018年 | 2室1厅 | 70.43平米 | 东 南 北,https://ke-image.ljcdn.com/110000-inspection/pc1_xGXifKDGL_1.jpg!m_fill,w_280,h_210,f_jpg?from=ke.com
20240919,门头沟,冯村,101125982980,保利首开四季怡园北区高楼层满五唯一视野好纯南三居室必看好房,280万,32184元/平,高楼层 (共25层) | 2018年 | 3室2厅 | 87平米 | 南,https://ke-image.ljcdn.com/110000-inspection/pc1_1XXN4FXbR_1.jpg!m_fill,w_280,h_210,f_jpg?from=ke.com
20240919,门头沟,冯村,101125901701,冯村信园小区精装修纯南向大三居必看好房,238万,24519元/平,高楼层 (共6层) | 1997年 | 3室2厅 | 97.07平米 | 南 北,https://ke-image.ljcdn.com/110000-inspection/pc1_KhD1B5BwG_1.jpg!m_fill,w_280,h_210,f_jpg?from=ke.com
20240919,门头沟,冯村,101125862271,丽景长安 2室1厅 南 北必看好房,310万,33656元/平,中楼层 (共23层) 2室1厅 | 92.11平米 | 南 北,https://ke-image.ljcdn.com/110000-inspection/pc1_NeU2ufT1i_1.jpg!m_fill,w_280,h_210,f_jpg?from=ke.com
20240919,门头沟,冯村,101125856988,北京城建上悦居 自住装修 有车位 看房方便诚心出售必看好房,251万,33887元/平,中楼层 (共21层) 2室1厅 | 74.07平米 | 南,https://ke-image.ljcdn.com/110000-inspection/pc1_8TmvQwCUJ_1.jpg!m_fill,w_280,h_210,f_jpg?from=ke.com
20240919,门头沟,冯村,101125778719,保利首开四季怡园北区满五唯一中层南北通透三居室,330万,37318元/平,中楼层 (共20层) 3室1厅 | 88.43平米 | 南 北,https://ke-image.ljcdn.com/110000-inspection/pc1_JM3QkNwgm_1.jpg!m_fill,w_280,h_210,f_jpg?from=ke.com
20240919,门头沟,冯村,101125749811,丽景长安二期四室两厅两卫精装修地暖自住现状好,580万,37570元/平,低楼层 (共23层) | 2016年 | 4室2厅 | 154.38平米 | 南 北,https://ke-image.ljcdn.com/110000-inspection/pc1_nAzTVgHvX.jpg!m_fill,w_280,h_210,f_jpg?from=ke.com
20240919,门头沟,冯村,101125718531,四季怡园北区大楼间距 中高楼层 可以看山景 有钥匙必看好房,287万,32816元/平,高楼层 (共20层) | 2018年 | 3室1厅 | 87.46平米 | 南,https://ke-image.ljcdn.com/110000-inspection/pc1_CIyhkzs1X_1.jpg!m_fill,w_280,h_210,f_jpg?from=ke.com
20240919,门头沟,冯村,101125596018,和苑朝南大一居室 正规一室一厅有电梯低楼层,210万,27213元/平,低楼层 (共28层) | 2012年 | 1室1厅 | 77.17平米 | 南,https://ke-image.ljcdn.com/110000-inspection/54397421-4c03-4884-82b8-7798717094ed_1000.jpg!m_fill,w_280,h_210,f_jpg?from=ke.com
20240919,门头沟,冯村,101125424841,北京城建上悦居 2室1厅 南必看好房,220万,29638元/平,底层 (共21层) 2室1厅 | 74.23平米 | 南,https://ke-image.ljcdn.com/110000-inspection/pc1_yLRTT0CZc_1.jpg!m_fill,w_280,h_210,f_jpg?from=ke.com
20240919,门头沟,冯村,101125405156,欣六园 南向两居室 户型方正必看好房,168万,23461元/平,中楼层 (共5层) | 2012年 | 2室1厅 | 71.61平米 | 南 北,https://ke-image.ljcdn.com/110000-inspection/ec3a28b1-8b75-4412-8d6f-c4239be4d4e5_1000.jpg!m_fill,w_280,h_210,f_jpg?from=ke.com
20240919,门头沟,冯村,101125326993,满五唯一商品房 南向两居 精装修 拎包入住必看好房,268万,34901元/平,低楼层 (共21层) | 2018年 | 2室1厅 | 76.79平米 | 南,https://ke-image.ljcdn.com/110000-inspection/8c9dc344-60ad-4b0f-b2a0-1033ae1fb735_1000.jpg!m_fill,w_280,h_210,f_jpg?from=ke.com
20240919,门头沟,冯村,101125300641,北京城建上悦居南北三居室全明格局婚房装修必看好房,325万,36983元/平,低楼层 (共21层) 3室1厅 | 87.88平米 | 南 北,https://ke-image.ljcdn.com/110000-inspection/dce0cbbe-e0d8-4e1a-a40c-d67dd6414261_1000.jpg!m_fill,w_280,h_210,f_jpg?from=ke.com
20240919,门头沟,冯村,101125265072,四季怡园北区 卫生间有窗户 双通透经典三居室户型必看好房,335万,37692元/平,中楼层 (共25层) | 2018年 | 3室1厅 | 88.88平米 | 南 北,https://ke-image.ljcdn.com/110000-inspection/7763f80d-3682-4298-ae95-fe2f1d2a8f2e_1000.jpg!m_fill,w_280,h_210,f_jpg?from=ke.com
20240919,门头沟,冯村,101125132211,润西山苑  精装南北 通透 洋房大三居必看好房,480万,37760元/平,中楼层 (共9层) 3室2厅 | 127.12平米 | 南 北,https://ke-image.ljcdn.com/110000-inspection/pc1_ZEU5cxrqs.jpg!m_fill,w_280,h_210,f_jpg?from=ke.com
20240919,门头沟,冯村,101125111591,四季怡园北区两居室东边户中高楼层采光好,239万,34374元/平,中楼层 (共20层) | 2018年 | 2室1厅 | 69.53平米 | 东 南 北,https://ke-image.ljcdn.com/110000-inspection/pc1_7SWjMdyTZ_1.jpg!m_fill,w_280,h_210,f_jpg?from=ke.com
20240919,门头沟,冯村,101124938266,北京城建上悦居 3室1厅 南 北必看好房,305万,33950元/平,高楼层 (共21层) 3室1厅 | 89.84平米 | 南 北,https://ke-image.ljcdn.com/110000-inspection/pc1_I6MCQ4VCC.jpg!m_fill,w_280,h_210,f_jpg?from=ke.com
20240919,门头沟,冯村,101124841400,四季怡园南区南向三居室随时可看,280万,31507元/平,中楼层 (共20层) 3室1厅 | 88.87平米 | 南,https://ke-image.ljcdn.com/110000-inspection/7a6b0cf6-35b9-43e4-b2f5-9e12476b7fe0_1000.jpg!m_fill,w_280,h_210,f_jpg?from=ke.com
20240919,门头沟,冯村,101124652656,丽景长安像公园一样的小区 业主静待有缘人必看好房,310万,34918元/平,低楼层 (共26层) 2室1厅 | 88.78平米 | 南,https://ke-image.ljcdn.com/110000-inspection/pc1_37uBC7URf.jpg!m_fill,w_280,h_210,f_jpg?from=ke.com
20240919,门头沟,冯村,101123686530,冯村嘉园一区精装修两居室 南北通透必看好房,363万,30163元/平,底层 (共11层) 2室1厅 | 120.35平米 | 南 北,https://ke-image.ljcdn.com/110000-inspection/cdd110a4-130a-41e4-8981-d9f38c2b315b_1000.jpg!m_fill,w_280,h_210,f_jpg?from=ke.com
20240919,门头沟,冯村,101123409985,此楼地势高楼层好采光好诚心出售视野开阔配套全必看好房,580万,38178元/平,中楼层 (共18层) | 2016年 | 4室2厅 | 151.92平米 | 南 北,https://ke-image.ljcdn.com/110000-inspection/pc1_rjUHyxd07_1.jpg!m_fill,w_280,h_210,f_jpg?from=ke.com
20240919,门头沟,冯村,101123354189,和苑 2室1厅 南 北必看好房,243万,27359元/平,底层 (共28层) | 2012年 | 2室1厅 | 88.82平米 | 南 北,https://ke-image.ljcdn.com/110000-inspection/pc1_KGhkS5EwQ.jpg!m_fill,w_280,h_210,f_jpg?from=ke.com
20240919,门头沟,冯村,101123111318,丽景长安二期 标准一居室 精装修 满五唯一必看好房,209万,33521元/平,低楼层 (共27层) | 2015年 | 1室1厅 | 62.35平米 | 西,https://ke-image.ljcdn.com/110000-inspection/67bdb215-fbd7-440f-9bce-ee7b4bf138e1_1000.jpg!m_fill,w_280,h_210,f_jpg?from=ke.com
20240919,门头沟,冯村,101122507819,丽景一期南北通透不临街无遮挡无抵押两居室必看好房,310万,33729元/平,低楼层 (共23层) 2室1厅 | 91.91平米 | 南 北,https://ke-image.ljcdn.com/110000-inspection/pc1_pUJl5xbGa.jpg!m_fill,w_280,h_210,f_jpg?from=ke.com
20240919,门头沟,冯村,101126603605,北京城建上悦居 3室1厅 南 北必看好房,329万,37579元/平,高楼层 (共21层) 3室1厅 | 87.55平米 | 南 北,https://ke-image.ljcdn.com/110000-inspection/ef6788bd-6a13-49e0-a0c5-e59350672840_1000.jpg!m_fill,w_280,h_210,f_jpg?from=ke.com
20240919,门头沟,冯村,101126461490,精装修三居电梯洋房满五唯一商品房必看好房,399万,36343元/平,低楼层 (共10层) 3室1厅 | 109.79平米 | 东 西,https://ke-image.ljcdn.com/110000-inspection/pc1_R58i8hjbq_1.jpg!m_fill,w_280,h_210,f_jpg?from=ke.com
20240919,门头沟,冯村,101126329357,丽景长安二期 2室1厅 南 北,309万,34231元/平,中楼层 (共27层) | 2015年 | 2室1厅 | 90.27平米 | 南 北,https://ke-image.ljcdn.com/110000-inspection/d2b7384a-0ec4-497f-8f5a-2bdd76ea71ee_1000.jpg!m_fill,w_280,h_210,f_jpg?from=ke.com
20240919,门头沟,冯村,101126271832,四季怡园北区 2室1厅 东 南 北必看好房,235万,33799元/平,低楼层 (共20层) | 2018年 | 2室1厅 | 69.53平米 | 东 南 北,https://ke-image.ljcdn.com/110000-inspection/pc1_G3fKaMYyI_1.jpg!m_fill,w_280,h_210,f_jpg?from=ke.com
20240919,门头沟,冯村,101126167570,信低楼层  南北朝向  采光充足  满五唯一必看好房,249万,31219元/平,低楼层 (共6层) | 1997年 | 2室2厅 | 79.76平米 | 南 北,https://ke-image.ljcdn.com/110000-inspection/pc1_cxyEkNeAt.jpg!m_fill,w_280,h_210,f_jpg?from=ke.com
20240919,门头沟,冯村,101125946976,丽景长安 3室1厅 南 北,545万,38862元/平,高楼层 (共10层) 3室1厅 | 140.24平米 | 南 北,https://ke-image.ljcdn.com/110000-inspection/pc1_pRCVqrlOq_1.jpg!m_fill,w_280,h_210,f_jpg?from=ke.com
20240919,门头沟,冯村,101125667418,四季怡园北区两居室西边户高楼层采光好必看好房,228万,32535元/平,顶层 (共20层) 2室1厅 | 70.08平米 | 南 西 北,https://ke-image.ljcdn.com/110000-inspection/pc1_NFShh2okg.jpg!m_fill,w_280,h_210,f_jpg?from=ke.com
20240919,门头沟,冯村,101125265177,润西山苑精装四居室 户型方正 没有浪费必看好房,846万,39855元/平,顶层 (共10层) | 2014年 | 4室2厅 | 212.27平米 | 南 北,https://ke-image.ljcdn.com/110000-inspection/pc1_vEs6KSD9y.jpg!m_fill,w_280,h_210,f_jpg?from=ke.com
20240919,门头沟,冯村,101126606285,润西山苑精装四居室 南北通透 户型方正新上,658万,39725元/平,低楼层 (共10层) | 2014年 | 4室2厅 | 165.64平米 | 南 北,https://ke-image.ljcdn.com/110000-inspection/pc1_hewX5AlnR.jpg!m_fill,w_280,h_210,f_jpg?from=ke.com
20240919,门头沟,冯村,101126560713,四季怡园南区 2室1厅 东 南 北新上,225万,32020元/平,底层 (共20层) 2室1厅 | 70.27平米 | 东 南 北,https://ke-image.ljcdn.com/110000-inspection/73a704f0-a87f-4a8f-86d1-afaac2a38cfb_1000.jpg!m_fill,w_280,h_210,f_jpg?from=ke.com
20240919,门头沟,冯村,101126490782,四季怡园北区  高楼层 采光好 视野好,286万,32694元/平,高楼层 (共20层) | 2018年 | 3室1厅 | 87.48平米 | 南 西,https://ke-image.ljcdn.com/110000-inspection/pc1_LqW1ILwDH_1.jpg!m_fill,w_280,h_210,f_jpg?from=ke.com
20240919,门头沟,冯村,101126473357,南北通透 精装修 明厨明卫 大三居,445万,34864元/平,高楼层 (共6层) 3室1厅 | 127.64平米 | 南 北,https://ke-image.ljcdn.com/110000-inspection/pc1_xjZEyh3ge.jpg!m_fill,w_280,h_210,f_jpg?from=ke.com
20240919,门头沟,冯村,101126447467,四季怡园北区 2室2厅 东南,238万,34044元/平,底层 (共20层) 2室2厅 | 69.91平米 | 东南,https://ke-image.ljcdn.com/110000-inspection/pc1_DmTar4rwY_1.jpg!m_fill,w_280,h_210,f_jpg?from=ke.com
20240919,门头沟,冯村,101126447034,信园 南北通透 次高层  两居室 满五唯一房主自荐,219万,30392元/平,高楼层 (共6层) 2室1厅 | 72.06平米 | 南 北,https://ke-image.ljcdn.com/110000-inspection/pc1_nhovmX5Mv_1.jpg!m_fill,w_280,h_210,f_jpg?from=ke.com
20240919,门头沟,冯村,101126445586,满五唯一 卧室客厅朝南  采光 满足三代人居住需求,318万,36265元/平,高楼层 (共20层) 3室1厅 | 87.69平米 | 南,https://ke-image.ljcdn.com/110000-inspection/139bfbc4-ecaf-403a-8a8d-20b85b595419_1000.jpg!m_fill,w_280,h_210,f_jpg?from=ke.com
20240919,门头沟,冯村,101126438923,丽景长安二期 3室2厅 南 北,580万,42305元/平,低楼层 (共25层) | 2016年 | 3室2厅 | 137.1平米 | 南 北,https://ke-image.ljcdn.com/110000-inspection/25b649ef-cf5a-4712-8c77-de4b44471f87_1000.jpg!m_fill,w_280,h_210,f_jpg?from=ke.com
20240919,门头沟,冯村,101126419871,南北通透 明厨明卫 高楼层 双卫 精装 大三居,499万,29632元/平,中楼层 (共6层) 3室2厅 | 168.4平米 | 南 北,https://ke-image.ljcdn.com/110000-inspection/cdb740d8-d51e-4764-aa52-8a4e85c7d7c5_1000.jpg!m_fill,w_280,h_210,f_jpg?from=ke.com
20240919,门头沟,冯村,101126404627,上悦嘉园精装南北通透两居少有户型 安静有花园,268万,36538元/平,底层 (共21层) 2室1厅 | 73.35平米 | 南 北,https://ke-image.ljcdn.com/110000-inspection/pc1_AdiyRpmqH_1.jpg!m_fill,w_280,h_210,f_jpg?from=ke.com
20240919,门头沟,冯村,101126386156,丽景 洋房 纯南 精装修 两居室,355万,42730元/平,低楼层 (共9层) 2室1厅 | 83.08平米 | 南,https://ke-image.ljcdn.com/110000-inspection/pc1_i7QlXM93Q_1.jpg!m_fill,w_280,h_210,f_jpg?from=ke.com
20240919,门头沟,冯村,101126367795,北京城建上悦居东区次次顶层三居室现状佳,320万,36364元/平,高楼层 (共21层) 3室2厅 | 88平米 | 南 北,https://ke-image.ljcdn.com/110000-inspection/pc1_GDV0tjuCG_1.jpg!m_fill,w_280,h_210,f_jpg?from=ke.com
20240919,门头沟,冯村,101126350711,城建开发物业服务好两梯两户房龄新小区安静,536万,45263元/平,中楼层 (共18层) | 2018年 | 3室1厅 | 118.42平米 | 南 北,https://ke-image.ljcdn.com/110000-inspection/cc4b76a9-e189-40e5-a2e4-7cdbfd440382_1000.jpg!m_fill,w_280,h_210,f_jpg?from=ke.com
20240919,门头沟,冯村,101126338813,丽景长安二期二次装修四居现状好花园式小区环境好,646万,42523元/平,低楼层 (共18层) | 2016年 | 4室2厅 | 151.92平米 | 南 北,https://ke-image.ljcdn.com/110000-inspection/9c17e178-3e04-466d-8d2e-e2633449497f_1000.jpg!m_fill,w_280,h_210,f_jpg?from=ke.com
20240919,门头沟,冯村,101126256647,丽景长安二期 精装 南北通透 视野开阔,300万,33234元/平,高楼层 (共27层) | 2015年 | 2室1厅 | 90.27平米 | 南 北,https://ke-image.ljcdn.com/110000-inspection/pc1_CpKG8ycRV.jpg!m_fill,w_280,h_210,f_jpg?from=ke.com
20240919,门头沟,冯村,101126254522,高楼层 看花园 自住装修标准 诚心出售,248万,33482元/平,高楼层 (共21层) 2室1厅 | 74.07平米 | 南,https://ke-image.ljcdn.com/110000-inspection/1a2e41fb-658b-49ef-835b-060d5bfc5b7a_1000.jpg!m_fill,w_280,h_210,f_jpg?from=ke.com
20240919,门头沟,冯村,101126204193,四季怡园北区满五唯一有钥匙看房随时价格可聊诚心出售,359万,40392元/平,高楼层 (共20层) | 2018年 | 3室1厅 | 88.88平米 | 南 北,https://ke-image.ljcdn.com/110000-inspection/d26f6ad3-997f-46ad-84b6-10cbe52fc263_1000.jpg!m_fill,w_280,h_210,f_jpg?from=ke.com
20240919,门头沟,冯村,101126175299,北京城建上悦居东区三居室西边户满五唯一,329万,37298元/平,中楼层 (共21层) | 2018年 | 3室1厅 | 88.21平米 | 南 西 北,https://ke-image.ljcdn.com/110000-inspection/pc1_pSrvgbOoa_1.jpg!m_fill,w_280,h_210,f_jpg?from=ke.com
20240919,门头沟,冯村,101126157070,四季怡园北区 3室1厅 南,318万,36265元/平,低楼层 (共20层) 3室1厅 | 87.69平米 | 南,https://ke-image.ljcdn.com/110000-inspection/pc1_R2w40DL8u_1.jpg!m_fill,w_280,h_210,f_jpg?from=ke.com
20240919,门头沟,冯村,101126153413,北京城建·龙樾西山 4室1厅 南 北,575万,42675元/平,高楼层 (共18层) 4室1厅 | 134.74平米 | 南 北,https://ke-image.ljcdn.com/110000-inspection/pc1_mRWrqYNk5_1.jpg!m_fill,w_280,h_210,f_jpg?from=ke.com
20240919,门头沟,冯村,101126147755,四季怡园北区中楼层两居室诚意出售,245万,35051元/平,中楼层 (共20层) | 2018年 | 2室1厅 | 69.9平米 | 南 西 北,https://ke-image.ljcdn.com/110000-inspection/pc1_dvnlGxQzs_1.jpg!m_fill,w_280,h_210,f_jpg?from=ke.com
20240919,门头沟,冯村,101126112092,欣六园 带电梯 楼龄新 南北通透,228万,24943元/平,中楼层 (共11层) | 2012年 | 2室1厅 | 91.41平米 | 南 北,https://ke-image.ljcdn.com/110000-inspection/50606418-4300-4e52-9b73-becf34c6a922_1000.jpg!m_fill,w_280,h_210,f_jpg?from=ke.com
20240919,门头沟,冯村,101126106527,北京城建上悦居东区 3室1厅 南 北,315万,35796元/平,高楼层 (共21层) 3室1厅 | 88平米 | 南 北,https://ke-image.ljcdn.com/110000-inspection/pc1_FM2hBdSRS_1.jpg!m_fill,w_280,h_210,f_jpg?from=ke.com
20240919,门头沟,冯村,101126098129,丽景长安南向两居室户型方正没有浪费。,309万,34802元/平,中楼层 (共26层) | 2014年 | 2室1厅 | 88.79平米 | 南,https://ke-image.ljcdn.com/110000-inspection/pc1_ISzNxMHhz.jpg!m_fill,w_280,h_210,f_jpg?from=ke.com
20240919,门头沟,冯村,101126072201,保利四季怡园北区南北通透满五唯一高楼层视野好三居室,325万,36472元/平,高楼层 (共20层) 3室1厅 | 89.11平米 | 南 北,https://ke-image.ljcdn.com/110000-inspection/pc1_FutQP53XK_1.jpg!m_fill,w_280,h_210,f_jpg?from=ke.com
20240919,门头沟,冯村,101126068160,四季怡园北区精装两居室东边户中高楼层采光好,256万,36819元/平,中楼层 (共20层) | 2018年 | 2室1厅 | 69.53平米 | 东 南 北,https://ke-image.ljcdn.com/110000-inspection/pc1_QRR84hxSV_1.jpg!m_fill,w_280,h_210,f_jpg?from=ke.com
20240919,门头沟,冯村,101126047005,北京城建·龙樾西山 4室2厅 南 北,620万,46015元/平,中楼层 (共18层) 4室2厅 | 134.74平米 | 南 北,https://ke-image.ljcdn.com/110000-inspection/pc1_hH5DSenYy_1.jpg!m_fill,w_280,h_210,f_jpg?from=ke.com
20240919,门头沟,冯村,101126039988,丽景长安南北精装两居首付六拾万拎包入住,279万,30908元/平,顶层 (共27层) | 2015年 | 2室1厅 | 90.27平米 | 南 北,https://ke-image.ljcdn.com/110000-inspection/pc1_wvADYJ666.jpg!m_fill,w_280,h_210,f_jpg?from=ke.com
20240919,门头沟,冯村,101126034801,四季怡园北区 高楼层 大客厅 干湿分离 精装修房主自荐,251万,35909元/平,高楼层 (共20层) | 2018年 | 2室1厅 | 69.9平米 | 南 西 北,https://ke-image.ljcdn.com/110000-inspection/721d422c-2aed-4f1e-8b22-c88c1162ded8_1000.jpg!m_fill,w_280,h_210,f_jpg?from=ke.com
20240919,门头沟,冯村,101126026985,四季怡园北区 3室1厅 南 西,259万,29764元/平,底层 (共20层) 3室1厅 | 87.02平米 | 南 西,https://ke-image.ljcdn.com/110000-inspection/dd33ca16-31fc-41c4-839e-f841e3753fe7_1000.jpg!m_fill,w_280,h_210,f_jpg?from=ke.com
20240919,门头沟,冯村,101126011474,四季怡园北区 3室1厅 南 北,328万,36809元/平,低楼层 (共20层) 3室1厅 | 89.11平米 | 南 北,https://ke-image.ljcdn.com/110000-inspection/pc1_6lRpJEyky_1.jpg!m_fill,w_280,h_210,f_jpg?from=ke.com
20240919,门头沟,冯村,101125975307,北京城建上悦居 2室1厅 南,249万,33617元/平,高楼层 (共21层) 2室1厅 | 74.07平米 | 南,https://ke-image.ljcdn.com/110000-inspection/pc1_6b79WWYpD_1.jpg!m_fill,w_280,h_210,f_jpg?from=ke.com
20240919,门头沟,冯村,101125865113,润西山苑 业主急售价格可聊精装修,688万,41687元/平,低楼层 (共10层) | 2014年 | 4室2厅 | 165.04平米 | 南 北,https://ke-image.ljcdn.com/110000-inspection/pc1_vgTRNMhri_1.jpg!m_fill,w_280,h_210,f_jpg?from=ke.com
20240919,门头沟,冯村,101125845431,四季怡园北区 3室1厅 南 西,310万,35352元/平,中楼层 (共20层) 3室1厅 | 87.69平米 | 南 西,https://ke-image.ljcdn.com/110000-inspection/pc1_lzoO270xR.jpg!m_fill,w_280,h_210,f_jpg?from=ke.com
20240919,门头沟,冯村,101125837311,四季怡园北区精装修三居室看房方便诚心出售价格可聊,298万,34073元/平,低楼层 (共20层) | 2018年 | 3室1厅 | 87.46平米 | 东南,https://ke-image.ljcdn.com/110000-inspection/24ce25a3-c726-440d-aa1c-e7b36a873527_1000.jpg!m_fill,w_280,h_210,f_jpg?from=ke.com
20240919,门头沟,冯村,101125835236,北京城建上悦居东区两居室 精装修婚房有钥匙随时看,285万,37115元/平,低楼层 (共21层) 2室1厅 | 76.79平米 | 南,https://ke-image.ljcdn.com/110000-inspection/pc1_W7xkd1ASc_1.jpg!m_fill,w_280,h_210,f_jpg?from=ke.com
20240919,门头沟,冯村,101125802733,北京城建上悦居精装南向两居现状好、配套齐全,237万,31997元/平,底层 (共21层) 2室1厅 | 74.07平米 | 南,https://ke-image.ljcdn.com/110000-inspection/c6920cb9-0745-40fe-b581-f2c35e6ff323_1000.jpg!m_fill,w_280,h_210,f_jpg?from=ke.com
20240919,门头沟,冯村,101125785325,和苑精装两居室业主诚意出售。,297万,33405元/平,低楼层 (共28层) | 2012年 | 2室1厅 | 88.91平米 | 南 北,https://ke-image.ljcdn.com/110000-inspection/pc1_6Nr0gpT3c_1.jpg!m_fill,w_280,h_210,f_jpg?from=ke.com
20240919,门头沟,冯村,101125760889,城建上悦居东户采光好装修标准高40万精装修房主自荐,319万,35508元/平,高楼层 (共21层) 3室2厅 | 89.84平米 | 南 北,https://ke-image.ljcdn.com/110000-inspection/pc1_Gzgm1X8Si_1.jpg!m_fill,w_280,h_210,f_jpg?from=ke.com
20240919,门头沟,冯村,101125745356,四季怡园北区 3室1厅 南,300万,34475元/平,高楼层 (共20层) 3室1厅 | 87.02平米 | 南,https://ke-image.ljcdn.com/110000-inspection/8f59f0ef-7289-448a-8581-0fedcba7b230_1000.jpg!m_fill,w_280,h_210,f_jpg?from=ke.com
20240919,门头沟,冯村,101125739559,四季怡园北区精装修南北通透三居室两个卧室都在十平米,336万,37521元/平,低楼层 (共20层) 3室2厅 | 89.55平米 | 东 南 北,https://ke-image.ljcdn.com/110000-inspection/pc1_jOAh2scO5_1.jpg!m_fill,w_280,h_210,f_jpg?from=ke.com
20240919,门头沟,冯村,101125688807,城建上悦居 房子满五唯一卫生间带窗户南北双通透,300万,33468元/平,底层 (共21层) 3室1厅 | 89.64平米 | 南 北,https://ke-image.ljcdn.com/110000-inspection/pc1_CTSHLn72q_1.jpg!m_fill,w_280,h_210,f_jpg?from=ke.com
20240919,门头沟,冯村,101125631990,丽景长安中间楼座高楼层正向两居产权清晰诚意出售,330万,37150元/平,高楼层 (共26层) | 2014年 | 2室1厅 | 88.83平米 | 南,https://ke-image.ljcdn.com/110000-inspection/pc1_rVajtRJUJ_1.jpg!m_fill,w_280,h_210,f_jpg?from=ke.com
20240919,门头沟,冯村,101125608835,四季怡园北区三居室南北通透中高楼层采光好,329万,37017元/平,中楼层 (共20层) | 2018年 | 3室1厅 | 88.88平米 | 南 北,https://ke-image.ljcdn.com/110000-inspection/pc1_O7oycnWuk_1.jpg!m_fill,w_280,h_210,f_jpg?from=ke.com
20240919,门头沟,冯村,101125548408,丽景长安一期精装修两居室户型方正没有浪费,312万,35159元/平,中楼层 (共26层) | 2014年 | 2室1厅 | 88.74平米 | 南,https://ke-image.ljcdn.com/110000-inspection/430e4f11-ad13-43a7-883f-ed80c1a12975_1000.jpg!m_fill,w_280,h_210,f_jpg?from=ke.com
20240919,门头沟,冯村,101125491318,润景公馆 2室1厅 东 西 北,399万,39861元/平,低楼层 (共20层) 2室1厅 | 100.1平米 | 东 西 北,https://ke-image.ljcdn.com/110000-inspection/pc1_Rrd0ceeNB.jpg!m_fill,w_280,h_210,f_jpg?from=ke.com
20240919,门头沟,冯村,101125471232,丽景二期 精装拎包入住 高层视野风景好,350万,38773元/平,顶层 (共27层) | 2015年 | 2室1厅 | 90.27平米 | 南 北,https://ke-image.ljcdn.com/110000-inspection/pc1_jZaQn1CvB_1.jpg!m_fill,w_280,h_210,f_jpg?from=ke.com
20240919,门头沟,冯村,101125441332,欣六园 2室1厅 南 北,223万,24995元/平,中楼层 (共5层) | 2012年 | 2室1厅 | 89.22平米 | 南 北,https://ke-image.ljcdn.com/110000-inspection/pc1_N7xpobS6N.jpg!m_fill,w_280,h_210,f_jpg?from=ke.com
20240919,门头沟,冯村,101125420073,北京城建·西山南北三室两卫双明卫有飘窗房主自荐,518万,43501元/平,低楼层 (共18层) | 2018年 | 3室1厅 | 119.08平米 | 南 北,https://ke-image.ljcdn.com/110000-inspection/pc1_bLWB3VjII_1.jpg!m_fill,w_280,h_210,f_jpg?from=ke.com
20240919,门头沟,冯村,101125418329,丽景长安二期 3室2厅 南 北房主自荐,539万,39318元/平,高楼层 (共25层) | 2016年 | 3室2厅 | 137.09平米 | 南 北,https://ke-image.ljcdn.com/110000-inspection/01c1dcc0-f9f2-4b55-9485-50d058e2819d_1000.jpg!m_fill,w_280,h_210,f_jpg?from=ke.com
20240919,门头沟,冯村,101125389223,北京城建上悦居东区优质三居室通透户型,320万,36364元/平,中楼层 (共21层) 3室1厅 | 88平米 | 南 北,https://ke-image.ljcdn.com/110000-inspection/da52f5f8-55a7-44f5-8bd4-03064e7f0e05_1000.jpg!m_fill,w_280,h_210,f_jpg?from=ke.com
20240919,门头沟,冯村,101125367422,何各庄西街2号院中间楼层两居室,235万,31727元/平,中楼层 (共21层) 2室1厅 | 74.07平米 | 南,https://ke-image.ljcdn.com/110000-inspection/pc1_PQBl4OUpy_1.jpg!m_fill,w_280,h_210,f_jpg?from=ke.com
20240919,门头沟,冯村,101125324112,北京城建上悦居南北通透三居 2018年建成 有电梯,320万,35619元/平,低楼层 (共21层) 3室1厅 | 89.84平米 | 南 北,https://ke-image.ljcdn.com/110000-inspection/pc1_Ji9l80FXl_1.jpg!m_fill,w_280,h_210,f_jpg?from=ke.com
20240919,门头沟,冯村,101125268384,北京城建上悦居南北通透三居室。,330万,36732元/平,低楼层 (共21层) 3室1厅 | 89.84平米 | 南 北,https://ke-image.ljcdn.com/110000-inspection/pc1_a2C1bAVZY_1.jpg!m_fill,w_280,h_210,f_jpg?from=ke.com
20240919,门头沟,冯村,101125267582,四季怡园北区南北通透三居室户型优质,298万,33529元/平,底层 (共25层) | 2018年 | 3室1厅 | 88.88平米 | 南 北,https://ke-image.ljcdn.com/110000-inspection/pc1_E60NLacWc_1.jpg!m_fill,w_280,h_210,f_jpg?from=ke.com
20240919,门头沟,冯村,101125238886,上悦居满五唯一商品房 精装修现状好,298万,33171元/平,底层 (共21层) | 2018年 | 3室1厅 | 89.84平米 | 南 北,https://ke-image.ljcdn.com/110000-inspection/pc1_GHuXJlh2q_1.jpg!m_fill,w_280,h_210,f_jpg?from=ke.com
20240919,门头沟,冯村,101125237929,和苑 正南一居室 双飘窗 南向阳台,268万,34729元/平,中楼层 (共28层) | 2012年 | 1室1厅 | 77.17平米 | 南,https://ke-image.ljcdn.com/110000-inspection/1b49ed14-5717-4db5-a6a6-d050b4ff1e2d_1000.jpg!m_fill,w_280,h_210,f_jpg?from=ke.com
20240919,门头沟,冯村,101125225782,丽景长安二期 3室1厅 南 北,577万,42142元/平,低楼层 (共27层) 3室1厅 | 136.92平米 | 南 北,https://ke-image.ljcdn.com/110000-inspection/pc1_miULSyA7O_1.jpg!m_fill,w_280,h_210,f_jpg?from=ke.com
20240919,门头沟,冯村,101125166769,四季怡园北区高楼层满五唯一看房方便,260万,37394元/平,高楼层 (共20层) | 2018年 | 2室1厅 | 69.53平米 | 东 南 北,https://ke-image.ljcdn.com/110000-inspection/bf65c43e-fd34-4a44-945b-4392ca3245a1_1000.jpg!m_fill,w_280,h_210,f_jpg?from=ke.com
20240919,门头沟,冯村,101125152987,丽景长安二期高楼层无遮挡南北通透精装三居,630万,46013元/平,高楼层 (共27层) 3室2厅 | 136.92平米 | 南 北,https://ke-image.ljcdn.com/110000-inspection/pc1_5gyQbKoT1.jpg!m_fill,w_280,h_210,f_jpg?from=ke.com
20240919,门头沟,冯村,101125141413,四季怡园北区满五年中楼层视野开阔,290万,33159元/平,中楼层 (共20层) | 2018年 | 3室1厅 | 87.46平米 | 南 西,https://ke-image.ljcdn.com/110000-inspection/pc1_7QWEEITDj.jpg!m_fill,w_280,h_210,f_jpg?from=ke.com
20240919,门头沟,冯村,101125126901,四季怡园北区满五唯一中间楼层视野开阔看房方便,290万,33334元/平,中楼层 (共20层) | 2018年 | 3室1厅 | 87平米 | 东 南,https://ke-image.ljcdn.com/110000-inspection/pc1_e0tSBOVHA.jpg!m_fill,w_280,h_210,f_jpg?from=ke.com
20240919,门头沟,冯村,101125098457,永定新城12年电梯中间层南北两居好房,218万,23849元/平,低楼层 (共11层) | 2012年 | 2室1厅 | 91.41平米 | 南 北,https://ke-image.ljcdn.com/110000-inspection/pc1_kbnILhjK5.jpg!m_fill,w_280,h_210,f_jpg?from=ke.com
20240919,门头沟,冯村,101125066713,丽景一期 满五唯一 精装拎包入住看房方便业主痛快,510万,39879元/平,低楼层 (共11层) 3室2厅 | 127.89平米 | 南 北,https://ke-image.ljcdn.com/110000-inspection/a7236bfd-2194-468e-a8f9-f1e9ceb86608_1000.jpg!m_fill,w_280,h_210,f_jpg?from=ke.com
20240919,门头沟,冯村,101125065229,丽景长安一期 小区中间楼栋 中楼层 户型方正,530万,42602元/平,中楼层 (共11层) 3室2厅 | 124.41平米 | 南 北,https://ke-image.ljcdn.com/110000-inspection/95ee584d-2d7d-4278-9d1e-a7064ec26e5f_1000.jpg!m_fill,w_280,h_210,f_jpg?from=ke.com
20240919,门头沟,冯村,101125029475,丽景长安二期 4室1厅 南 北,770万,40376元/平,高楼层 (共23层) | 2016年 | 4室1厅 | 190.71平米 | 南 北,https://ke-image.ljcdn.com/110000-inspection/475d310b-4c10-4f8c-bb35-2ba0ce5f4d4c_1000.jpg!m_fill,w_280,h_210,f_jpg?from=ke.com
20240919,门头沟,冯村,101125000806,丽景长安二期 楼层位置好 采光视野无遮挡 看水系,279万,32069元/平,中楼层 (共27层) | 2015年 | 2室1厅 | 87平米 | 南,https://ke-image.ljcdn.com/110000-inspection/pc1_LJefULSCJ.jpg!m_fill,w_280,h_210,f_jpg?from=ke.com
20240919,门头沟,冯村,101125000412,丽景长安二期 正中间位置 可看水系 看山 采光好,750万,41533元/平,中楼层 (共18层) 4室2厅 | 180.58平米 | 南 北,https://ke-image.ljcdn.com/110000-inspection/c16d79e9-78b4-4775-bdd8-c51ca8400861_1000.jpg!m_fill,w_280,h_210,f_jpg?from=ke.com
20240919,门头沟,冯村,101124944105,欣六园电梯中间层采光充足视野开阔南北通透舒适大两居,229万,25052元/平,中楼层 (共11层) | 2012年 | 2室1厅 | 91.41平米 | 南 北,https://ke-image.ljcdn.com/110000-inspection/pc1_GNCfA5La9_1.jpg!m_fill,w_280,h_210,f_jpg?from=ke.com
20240919,门头沟,冯村,101124895518,丽景长安二期高楼层南向精装两居室,338万,39593元/平,高楼层 (共27层) | 2015年 | 2室1厅 | 85.37平米 | 南,https://ke-image.ljcdn.com/110000-inspection/pc1_nLNoiia2Z.jpg!m_fill,w_280,h_210,f_jpg?from=ke.com
20240919,门头沟,冯村,101124834230,丽景长安二期 好的位置 现状好 采光好 产权清晰,750万,48444元/平,低楼层 (共24层) 4室2厅 | 154.82平米 | 北 南,https://ke-image.ljcdn.com/110000-inspection/pc1_y82e8jgRN.jpg!m_fill,w_280,h_210,f_jpg?from=ke.com
20240919,门头沟,冯村,101124834101,信园 满五唯一高楼层 西南北三面采光三居室房主自荐,239万,24655元/平,顶层 (共6层) 3室1厅 | 96.94平米 | 南 西 北,https://ke-image.ljcdn.com/110000-inspection/89fa875a-7ea5-45a6-b7c1-0bec10324978_1000.jpg!m_fill,w_280,h_210,f_jpg?from=ke.com
20240919,门头沟,冯村,101124791212,丽景二期中间楼座四居室不临街高楼层采光视野棒棒的,650万,42143元/平,高楼层 (共24层) | 2016年 | 4室2厅 | 154.24平米 | 南 北,https://ke-image.ljcdn.com/110000-inspection/pc1_ZeEoCrGqh.jpg!m_fill,w_280,h_210,f_jpg?from=ke.com
20240919,门头沟,冯村,101124720074,丽景长安二期 精装修 南向两居室房主自荐,296万,34023元/平,高楼层 (共27层) | 2015年 | 2室1厅 | 87平米 | 南,https://ke-image.ljcdn.com/110000-inspection/7869dba6-b642-4aef-bd8b-68e776d28023_1000.jpg!m_fill,w_280,h_210,f_jpg?from=ke.com
20240919,门头沟,冯村,101124707742,上悦居东区 满五唯一 精装南北通透三居 采光视野好房主自荐,339万,38523元/平,低楼层 (共21层) 3室1厅 | 88平米 | 南 北,https://ke-image.ljcdn.com/110000-inspection/ff7fa0bd-6095-4640-9a75-f6440849684c_1000.jpg!m_fill,w_280,h_210,f_jpg?from=ke.com
20240919,门头沟,冯村,101124705155,西长安街沿线北200米上岸站板楼低楼层通透三居,345万,38695元/平,底层 (共6层) | 2002年 | 3室1厅 | 89.16平米 | 南 北,https://ke-image.ljcdn.com/110000-inspection/pc1_7e8nR1uUH.jpg!m_fill,w_280,h_210,f_jpg?from=ke.com
20240919,门头沟,冯村,101124513919,宜居小区房龄新 电梯高层观风景,285万,32759元/平,顶层 (共27层) | 2015年 | 2室1厅 | 87平米 | 南,https://ke-image.ljcdn.com/110000-inspection/pc1_g7O3lxh8C.jpg!m_fill,w_280,h_210,f_jpg?from=ke.com
20240919,门头沟,冯村,101124503802,四季怡园南区 3室1厅 南,289万,32619元/平,低楼层 (共20层) 3室1厅 | 88.6平米 | 南,https://ke-image.ljcdn.com/110000-inspection/pc1_qrlWlA3Xs.jpg!m_fill,w_280,h_210,f_jpg?from=ke.com
20240919,门头沟,冯村,101124493232,四季怡园北区南北通透三居室诚意出售房主自荐,346万,39136元/平,高楼层 (共20层) | 2018年 | 3室1厅 | 88.41平米 | 南 北,https://ke-image.ljcdn.com/110000-inspection/pc1_CydCyXbWQ_1.jpg!m_fill,w_280,h_210,f_jpg?from=ke.com
20240919,门头沟,冯村,101124425232,嘉园二区 满五唯一 简装177平双明卫大三居,550万,31069元/平,顶层 (共6层) | 2003年 | 3室1厅 | 177.03平米 | 南 北 西,https://ke-image.ljcdn.com/110000-inspection/eef96b0d-7c7e-42e1-a66c-6ce442e32648_1000.jpg!m_fill,w_280,h_210,f_jpg?from=ke.com
20240919,门头沟,冯村,101124365859,润西山苑 满五唯一高楼层 无遮挡 精装四居,720万,43405元/平,高楼层 (共10层) 4室2厅 | 165.88平米 | 南 北,https://ke-image.ljcdn.com/110000-inspection/pc1_Kwmyb5jLQ_1.jpg!m_fill,w_280,h_210,f_jpg?from=ke.com
20240919,门头沟,冯村,101124301847,和苑 2014年建成 华润建设 管理 电梯高层,259万,33563元/平,高楼层 (共28层) | 2012年 | 1室1厅 | 77.17平米 | 南,https://ke-image.ljcdn.com/110000-inspection/pc1_SCxaFIBwX.jpg!m_fill,w_280,h_210,f_jpg?from=ke.com
20240919,门头沟,冯村,101124269686,润西山 南北通透 低楼层 三居室,510万,39798元/平,低楼层 (共10层) | 2014年 | 3室2厅 | 128.15平米 | 南 北,https://ke-image.ljcdn.com/110000-inspection/pc1_22Gf3NOxf_1.jpg!m_fill,w_280,h_210,f_jpg?from=ke.com
20240919,门头沟,冯村,101124231497,丽景长安 4室1厅 南 北,570万,39441元/平,顶层 (共11层) 4室1厅 | 144.52平米 | 南 北,https://ke-image.ljcdn.com/110000-inspection/e1512dd1-68d2-4394-85ce-669909b73cbc_1000.jpg!m_fill,w_280,h_210,f_jpg?from=ke.com
20240919,门头沟,冯村,101124231033,润西山苑 中间位置 南北通透 电梯3居室,509万,38864元/平,低楼层 (共10层) | 2014年 | 3室2厅 | 130.97平米 | 南 北,https://ke-image.ljcdn.com/110000-inspection/475b1330-bde1-4396-931c-621c8ded9cc3_1000.jpg!m_fill,w_280,h_210,f_jpg?from=ke.com
20240919,门头沟,冯村,101124211091,冯村信园南北通透两居室 满五唯一,268万,33597元/平,中楼层 (共6层) 2室1厅 | 79.77平米 | 南 北,https://ke-image.ljcdn.com/110000-inspection/24e59932-78b1-477f-b703-fe25885970c6_1000.jpg!m_fill,w_280,h_210,f_jpg?from=ke.com
20240919,门头沟,冯村,101124134535,四季怡园北区 3室1厅 南 西,308万,35124元/平,高楼层 (共20层) 3室1厅 | 87.69平米 | 南 西,https://ke-image.ljcdn.com/110000-inspection/4771ac00-5b0b-4600-b7b3-0ff7f582eee4_1000.jpg!m_fill,w_280,h_210,f_jpg?from=ke.com
20240919,门头沟,冯村,101124123614,北京城建·龙樾西山 3室2厅 南 北,620万,52357元/平,高楼层 (共18层) | 2018年 | 3室2厅 | 118.42平米 | 南 北,https://ke-image.ljcdn.com/110000-inspection/4cb68bb0-bfc0-4d14-b940-76f572eb0251_1000.jpg!m_fill,w_280,h_210,f_jpg?from=ke.com
20240919,门头沟,冯村,101124118440,北京城建上悦居东区南北通透3居室户型精装修采光好,339万,38432元/平,中楼层 (共21层) 3室1厅 | 88.21平米 | 南 北,https://ke-image.ljcdn.com/110000-inspection/fe86b885-77d3-4fd4-9d8b-1b1fd64e9b2a_1000.jpg!m_fill,w_280,h_210,f_jpg?from=ke.com
20240919,门头沟,冯村,101123992921,丽景长安二期南向两室正对小区花园水系看房有钥匙,315万,36207元/平,中楼层 (共27层) | 2015年 | 2室1厅 | 87平米 | 南,https://ke-image.ljcdn.com/110000-inspection/10bd8b06-e388-4df9-aa69-63e9a98dc8a8_1000.jpg!m_fill,w_280,h_210,f_jpg?from=ke.com
20240919,门头沟,冯村,101123947781,四季怡园北区 3室1厅 南 北,350万,39589元/平,低楼层 (共20层) | 2018年 | 3室1厅 | 88.41平米 | 南 北,https://ke-image.ljcdn.com/110000-inspection/70cc355e-0476-4b81-93b5-cb163781faa6_1000.jpg!m_fill,w_280,h_210,f_jpg?from=ke.com
20240919,门头沟,冯村,101123934732,冯村信园精装修两居室  满五唯一 南北通透,246万,34158元/平,中楼层 (共6层) | 1997年 | 2室1厅 | 72.02平米 | 南 北,https://ke-image.ljcdn.com/110000-inspection/pc1_1Oyua0gnG.jpg!m_fill,w_280,h_210,f_jpg?from=ke.com
20240919,门头沟,冯村,101123909896,丽景长安卫生间带窗户的高楼层南北朝向二居 品质社区,360万,38590元/平,高楼层 (共23层) 2室2厅 | 93.29平米 | 南 北,https://ke-image.ljcdn.com/110000-inspection/pc1_fKfbmD01w.jpg!m_fill,w_280,h_210,f_jpg?from=ke.com
20240919,门头沟,冯村,101123844675,润西山苑 高楼层 东西通透 精装打两居房主自荐,370万,38607元/平,高楼层 (共10层) | 2014年 | 2室1厅 | 95.84平米 | 东 西,https://ke-image.ljcdn.com/110000-inspection/7e2dc2b6-02f1-46fc-97d7-98b69751bea0_1000.jpg!m_fill,w_280,h_210,f_jpg?from=ke.com
20240919,门头沟,冯村,101123838893,四季怡园北区西南朝向3居室精装修中高楼层,318万,36265元/平,中楼层 (共20层) 3室1厅 | 87.69平米 | 南,https://ke-image.ljcdn.com/110000-inspection/a03c0b90-f8a4-49f7-96c1-b7b35e323491_1000.jpg!m_fill,w_280,h_210,f_jpg?from=ke.com
20240919,门头沟,冯村,101123769534,北京城建上悦居东区 满五唯一 诚心出售,260万,33908元/平,底层 (共21层) 2室1厅 | 76.68平米 | 南,https://ke-image.ljcdn.com/110000-inspection/pc1_f5vOcPMnh.jpg!m_fill,w_280,h_210,f_jpg?from=ke.com
20240919,门头沟,冯村,101123768240,丽景长安二期中高层大四居南北通透明卫,760万,48963元/平,中楼层 (共27层) 4室2厅 | 155.22平米 | 南 北,https://ke-image.ljcdn.com/110000-inspection/9507606c-95e6-405b-bd45-299430a1747e_1000.jpg!m_fill,w_280,h_210,f_jpg?from=ke.com
20240919,门头沟,冯村,101123739840,保利开发 南北通透三居室 业主诚心出售 2018年的房子,320万,35767元/平,底层 (共20层) | 2018年 | 3室2厅 | 89.47平米 | 南 北,https://ke-image.ljcdn.com/110000-inspection/e30d5bc8-d4df-4af2-bf94-66044869abef_1000.jpg!m_fill,w_280,h_210,f_jpg?from=ke.com
20240919,门头沟,冯村,101123734276,润西山苑 精装交房 南北通透 电梯入户,520万,40578元/平,低楼层 (共10层) | 2014年 | 3室1厅 | 128.15平米 | 南 北,https://ke-image.ljcdn.com/110000-inspection/pc1_QLQTKHUcJ.jpg!m_fill,w_280,h_210,f_jpg?from=ke.com
20240919,门头沟,冯村,101123711528,丽景长安一期 南北通透两居室  高楼层  采光好,315万,33871元/平,中楼层 (共26层) | 2014年 | 2室1厅 | 93平米 | 南 北,https://ke-image.ljcdn.com/110000-inspection/a1743bd7-25c2-425c-b48c-11a2ced621a7_1000.jpg!m_fill,w_280,h_210,f_jpg?from=ke.com
20240919,门头沟,冯村,101123707196,丽景长安二期中间楼座南北通透大四居,750万,41690元/平,低楼层 (共18层) | 2016年 | 4室2厅 | 179.9平米 | 南 北,https://ke-image.ljcdn.com/110000-inspection/e2be814e-1f1b-413e-a111-858f8b24471f_1000.jpg!m_fill,w_280,h_210,f_jpg?from=ke.com
20240919,门头沟,冯村,101123618855,丽景长安二期 低楼层 满两年 诚心出售,619万,39949元/平,低楼层 (共23层) | 2016年 | 4室2厅 | 154.95平米 | 南 北,https://ke-image.ljcdn.com/110000-inspection/pc1_JnF0UoWWZ_1.jpg!m_fill,w_280,h_210,f_jpg?from=ke.com
20240919,门头沟,冯村,101123603766,丽景长安商品房高楼层房间明亮视野开阔,365万,41090元/平,高楼层 (共26层) 2室1厅 | 88.83平米 | 南,https://ke-image.ljcdn.com/110000-inspection/pc1_yWSBRzMcw.jpg!m_fill,w_280,h_210,f_jpg?from=ke.com
20240919,门头沟,冯村,101123536271,此房精装修满五唯一自如装修 全套家具,305万,34336元/平,顶层 (共26层) 2室1厅 | 88.83平米 | 南,https://ke-image.ljcdn.com/110000-inspection/pc1_HlG8Yya6r.jpg!m_fill,w_280,h_210,f_jpg?from=ke.com
20240919,门头沟,冯村,101123134399,四季怡园北区户型方正 三居室满五唯一,285万,32759元/平,顶层 (共20层) | 2018年 | 3室1厅 | 87平米 | 西南,https://ke-image.ljcdn.com/110000-inspection/bc56d8bc-89b4-44c3-9220-e1240a1a4600_1000.jpg!m_fill,w_280,h_210,f_jpg?from=ke.com
20240919,门头沟,冯村,101123048632,丽景长安二期 南北四居室 户型好 无遮挡,630万,41228元/平,低楼层 (共18层) | 2016年 | 4室2厅 | 152.81平米 | 北 南,https://ke-image.ljcdn.com/110000-inspection/6d868c8f-1c64-4a31-8c3b-e66c35c29951_1000.jpg!m_fill,w_280,h_210,f_jpg?from=ke.com
20240919,门头沟,冯村,101122990719,丽景长安高楼层现状好南北通透三居室 品质改善社区,585万,45818元/平,高楼层 (共11层) 3室2厅 | 127.68平米 | 南 北,https://ke-image.ljcdn.com/110000-inspection/7f90ca7c-6fea-442d-bbd7-84b14c0ff3d2_1000.jpg!m_fill,w_280,h_210,f_jpg?from=ke.com
20240919,门头沟,冯村,101122947922,冯村信园 低楼层 精装修 两居室房主自荐,248万,34431元/平,低楼层 (共6层) | 1997年 | 2室1厅 | 72.03平米 | 南 北,https://ke-image.ljcdn.com/110000-inspection/pc1_Pme9zLRUv_1.jpg!m_fill,w_280,h_210,f_jpg?from=ke.com
20240919,门头沟,冯村,101122787655,四季怡园北区南北通透三居室楼间距大,330万,37125元/平,低楼层 (共20层) 3室1厅 | 88.89平米 | 南 北,https://ke-image.ljcdn.com/110000-inspection/pc1_Gi0ARwxNu_1.jpg!m_fill,w_280,h_210,f_jpg?from=ke.com
20240919,门头沟,冯村,101122490800,长安街沿线冯村信园南北二居交通便利,215万,29845元/平,顶层 (共6层) 2室1厅 | 72.04平米 | 南 北,https://ke-image.ljcdn.com/110000-inspection/pc1_gTybJ7eNY.jpg!m_fill,w_280,h_210,f_jpg?from=ke.com
20240919,门头沟,冯村,101122430035,四季怡园南区 3室2厅 南 北房主自荐,320万,35827元/平,中楼层 (共20层) 3室2厅 | 89.32平米 | 南 北,https://ke-image.ljcdn.com/110000-inspection/pc1_Ta4qyW9op.jpg!m_fill,w_280,h_210,f_jpg?from=ke.com
20240919,门头沟,冯村,101122351596,丽景长安二期 3室1厅 南 西 北,330万,35901元/平,低楼层 (共27层) | 2015年 | 3室1厅 | 91.92平米 | 南 西 北,https://ke-image.ljcdn.com/110000-inspection/07c2b9bb-7503-4646-a756-f26656b56b9c_1000.jpg!m_fill,w_280,h_210,f_jpg?from=ke.com
20240919,门头沟,冯村,101122341633,北京城建开发 高楼层 精装眼镜户型三居室,600万,50668元/平,高楼层 (共18层) 3室2厅 | 118.42平米 | 南 北,https://ke-image.ljcdn.com/110000-inspection/pc1_Vc7Jiwv2d_1.jpg!m_fill,w_280,h_210,f_jpg?from=ke.com
20240919,门头沟,冯村,101122151490,丽景长安二期南北两居全明格局视野开阔,336万,37783元/平,高楼层 (共27层) | 2015年 | 2室1厅 | 88.93平米 | 南 北,https://ke-image.ljcdn.com/110000-inspection/pc1_qnzy4wmYx.jpg!m_fill,w_280,h_210,f_jpg?from=ke.com
20240919,门头沟,冯村,101121885416,丽景长安二期中间层一室一厅精装干净可随时入住,232万,37210元/平,低楼层 (共27层) | 2015年 | 1室1厅 | 62.35平米 | 西,https://ke-image.ljcdn.com/110000-inspection/pc1_1qJrHD8qc.jpg!m_fill,w_280,h_210,f_jpg?from=ke.com
20240919,门头沟,冯村,101119289911,丽景长安一期高楼层南北通透两居室满五唯一,360万,39084元/平,高楼层 (共23层) 2室1厅 | 92.11平米 | 南 北,https://ke-image.ljcdn.com/110000-inspection/2d906fe3-6ab3-424f-a65b-b77fbecb7681_1000.jpg!m_fill,w_280,h_210,f_jpg?from=ke.com
20240919,门头沟,冯村,101117933845,丽景长安二期精装修高楼层 四居,665万,42843元/平,高楼层 (共27层) | 2016年 | 4室2厅 | 155.22平米 | 南 北,https://ke-image.ljcdn.com/110000-inspection/pc1_12WTjo5zT.jpg!m_fill,w_280,h_210,f_jpg?from=ke.com
20240919,门头沟,冯村,101126623665,北京城建上悦居东区 2室1厅 南新上,275万,35812元/平,中楼层 (共21层) 2室1厅 | 76.79平米 | 南,https://ke-image.ljcdn.com/110000-inspection/53ee38ff-a553-4827-a352-6ff5e9ae9e67_1000.jpg!m_fill,w_280,h_210,f_jpg?from=ke.com
20240919,门头沟,冯村,101126586069,冯村嘉园二区 2室1厅 南 北新上,366万,35349元/平,中楼层 (共6层) | 2002年 | 2室1厅 | 103.54平米 | 南 北,https://ke-image.ljcdn.com/110000-inspection/fe38aa15-b522-4538-bf38-8989c1858624_1000.jpg!m_fill,w_280,h_210,f_jpg?from=ke.com
20240919,门头沟,冯村,101126508828,华润西山墅 4室3厅 南 北,1680万,41035元/平,底层 (共5层) 4室3厅 | 409.41平米 | 南 北,https://ke-image.ljcdn.com/110000-inspection/pc1_axOReJjat_1.jpg!m_fill,w_280,h_210,f_jpg?from=ke.com
20240919,门头沟,冯村,101126479894,南北通透精装四居楼层好视野开阔采光充足配,630万,40659元/平,中楼层 (共23层) | 2016年 | 4室2厅 | 154.95平米 | 南 北,https://ke-image.ljcdn.com/110000-inspection/1759c5c4-6f9c-4b3d-8c5d-cd44475ed0bf_1000.jpg!m_fill,w_280,h_210,f_jpg?from=ke.com
20240919,门头沟,冯村,101126467750,丽景长安二期高层大四居精装干净欢迎看房,830万,43522元/平,高楼层 (共23层) | 2016年 | 4室2厅 | 190.71平米 | 南 北,https://ke-image.ljcdn.com/110000-inspection/e12e7667-f1d6-4375-9ebf-da75e6c2b940_1000.jpg!m_fill,w_280,h_210,f_jpg?from=ke.com
20240919,门头沟,冯村,101126451295,丽景长安下跃中间位置全明格局业主诚信出售,890万,68950元/平,底层 (共11层) | 2013年 | 5室2厅 | 129.08平米 | 南 北,https://ke-image.ljcdn.com/110000-inspection/13132ce6-6cc4-4724-b144-9075d6d8d070_1000.jpg!m_fill,w_280,h_210,f_jpg?from=ke.com
20240919,门头沟,冯村,101126414265,四季怡园北区 带充电桩的车位 距离近 电梯直达地库,17万,6191元/平,地下室 1室0厅 | 27.46平米 | 东,https://ke-image.ljcdn.com/110000-inspection/pc1_zCBMOzkl9.jpg!m_fill,w_280,h_210,f_jpg?from=ke.com
20240919,门头沟,冯村,101126380818,润西山苑两居室 洋房社区 居住舒适,363万,37821元/平,中楼层 (共10层) 2室1厅 | 95.98平米 | 东 西,https://ke-image.ljcdn.com/110000-inspection/df4254cf-2765-4e57-adb5-5fcecc85c985_1000.jpg!m_fill,w_280,h_210,f_jpg?from=ke.com
20240919,门头沟,冯村,101126199042,南北通透楼层好  采光无遮挡配套设施齐全。,425万,38483元/平,中楼层 (共11层) 2室2厅 | 110.44平米 | 南 北,https://ke-image.ljcdn.com/110000-inspection/789242b8-3dbf-4973-9b70-47e237b197b4_1000.jpg!m_fill,w_280,h_210,f_jpg?from=ke.com
20240919,门头沟,冯村,101126197123,丽景长安  满五唯一 客厅直观首钢大桥 户型好,918万,39969元/平,高楼层 (共25层) 4室2厅 | 229.68平米 | 东 南 北,https://ke-image.ljcdn.com/110000-inspection/22183e53-956f-43d4-9943-e8a94484411e_1000.jpg!m_fill,w_280,h_210,f_jpg?from=ke.com
20240919,门头沟,冯村,101126189324,丽景长安 南北通透格局高楼层视野开阔,510万,39944元/平,高楼层 (共11层) 3室1厅 | 127.68平米 | 南 北,https://ke-image.ljcdn.com/110000-inspection/pc1_lBIjplbiE.jpg!m_fill,w_280,h_210,f_jpg?from=ke.com
20240919,门头沟,冯村,101126183985,丽景长安二期 4室2厅 南 北,699万,45033元/平,低楼层 (共27层) 4室2厅 | 155.22平米 | 南 北,https://ke-image.ljcdn.com/110000-inspection/39bf5c33-a792-4073-95fa-7b2090f8f6e1_1000.jpg!m_fill,w_280,h_210,f_jpg?from=ke.com
20240919,门头沟,冯村,101126153429,丽景长安二期 4室2厅 南 北,760万,42087元/平,中楼层 (共18层) 4室2厅 | 180.58平米 | 南 北,https://ke-image.ljcdn.com/110000-inspection/b76b5d33-3396-45c4-b8f1-f27bb03345bf_1000.jpg!m_fill,w_280,h_210,f_jpg?from=ke.com
20240919,门头沟,冯村,101126139580,华润西山墅 二期 下叠毛坯房 室内有电梯,1660万,48432元/平,底层 (共5层) 4室2厅 | 342.75平米 | 南 北,https://ke-image.ljcdn.com/110000-inspection/pc1_oWNTM7GfK_1.jpg!m_fill,w_280,h_210,f_jpg?from=ke.com
20240919,门头沟,冯村,101126031484,四季怡园北区高楼层视野采光无遮挡 看房方便有钥匙,239万,34104元/平,高楼层 (共20层) 2室1厅 | 70.08平米 | 南 西 北,https://ke-image.ljcdn.com/110000-inspection/pc1_jXBphBt3N_1.jpg!m_fill,w_280,h_210,f_jpg?from=ke.com
20240919,门头沟,冯村,101126017568,业主急售 近期出手 中间位置高楼层 采光视野好房主自荐,304万,33786元/平,高楼层 (共21层) 3室1厅 | 89.98平米 | 东 南 北,https://ke-image.ljcdn.com/110000-inspection/pc1_5KPDCDKYx_1.jpg!m_fill,w_280,h_210,f_jpg?from=ke.com
20240919,门头沟,冯村,101125982388,润西山苑 4室2厅 南 西 北,1068万,50935元/平,中楼层 (共10层) 4室2厅 | 209.68平米 | 南 西 北,https://ke-image.ljcdn.com/110000-inspection/pc1_D80xmSML4_1.jpg!m_fill,w_280,h_210,f_jpg?from=ke.com
20240919,门头沟,冯村,101125980614,润西山苑南北大两居1层出入方便,455万,40680元/平,底层 (共10层) | 2014年 | 2室1厅 | 111.85平米 | 南 北,https://ke-image.ljcdn.com/110000-inspection/pc1_HkyM7oKfy_1.jpg!m_fill,w_280,h_210,f_jpg?from=ke.com
20240919,门头沟,冯村,101125952506,四季怡园北区 3室1厅 南,275万,31443元/平,底层 (共20层) | 2018年 | 3室1厅 | 87.46平米 | 南,https://ke-image.ljcdn.com/110000-inspection/pc1_348EbDRj8.jpg!m_fill,w_280,h_210,f_jpg?from=ke.com
20240919,门头沟,冯村,101125947314,四季怡园北区 经典南北双通透三居室 看房方便,343万,38588元/平,高楼层 (共20层) | 2018年 | 3室1厅 | 88.89平米 | 南 北,https://ke-image.ljcdn.com/110000-inspection/6dd33037-7ed0-4770-91dd-39c31023e9b6_1000.jpg!m_fill,w_280,h_210,f_jpg?from=ke.com
20240919,门头沟,冯村,101125946529,冯村嘉园一区冯村嘉园 满五唯一大平层 精装修,499万,29752元/平,高楼层 (共6层) | 2002年 | 3室1厅 | 167.72平米 | 南 北,https://ke-image.ljcdn.com/110000-inspection/pc1_olQZcOYi0.jpg!m_fill,w_280,h_210,f_jpg?from=ke.com
20240919,门头沟,冯村,101125938893,四季怡园北区 车位,17万,6191元/平,地下室 1室0厅 | 27.46平米 | 南,https://ke-image.ljcdn.com/110000-inspection/pc1_ySVdDYS6Q.jpg!m_fill,w_280,h_210,f_jpg?from=ke.com
20240919,门头沟,冯村,101125906816,冯村信园小区 2室1厅 南 北,229万,31788元/平,中楼层 (共6层) | 1997年 | 2室1厅 | 72.04平米 | 南 北,https://ke-image.ljcdn.com/110000-inspection/18ae4365-3796-4781-85c5-0178e54c3a10_1000.jpg!m_fill,w_280,h_210,f_jpg?from=ke.com
20240919,门头沟,冯村,101125828292,冯村嘉园二期南北通透两居室 采光充足,279万,35770元/平,高楼层 (共6层) 2室1厅 | 78平米 | 南 北,https://ke-image.ljcdn.com/110000-inspection/913d1274-54db-4d64-bbd0-f640208b0ac1_1000.jpg!m_fill,w_280,h_210,f_jpg?from=ke.com
20240919,门头沟,冯村,101125799176,润西山苑润西山苑 精装下跃6室3厅4卫302平洋房房主自荐,1388万,45894元/平,底层 (共10层) 6室2厅 | 302.44平米 | 南 北,https://ke-image.ljcdn.com/110000-inspection/pc1_Z2vWulgJd_1.jpg!m_fill,w_280,h_210,f_jpg?from=ke.com
20240919,门头沟,冯村,101125793114,丽景长安二期 车位,15万,4691元/平,地下室 (共25层) | 2016年 | 1室0厅 | 31.98平米 | 南,https://ke-image.ljcdn.com/110000-inspection/pc1_XdSDPZREJ.jpg!m_fill,w_280,h_210,f_jpg?from=ke.com
20240919,门头沟,冯村,101125765272,丽景一期好位置车位侧向停车位还有个储物位置,18万,3885元/平,地下室 (共1层) | 2013年 | 1室0厅 | 46.34平米 | 北,https://ke-image.ljcdn.com/110000-inspection/pc1_BXhRgfzTP.jpg!m_fill,w_280,h_210,f_jpg?from=ke.com
20240919,门头沟,冯村,101125732857,华润西山墅 5室3厅 南 北,2230万,42404元/平,底层 (共3层) | 2013年 | 5室3厅 | 525.9平米 | 南 北,https://ke-image.ljcdn.com/110000-inspection/fc1ad315-e076-41b2-8fe5-2ae84828b24c_1000.jpg!m_fill,w_280,h_210,f_jpg?from=ke.com
20240919,门头沟,冯村,101125701513,丽景长安二期 2室1厅 南,327万,38458元/平,低楼层 (共27层) 2室1厅 | 85.03平米 | 南,https://ke-image.ljcdn.com/110000-inspection/pc1_MRM6Bsaal.jpg!m_fill,w_280,h_210,f_jpg?from=ke.com
20240919,门头沟,冯村,101125573899,西山墅洋房南北通透双卫生间精装修中央空调,799万,50300元/平,低楼层 (共6层) | 2020年 | 4室1厅 | 158.85平米 | 南 北,https://ke-image.ljcdn.com/110000-inspection/pc1_19IUN3WKe_1.jpg!m_fill,w_280,h_210,f_jpg?from=ke.com
20240919,门头沟,冯村,101125570393,华润西山墅 高楼层有电梯 洋房社区,970万,55889元/平,顶层 (共6层) 4室4厅 | 173.56平米 | 南 北 西,https://ke-image.ljcdn.com/110000-inspection/pc1_rYuhcNX7c_1.jpg!m_fill,w_280,h_210,f_jpg?from=ke.com
20240919,门头沟,冯村,101125518714,华润西山墅 精装修 双拼户型 管家式服务,2330万,34511元/平,底层 (共5层) 5室4厅 | 675.16平米 | 南 北,https://ke-image.ljcdn.com/110000-inspection/pc1_ANvSocPMz.jpg!m_fill,w_280,h_210,f_jpg?from=ke.com
20240919,门头沟,冯村,101125510740,和苑（润景公馆）南北通透两居室 高楼层采光好视野,292万,33118元/平,高楼层 (共28层) | 2012年 | 2室1厅 | 88.17平米 | 南 北,https://ke-image.ljcdn.com/110000-inspection/a6e0f0d6-5774-4b3f-bf45-85d69d418a0e_1000.jpg!m_fill,w_280,h_210,f_jpg?from=ke.com
20240919,门头沟,冯村,101125510641,华润西山墅上叠B户型视野开阔采光好,1620万,48059元/平,底层 (共6层) | 2018年 | 4室2厅 | 337.09平米 | 北 南,https://ke-image.ljcdn.com/110000-inspection/pc1_sRnCqD5dX_1.jpg!m_fill,w_280,h_210,f_jpg?from=ke.com
20240919,门头沟,冯村,101125494148,丽景长安二期 3室1厅 北 南,520万,37940元/平,中楼层 (共25层) 3室1厅 | 137.06平米 | 北 南,https://ke-image.ljcdn.com/110000-inspection/pc1_4knym4Kst_1.jpg!m_fill,w_280,h_210,f_jpg?from=ke.com
20240919,门头沟,冯村,101125456299,和苑 2室1厅 南,265万,34340元/平,顶层 (共28层) | 2012年 | 2室1厅 | 77.17平米 | 南,https://ke-image.ljcdn.com/110000-inspection/pc1_5WmNCfavG.jpg!m_fill,w_280,h_210,f_jpg?from=ke.com
20240919,门头沟,冯村,101125415731,华润西山墅 二期下叠产品 精装修,1600万,47470元/平,底层 (共6层) 4室2厅 | 337.06平米 | 南 北,https://ke-image.ljcdn.com/110000-inspection/pc1_ZyuuTAU2s_1.jpg!m_fill,w_280,h_210,f_jpg?from=ke.com
20240919,门头沟,冯村,101125392967,四季怡园北区 车位,17万,6191元/平,地下室 1室0厅 | 27.46平米 | 东,https://ke-image.ljcdn.com/110000-inspection/549f7ddc-fb4a-400a-8485-450d9b65d89e_1000.jpg!m_fill,w_280,h_210,f_jpg?from=ke.com
20240919,门头沟,冯村,101124946898,华润西山墅 二期大平层 毛坯房可以直接装修,2400万,40001元/平,顶层 (共5层) 5室2厅 | 599.99平米 | 东南 西北,https://ke-image.ljcdn.com/110000-inspection/pc1_RVEZPjBmT_1.jpg!m_fill,w_280,h_210,f_jpg?from=ke.com
20240919,门头沟,冯村,101124847220,双卧朝南南北通透南北双向阳台,400万,31385元/平,中楼层 (共6层) 3室1厅 | 127.45平米 | 南 北,https://ke-image.ljcdn.com/110000-inspection/b6879ffd-2e83-46de-931d-9e577f9292ab_1000.jpg!m_fill,w_280,h_210,f_jpg?from=ke.com
20240919,门头沟,冯村,101124806278,润西山苑带电梯洋房南北通透四居室 格局合理,768万,46796元/平,低楼层 (共10层) 4室2厅 | 164.12平米 | 南 北,https://ke-image.ljcdn.com/110000-inspection/pc1_DgEKz84GL.jpg!m_fill,w_280,h_210,f_jpg?from=ke.com
20240919,门头沟,冯村,101124798364,丽景长安二期 已经转商 只有契税 净高2.7米,280万,33148元/平,顶层 (共27层) | 2015年 | 2室1厅 | 84.47平米 | 南,https://ke-image.ljcdn.com/110000-inspection/pc1_AiBwG2YmR.jpg!m_fill,w_280,h_210,f_jpg?from=ke.com
20240919,门头沟,冯村,101124432845,信园小区 采光充足  视野开阔 满五唯一,238万,29840元/平,顶层 (共6层) | 1997年 | 2室1厅 | 79.76平米 | 南 北,https://ke-image.ljcdn.com/110000-inspection/4a3321c6-63f2-4141-8cae-ae5bb4ecbef2_1000.jpg!m_fill,w_280,h_210,f_jpg?from=ke.com
20240919,门头沟,冯村,101124415922,华润开发半山别墅私家电梯南北花园24小时管家,975万,55948元/平,顶层 (共6层) | 2020年 | 3室1厅 | 174.27平米 | 南 北,https://ke-image.ljcdn.com/110000-inspection/7d52b216-1788-433f-81ca-517dc787f849_1000.jpg!m_fill,w_280,h_210,f_jpg?from=ke.com
20240919,门头沟,冯村,101124383523,华润西山墅 5室3厅 东 南 北,1890万,42172元/平,中楼层 (共5层) 5室3厅 | 448.17平米 | 东 南 北,https://ke-image.ljcdn.com/110000-inspection/pc1_ucx6idiI2.jpg!m_fill,w_280,h_210,f_jpg?from=ke.com
20240919,门头沟,冯村,101124369902,小区人车分流 南北通透 户型方正 没有浪费,858万,67210元/平,底层 (共10层) 3室1厅 | 127.66平米 | 南 北,https://ke-image.ljcdn.com/110000-inspection/pc1_I3f2ioDnj.jpg!m_fill,w_280,h_210,f_jpg?from=ke.com
20240919,门头沟,冯村,101124327661,和苑 带电梯一居 全南向 看房方便,263万,34081元/平,低楼层 (共28层) | 2012年 | 2室1厅 | 77.17平米 | 南,https://ke-image.ljcdn.com/110000-inspection/pc1_C08OBsia7.jpg!m_fill,w_280,h_210,f_jpg?from=ke.com
20240919,门头沟,冯村,101124312781,润景公馆 精装修 中高楼层人车分流社区,379万,38095元/平,中楼层 (共20层) 2室1厅 | 99.49平米 | 西南,https://ke-image.ljcdn.com/110000-inspection/d5f87b9f-e019-4447-af31-5314d9c84076_1000.jpg!m_fill,w_280,h_210,f_jpg?from=ke.com
20240919,门头沟,冯村,101124215157,润景公馆 满五唯一 商品房 精装修,359万,35391元/平,低楼层 (共20层) 2室1厅 | 101.44平米 | 东 西 南 北,https://ke-image.ljcdn.com/110000-inspection/pc1_dztsPUIKS.jpg!m_fill,w_280,h_210,f_jpg?from=ke.com
20240919,门头沟,冯村,101124188227,华润西山墅 叠拼产品 上叠  精装修,1330万,52429元/平,中楼层 (共5层) | 2014年 | 4室2厅 | 253.68平米 | 南 北,https://ke-image.ljcdn.com/110000-inspection/pc1_aNrVJJFyy.jpg!m_fill,w_280,h_210,f_jpg?from=ke.com
20240919,门头沟,冯村,101124121914,丽景长安一期南北通透高楼层洋房三居室,585万,45448元/平,顶层 (共11层) 3室1厅 | 128.72平米 | 南 北,https://ke-image.ljcdn.com/110000-inspection/pc1_woRFoeVYT.jpg!m_fill,w_280,h_210,f_jpg?from=ke.com
20240919,门头沟,冯村,101124085803,丽景长安中间位置二居 精装现状好 业主诚信出售,345万,38861元/平,低楼层 (共26层) | 2014年 | 2室1厅 | 88.78平米 | 南,https://ke-image.ljcdn.com/110000-inspection/fee7099d-2c68-442e-9229-8260d0eac87b_1000.jpg!m_fill,w_280,h_210,f_jpg?from=ke.com
20240919,门头沟,冯村,101123502344,丽景长安二期 边户大平层 看房方便诚心出售,730万,38279元/平,低楼层 (共23层) | 2016年 | 4室1厅 | 190.71平米 | 南 东 北,https://ke-image.ljcdn.com/110000-inspection/2caf7a13-f016-4399-9083-647d5ddb628c_1000.jpg!m_fill,w_280,h_210,f_jpg?from=ke.com
20240919,门头沟,冯村,101123444044,丽景长安二期 高楼层 开阔视野  看房方便,539万,39315元/平,顶层 (共25层) | 2016年 | 3室2厅 | 137.1平米 | 南 北,https://ke-image.ljcdn.com/110000-inspection/pc1_knRNhDwhT.jpg!m_fill,w_280,h_210,f_jpg?from=ke.com
20240919,门头沟,冯村,101123416841,丽景长安正规南北通透四居室 满五唯一,630万,43970元/平,低楼层 (共11层) 4室1厅 | 143.28平米 | 南 北,https://ke-image.ljcdn.com/110000-inspection/pc1_BxqPABFg7.jpg!m_fill,w_280,h_210,f_jpg?from=ke.com
20240919,门头沟,冯村,101123374182,丽景长安二期 中间楼层 视野开阔 看房方便 诚心出售,670万,43165元/平,中楼层 (共27层) 4室2厅 | 155.22平米 | 南 西 北,https://ke-image.ljcdn.com/110000-inspection/118ae5ac-749f-48dd-8241-ebaa4519eebe_1000.jpg!m_fill,w_280,h_210,f_jpg?from=ke.com
20240919,门头沟,冯村,101123280166,丽景长安小高层三居 江南园林景观 品质改善社区,579万,45274元/平,中楼层 (共11层) 3室2厅 | 127.89平米 | 南 北,https://ke-image.ljcdn.com/110000-inspection/pc1_HWgE0ueOv.jpg!m_fill,w_280,h_210,f_jpg?from=ke.com
20240919,门头沟,冯村,101123165673,此房南北通透房本日期满五年看房方便,475万,43324元/平,底层 (共11层) 3室1厅 | 109.64平米 | 北 南,https://ke-image.ljcdn.com/110000-inspection/pc1_n81YZCxiQ.jpg!m_fill,w_280,h_210,f_jpg?from=ke.com
20240919,门头沟,冯村,101123114999,北京城建 毛坯新房高楼层全明三居 视野开阔三面采光房主自荐,548万,46020元/平,高楼层 (共18层) | 2018年 | 3室2厅 | 119.08平米 | 南 北,https://ke-image.ljcdn.com/110000-inspection/cb282903-d097-435c-8ef0-d5aa63108505_1000.jpg!m_fill,w_280,h_210,f_jpg?from=ke.com
20240919,门头沟,冯村,101123076206,润西山苑南北通透 采光好 精装修 一层带下跃,1199万,43768元/平,底层 (共10层) 7室2厅 | 273.95平米 | 南 北,https://ke-image.ljcdn.com/110000-inspection/4110de17-3b12-4486-8dfe-512c014bd243_1000.jpg!m_fill,w_280,h_210,f_jpg?from=ke.com
20240919,门头沟,冯村,101122981761,华润西山墅 单层177平米地上两层 有附加 华润产品,1180万,66487元/平,底层 (共6层) | 2019年 | 4室3厅 | 177.48平米 | 南 北,https://ke-image.ljcdn.com/110000-inspection/pc1_v6EGqWMhC.jpg!m_fill,w_280,h_210,f_jpg?from=ke.com
20240919,门头沟,冯村,101122958339,冯村信园小区南北通透三居室看房方便,260万,27223元/平,高楼层 (共6层) | 1997年 | 3室2厅 | 95.51平米 | 南 北,https://ke-image.ljcdn.com/110000-inspection/5735cd54-fad3-4ee8-940b-651a68e44b04_1000.jpg!m_fill,w_280,h_210,f_jpg?from=ke.com
20240919,门头沟,冯村,101122848902,华润西山墅上叠毛坯随时可看房诚意出售,1880万,41924元/平,中楼层 (共5层) | 2019年 | 4室2厅 | 448.44平米 | 南 北,https://ke-image.ljcdn.com/110000-inspection/07541d3c-0583-496b-92cb-5a647e6edccf_1000.jpg!m_fill,w_280,h_210,f_jpg?from=ke.com
20240919,门头沟,冯村,101122707717,冯村信园南北通透两居室  低楼层 进出方便,240万,27885元/平,低楼层 (共6层) | 1997年 | 2室1厅 | 86.07平米 | 南 北,https://ke-image.ljcdn.com/110000-inspection/pc1_jNeI40lTX.jpg!m_fill,w_280,h_210,f_jpg?from=ke.com
20240919,门头沟,冯村,101122686543,华润西山墅 精装修 双拼 带有两个产权车位,2880万,44640元/平,底层 (共2层) | 2013年 | 6室4厅 | 645.17平米 | 南 北,https://ke-image.ljcdn.com/110000-inspection/pc1_kY4nkfVsT.jpg!m_fill,w_280,h_210,f_jpg?from=ke.com
20240919,门头沟,冯村,101122644330,华润西山墅洋房一层下跃南北通透户型,1200万,67763元/平,底层 (共6层) | 2019年 | 4室1厅 | 177.09平米 | 南 北,https://ke-image.ljcdn.com/110000-inspection/pc1_TinP4xf2J.jpg!m_fill,w_280,h_210,f_jpg?from=ke.com
20240919,门头沟,冯村,101122508907,丽景长安一期洋房社区高楼层无抵押看房方便,498万,39004元/平,顶层 (共11层) 3室1厅 | 127.68平米 | 南 北,https://ke-image.ljcdn.com/110000-inspection/pc1_pqGNZ6nhU.jpg!m_fill,w_280,h_210,f_jpg?from=ke.com
20240919,门头沟,冯村,101122082904,丽景长安小区 下跃户型 精装修 拎包入住,1199万,85668元/平,底层 (共10层) 3室2厅 | 139.96平米 | 南 北,https://ke-image.ljcdn.com/110000-inspection/da879eb2-5b2c-4f86-a10d-c079eb0d5f0b_1000.jpg!m_fill,w_280,h_210,f_jpg?from=ke.com
20240919,门头沟,冯村,101122036009,润西山苑 高楼层 南北通透 满五年唯一 洋房社区,750万,57362元/平,顶层 (共10层) | 2014年 | 3室1厅 | 130.75平米 | 南 北,https://ke-image.ljcdn.com/110000-inspection/pc1_wo8rxH7v1_1.jpg!m_fill,w_280,h_210,f_jpg?from=ke.com
20240919,门头沟,冯村,101121838827,华润西山墅半山别墅下叠有室内电梯,1760万,43108元/平,底层 (共3层) | 2019年 | 4室2厅 | 408.28平米 | 南 北,https://ke-image.ljcdn.com/110000-inspection/pc1_NciWUCWzv.jpg!m_fill,w_280,h_210,f_jpg?from=ke.com
20240919,门头沟,冯村,101121563060,华润西山墅 精装修 东边户 华润物业,2790万,42528元/平,底层 (共1层) | 2013年 | 10室7厅 | 656.04平米 | 东 南 北,https://ke-image.ljcdn.com/110000-inspection/pc1_wsgVVJiCi.jpg!m_fill,w_280,h_210,f_jpg?from=ke.com
20240919,门头沟,冯村,101121532178,华润西山墅 别墅 京西高品质别墅区,1590万,35782元/平,中楼层 (共5层) 4室4厅 | 444.36平米 | 南 北,https://ke-image.ljcdn.com/110000-inspection/pc1_lwxdPtEFF.jpg!m_fill,w_280,h_210,f_jpg?from=ke.com
20240919,门头沟,冯村,101121147489,华润西山墅二期精装修上叠有室内私人电梯,1999万,44447元/平,中楼层 (共5层) 5室3厅 | 449.75平米 | 南 北,https://ke-image.ljcdn.com/110000-inspection/8b2dbdad-d470-48bc-91e1-ddccb27ffa79_1000.jpg!m_fill,w_280,h_210,f_jpg?from=ke.com
20240919,门头沟,冯村,101121068701,中骏绿洲庄园 长安街西边一号住宅,10800万,59697元/平,底层 (共2层) 5室6厅 | 1809.16平米 | 东 南 西 北,https://ke-image.ljcdn.com/110000-inspection/pc1_cdoJbRPcq.jpg!m_fill,w_280,h_210,f_jpg?from=ke.com
20240919,门头沟,冯村,101121068665,长安壹号 又名 中骏绿洲庄园 法式独栋,13300万,59924元/平,底层 (共2层) 9室6厅 | 2219.48平米 | 东 南 西 北,https://ke-image.ljcdn.com/110000-inspection/pc1_tXgLTxRGz.jpg!m_fill,w_280,h_210,f_jpg?from=ke.com
20240919,门头沟,冯村,101121068612,长安壹号 9室6厅 东 南 西 北,13700万,61727元/平,底层 (共2层) | 2015年 | 9室6厅 | 2219.48平米 | 东 南 西 北,https://ke-image.ljcdn.com/110000-inspection/pc1_sAUMCpH4s.jpg!m_fill,w_280,h_210,f_jpg?from=ke.com
20240919,门头沟,冯村,101120988857,丽景长安商品房人车分流品质社区南北通透精装两居,349万,38076元/平,低楼层 (共26层) 2室1厅 | 91.66平米 | 南 北,https://ke-image.ljcdn.com/110000-inspection/81d8c20d-e6dc-4589-aeee-34e0f4e606e0_1000.jpg!m_fill,w_280,h_210,f_jpg?from=ke.com
20240919,门头沟,冯村,101120947533,冯村信园小区 边户两居室出售 价格可以商量,249万,31204元/平,高楼层 (共6层) 2室2厅 | 79.8平米 | 东 南 北,https://ke-image.ljcdn.com/110000-inspection/83198e13-1970-4066-967c-102a38160ef1_1000.jpg!m_fill,w_280,h_210,f_jpg?from=ke.com
20240919,门头沟,冯村,101119822830,丽景长安 车位,19万,5197元/平,地下室 (共11层) | 2013年 | 1室0厅 | 36.56平米 | 南,https://ke-image.ljcdn.com/110000-inspection/pc1_GheiZNGTZ.jpg!m_fill,w_280,h_210,f_jpg?from=ke.com
20240919,门头沟,冯村,101119822914,标准地下车位大小适中随时可看,22万,6018元/平,地下室 (共11层) | 2013年 | 1室0厅 | 36.56平米 | 南,https://ke-image.ljcdn.com/110000-inspection/pc1_n5AldvcQ1.jpg!m_fill,w_280,h_210,f_jpg?from=ke.com
20240919,门头沟,冯村,101118167776,龙越西山优质房源视野好开阔无遮挡三面采光。,558万,47121元/平,高楼层 (共18层) 3室2厅 | 118.42平米 | 南 北,https://ke-image.ljcdn.com/110000-inspection/d11e2f9a-2108-4e0c-87e0-b5663782cae7_1000.jpg!m_fill,w_280,h_210,f_jpg?from=ke.com
20240919,门头沟,冯村,101116971873,丽景长安诚心出售的车位 咨询有惊喜 产权的车位,18万,4924元/平,地下室 (共11层) | 2013年 | 1室0厅 | 36.56平米 | 南,https://ke-image.ljcdn.com/110000-inspection/pc1_6icbGcMWK.jpg!m_fill,w_280,h_210,f_jpg?from=ke.com
20240919,门头沟,冯村,101114791042,丽景长安 车位,22万,5899元/平,地下室 (共11层) | 2013年 | 1室0厅 | 37.3平米 | 南,https://ke-image.ljcdn.com/110000-inspection/pc1_W4BWiMvHD.jpg!m_fill,w_280,h_210,f_jpg?from=ke.com
20240919,门头沟,冯村,101112569109,丽景长安 产权车位 位于8号楼和9号楼之间,16万,4471元/平,地下室 (共11层) | 2013年 | 1室0厅 | 35.79平米 | 南,https://ke-image.ljcdn.com/110000-inspection/pc1_EW6ImuQgA.jpg!m_fill,w_280,h_210,f_jpg?from=ke.com
20240919,门头沟,冯村,101112518632,丽景长安有产权的车位 人车分流 随时使用,17万,4558元/平,地下室 (共11层) | 2013年 | 1室0厅 | 37.3平米 | 南,https://ke-image.ljcdn.com/110000-inspection/pc1_05yFO7t8L.jpg!m_fill,w_280,h_210,f_jpg?from=ke.com
20240919,门头沟,冯村,101126631963,四季怡园南区满五唯一中间楼层精装修诚意出售南北三居新上,280万,31603元/平,中楼层 (共20层) 3室1厅 | 88.6平米 | 南,https://s1.ljcdn.com/pegasus/redskull/images/common/default_house_list.png?_v=20240826145726
20240919,门头沟,冯村,101126430743,中建·长安麓府 4室2厅 南 北,668万,57846元/平,高楼层 (共6层) | 2023年 | 4室2厅 | 115.48平米 | 南 北,https://s1.ljcdn.com/pegasus/redskull/images/common/default_house_list.png?_v=20240826145726
20240919,门头沟,冯村,101126400349,四季怡园南区 3室1厅 南 北,330万,36946元/平,中楼层 (共20层) 3室1厅 | 89.32平米 | 南 北,https://s1.ljcdn.com/pegasus/redskull/images/common/default_house_list.png?_v=20240826145726
20240919,门头沟,冯村,101126286741,丽景长安二期 精装修的三居室 南北通透 交通方便,580万,42318元/平,高楼层 (共25层) 3室2厅 | 137.06平米 | 南 北,https://s1.ljcdn.com/pegasus/redskull/images/common/default_house_list.png?_v=20240826145726
20240919,门头沟,冯村,101126219253,上悦居房龄新电梯中间层南北通透全明小三居,358万,40798元/平,中楼层 (共21层) 3室1厅 | 87.75平米 | 南 北,https://s1.ljcdn.com/pegasus/redskull/images/common/default_house_list.png?_v=20240826145726
20240919,门头沟,冯村,101126200239,北京城建上悦居 2室1厅 南,249万,33617元/平,低楼层 (共21层) 2室1厅 | 74.07平米 | 南,https://s1.ljcdn.com/pegasus/redskull/images/common/default_house_list.png?_v=20240826145726
20240919,门头沟,冯村,101126151774,房子满五唯一  电梯房 中间楼层 南北通透,340万,37930元/平,中楼层 (共21层) 3室1厅 | 89.64平米 | 南 北,https://s1.ljcdn.com/pegasus/redskull/images/common/default_house_list.png?_v=20240826145726
20240919,门头沟,冯村,101125913209,四季怡园北区经典三居室 业主诚心出售价格可聊,300万,34475元/平,低楼层 (共20层) 3室1厅 | 87.02平米 | 东 南,https://s1.ljcdn.com/pegasus/redskull/images/common/default_house_list.png?_v=20240826145726
20240919,门头沟,冯村,101125574300,华润西山墅双拼别墅精装修三面采光,2760万,42773元/平,底层 (共5层) | 2013年 | 6室3厅 | 645.28平米 | 南 北 西,https://ke-image.ljcdn.com/110000-inspection/40ac011c-7805-410d-8807-a0aa549856ad.jpg!m_fill,w_280,h_210,f_jpg?from=ke.com
20240919,门头沟,冯村,101124606697,丽景长安 3室1厅 北 南,569万,40927元/平,中楼层 (共10层) 3室1厅 | 139.03平米 | 北 南,https://s1.ljcdn.com/pegasus/redskull/images/common/default_house_list.png?_v=20240826145726
20240919,门头沟,冯村,101124151717,丽景长安二期 车位,18万,5629元/平,地下室 (共25层) | 2016年 | 1室0厅 | 31.98平米 | 南,https://ke-image.ljcdn.com/110000-inspection/c0b650fb2ba59027ad8c3c55c89e38d1-019.jpg!m_fill,w_280,h_210,f_jpg?from=ke.com
20240919,门头沟,冯村,101123835640,丽景长安 车位,19万,4186元/平,地下室 (共11层) | 2013年 | 1室1厅 | 45.39平米 | 南 北,https://ke-image.ljcdn.com/110000-inspection/92139f9344036c392a16ec7b2f68e96a-027.jpg!m_fill,w_280,h_210,f_jpg?from=ke.com
